
         ______________________________________________________________
        |                                                              |
        |                                                              |
        |                   CENSO - Commandline ENSO                   |
        |                           v 2.1.2                            |
        |    energetic sorting of CREST Conformer Rotamer Ensembles    |
        |                    University of Bonn, MCTC                  |
        |                           Oct 2024                           |
        |                 based on ENSO version 2.0.1                  |
        |             L. M. Seidler, F. Bohle and S. Grimme            |
        |                                                              |
        |______________________________________________________________|

        Please cite:
        (TBA)
        S. Grimme, F. Bohle, A. Hansen, P. Pracht, S. Spicher, and M. Stahn
        J. Phys. Chem. A 2021, 125, 19, 4039-4054.
        DOI: https://doi.org/10.1021/acs.jpca.1c00971

        This program is distributed in the hope that it will be useful,
        but WITHOUT ANY WARRANTY; without even the implied warranty of
        MERCHANTABILITY or FITNESS FOR A PARTICULAR PURPOSE.

Reading configuration file from /home/z5358697/.censo2rc.
CALL: /srv/scratch/z5358697/.censo/bin/censo -i crest_conformers.xyz --maxcores 16 -O 1 --loglevel DEBUG
Read 3238 conformers.
Number of atoms:              33
Charge:                       0
Unpaired electrons:           0


----------------------------------------------------------------------------------------------------
                                          GENERAL SETTINGS                                          
----------------------------------------------------------------------------------------------------
    
imagthr:                      -100.0
sthr:                         0.0
scale:                        1.0
temperature:                  298.15
solvent:                      h2o
sm_rrho:                      alpb
multitemp:                    False
evaluate_rrho:                False
consider_sym:                 False
bhess:                        False
rmsdbias:                     False
balance:                      False
gas-phase:                    False
copy_mo:                      True
retry_failed:                 True
trange:                       [273.15, 373.15, 5]



----------------------------------------------------------------------------------------------------
                                            PRESCREENING                                            
----------------------------------------------------------------------------------------------------
    
threshold:                    4.0
func:                         pbe-d4
basis:                        def2-sv(p)
prog:                         orca
gfnv:                         gfn2
run:                          True
template:                     False


Running xtb_gsolv calculation for CONF2.
Running xtb_gsolv calculation for CONF1.
Running xtb_gsolv calculation for CONF8.
Running xtb_gsolv calculation for CONF3.
Running xtb_gsolv calculation for CONF4.
Running xtb_gsolv calculation for CONF5.
Running xtb_gsolv calculation for CONF14.
Running xtb_gsolv calculation for CONF6.
Running xtb_gsolv calculation for CONF13.
Running xtb_gsolv calculation for CONF10.
Running xtb_gsolv calculation for CONF7.
Running xtb_gsolv calculation for CONF9.
Running xtb_gsolv calculation for CONF12.
Running xtb_gsolv calculation for CONF11.
Running xtb_gsolv calculation for CONF16.
Running xtb_gsolv calculation for CONF15.
Running xtb_gsolv calculation for CONF20.
Running xtb_gsolv calculation for CONF19.
Running xtb_gsolv calculation for CONF22.
Running xtb_gsolv calculation for CONF27.
Running xtb_gsolv calculation for CONF21.
Running xtb_gsolv calculation for CONF18.
Running xtb_gsolv calculation for CONF26.
Running xtb_gsolv calculation for CONF25.
Running xtb_gsolv calculation for CONF23.
Running xtb_gsolv calculation for CONF24.
Running xtb_gsolv calculation for CONF32.
Running xtb_gsolv calculation for CONF29.
Running xtb_gsolv calculation for CONF28.
Running xtb_gsolv calculation for CONF31.
Running xtb_gsolv calculation for CONF36.
Running xtb_gsolv calculation for CONF33.
Running xtb_gsolv calculation for CONF34.
Running xtb_gsolv calculation for CONF35.
Running xtb_gsolv calculation for CONF38.
Running xtb_gsolv calculation for CONF37.
Running xtb_gsolv calculation for CONF44.
Running xtb_gsolv calculation for CONF42.
Running xtb_gsolv calculation for CONF40.
Running xtb_gsolv calculation for CONF43.
Running xtb_gsolv calculation for CONF39.
Running xtb_gsolv calculation for CONF41.
Running xtb_gsolv calculation for CONF30.
Running xtb_gsolv calculation for CONF45.
Running xtb_gsolv calculation for CONF49.
Running xtb_gsolv calculation for CONF46.
Running xtb_gsolv calculation for CONF47.
Running xtb_gsolv calculation for CONF48.
Running xtb_gsolv calculation for CONF50.
Running xtb_gsolv calculation for CONF51.
Running xtb_gsolv calculation for CONF64.
Running xtb_gsolv calculation for CONF65.
Running xtb_gsolv calculation for CONF52.
Running xtb_gsolv calculation for CONF53.
Running xtb_gsolv calculation for CONF54.
Running xtb_gsolv calculation for CONF55.
Running xtb_gsolv calculation for CONF17.
Running xtb_gsolv calculation for CONF58.
Running xtb_gsolv calculation for CONF70.
Running xtb_gsolv calculation for CONF56.
Running xtb_gsolv calculation for CONF57.
Running xtb_gsolv calculation for CONF59.
Running xtb_gsolv calculation for CONF60.
Running xtb_gsolv calculation for CONF75.
Running xtb_gsolv calculation for CONF61.
Running xtb_gsolv calculation for CONF62.
Running xtb_gsolv calculation for CONF67.
Running xtb_gsolv calculation for CONF63.
Running xtb_gsolv calculation for CONF68.
Running xtb_gsolv calculation for CONF78.
Running xtb_gsolv calculation for CONF66.
Running xtb_gsolv calculation for CONF69.
Running xtb_gsolv calculation for CONF71.
Running xtb_gsolv calculation for CONF72.
Running xtb_gsolv calculation for CONF83.
Running xtb_gsolv calculation for CONF73.
Running xtb_gsolv calculation for CONF74.
Running xtb_gsolv calculation for CONF77.
Running xtb_gsolv calculation for CONF76.
Running xtb_gsolv calculation for CONF81.
Running xtb_gsolv calculation for CONF80.
Running xtb_gsolv calculation for CONF79.
Running xtb_gsolv calculation for CONF82.
Running xtb_gsolv calculation for CONF104.
Running xtb_gsolv calculation for CONF84.
Running xtb_gsolv calculation for CONF85.
Running xtb_gsolv calculation for CONF86.
Running xtb_gsolv calculation for CONF88.
Running xtb_gsolv calculation for CONF87.
Running xtb_gsolv calculation for CONF89.
Running xtb_gsolv calculation for CONF90.
Running xtb_gsolv calculation for CONF91.
Running xtb_gsolv calculation for CONF92.
Running xtb_gsolv calculation for CONF94.
Running xtb_gsolv calculation for CONF93.
Running xtb_gsolv calculation for CONF98.
Running xtb_gsolv calculation for CONF95.
Running xtb_gsolv calculation for CONF97.
Running xtb_gsolv calculation for CONF96.
Running xtb_gsolv calculation for CONF99.
Running xtb_gsolv calculation for CONF100.
Running xtb_gsolv calculation for CONF102.
Running xtb_gsolv calculation for CONF101.
Running xtb_gsolv calculation for CONF103.
Running xtb_gsolv calculation for CONF105.
Running xtb_gsolv calculation for CONF108.
Running xtb_gsolv calculation for CONF106.
Running xtb_gsolv calculation for CONF110.
Running xtb_gsolv calculation for CONF114.
Running xtb_gsolv calculation for CONF107.
Running xtb_gsolv calculation for CONF109.
Running xtb_gsolv calculation for CONF115.
Running xtb_gsolv calculation for CONF111.
Running xtb_gsolv calculation for CONF113.
Running xtb_gsolv calculation for CONF112.
Running xtb_gsolv calculation for CONF116.
Running xtb_gsolv calculation for CONF122.
Running xtb_gsolv calculation for CONF120.
Running xtb_gsolv calculation for CONF118.
Running xtb_gsolv calculation for CONF119.
Running xtb_gsolv calculation for CONF124.
Running xtb_gsolv calculation for CONF121.
Running xtb_gsolv calculation for CONF123.
Running xtb_gsolv calculation for CONF128.
Running xtb_gsolv calculation for CONF125.
Running xtb_gsolv calculation for CONF126.
Running xtb_gsolv calculation for CONF117.
Running xtb_gsolv calculation for CONF133.
Running xtb_gsolv calculation for CONF127.
Running xtb_gsolv calculation for CONF132.
Running xtb_gsolv calculation for CONF135.
Running xtb_gsolv calculation for CONF130.
Running xtb_gsolv calculation for CONF139.
Running xtb_gsolv calculation for CONF136.
Running xtb_gsolv calculation for CONF131.
Running xtb_gsolv calculation for CONF129.
Running xtb_gsolv calculation for CONF137.
Running xtb_gsolv calculation for CONF134.
Running xtb_gsolv calculation for CONF138.
Running xtb_gsolv calculation for CONF140.
Running xtb_gsolv calculation for CONF141.
Running xtb_gsolv calculation for CONF142.
Running xtb_gsolv calculation for CONF143.
Running xtb_gsolv calculation for CONF144.
Running xtb_gsolv calculation for CONF148.
Running xtb_gsolv calculation for CONF145.
Running xtb_gsolv calculation for CONF153.
Running xtb_gsolv calculation for CONF149.
Running xtb_gsolv calculation for CONF155.
Running xtb_gsolv calculation for CONF150.
Running xtb_gsolv calculation for CONF151.
Running xtb_gsolv calculation for CONF154.
Running xtb_gsolv calculation for CONF152.
Running xtb_gsolv calculation for CONF146.
Running xtb_gsolv calculation for CONF156.
Running xtb_gsolv calculation for CONF147.
Running xtb_gsolv calculation for CONF158.
Running xtb_gsolv calculation for CONF162.
Running xtb_gsolv calculation for CONF161.
Running xtb_gsolv calculation for CONF157.
Running xtb_gsolv calculation for CONF160.
Running xtb_gsolv calculation for CONF159.
Running xtb_gsolv calculation for CONF163.
Running xtb_gsolv calculation for CONF164.
Running xtb_gsolv calculation for CONF165.
Running xtb_gsolv calculation for CONF166.
Running xtb_gsolv calculation for CONF167.
Running xtb_gsolv calculation for CONF168.
Running xtb_gsolv calculation for CONF169.
Running xtb_gsolv calculation for CONF170.
Running xtb_gsolv calculation for CONF171.
Running xtb_gsolv calculation for CONF172.
Running xtb_gsolv calculation for CONF177.
Running xtb_gsolv calculation for CONF173.
Running xtb_gsolv calculation for CONF182.
Running xtb_gsolv calculation for CONF175.
Running xtb_gsolv calculation for CONF176.
Running xtb_gsolv calculation for CONF189.
Running xtb_gsolv calculation for CONF174.
Running xtb_gsolv calculation for CONF191.
Running xtb_gsolv calculation for CONF210.
Running xtb_gsolv calculation for CONF185.
Running xtb_gsolv calculation for CONF178.
Running xtb_gsolv calculation for CONF184.
Running xtb_gsolv calculation for CONF183.
Running xtb_gsolv calculation for CONF198.
Running xtb_gsolv calculation for CONF186.
Running xtb_gsolv calculation for CONF181.
Running xtb_gsolv calculation for CONF180.
Running xtb_gsolv calculation for CONF187.
Running xtb_gsolv calculation for CONF193.
Running xtb_gsolv calculation for CONF179.
Running xtb_gsolv calculation for CONF188.
Running xtb_gsolv calculation for CONF190.
Running xtb_gsolv calculation for CONF192.
Running xtb_gsolv calculation for CONF194.
Running xtb_gsolv calculation for CONF195.
Running xtb_gsolv calculation for CONF196.
Running xtb_gsolv calculation for CONF197.
Running xtb_gsolv calculation for CONF199.
Running xtb_gsolv calculation for CONF204.
Running xtb_gsolv calculation for CONF200.
Running xtb_gsolv calculation for CONF202.
Running xtb_gsolv calculation for CONF201.
Running xtb_gsolv calculation for CONF219.
Running xtb_gsolv calculation for CONF203.
Running xtb_gsolv calculation for CONF206.
Running xtb_gsolv calculation for CONF205.
Running xtb_gsolv calculation for CONF207.
Running xtb_gsolv calculation for CONF208.
Running xtb_gsolv calculation for CONF232.
Running xtb_gsolv calculation for CONF212.
Running xtb_gsolv calculation for CONF211.
Running xtb_gsolv calculation for CONF213.
Running xtb_gsolv calculation for CONF214.
Running xtb_gsolv calculation for CONF223.
Running xtb_gsolv calculation for CONF215.
Running xtb_gsolv calculation for CONF218.
Running xtb_gsolv calculation for CONF216.
Running xtb_gsolv calculation for CONF217.
Running xtb_gsolv calculation for CONF230.
Running xtb_gsolv calculation for CONF209.
Running xtb_gsolv calculation for CONF229.
Running xtb_gsolv calculation for CONF220.
Running xtb_gsolv calculation for CONF222.
Running xtb_gsolv calculation for CONF233.
Running xtb_gsolv calculation for CONF224.
Running xtb_gsolv calculation for CONF227.
Running xtb_gsolv calculation for CONF221.
Running xtb_gsolv calculation for CONF226.
Running xtb_gsolv calculation for CONF231.
Running xtb_gsolv calculation for CONF225.
Running xtb_gsolv calculation for CONF228.
Running xtb_gsolv calculation for CONF239.
Running xtb_gsolv calculation for CONF249.
Running xtb_gsolv calculation for CONF242.
Running xtb_gsolv calculation for CONF243.
Running xtb_gsolv calculation for CONF247.
Running xtb_gsolv calculation for CONF234.
Running xtb_gsolv calculation for CONF246.
Running xtb_gsolv calculation for CONF237.
Running xtb_gsolv calculation for CONF240.
Running xtb_gsolv calculation for CONF241.
Running xtb_gsolv calculation for CONF245.
Running xtb_gsolv calculation for CONF235.
Running xtb_gsolv calculation for CONF244.
Running xtb_gsolv calculation for CONF236.
Running xtb_gsolv calculation for CONF252.
Running xtb_gsolv calculation for CONF238.
Running xtb_gsolv calculation for CONF248.
Running xtb_gsolv calculation for CONF251.
Running xtb_gsolv calculation for CONF257.
Running xtb_gsolv calculation for CONF267.
Running xtb_gsolv calculation for CONF253.
Running xtb_gsolv calculation for CONF256.
Running xtb_gsolv calculation for CONF250.
Running xtb_gsolv calculation for CONF261.
Running xtb_gsolv calculation for CONF282.
Running xtb_gsolv calculation for CONF263.
Running xtb_gsolv calculation for CONF259.
Running xtb_gsolv calculation for CONF260.
Running xtb_gsolv calculation for CONF262.
Running xtb_gsolv calculation for CONF254.
Running xtb_gsolv calculation for CONF255.
Running xtb_gsolv calculation for CONF258.
Running xtb_gsolv calculation for CONF264.
Running xtb_gsolv calculation for CONF279.
Running xtb_gsolv calculation for CONF265.
Running xtb_gsolv calculation for CONF266.
Running xtb_gsolv calculation for CONF268.
Running xtb_gsolv calculation for CONF281.
Running xtb_gsolv calculation for CONF269.
Running xtb_gsolv calculation for CONF273.
Running xtb_gsolv calculation for CONF271.
Running xtb_gsolv calculation for CONF272.
Running xtb_gsolv calculation for CONF270.
Running xtb_gsolv calculation for CONF274.
Running xtb_gsolv calculation for CONF275.
Running xtb_gsolv calculation for CONF276.
Running xtb_gsolv calculation for CONF277.
Running xtb_gsolv calculation for CONF280.
Running xtb_gsolv calculation for CONF278.
Running xtb_gsolv calculation for CONF296.
Running xtb_gsolv calculation for CONF285.
Running xtb_gsolv calculation for CONF288.
Running xtb_gsolv calculation for CONF287.
Running xtb_gsolv calculation for CONF283.
Running xtb_gsolv calculation for CONF286.
Running xtb_gsolv calculation for CONF295.
Running xtb_gsolv calculation for CONF299.
Running xtb_gsolv calculation for CONF298.
Running xtb_gsolv calculation for CONF291.
Running xtb_gsolv calculation for CONF292.
Running xtb_gsolv calculation for CONF289.
Running xtb_gsolv calculation for CONF294.
Running xtb_gsolv calculation for CONF297.
Running xtb_gsolv calculation for CONF293.
Running xtb_gsolv calculation for CONF300.
Running xtb_gsolv calculation for CONF284.
Running xtb_gsolv calculation for CONF290.
Running xtb_gsolv calculation for CONF307.
Running xtb_gsolv calculation for CONF305.
Running xtb_gsolv calculation for CONF310.
Running xtb_gsolv calculation for CONF304.
Running xtb_gsolv calculation for CONF317.
Running xtb_gsolv calculation for CONF303.
Running xtb_gsolv calculation for CONF301.
Running xtb_gsolv calculation for CONF302.
Running xtb_gsolv calculation for CONF306.
Running xtb_gsolv calculation for CONF309.
Running xtb_gsolv calculation for CONF308.
Running xtb_gsolv calculation for CONF315.
Running xtb_gsolv calculation for CONF323.
Running xtb_gsolv calculation for CONF312.
Running xtb_gsolv calculation for CONF318.
Running xtb_gsolv calculation for CONF316.
Running xtb_gsolv calculation for CONF314.
Running xtb_gsolv calculation for CONF330.
Running xtb_gsolv calculation for CONF313.
Running xtb_gsolv calculation for CONF311.
Running xtb_gsolv calculation for CONF322.
Running xtb_gsolv calculation for CONF325.
Running xtb_gsolv calculation for CONF320.
Running xtb_gsolv calculation for CONF319.
Running xtb_gsolv calculation for CONF324.
Running xtb_gsolv calculation for CONF329.
Running xtb_gsolv calculation for CONF328.
Running xtb_gsolv calculation for CONF331.
Running xtb_gsolv calculation for CONF326.
Running xtb_gsolv calculation for CONF349.
Running xtb_gsolv calculation for CONF332.
Running xtb_gsolv calculation for CONF333.
Running xtb_gsolv calculation for CONF334.
Running xtb_gsolv calculation for CONF335.
Running xtb_gsolv calculation for CONF321.
Running xtb_gsolv calculation for CONF336.
Running xtb_gsolv calculation for CONF337.
Running xtb_gsolv calculation for CONF360.
Running xtb_gsolv calculation for CONF345.
Running xtb_gsolv calculation for CONF341.
Running xtb_gsolv calculation for CONF343.
Running xtb_gsolv calculation for CONF340.
Running xtb_gsolv calculation for CONF338.
Running xtb_gsolv calculation for CONF339.
Running xtb_gsolv calculation for CONF327.
Running xtb_gsolv calculation for CONF342.
Running xtb_gsolv calculation for CONF351.
Running xtb_gsolv calculation for CONF347.
Running xtb_gsolv calculation for CONF359.
Running xtb_gsolv calculation for CONF352.
Running xtb_gsolv calculation for CONF355.
Running xtb_gsolv calculation for CONF356.
Running xtb_gsolv calculation for CONF354.
Running xtb_gsolv calculation for CONF357.
Running xtb_gsolv calculation for CONF358.
Running xtb_gsolv calculation for CONF344.
Running xtb_gsolv calculation for CONF350.
Running xtb_gsolv calculation for CONF362.
Running xtb_gsolv calculation for CONF346.
Running xtb_gsolv calculation for CONF348.
Running xtb_gsolv calculation for CONF353.
Running xtb_gsolv calculation for CONF374.
Running xtb_gsolv calculation for CONF363.
Running xtb_gsolv calculation for CONF361.
Running xtb_gsolv calculation for CONF372.
Running xtb_gsolv calculation for CONF393.
Running xtb_gsolv calculation for CONF371.
Running xtb_gsolv calculation for CONF368.
Running xtb_gsolv calculation for CONF366.
Running xtb_gsolv calculation for CONF365.
Running xtb_gsolv calculation for CONF373.
Running xtb_gsolv calculation for CONF370.
Running xtb_gsolv calculation for CONF369.
Running xtb_gsolv calculation for CONF364.
Running xtb_gsolv calculation for CONF367.
Running xtb_gsolv calculation for CONF376.
Running xtb_gsolv calculation for CONF375.
Running xtb_gsolv calculation for CONF383.
Running xtb_gsolv calculation for CONF382.
Running xtb_gsolv calculation for CONF384.
Running xtb_gsolv calculation for CONF377.
Running xtb_gsolv calculation for CONF378.
Running xtb_gsolv calculation for CONF388.
Running xtb_gsolv calculation for CONF390.
Running xtb_gsolv calculation for CONF381.
Running xtb_gsolv calculation for CONF391.
Running xtb_gsolv calculation for CONF379.
Running xtb_gsolv calculation for CONF389.
Running xtb_gsolv calculation for CONF380.
Running xtb_gsolv calculation for CONF387.
Running xtb_gsolv calculation for CONF407.
Running xtb_gsolv calculation for CONF385.
Running xtb_gsolv calculation for CONF386.
Running xtb_gsolv calculation for CONF408.
Running xtb_gsolv calculation for CONF394.
Running xtb_gsolv calculation for CONF395.
Running xtb_gsolv calculation for CONF399.
Running xtb_gsolv calculation for CONF400.
Running xtb_gsolv calculation for CONF406.
Running xtb_gsolv calculation for CONF401.
Running xtb_gsolv calculation for CONF403.
Running xtb_gsolv calculation for CONF405.
Running xtb_gsolv calculation for CONF409.
Running xtb_gsolv calculation for CONF404.
Running xtb_gsolv calculation for CONF410.
Running xtb_gsolv calculation for CONF411.
Running xtb_gsolv calculation for CONF412.
Running xtb_gsolv calculation for CONF396.
Running xtb_gsolv calculation for CONF398.
Running xtb_gsolv calculation for CONF413.
Running xtb_gsolv calculation for CONF415.
Running xtb_gsolv calculation for CONF417.
Running xtb_gsolv calculation for CONF418.
Running xtb_gsolv calculation for CONF419.
Running xtb_gsolv calculation for CONF416.
Running xtb_gsolv calculation for CONF422.
Running xtb_gsolv calculation for CONF420.
Running xtb_gsolv calculation for CONF423.
Running xtb_gsolv calculation for CONF414.
Running xtb_gsolv calculation for CONF429.
Running xtb_gsolv calculation for CONF392.
Running xtb_gsolv calculation for CONF431.
Running xtb_gsolv calculation for CONF425.
Running xtb_gsolv calculation for CONF424.
Running xtb_gsolv calculation for CONF426.
Running xtb_gsolv calculation for CONF397.
Running xtb_gsolv calculation for CONF427.
Running xtb_gsolv calculation for CONF428.
Running xtb_gsolv calculation for CONF421.
Running xtb_gsolv calculation for CONF434.
Running xtb_gsolv calculation for CONF430.
Running xtb_gsolv calculation for CONF433.
Running xtb_gsolv calculation for CONF432.
Running xtb_gsolv calculation for CONF454.
Running xtb_gsolv calculation for CONF440.
Running xtb_gsolv calculation for CONF437.
Running xtb_gsolv calculation for CONF402.
Running xtb_gsolv calculation for CONF435.
Running xtb_gsolv calculation for CONF442.
Running xtb_gsolv calculation for CONF438.
Running xtb_gsolv calculation for CONF443.
Running xtb_gsolv calculation for CONF439.
Running xtb_gsolv calculation for CONF436.
Running xtb_gsolv calculation for CONF444.
Running xtb_gsolv calculation for CONF472.
Running xtb_gsolv calculation for CONF478.
Running xtb_gsolv calculation for CONF445.
Running xtb_gsolv calculation for CONF446.
Running xtb_gsolv calculation for CONF447.
Running xtb_gsolv calculation for CONF448.
Running xtb_gsolv calculation for CONF449.
Running xtb_gsolv calculation for CONF451.
Running xtb_gsolv calculation for CONF453.
Running xtb_gsolv calculation for CONF450.
Running xtb_gsolv calculation for CONF452.
Running xtb_gsolv calculation for CONF456.
Running xtb_gsolv calculation for CONF441.
Running xtb_gsolv calculation for CONF461.
Running xtb_gsolv calculation for CONF455.
Running xtb_gsolv calculation for CONF483.
Running xtb_gsolv calculation for CONF457.
Running xtb_gsolv calculation for CONF460.
Running xtb_gsolv calculation for CONF485.
Running xtb_gsolv calculation for CONF459.
Running xtb_gsolv calculation for CONF462.
Running xtb_gsolv calculation for CONF463.
Running xtb_gsolv calculation for CONF464.
Running xtb_gsolv calculation for CONF465.
Running xtb_gsolv calculation for CONF466.
Running xtb_gsolv calculation for CONF458.
Running xtb_gsolv calculation for CONF477.
Running xtb_gsolv calculation for CONF467.
Running xtb_gsolv calculation for CONF471.
Running xtb_gsolv calculation for CONF480.
Running xtb_gsolv calculation for CONF484.
Running xtb_gsolv calculation for CONF468.
Running xtb_gsolv calculation for CONF473.
Running xtb_gsolv calculation for CONF476.
Running xtb_gsolv calculation for CONF481.
Running xtb_gsolv calculation for CONF474.
Running xtb_gsolv calculation for CONF470.
Running xtb_gsolv calculation for CONF475.
Running xtb_gsolv calculation for CONF482.
Running xtb_gsolv calculation for CONF479.
Running xtb_gsolv calculation for CONF469.
Running xtb_gsolv calculation for CONF506.
Running xtb_gsolv calculation for CONF486.
Running xtb_gsolv calculation for CONF487.
Running xtb_gsolv calculation for CONF494.
Running xtb_gsolv calculation for CONF491.
Running xtb_gsolv calculation for CONF493.
Running xtb_gsolv calculation for CONF495.
Running xtb_gsolv calculation for CONF500.
Running xtb_gsolv calculation for CONF489.
Running xtb_gsolv calculation for CONF488.
Running xtb_gsolv calculation for CONF497.
Running xtb_gsolv calculation for CONF496.
Running xtb_gsolv calculation for CONF492.
Running xtb_gsolv calculation for CONF490.
Running xtb_gsolv calculation for CONF498.
Running xtb_gsolv calculation for CONF499.
Running xtb_gsolv calculation for CONF509.
Running xtb_gsolv calculation for CONF505.
Running xtb_gsolv calculation for CONF501.
Running xtb_gsolv calculation for CONF510.
Running xtb_gsolv calculation for CONF507.
Running xtb_gsolv calculation for CONF511.
Running xtb_gsolv calculation for CONF546.
Running xtb_gsolv calculation for CONF508.
Running xtb_gsolv calculation for CONF515.
Running xtb_gsolv calculation for CONF503.
Running xtb_gsolv calculation for CONF504.
Running xtb_gsolv calculation for CONF513.
Running xtb_gsolv calculation for CONF516.
Running xtb_gsolv calculation for CONF502.
Running xtb_gsolv calculation for CONF514.
Running xtb_gsolv calculation for CONF518.
Running xtb_gsolv calculation for CONF512.
Running xtb_gsolv calculation for CONF519.
Running xtb_gsolv calculation for CONF517.
Running xtb_gsolv calculation for CONF521.
Running xtb_gsolv calculation for CONF520.
Running xtb_gsolv calculation for CONF522.
Running xtb_gsolv calculation for CONF525.
Running xtb_gsolv calculation for CONF523.
Running xtb_gsolv calculation for CONF524.
Running xtb_gsolv calculation for CONF527.
Running xtb_gsolv calculation for CONF526.
Running xtb_gsolv calculation for CONF529.
Running xtb_gsolv calculation for CONF532.
Running xtb_gsolv calculation for CONF528.
Running xtb_gsolv calculation for CONF531.
Running xtb_gsolv calculation for CONF530.
Running xtb_gsolv calculation for CONF533.
Running xtb_gsolv calculation for CONF542.
Running xtb_gsolv calculation for CONF538.
Running xtb_gsolv calculation for CONF537.
Running xtb_gsolv calculation for CONF535.
Running xtb_gsolv calculation for CONF534.
Running xtb_gsolv calculation for CONF541.
Running xtb_gsolv calculation for CONF549.
Running xtb_gsolv calculation for CONF539.
Running xtb_gsolv calculation for CONF536.
Running xtb_gsolv calculation for CONF545.
Running xtb_gsolv calculation for CONF544.
Running xtb_gsolv calculation for CONF543.
Running xtb_gsolv calculation for CONF540.
Running xtb_gsolv calculation for CONF548.
Running xtb_gsolv calculation for CONF550.
Running xtb_gsolv calculation for CONF552.
Running xtb_gsolv calculation for CONF547.
Running xtb_gsolv calculation for CONF553.
Running xtb_gsolv calculation for CONF560.
Running xtb_gsolv calculation for CONF551.
Running xtb_gsolv calculation for CONF556.
Running xtb_gsolv calculation for CONF554.
Running xtb_gsolv calculation for CONF558.
Running xtb_gsolv calculation for CONF555.
Running xtb_gsolv calculation for CONF559.
Running xtb_gsolv calculation for CONF557.
Running xtb_gsolv calculation for CONF561.
Running xtb_gsolv calculation for CONF562.
Running xtb_gsolv calculation for CONF563.
Running xtb_gsolv calculation for CONF566.
Running xtb_gsolv calculation for CONF565.
Running xtb_gsolv calculation for CONF564.
Running xtb_gsolv calculation for CONF569.
Running xtb_gsolv calculation for CONF570.
Running xtb_gsolv calculation for CONF567.
Running xtb_gsolv calculation for CONF584.
Running xtb_gsolv calculation for CONF568.
Running xtb_gsolv calculation for CONF572.
Running xtb_gsolv calculation for CONF571.
Running xtb_gsolv calculation for CONF574.
Running xtb_gsolv calculation for CONF575.
Running xtb_gsolv calculation for CONF576.
Running xtb_gsolv calculation for CONF581.
Running xtb_gsolv calculation for CONF578.
Running xtb_gsolv calculation for CONF577.
Running xtb_gsolv calculation for CONF579.
Running xtb_gsolv calculation for CONF590.
Running xtb_gsolv calculation for CONF589.
Running xtb_gsolv calculation for CONF583.
Running xtb_gsolv calculation for CONF573.
Running xtb_gsolv calculation for CONF580.
Running xtb_gsolv calculation for CONF585.
Running xtb_gsolv calculation for CONF582.
Running xtb_gsolv calculation for CONF588.
Running xtb_gsolv calculation for CONF587.
Running xtb_gsolv calculation for CONF586.
Running xtb_gsolv calculation for CONF594.
Running xtb_gsolv calculation for CONF592.
Running xtb_gsolv calculation for CONF591.
Running xtb_gsolv calculation for CONF593.
Running xtb_gsolv calculation for CONF595.
Running xtb_gsolv calculation for CONF597.
Running xtb_gsolv calculation for CONF616.
Running xtb_gsolv calculation for CONF596.
Running xtb_gsolv calculation for CONF598.
Running xtb_gsolv calculation for CONF632.
Running xtb_gsolv calculation for CONF599.
Running xtb_gsolv calculation for CONF631.
Running xtb_gsolv calculation for CONF601.
Running xtb_gsolv calculation for CONF600.
Running xtb_gsolv calculation for CONF633.
Running xtb_gsolv calculation for CONF611.
Running xtb_gsolv calculation for CONF603.
Running xtb_gsolv calculation for CONF609.
Running xtb_gsolv calculation for CONF604.
Running xtb_gsolv calculation for CONF608.
Running xtb_gsolv calculation for CONF602.
Running xtb_gsolv calculation for CONF605.
Running xtb_gsolv calculation for CONF606.
Running xtb_gsolv calculation for CONF610.
Running xtb_gsolv calculation for CONF613.
Running xtb_gsolv calculation for CONF612.
Running xtb_gsolv calculation for CONF619.
Running xtb_gsolv calculation for CONF617.
Running xtb_gsolv calculation for CONF615.
Running xtb_gsolv calculation for CONF622.
Running xtb_gsolv calculation for CONF614.
Running xtb_gsolv calculation for CONF618.
Running xtb_gsolv calculation for CONF624.
Running xtb_gsolv calculation for CONF620.
Running xtb_gsolv calculation for CONF623.
Running xtb_gsolv calculation for CONF621.
Running xtb_gsolv calculation for CONF626.
Running xtb_gsolv calculation for CONF627.
Running xtb_gsolv calculation for CONF625.
Running xtb_gsolv calculation for CONF628.
Running xtb_gsolv calculation for CONF629.
Running xtb_gsolv calculation for CONF630.
Running xtb_gsolv calculation for CONF634.
Running xtb_gsolv calculation for CONF635.
Running xtb_gsolv calculation for CONF636.
Running xtb_gsolv calculation for CONF637.
Running xtb_gsolv calculation for CONF638.
Running xtb_gsolv calculation for CONF639.
Running xtb_gsolv calculation for CONF640.
Running xtb_gsolv calculation for CONF607.
Running xtb_gsolv calculation for CONF641.
Running xtb_gsolv calculation for CONF642.
Running xtb_gsolv calculation for CONF643.
Running xtb_gsolv calculation for CONF669.
Running xtb_gsolv calculation for CONF646.
Running xtb_gsolv calculation for CONF644.
Running xtb_gsolv calculation for CONF645.
Running xtb_gsolv calculation for CONF648.
Running xtb_gsolv calculation for CONF647.
Running xtb_gsolv calculation for CONF673.
Running xtb_gsolv calculation for CONF684.
Running xtb_gsolv calculation for CONF654.
Running xtb_gsolv calculation for CONF667.
Running xtb_gsolv calculation for CONF649.
Running xtb_gsolv calculation for CONF653.
Running xtb_gsolv calculation for CONF651.
Running xtb_gsolv calculation for CONF674.
Running xtb_gsolv calculation for CONF652.
Running xtb_gsolv calculation for CONF668.
Running xtb_gsolv calculation for CONF650.
Running xtb_gsolv calculation for CONF657.
Running xtb_gsolv calculation for CONF656.
Running xtb_gsolv calculation for CONF659.
Running xtb_gsolv calculation for CONF655.
Running xtb_gsolv calculation for CONF658.
Running xtb_gsolv calculation for CONF660.
Running xtb_gsolv calculation for CONF661.
Running xtb_gsolv calculation for CONF697.
Running xtb_gsolv calculation for CONF681.
Running xtb_gsolv calculation for CONF662.
Running xtb_gsolv calculation for CONF676.
Running xtb_gsolv calculation for CONF663.
Running xtb_gsolv calculation for CONF665.
Running xtb_gsolv calculation for CONF664.
Running xtb_gsolv calculation for CONF666.
Running xtb_gsolv calculation for CONF706.
Running xtb_gsolv calculation for CONF670.
Running xtb_gsolv calculation for CONF672.
Running xtb_gsolv calculation for CONF671.
Running xtb_gsolv calculation for CONF675.
Running xtb_gsolv calculation for CONF690.
Running xtb_gsolv calculation for CONF679.
Running xtb_gsolv calculation for CONF689.
Running xtb_gsolv calculation for CONF680.
Running xtb_gsolv calculation for CONF687.
Running xtb_gsolv calculation for CONF682.
Running xtb_gsolv calculation for CONF688.
Running xtb_gsolv calculation for CONF691.
Running xtb_gsolv calculation for CONF686.
Running xtb_gsolv calculation for CONF678.
Running xtb_gsolv calculation for CONF677.
Running xtb_gsolv calculation for CONF683.
Running xtb_gsolv calculation for CONF685.
Running xtb_gsolv calculation for CONF692.
Running xtb_gsolv calculation for CONF693.
Running xtb_gsolv calculation for CONF695.
Running xtb_gsolv calculation for CONF694.
Running xtb_gsolv calculation for CONF735.
Running xtb_gsolv calculation for CONF696.
Running xtb_gsolv calculation for CONF698.
Running xtb_gsolv calculation for CONF713.
Running xtb_gsolv calculation for CONF709.
Running xtb_gsolv calculation for CONF704.
Running xtb_gsolv calculation for CONF705.
Running xtb_gsolv calculation for CONF712.
Running xtb_gsolv calculation for CONF702.
Running xtb_gsolv calculation for CONF728.
Running xtb_gsolv calculation for CONF711.
Running xtb_gsolv calculation for CONF700.
Running xtb_gsolv calculation for CONF703.
Running xtb_gsolv calculation for CONF701.
Running xtb_gsolv calculation for CONF710.
Running xtb_gsolv calculation for CONF699.
Running xtb_gsolv calculation for CONF708.
Running xtb_gsolv calculation for CONF715.
Running xtb_gsolv calculation for CONF717.
Running xtb_gsolv calculation for CONF716.
Running xtb_gsolv calculation for CONF714.
Running xtb_gsolv calculation for CONF707.
Running xtb_gsolv calculation for CONF720.
Running xtb_gsolv calculation for CONF719.
Running xtb_gsolv calculation for CONF757.
Running xtb_gsolv calculation for CONF718.
Running xtb_gsolv calculation for CONF721.
Running xtb_gsolv calculation for CONF726.
Running xtb_gsolv calculation for CONF734.
Running xtb_gsolv calculation for CONF723.
Running xtb_gsolv calculation for CONF724.
Running xtb_gsolv calculation for CONF725.
Running xtb_gsolv calculation for CONF722.
Running xtb_gsolv calculation for CONF727.
Running xtb_gsolv calculation for CONF733.
Running xtb_gsolv calculation for CONF736.
Running xtb_gsolv calculation for CONF729.
Running xtb_gsolv calculation for CONF731.
Running xtb_gsolv calculation for CONF732.
Running xtb_gsolv calculation for CONF730.
Running xtb_gsolv calculation for CONF753.
Running xtb_gsolv calculation for CONF743.
Running xtb_gsolv calculation for CONF738.
Running xtb_gsolv calculation for CONF741.
Running xtb_gsolv calculation for CONF737.
Running xtb_gsolv calculation for CONF744.
Running xtb_gsolv calculation for CONF745.
Running xtb_gsolv calculation for CONF758.
Running xtb_gsolv calculation for CONF739.
Running xtb_gsolv calculation for CONF740.
Running xtb_gsolv calculation for CONF742.
Running xtb_gsolv calculation for CONF747.
Running xtb_gsolv calculation for CONF748.
Running xtb_gsolv calculation for CONF750.
Running xtb_gsolv calculation for CONF751.
Running xtb_gsolv calculation for CONF752.
Running xtb_gsolv calculation for CONF754.
Running xtb_gsolv calculation for CONF755.
Running xtb_gsolv calculation for CONF759.
Running xtb_gsolv calculation for CONF756.
Running xtb_gsolv calculation for CONF769.
Running xtb_gsolv calculation for CONF764.
Running xtb_gsolv calculation for CONF763.
Running xtb_gsolv calculation for CONF761.
Running xtb_gsolv calculation for CONF760.
Running xtb_gsolv calculation for CONF765.
Running xtb_gsolv calculation for CONF767.
Running xtb_gsolv calculation for CONF766.
Running xtb_gsolv calculation for CONF768.
Running xtb_gsolv calculation for CONF770.
Running xtb_gsolv calculation for CONF772.
Running xtb_gsolv calculation for CONF771.
Running xtb_gsolv calculation for CONF773.
Running xtb_gsolv calculation for CONF775.
Running xtb_gsolv calculation for CONF762.
Running xtb_gsolv calculation for CONF749.
Running xtb_gsolv calculation for CONF776.
Running xtb_gsolv calculation for CONF746.
Running xtb_gsolv calculation for CONF774.
Running xtb_gsolv calculation for CONF777.
Running xtb_gsolv calculation for CONF778.
Running xtb_gsolv calculation for CONF779.
Running xtb_gsolv calculation for CONF783.
Running xtb_gsolv calculation for CONF780.
Running xtb_gsolv calculation for CONF782.
Running xtb_gsolv calculation for CONF784.
Running xtb_gsolv calculation for CONF785.
Running xtb_gsolv calculation for CONF781.
Running xtb_gsolv calculation for CONF790.
Running xtb_gsolv calculation for CONF795.
Running xtb_gsolv calculation for CONF831.
Running xtb_gsolv calculation for CONF792.
Running xtb_gsolv calculation for CONF787.
Running xtb_gsolv calculation for CONF789.
Running xtb_gsolv calculation for CONF788.
Running xtb_gsolv calculation for CONF791.
Running xtb_gsolv calculation for CONF786.
Running xtb_gsolv calculation for CONF794.
Running xtb_gsolv calculation for CONF799.
Running xtb_gsolv calculation for CONF800.
Running xtb_gsolv calculation for CONF797.
Running xtb_gsolv calculation for CONF796.
Running xtb_gsolv calculation for CONF793.
Running xtb_gsolv calculation for CONF798.
Running xtb_gsolv calculation for CONF801.
Running xtb_gsolv calculation for CONF809.
Running xtb_gsolv calculation for CONF812.
Running xtb_gsolv calculation for CONF814.
Running xtb_gsolv calculation for CONF813.
Running xtb_gsolv calculation for CONF811.
Running xtb_gsolv calculation for CONF805.
Running xtb_gsolv calculation for CONF806.
Running xtb_gsolv calculation for CONF810.
Running xtb_gsolv calculation for CONF808.
Running xtb_gsolv calculation for CONF802.
Running xtb_gsolv calculation for CONF803.
Running xtb_gsolv calculation for CONF824.
Running xtb_gsolv calculation for CONF807.
Running xtb_gsolv calculation for CONF815.
Running xtb_gsolv calculation for CONF816.
Running xtb_gsolv calculation for CONF817.
Running xtb_gsolv calculation for CONF819.
Running xtb_gsolv calculation for CONF821.
Running xtb_gsolv calculation for CONF822.
Running xtb_gsolv calculation for CONF826.
Running xtb_gsolv calculation for CONF823.
Running xtb_gsolv calculation for CONF830.
Running xtb_gsolv calculation for CONF825.
Running xtb_gsolv calculation for CONF827.
Running xtb_gsolv calculation for CONF828.
Running xtb_gsolv calculation for CONF829.
Running xtb_gsolv calculation for CONF846.
Running xtb_gsolv calculation for CONF832.
Running xtb_gsolv calculation for CONF834.
Running xtb_gsolv calculation for CONF820.
Running xtb_gsolv calculation for CONF850.
Running xtb_gsolv calculation for CONF833.
Running xtb_gsolv calculation for CONF804.
Running xtb_gsolv calculation for CONF818.
Running xtb_gsolv calculation for CONF836.
Running xtb_gsolv calculation for CONF835.
Running xtb_gsolv calculation for CONF859.
Running xtb_gsolv calculation for CONF837.
Running xtb_gsolv calculation for CONF838.
Running xtb_gsolv calculation for CONF839.
Running xtb_gsolv calculation for CONF842.
Running xtb_gsolv calculation for CONF845.
Running xtb_gsolv calculation for CONF851.
Running xtb_gsolv calculation for CONF840.
Running xtb_gsolv calculation for CONF853.
Running xtb_gsolv calculation for CONF857.
Running xtb_gsolv calculation for CONF847.
Running xtb_gsolv calculation for CONF856.
Running xtb_gsolv calculation for CONF852.
Running xtb_gsolv calculation for CONF855.
Running xtb_gsolv calculation for CONF854.
Running xtb_gsolv calculation for CONF844.
Running xtb_gsolv calculation for CONF849.
Running xtb_gsolv calculation for CONF843.
Running xtb_gsolv calculation for CONF841.
Running xtb_gsolv calculation for CONF858.
Running xtb_gsolv calculation for CONF860.
Running xtb_gsolv calculation for CONF848.
Running xtb_gsolv calculation for CONF862.
Running xtb_gsolv calculation for CONF861.
Running xtb_gsolv calculation for CONF865.
Running xtb_gsolv calculation for CONF874.
Running xtb_gsolv calculation for CONF866.
Running xtb_gsolv calculation for CONF867.
Running xtb_gsolv calculation for CONF868.
Running xtb_gsolv calculation for CONF869.
Running xtb_gsolv calculation for CONF870.
Running xtb_gsolv calculation for CONF871.
Running xtb_gsolv calculation for CONF863.
Running xtb_gsolv calculation for CONF872.
Running xtb_gsolv calculation for CONF873.
Running xtb_gsolv calculation for CONF915.
Running xtb_gsolv calculation for CONF877.
Running xtb_gsolv calculation for CONF875.
Running xtb_gsolv calculation for CONF876.
Running xtb_gsolv calculation for CONF878.
Running xtb_gsolv calculation for CONF879.
Running xtb_gsolv calculation for CONF898.
Running xtb_gsolv calculation for CONF881.
Running xtb_gsolv calculation for CONF880.
Running xtb_gsolv calculation for CONF882.
Running xtb_gsolv calculation for CONF883.
Running xtb_gsolv calculation for CONF886.
Running xtb_gsolv calculation for CONF884.
Running xtb_gsolv calculation for CONF885.
Running xtb_gsolv calculation for CONF888.
Running xtb_gsolv calculation for CONF890.
Running xtb_gsolv calculation for CONF889.
Running xtb_gsolv calculation for CONF887.
Running xtb_gsolv calculation for CONF891.
Running xtb_gsolv calculation for CONF893.
Running xtb_gsolv calculation for CONF894.
Running xtb_gsolv calculation for CONF897.
Running xtb_gsolv calculation for CONF892.
Running xtb_gsolv calculation for CONF895.
Running xtb_gsolv calculation for CONF899.
Running xtb_gsolv calculation for CONF896.
Running xtb_gsolv calculation for CONF900.
Running xtb_gsolv calculation for CONF901.
Running xtb_gsolv calculation for CONF902.
Running xtb_gsolv calculation for CONF914.
Running xtb_gsolv calculation for CONF903.
Running xtb_gsolv calculation for CONF916.
Running xtb_gsolv calculation for CONF904.
Running xtb_gsolv calculation for CONF918.
Running xtb_gsolv calculation for CONF905.
Running xtb_gsolv calculation for CONF906.
Running xtb_gsolv calculation for CONF864.
Running xtb_gsolv calculation for CONF907.
Running xtb_gsolv calculation for CONF913.
Running xtb_gsolv calculation for CONF932.
Running xtb_gsolv calculation for CONF908.
Running xtb_gsolv calculation for CONF909.
Running xtb_gsolv calculation for CONF910.
Running xtb_gsolv calculation for CONF919.
Running xtb_gsolv calculation for CONF917.
Running xtb_gsolv calculation for CONF911.
Running xtb_gsolv calculation for CONF939.
Running xtb_gsolv calculation for CONF920.
Running xtb_gsolv calculation for CONF922.
Running xtb_gsolv calculation for CONF921.
Running xtb_gsolv calculation for CONF924.
Running xtb_gsolv calculation for CONF923.
Running xtb_gsolv calculation for CONF925.
Running xtb_gsolv calculation for CONF926.
Running xtb_gsolv calculation for CONF912.
Running xtb_gsolv calculation for CONF934.
Running xtb_gsolv calculation for CONF927.
Running xtb_gsolv calculation for CONF928.
Running xtb_gsolv calculation for CONF929.
Running xtb_gsolv calculation for CONF930.
Running xtb_gsolv calculation for CONF933.
Running xtb_gsolv calculation for CONF936.
Running xtb_gsolv calculation for CONF937.
Running xtb_gsolv calculation for CONF938.
Running xtb_gsolv calculation for CONF941.
Running xtb_gsolv calculation for CONF963.
Running xtb_gsolv calculation for CONF943.
Running xtb_gsolv calculation for CONF931.
Running xtb_gsolv calculation for CONF942.
Running xtb_gsolv calculation for CONF935.
Running xtb_gsolv calculation for CONF940.
Running xtb_gsolv calculation for CONF944.
Running xtb_gsolv calculation for CONF945.
Running xtb_gsolv calculation for CONF946.
Running xtb_gsolv calculation for CONF947.
Running xtb_gsolv calculation for CONF948.
Running xtb_gsolv calculation for CONF949.
Running xtb_gsolv calculation for CONF950.
Running xtb_gsolv calculation for CONF952.
Running xtb_gsolv calculation for CONF953.
Running xtb_gsolv calculation for CONF956.
Running xtb_gsolv calculation for CONF951.
Running xtb_gsolv calculation for CONF965.
Running xtb_gsolv calculation for CONF954.
Running xtb_gsolv calculation for CONF955.
Running xtb_gsolv calculation for CONF960.
Running xtb_gsolv calculation for CONF957.
Running xtb_gsolv calculation for CONF958.
Running xtb_gsolv calculation for CONF959.
Running xtb_gsolv calculation for CONF974.
Running xtb_gsolv calculation for CONF964.
Running xtb_gsolv calculation for CONF962.
Running xtb_gsolv calculation for CONF966.
Running xtb_gsolv calculation for CONF961.
Running xtb_gsolv calculation for CONF976.
Running xtb_gsolv calculation for CONF968.
Running xtb_gsolv calculation for CONF967.
Running xtb_gsolv calculation for CONF969.
Running xtb_gsolv calculation for CONF970.
Running xtb_gsolv calculation for CONF978.
Running xtb_gsolv calculation for CONF971.
Running xtb_gsolv calculation for CONF975.
Running xtb_gsolv calculation for CONF972.
Running xtb_gsolv calculation for CONF977.
Running xtb_gsolv calculation for CONF979.
Running xtb_gsolv calculation for CONF981.
Running xtb_gsolv calculation for CONF986.
Running xtb_gsolv calculation for CONF982.
Running xtb_gsolv calculation for CONF983.
Running xtb_gsolv calculation for CONF984.
Running xtb_gsolv calculation for CONF988.
Running xtb_gsolv calculation for CONF973.
Running xtb_gsolv calculation for CONF980.
Running xtb_gsolv calculation for CONF987.
Running xtb_gsolv calculation for CONF989.
Running xtb_gsolv calculation for CONF992.
Running xtb_gsolv calculation for CONF985.
Running xtb_gsolv calculation for CONF990.
Running xtb_gsolv calculation for CONF993.
Running xtb_gsolv calculation for CONF991.
Running xtb_gsolv calculation for CONF994.
Running xtb_gsolv calculation for CONF1000.
Running xtb_gsolv calculation for CONF1003.
Running xtb_gsolv calculation for CONF996.
Running xtb_gsolv calculation for CONF995.
Running xtb_gsolv calculation for CONF999.
Running xtb_gsolv calculation for CONF997.
Running xtb_gsolv calculation for CONF1004.
Running xtb_gsolv calculation for CONF998.
Running xtb_gsolv calculation for CONF1002.
Running xtb_gsolv calculation for CONF1006.
Running xtb_gsolv calculation for CONF1001.
Running xtb_gsolv calculation for CONF1010.
Running xtb_gsolv calculation for CONF1005.
Running xtb_gsolv calculation for CONF1009.
Running xtb_gsolv calculation for CONF1007.
Running xtb_gsolv calculation for CONF1008.
Running xtb_gsolv calculation for CONF1012.
Running xtb_gsolv calculation for CONF1014.
Running xtb_gsolv calculation for CONF1011.
Running xtb_gsolv calculation for CONF1015.
Running xtb_gsolv calculation for CONF1016.
Running xtb_gsolv calculation for CONF1021.
Running xtb_gsolv calculation for CONF1017.
Running xtb_gsolv calculation for CONF1018.
Running xtb_gsolv calculation for CONF1019.
Running xtb_gsolv calculation for CONF1020.
Running xtb_gsolv calculation for CONF1022.
Running xtb_gsolv calculation for CONF1013.
Running xtb_gsolv calculation for CONF1028.
Running xtb_gsolv calculation for CONF1026.
Running xtb_gsolv calculation for CONF1023.
Running xtb_gsolv calculation for CONF1082.
Running xtb_gsolv calculation for CONF1024.
Running xtb_gsolv calculation for CONF1025.
Running xtb_gsolv calculation for CONF1027.
Running xtb_gsolv calculation for CONF1035.
Running xtb_gsolv calculation for CONF1034.
Running xtb_gsolv calculation for CONF1031.
Running xtb_gsolv calculation for CONF1030.
Running xtb_gsolv calculation for CONF1037.
Running xtb_gsolv calculation for CONF1032.
Running xtb_gsolv calculation for CONF1029.
Running xtb_gsolv calculation for CONF1038.
Running xtb_gsolv calculation for CONF1033.
Running xtb_gsolv calculation for CONF1036.
Running xtb_gsolv calculation for CONF1078.
Running xtb_gsolv calculation for CONF1081.
Running xtb_gsolv calculation for CONF1084.
Running xtb_gsolv calculation for CONF1039.
Running xtb_gsolv calculation for CONF1040.
Running xtb_gsolv calculation for CONF1041.
Running xtb_gsolv calculation for CONF1046.
Running xtb_gsolv calculation for CONF1042.
Running xtb_gsolv calculation for CONF1043.
Running xtb_gsolv calculation for CONF1044.
Running xtb_gsolv calculation for CONF1055.
Running xtb_gsolv calculation for CONF1077.
Running xtb_gsolv calculation for CONF1045.
Running xtb_gsolv calculation for CONF1047.
Running xtb_gsolv calculation for CONF1048.
Running xtb_gsolv calculation for CONF1092.
Running xtb_gsolv calculation for CONF1058.
Running xtb_gsolv calculation for CONF1049.
Running xtb_gsolv calculation for CONF1061.
Running xtb_gsolv calculation for CONF1056.
Running xtb_gsolv calculation for CONF1053.
Running xtb_gsolv calculation for CONF1057.
Running xtb_gsolv calculation for CONF1051.
Running xtb_gsolv calculation for CONF1059.
Running xtb_gsolv calculation for CONF1060.
Running xtb_gsolv calculation for CONF1064.
Running xtb_gsolv calculation for CONF1050.
Running xtb_gsolv calculation for CONF1052.
Running xtb_gsolv calculation for CONF1054.
Running xtb_gsolv calculation for CONF1062.
Running xtb_gsolv calculation for CONF1063.
Running xtb_gsolv calculation for CONF1065.
Running xtb_gsolv calculation for CONF1112.
Running xtb_gsolv calculation for CONF1069.
Running xtb_gsolv calculation for CONF1066.
Running xtb_gsolv calculation for CONF1068.
Running xtb_gsolv calculation for CONF1067.
Running xtb_gsolv calculation for CONF1070.
Running xtb_gsolv calculation for CONF1071.
Running xtb_gsolv calculation for CONF1072.
Running xtb_gsolv calculation for CONF1073.
Running xtb_gsolv calculation for CONF1074.
Running xtb_gsolv calculation for CONF1075.
Running xtb_gsolv calculation for CONF1076.
Running xtb_gsolv calculation for CONF1079.
Running xtb_gsolv calculation for CONF1080.
Running xtb_gsolv calculation for CONF1083.
Running xtb_gsolv calculation for CONF1086.
Running xtb_gsolv calculation for CONF1109.
Running xtb_gsolv calculation for CONF1085.
Running xtb_gsolv calculation for CONF1087.
Running xtb_gsolv calculation for CONF1088.
Running xtb_gsolv calculation for CONF1095.
Running xtb_gsolv calculation for CONF1094.
Running xtb_gsolv calculation for CONF1097.
Running xtb_gsolv calculation for CONF1093.
Running xtb_gsolv calculation for CONF1098.
Running xtb_gsolv calculation for CONF1089.
Running xtb_gsolv calculation for CONF1096.
Running xtb_gsolv calculation for CONF1091.
Running xtb_gsolv calculation for CONF1090.
Running xtb_gsolv calculation for CONF1099.
Running xtb_gsolv calculation for CONF1100.
Running xtb_gsolv calculation for CONF1104.
Running xtb_gsolv calculation for CONF1103.
Running xtb_gsolv calculation for CONF1102.
Running xtb_gsolv calculation for CONF1105.
Running xtb_gsolv calculation for CONF1106.
Running xtb_gsolv calculation for CONF1101.
Running xtb_gsolv calculation for CONF1107.
Running xtb_gsolv calculation for CONF1110.
Running xtb_gsolv calculation for CONF1111.
Running xtb_gsolv calculation for CONF1108.
Running xtb_gsolv calculation for CONF1113.
Running xtb_gsolv calculation for CONF1114.
Running xtb_gsolv calculation for CONF1116.
Running xtb_gsolv calculation for CONF1119.
Running xtb_gsolv calculation for CONF1117.
Running xtb_gsolv calculation for CONF1120.
Running xtb_gsolv calculation for CONF1121.
Running xtb_gsolv calculation for CONF1129.
Running xtb_gsolv calculation for CONF1118.
Running xtb_gsolv calculation for CONF1126.
Running xtb_gsolv calculation for CONF1122.
Running xtb_gsolv calculation for CONF1125.
Running xtb_gsolv calculation for CONF1127.
Running xtb_gsolv calculation for CONF1128.
Running xtb_gsolv calculation for CONF1124.
Running xtb_gsolv calculation for CONF1123.
Running xtb_gsolv calculation for CONF1131.
Running xtb_gsolv calculation for CONF1150.
Running xtb_gsolv calculation for CONF1130.
Running xtb_gsolv calculation for CONF1133.
Running xtb_gsolv calculation for CONF1134.
Running xtb_gsolv calculation for CONF1132.
Running xtb_gsolv calculation for CONF1136.
Running xtb_gsolv calculation for CONF1135.
Running xtb_gsolv calculation for CONF1137.
Running xtb_gsolv calculation for CONF1139.
Running xtb_gsolv calculation for CONF1138.
Running xtb_gsolv calculation for CONF1143.
Running xtb_gsolv calculation for CONF1142.
Running xtb_gsolv calculation for CONF1152.
Running xtb_gsolv calculation for CONF1144.
Running xtb_gsolv calculation for CONF1140.
Running xtb_gsolv calculation for CONF1145.
Running xtb_gsolv calculation for CONF1141.
Running xtb_gsolv calculation for CONF1146.
Running xtb_gsolv calculation for CONF1147.
Running xtb_gsolv calculation for CONF1115.
Running xtb_gsolv calculation for CONF1148.
Running xtb_gsolv calculation for CONF1151.
Running xtb_gsolv calculation for CONF1153.
Running xtb_gsolv calculation for CONF1154.
Running xtb_gsolv calculation for CONF1155.
Running xtb_gsolv calculation for CONF1159.
Running xtb_gsolv calculation for CONF1158.
Running xtb_gsolv calculation for CONF1157.
Running xtb_gsolv calculation for CONF1149.
Running xtb_gsolv calculation for CONF1164.
Running xtb_gsolv calculation for CONF1156.
Running xtb_gsolv calculation for CONF1162.
Running xtb_gsolv calculation for CONF1167.
Running xtb_gsolv calculation for CONF1163.
Running xtb_gsolv calculation for CONF1161.
Running xtb_gsolv calculation for CONF1165.
Running xtb_gsolv calculation for CONF1166.
Running xtb_gsolv calculation for CONF1160.
Running xtb_gsolv calculation for CONF1172.
Running xtb_gsolv calculation for CONF1168.
Running xtb_gsolv calculation for CONF1170.
Running xtb_gsolv calculation for CONF1171.
Running xtb_gsolv calculation for CONF1169.
Running xtb_gsolv calculation for CONF1173.
Running xtb_gsolv calculation for CONF1174.
Running xtb_gsolv calculation for CONF1175.
Running xtb_gsolv calculation for CONF1177.
Running xtb_gsolv calculation for CONF1176.
Running xtb_gsolv calculation for CONF1178.
Running xtb_gsolv calculation for CONF1180.
Running xtb_gsolv calculation for CONF1179.
Running xtb_gsolv calculation for CONF1181.
Running xtb_gsolv calculation for CONF1182.
Running xtb_gsolv calculation for CONF1183.
Running xtb_gsolv calculation for CONF1184.
Running xtb_gsolv calculation for CONF1185.
Running xtb_gsolv calculation for CONF1211.
Running xtb_gsolv calculation for CONF1186.
Running xtb_gsolv calculation for CONF1201.
Running xtb_gsolv calculation for CONF1200.
Running xtb_gsolv calculation for CONF1229.
Running xtb_gsolv calculation for CONF1187.
Running xtb_gsolv calculation for CONF1192.
Running xtb_gsolv calculation for CONF1189.
Running xtb_gsolv calculation for CONF1190.
Running xtb_gsolv calculation for CONF1188.
Running xtb_gsolv calculation for CONF1191.
Running xtb_gsolv calculation for CONF1195.
Running xtb_gsolv calculation for CONF1196.
Running xtb_gsolv calculation for CONF1194.
Running xtb_gsolv calculation for CONF1193.
Running xtb_gsolv calculation for CONF1198.
Running xtb_gsolv calculation for CONF1199.
Running xtb_gsolv calculation for CONF1197.
Running xtb_gsolv calculation for CONF1204.
Running xtb_gsolv calculation for CONF1206.
Running xtb_gsolv calculation for CONF1203.
Running xtb_gsolv calculation for CONF1254.
Running xtb_gsolv calculation for CONF1202.
Running xtb_gsolv calculation for CONF1207.
Running xtb_gsolv calculation for CONF1208.
Running xtb_gsolv calculation for CONF1209.
Running xtb_gsolv calculation for CONF1212.
Running xtb_gsolv calculation for CONF1213.
Running xtb_gsolv calculation for CONF1214.
Running xtb_gsolv calculation for CONF1217.
Running xtb_gsolv calculation for CONF1216.
Running xtb_gsolv calculation for CONF1205.
Running xtb_gsolv calculation for CONF1218.
Running xtb_gsolv calculation for CONF1220.
Running xtb_gsolv calculation for CONF1227.
Running xtb_gsolv calculation for CONF1222.
Running xtb_gsolv calculation for CONF1221.
Running xtb_gsolv calculation for CONF1223.
Running xtb_gsolv calculation for CONF1210.
Running xtb_gsolv calculation for CONF1224.
Running xtb_gsolv calculation for CONF1230.
Running xtb_gsolv calculation for CONF1225.
Running xtb_gsolv calculation for CONF1232.
Running xtb_gsolv calculation for CONF1234.
Running xtb_gsolv calculation for CONF1215.
Running xtb_gsolv calculation for CONF1259.
Running xtb_gsolv calculation for CONF1228.
Running xtb_gsolv calculation for CONF1236.
Running xtb_gsolv calculation for CONF1231.
Running xtb_gsolv calculation for CONF1226.
Running xtb_gsolv calculation for CONF1235.
Running xtb_gsolv calculation for CONF1241.
Running xtb_gsolv calculation for CONF1237.
Running xtb_gsolv calculation for CONF1238.
Running xtb_gsolv calculation for CONF1239.
Running xtb_gsolv calculation for CONF1244.
Running xtb_gsolv calculation for CONF1247.
Running xtb_gsolv calculation for CONF1219.
Running xtb_gsolv calculation for CONF1248.
Running xtb_gsolv calculation for CONF1243.
Running xtb_gsolv calculation for CONF1246.
Running xtb_gsolv calculation for CONF1245.
Running xtb_gsolv calculation for CONF1242.
Running xtb_gsolv calculation for CONF1294.
Running xtb_gsolv calculation for CONF1240.
Running xtb_gsolv calculation for CONF1251.
Running xtb_gsolv calculation for CONF1257.
Running xtb_gsolv calculation for CONF1233.
Running xtb_gsolv calculation for CONF1252.
Running xtb_gsolv calculation for CONF1253.
Running xtb_gsolv calculation for CONF1250.
Running xtb_gsolv calculation for CONF1261.
Running xtb_gsolv calculation for CONF1296.
Running xtb_gsolv calculation for CONF1260.
Running xtb_gsolv calculation for CONF1258.
Running xtb_gsolv calculation for CONF1262.
Running xtb_gsolv calculation for CONF1276.
Running xtb_gsolv calculation for CONF1255.
Running xtb_gsolv calculation for CONF1282.
Running xtb_gsolv calculation for CONF1269.
Running xtb_gsolv calculation for CONF1256.
Running xtb_gsolv calculation for CONF1268.
Running xtb_gsolv calculation for CONF1271.
Running xtb_gsolv calculation for CONF1265.
Running xtb_gsolv calculation for CONF1274.
Running xtb_gsolv calculation for CONF1272.
Running xtb_gsolv calculation for CONF1249.
Running xtb_gsolv calculation for CONF1285.
Running xtb_gsolv calculation for CONF1266.
Running xtb_gsolv calculation for CONF1267.
Running xtb_gsolv calculation for CONF1264.
Running xtb_gsolv calculation for CONF1288.
Running xtb_gsolv calculation for CONF1263.
Running xtb_gsolv calculation for CONF1284.
Running xtb_gsolv calculation for CONF1286.
Running xtb_gsolv calculation for CONF1277.
Running xtb_gsolv calculation for CONF1270.
Running xtb_gsolv calculation for CONF1287.
Running xtb_gsolv calculation for CONF1275.
Running xtb_gsolv calculation for CONF1281.
Running xtb_gsolv calculation for CONF1278.
Running xtb_gsolv calculation for CONF1273.
Running xtb_gsolv calculation for CONF1283.
Running xtb_gsolv calculation for CONF1280.
Running xtb_gsolv calculation for CONF1279.
Running xtb_gsolv calculation for CONF1289.
Running xtb_gsolv calculation for CONF1295.
Running xtb_gsolv calculation for CONF1291.
Running xtb_gsolv calculation for CONF1293.
Running xtb_gsolv calculation for CONF1298.
Running xtb_gsolv calculation for CONF1290.
Running xtb_gsolv calculation for CONF1292.
Running xtb_gsolv calculation for CONF1297.
Running xtb_gsolv calculation for CONF1311.
Running xtb_gsolv calculation for CONF1308.
Running xtb_gsolv calculation for CONF1306.
Running xtb_gsolv calculation for CONF1302.
Running xtb_gsolv calculation for CONF1304.
Running xtb_gsolv calculation for CONF1301.
Running xtb_gsolv calculation for CONF1299.
Running xtb_gsolv calculation for CONF1309.
Running xtb_gsolv calculation for CONF1313.
Running xtb_gsolv calculation for CONF1305.
Running xtb_gsolv calculation for CONF1312.
Running xtb_gsolv calculation for CONF1300.
Running xtb_gsolv calculation for CONF1303.
Running xtb_gsolv calculation for CONF1307.
Running xtb_gsolv calculation for CONF1310.
Running xtb_gsolv calculation for CONF1324.
Running xtb_gsolv calculation for CONF1319.
Running xtb_gsolv calculation for CONF1327.
Running xtb_gsolv calculation for CONF1325.
Running xtb_gsolv calculation for CONF1317.
Running xtb_gsolv calculation for CONF1315.
Running xtb_gsolv calculation for CONF1318.
Running xtb_gsolv calculation for CONF1314.
Running xtb_gsolv calculation for CONF1316.
Running xtb_gsolv calculation for CONF1320.
Running xtb_gsolv calculation for CONF1323.
Running xtb_gsolv calculation for CONF1321.
Running xtb_gsolv calculation for CONF1326.
Running xtb_gsolv calculation for CONF1322.
Running xtb_gsolv calculation for CONF1328.
Running xtb_gsolv calculation for CONF1329.
Running xtb_gsolv calculation for CONF1330.
Running xtb_gsolv calculation for CONF1333.
Running xtb_gsolv calculation for CONF1331.
Running xtb_gsolv calculation for CONF1332.
Running xtb_gsolv calculation for CONF1334.
Running xtb_gsolv calculation for CONF1336.
Running xtb_gsolv calculation for CONF1337.
Running xtb_gsolv calculation for CONF1338.
Running xtb_gsolv calculation for CONF1339.
Running xtb_gsolv calculation for CONF1380.
Running xtb_gsolv calculation for CONF1340.
Running xtb_gsolv calculation for CONF1335.
Running xtb_gsolv calculation for CONF1341.
Running xtb_gsolv calculation for CONF1345.
Running xtb_gsolv calculation for CONF1342.
Running xtb_gsolv calculation for CONF1348.
Running xtb_gsolv calculation for CONF1350.
Running xtb_gsolv calculation for CONF1386.
Running xtb_gsolv calculation for CONF1343.
Running xtb_gsolv calculation for CONF1354.
Running xtb_gsolv calculation for CONF1353.
Running xtb_gsolv calculation for CONF1347.
Running xtb_gsolv calculation for CONF1344.
Running xtb_gsolv calculation for CONF1346.
Running xtb_gsolv calculation for CONF1351.
Running xtb_gsolv calculation for CONF1352.
Running xtb_gsolv calculation for CONF1355.
Running xtb_gsolv calculation for CONF1356.
Running xtb_gsolv calculation for CONF1357.
Running xtb_gsolv calculation for CONF1362.
Running xtb_gsolv calculation for CONF1359.
Running xtb_gsolv calculation for CONF1361.
Running xtb_gsolv calculation for CONF1360.
Running xtb_gsolv calculation for CONF1363.
Running xtb_gsolv calculation for CONF1368.
Running xtb_gsolv calculation for CONF1364.
Running xtb_gsolv calculation for CONF1365.
Running xtb_gsolv calculation for CONF1405.
Running xtb_gsolv calculation for CONF1367.
Running xtb_gsolv calculation for CONF1349.
Running xtb_gsolv calculation for CONF1366.
Running xtb_gsolv calculation for CONF1369.
Running xtb_gsolv calculation for CONF1374.
Running xtb_gsolv calculation for CONF1377.
Running xtb_gsolv calculation for CONF1372.
Running xtb_gsolv calculation for CONF1373.
Running xtb_gsolv calculation for CONF1371.
Running xtb_gsolv calculation for CONF1378.
Running xtb_gsolv calculation for CONF1375.
Running xtb_gsolv calculation for CONF1370.
Running xtb_gsolv calculation for CONF1379.
Running xtb_gsolv calculation for CONF1381.
Running xtb_gsolv calculation for CONF1392.
Running xtb_gsolv calculation for CONF1376.
Running xtb_gsolv calculation for CONF1393.
Running xtb_gsolv calculation for CONF1358.
Running xtb_gsolv calculation for CONF1389.
Running xtb_gsolv calculation for CONF1383.
Running xtb_gsolv calculation for CONF1382.
Running xtb_gsolv calculation for CONF1391.
Running xtb_gsolv calculation for CONF1384.
Running xtb_gsolv calculation for CONF1390.
Running xtb_gsolv calculation for CONF1387.
Running xtb_gsolv calculation for CONF1385.
Running xtb_gsolv calculation for CONF1388.
Running xtb_gsolv calculation for CONF1403.
Running xtb_gsolv calculation for CONF1398.
Running xtb_gsolv calculation for CONF1395.
Running xtb_gsolv calculation for CONF1396.
Running xtb_gsolv calculation for CONF1411.
Running xtb_gsolv calculation for CONF1406.
Running xtb_gsolv calculation for CONF1423.
Running xtb_gsolv calculation for CONF1407.
Running xtb_gsolv calculation for CONF1397.
Running xtb_gsolv calculation for CONF1394.
Running xtb_gsolv calculation for CONF1401.
Running xtb_gsolv calculation for CONF1410.
Running xtb_gsolv calculation for CONF1399.
Running xtb_gsolv calculation for CONF1402.
Running xtb_gsolv calculation for CONF1409.
Running xtb_gsolv calculation for CONF1408.
Running xtb_gsolv calculation for CONF1400.
Running xtb_gsolv calculation for CONF1404.
Running xtb_gsolv calculation for CONF1418.
Running xtb_gsolv calculation for CONF1415.
Running xtb_gsolv calculation for CONF1420.
Running xtb_gsolv calculation for CONF1416.
Running xtb_gsolv calculation for CONF1417.
Running xtb_gsolv calculation for CONF1414.
Running xtb_gsolv calculation for CONF1419.
Running xtb_gsolv calculation for CONF1412.
Running xtb_gsolv calculation for CONF1421.
Running xtb_gsolv calculation for CONF1413.
Running xtb_gsolv calculation for CONF1428.
Running xtb_gsolv calculation for CONF1431.
Running xtb_gsolv calculation for CONF1427.
Running xtb_gsolv calculation for CONF1432.
Running xtb_gsolv calculation for CONF1433.
Running xtb_gsolv calculation for CONF1422.
Running xtb_gsolv calculation for CONF1426.
Running xtb_gsolv calculation for CONF1429.
Running xtb_gsolv calculation for CONF1424.
Running xtb_gsolv calculation for CONF1430.
Running xtb_gsolv calculation for CONF1434.
Running xtb_gsolv calculation for CONF1435.
Running xtb_gsolv calculation for CONF1436.
Running xtb_gsolv calculation for CONF1437.
Running xtb_gsolv calculation for CONF1438.
Running xtb_gsolv calculation for CONF1442.
Running xtb_gsolv calculation for CONF1440.
Running xtb_gsolv calculation for CONF1441.
Running xtb_gsolv calculation for CONF1459.
Running xtb_gsolv calculation for CONF1439.
Running xtb_gsolv calculation for CONF1444.
Running xtb_gsolv calculation for CONF1446.
Running xtb_gsolv calculation for CONF1445.
Running xtb_gsolv calculation for CONF1425.
Running xtb_gsolv calculation for CONF1448.
Running xtb_gsolv calculation for CONF1449.
Running xtb_gsolv calculation for CONF1450.
Running xtb_gsolv calculation for CONF1464.
Running xtb_gsolv calculation for CONF1463.
Running xtb_gsolv calculation for CONF1451.
Running xtb_gsolv calculation for CONF1453.
Running xtb_gsolv calculation for CONF1455.
Running xtb_gsolv calculation for CONF1447.
Running xtb_gsolv calculation for CONF1454.
Running xtb_gsolv calculation for CONF1452.
Running xtb_gsolv calculation for CONF1443.
Running xtb_gsolv calculation for CONF1457.
Running xtb_gsolv calculation for CONF1517.
Running xtb_gsolv calculation for CONF1462.
Running xtb_gsolv calculation for CONF1473.
Running xtb_gsolv calculation for CONF1470.
Running xtb_gsolv calculation for CONF1469.
Running xtb_gsolv calculation for CONF1471.
Running xtb_gsolv calculation for CONF1467.
Running xtb_gsolv calculation for CONF1458.
Running xtb_gsolv calculation for CONF1456.
Running xtb_gsolv calculation for CONF1461.
Running xtb_gsolv calculation for CONF1466.
Running xtb_gsolv calculation for CONF1472.
Running xtb_gsolv calculation for CONF1468.
Running xtb_gsolv calculation for CONF1460.
Running xtb_gsolv calculation for CONF1477.
Running xtb_gsolv calculation for CONF1479.
Running xtb_gsolv calculation for CONF1475.
Running xtb_gsolv calculation for CONF1465.
Running xtb_gsolv calculation for CONF1478.
Running xtb_gsolv calculation for CONF1480.
Running xtb_gsolv calculation for CONF1476.
Running xtb_gsolv calculation for CONF1474.
Running xtb_gsolv calculation for CONF1481.
Running xtb_gsolv calculation for CONF1490.
Running xtb_gsolv calculation for CONF1484.
Running xtb_gsolv calculation for CONF1485.
Running xtb_gsolv calculation for CONF1488.
Running xtb_gsolv calculation for CONF1486.
Running xtb_gsolv calculation for CONF1487.
Running xtb_gsolv calculation for CONF1483.
Running xtb_gsolv calculation for CONF1482.
Running xtb_gsolv calculation for CONF1491.
Running xtb_gsolv calculation for CONF1492.
Running xtb_gsolv calculation for CONF1493.
Running xtb_gsolv calculation for CONF1494.
Running xtb_gsolv calculation for CONF1495.
Running xtb_gsolv calculation for CONF1496.
Running xtb_gsolv calculation for CONF1499.
Running xtb_gsolv calculation for CONF1500.
Running xtb_gsolv calculation for CONF1497.
Running xtb_gsolv calculation for CONF1498.
Running xtb_gsolv calculation for CONF1501.
Running xtb_gsolv calculation for CONF1503.
Running xtb_gsolv calculation for CONF1504.
Running xtb_gsolv calculation for CONF1502.
Running xtb_gsolv calculation for CONF1489.
Running xtb_gsolv calculation for CONF1505.
Running xtb_gsolv calculation for CONF1534.
Running xtb_gsolv calculation for CONF1506.
Running xtb_gsolv calculation for CONF1508.
Running xtb_gsolv calculation for CONF1509.
Running xtb_gsolv calculation for CONF1507.
Running xtb_gsolv calculation for CONF1511.
Running xtb_gsolv calculation for CONF1515.
Running xtb_gsolv calculation for CONF1513.
Running xtb_gsolv calculation for CONF1510.
Running xtb_gsolv calculation for CONF1512.
Running xtb_gsolv calculation for CONF1516.
Running xtb_gsolv calculation for CONF1518.
Running xtb_gsolv calculation for CONF1514.
Running xtb_gsolv calculation for CONF1519.
Running xtb_gsolv calculation for CONF1520.
Running xtb_gsolv calculation for CONF1521.
Running xtb_gsolv calculation for CONF1523.
Running xtb_gsolv calculation for CONF1522.
Running xtb_gsolv calculation for CONF1528.
Running xtb_gsolv calculation for CONF1524.
Running xtb_gsolv calculation for CONF1527.
Running xtb_gsolv calculation for CONF1526.
Running xtb_gsolv calculation for CONF1525.
Running xtb_gsolv calculation for CONF1540.
Running xtb_gsolv calculation for CONF1530.
Running xtb_gsolv calculation for CONF1533.
Running xtb_gsolv calculation for CONF1531.
Running xtb_gsolv calculation for CONF1529.
Running xtb_gsolv calculation for CONF1532.
Running xtb_gsolv calculation for CONF1536.
Running xtb_gsolv calculation for CONF1537.
Running xtb_gsolv calculation for CONF1538.
Running xtb_gsolv calculation for CONF1535.
Running xtb_gsolv calculation for CONF1539.
Running xtb_gsolv calculation for CONF1541.
Running xtb_gsolv calculation for CONF1542.
Running xtb_gsolv calculation for CONF1546.
Running xtb_gsolv calculation for CONF1543.
Running xtb_gsolv calculation for CONF1545.
Running xtb_gsolv calculation for CONF1547.
Running xtb_gsolv calculation for CONF1549.
Running xtb_gsolv calculation for CONF1548.
Running xtb_gsolv calculation for CONF1544.
Running xtb_gsolv calculation for CONF1550.
Running xtb_gsolv calculation for CONF1551.
Running xtb_gsolv calculation for CONF1552.
Running xtb_gsolv calculation for CONF1553.
Running xtb_gsolv calculation for CONF1554.
Running xtb_gsolv calculation for CONF1555.
Running xtb_gsolv calculation for CONF1556.
Running xtb_gsolv calculation for CONF1557.
Running xtb_gsolv calculation for CONF1558.
Running xtb_gsolv calculation for CONF1559.
Running xtb_gsolv calculation for CONF1567.
Running xtb_gsolv calculation for CONF1561.
Running xtb_gsolv calculation for CONF1562.
Running xtb_gsolv calculation for CONF1560.
Running xtb_gsolv calculation for CONF1563.
Running xtb_gsolv calculation for CONF1568.
Running xtb_gsolv calculation for CONF1565.
Running xtb_gsolv calculation for CONF1564.
Running xtb_gsolv calculation for CONF1566.
Running xtb_gsolv calculation for CONF1579.
Running xtb_gsolv calculation for CONF1569.
Running xtb_gsolv calculation for CONF1572.
Running xtb_gsolv calculation for CONF1571.
Running xtb_gsolv calculation for CONF1577.
Running xtb_gsolv calculation for CONF1585.
Running xtb_gsolv calculation for CONF1576.
Running xtb_gsolv calculation for CONF1570.
Running xtb_gsolv calculation for CONF1575.
Running xtb_gsolv calculation for CONF1574.
Running xtb_gsolv calculation for CONF1573.
Running xtb_gsolv calculation for CONF1588.
Running xtb_gsolv calculation for CONF1584.
Running xtb_gsolv calculation for CONF1617.
Running xtb_gsolv calculation for CONF1582.
Running xtb_gsolv calculation for CONF1587.
Running xtb_gsolv calculation for CONF1586.
Running xtb_gsolv calculation for CONF1583.
Running xtb_gsolv calculation for CONF1581.
Running xtb_gsolv calculation for CONF1580.
Running xtb_gsolv calculation for CONF1589.
Running xtb_gsolv calculation for CONF1578.
Running xtb_gsolv calculation for CONF1594.
Running xtb_gsolv calculation for CONF1590.
Running xtb_gsolv calculation for CONF1608.
Running xtb_gsolv calculation for CONF1602.
Running xtb_gsolv calculation for CONF1591.
Running xtb_gsolv calculation for CONF1599.
Running xtb_gsolv calculation for CONF1600.
Running xtb_gsolv calculation for CONF1638.
Running xtb_gsolv calculation for CONF1605.
Running xtb_gsolv calculation for CONF1592.
Running xtb_gsolv calculation for CONF1606.
Running xtb_gsolv calculation for CONF1596.
Running xtb_gsolv calculation for CONF1604.
Running xtb_gsolv calculation for CONF1597.
Running xtb_gsolv calculation for CONF1593.
Running xtb_gsolv calculation for CONF1603.
Running xtb_gsolv calculation for CONF1601.
Running xtb_gsolv calculation for CONF1598.
Running xtb_gsolv calculation for CONF1595.
Running xtb_gsolv calculation for CONF1619.
Running xtb_gsolv calculation for CONF1610.
Running xtb_gsolv calculation for CONF1615.
Running xtb_gsolv calculation for CONF1611.
Running xtb_gsolv calculation for CONF1616.
Running xtb_gsolv calculation for CONF1622.
Running xtb_gsolv calculation for CONF1620.
Running xtb_gsolv calculation for CONF1614.
Running xtb_gsolv calculation for CONF1607.
Running xtb_gsolv calculation for CONF1613.
Running xtb_gsolv calculation for CONF1621.
Running xtb_gsolv calculation for CONF1623.
Running xtb_gsolv calculation for CONF1618.
Running xtb_gsolv calculation for CONF1609.
Running xtb_gsolv calculation for CONF1612.
Running xtb_gsolv calculation for CONF1630.
Running xtb_gsolv calculation for CONF1636.
Running xtb_gsolv calculation for CONF1625.
Running xtb_gsolv calculation for CONF1628.
Running xtb_gsolv calculation for CONF1640.
Running xtb_gsolv calculation for CONF1627.
Running xtb_gsolv calculation for CONF1634.
Running xtb_gsolv calculation for CONF1629.
Running xtb_gsolv calculation for CONF1626.
Running xtb_gsolv calculation for CONF1632.
Running xtb_gsolv calculation for CONF1635.
Running xtb_gsolv calculation for CONF1631.
Running xtb_gsolv calculation for CONF1624.
Running xtb_gsolv calculation for CONF1637.
Running xtb_gsolv calculation for CONF1633.
Running xtb_gsolv calculation for CONF1639.
Running xtb_gsolv calculation for CONF1643.
Running xtb_gsolv calculation for CONF1644.
Running xtb_gsolv calculation for CONF1641.
Running xtb_gsolv calculation for CONF1651.
Running xtb_gsolv calculation for CONF1642.
Running xtb_gsolv calculation for CONF1645.
Running xtb_gsolv calculation for CONF1648.
Running xtb_gsolv calculation for CONF1649.
Running xtb_gsolv calculation for CONF1650.
Running xtb_gsolv calculation for CONF1669.
Running xtb_gsolv calculation for CONF1653.
Running xtb_gsolv calculation for CONF1646.
Running xtb_gsolv calculation for CONF1655.
Running xtb_gsolv calculation for CONF1654.
Running xtb_gsolv calculation for CONF1652.
Running xtb_gsolv calculation for CONF1647.
Running xtb_gsolv calculation for CONF1656.
Running xtb_gsolv calculation for CONF1664.
Running xtb_gsolv calculation for CONF1657.
Running xtb_gsolv calculation for CONF1671.
Running xtb_gsolv calculation for CONF1682.
Running xtb_gsolv calculation for CONF1668.
Running xtb_gsolv calculation for CONF1663.
Running xtb_gsolv calculation for CONF1665.
Running xtb_gsolv calculation for CONF1662.
Running xtb_gsolv calculation for CONF1660.
Running xtb_gsolv calculation for CONF1661.
Running xtb_gsolv calculation for CONF1667.
Running xtb_gsolv calculation for CONF1658.
Running xtb_gsolv calculation for CONF1670.
Running xtb_gsolv calculation for CONF1672.
Running xtb_gsolv calculation for CONF1673.
Running xtb_gsolv calculation for CONF1675.
Running xtb_gsolv calculation for CONF1676.
Running xtb_gsolv calculation for CONF1677.
Running xtb_gsolv calculation for CONF1678.
Running xtb_gsolv calculation for CONF1679.
Running xtb_gsolv calculation for CONF1674.
Running xtb_gsolv calculation for CONF1680.
Running xtb_gsolv calculation for CONF1681.
Running xtb_gsolv calculation for CONF1683.
Running xtb_gsolv calculation for CONF1684.
Running xtb_gsolv calculation for CONF1686.
Running xtb_gsolv calculation for CONF1687.
Running xtb_gsolv calculation for CONF1666.
Running xtb_gsolv calculation for CONF1690.
Running xtb_gsolv calculation for CONF1685.
Running xtb_gsolv calculation for CONF1688.
Running xtb_gsolv calculation for CONF1718.
Running xtb_gsolv calculation for CONF1689.
Running xtb_gsolv calculation for CONF1693.
Running xtb_gsolv calculation for CONF1692.
Running xtb_gsolv calculation for CONF1691.
Running xtb_gsolv calculation for CONF1695.
Running xtb_gsolv calculation for CONF1697.
Running xtb_gsolv calculation for CONF1696.
Running xtb_gsolv calculation for CONF1659.
Running xtb_gsolv calculation for CONF1699.
Running xtb_gsolv calculation for CONF1714.
Running xtb_gsolv calculation for CONF1700.
Running xtb_gsolv calculation for CONF1701.
Running xtb_gsolv calculation for CONF1702.
Running xtb_gsolv calculation for CONF1694.
Running xtb_gsolv calculation for CONF1703.
Running xtb_gsolv calculation for CONF1704.
Running xtb_gsolv calculation for CONF1705.
Running xtb_gsolv calculation for CONF1698.
Running xtb_gsolv calculation for CONF1706.
Running xtb_gsolv calculation for CONF1707.
Running xtb_gsolv calculation for CONF1708.
Running xtb_gsolv calculation for CONF1709.
Running xtb_gsolv calculation for CONF1710.
Running xtb_gsolv calculation for CONF1713.
Running xtb_gsolv calculation for CONF1715.
Running xtb_gsolv calculation for CONF1717.
Running xtb_gsolv calculation for CONF1719.
Running xtb_gsolv calculation for CONF1716.
Running xtb_gsolv calculation for CONF1723.
Running xtb_gsolv calculation for CONF1720.
Running xtb_gsolv calculation for CONF1712.
Running xtb_gsolv calculation for CONF1711.
Running xtb_gsolv calculation for CONF1721.
Running xtb_gsolv calculation for CONF1722.
Running xtb_gsolv calculation for CONF1724.
Running xtb_gsolv calculation for CONF1726.
Running xtb_gsolv calculation for CONF1725.
Running xtb_gsolv calculation for CONF1727.
Running xtb_gsolv calculation for CONF1728.
Running xtb_gsolv calculation for CONF1729.
Running xtb_gsolv calculation for CONF1744.
Running xtb_gsolv calculation for CONF1730.
Running xtb_gsolv calculation for CONF1731.
Running xtb_gsolv calculation for CONF1732.
Running xtb_gsolv calculation for CONF1734.
Running xtb_gsolv calculation for CONF1735.
Running xtb_gsolv calculation for CONF1733.
Running xtb_gsolv calculation for CONF1737.
Running xtb_gsolv calculation for CONF1738.
Running xtb_gsolv calculation for CONF1736.
Running xtb_gsolv calculation for CONF1740.
Running xtb_gsolv calculation for CONF1739.
Running xtb_gsolv calculation for CONF1742.
Running xtb_gsolv calculation for CONF1746.
Running xtb_gsolv calculation for CONF1748.
Running xtb_gsolv calculation for CONF1745.
Running xtb_gsolv calculation for CONF1741.
Running xtb_gsolv calculation for CONF1747.
Running xtb_gsolv calculation for CONF1743.
Running xtb_gsolv calculation for CONF1749.
Running xtb_gsolv calculation for CONF1752.
Running xtb_gsolv calculation for CONF1751.
Running xtb_gsolv calculation for CONF1750.
Running xtb_gsolv calculation for CONF1754.
Running xtb_gsolv calculation for CONF1753.
Running xtb_gsolv calculation for CONF1755.
Running xtb_gsolv calculation for CONF1757.
Running xtb_gsolv calculation for CONF1756.
Running xtb_gsolv calculation for CONF1759.
Running xtb_gsolv calculation for CONF1758.
Running xtb_gsolv calculation for CONF1760.
Running xtb_gsolv calculation for CONF1761.
Running xtb_gsolv calculation for CONF1762.
Running xtb_gsolv calculation for CONF1765.
Running xtb_gsolv calculation for CONF1763.
Running xtb_gsolv calculation for CONF1804.
Running xtb_gsolv calculation for CONF1764.
Running xtb_gsolv calculation for CONF1766.
Running xtb_gsolv calculation for CONF1767.
Running xtb_gsolv calculation for CONF1768.
Running xtb_gsolv calculation for CONF1789.
Running xtb_gsolv calculation for CONF1772.
Running xtb_gsolv calculation for CONF1771.
Running xtb_gsolv calculation for CONF1774.
Running xtb_gsolv calculation for CONF1777.
Running xtb_gsolv calculation for CONF1769.
Running xtb_gsolv calculation for CONF1782.
Running xtb_gsolv calculation for CONF1775.
Running xtb_gsolv calculation for CONF1785.
Running xtb_gsolv calculation for CONF1781.
Running xtb_gsolv calculation for CONF1779.
Running xtb_gsolv calculation for CONF1773.
Running xtb_gsolv calculation for CONF1784.
Running xtb_gsolv calculation for CONF1770.
Running xtb_gsolv calculation for CONF1778.
Running xtb_gsolv calculation for CONF1780.
Running xtb_gsolv calculation for CONF1776.
Running xtb_gsolv calculation for CONF1783.
Running xtb_gsolv calculation for CONF1788.
Running xtb_gsolv calculation for CONF1797.
Running xtb_gsolv calculation for CONF1822.
Running xtb_gsolv calculation for CONF1793.
Running xtb_gsolv calculation for CONF1794.
Running xtb_gsolv calculation for CONF1795.
Running xtb_gsolv calculation for CONF1787.
Running xtb_gsolv calculation for CONF1791.
Running xtb_gsolv calculation for CONF1790.
Running xtb_gsolv calculation for CONF1792.
Running xtb_gsolv calculation for CONF1796.
Running xtb_gsolv calculation for CONF1786.
Running xtb_gsolv calculation for CONF1799.
Running xtb_gsolv calculation for CONF1800.
Running xtb_gsolv calculation for CONF1801.
Running xtb_gsolv calculation for CONF1798.
Running xtb_gsolv calculation for CONF1802.
Running xtb_gsolv calculation for CONF1807.
Running xtb_gsolv calculation for CONF1808.
Running xtb_gsolv calculation for CONF1805.
Running xtb_gsolv calculation for CONF1809.
Running xtb_gsolv calculation for CONF1803.
Running xtb_gsolv calculation for CONF1810.
Running xtb_gsolv calculation for CONF1806.
Running xtb_gsolv calculation for CONF1813.
Running xtb_gsolv calculation for CONF1811.
Running xtb_gsolv calculation for CONF1824.
Running xtb_gsolv calculation for CONF1827.
Running xtb_gsolv calculation for CONF1817.
Running xtb_gsolv calculation for CONF1821.
Running xtb_gsolv calculation for CONF1815.
Running xtb_gsolv calculation for CONF1816.
Running xtb_gsolv calculation for CONF1814.
Running xtb_gsolv calculation for CONF1823.
Running xtb_gsolv calculation for CONF1812.
Running xtb_gsolv calculation for CONF1819.
Running xtb_gsolv calculation for CONF1818.
Running xtb_gsolv calculation for CONF1820.
Running xtb_gsolv calculation for CONF1825.
Running xtb_gsolv calculation for CONF1828.
Running xtb_gsolv calculation for CONF1826.
Running xtb_gsolv calculation for CONF1829.
Running xtb_gsolv calculation for CONF1830.
Running xtb_gsolv calculation for CONF1832.
Running xtb_gsolv calculation for CONF1831.
Running xtb_gsolv calculation for CONF1838.
Running xtb_gsolv calculation for CONF1835.
Running xtb_gsolv calculation for CONF1839.
Running xtb_gsolv calculation for CONF1836.
Running xtb_gsolv calculation for CONF1840.
Running xtb_gsolv calculation for CONF1837.
Running xtb_gsolv calculation for CONF1833.
Running xtb_gsolv calculation for CONF1834.
Running xtb_gsolv calculation for CONF1849.
Running xtb_gsolv calculation for CONF1850.
Running xtb_gsolv calculation for CONF1842.
Running xtb_gsolv calculation for CONF1844.
Running xtb_gsolv calculation for CONF1843.
Running xtb_gsolv calculation for CONF1853.
Running xtb_gsolv calculation for CONF1846.
Running xtb_gsolv calculation for CONF1845.
Running xtb_gsolv calculation for CONF1851.
Running xtb_gsolv calculation for CONF1848.
Running xtb_gsolv calculation for CONF1841.
Running xtb_gsolv calculation for CONF1852.
Running xtb_gsolv calculation for CONF1847.
Running xtb_gsolv calculation for CONF1854.
Running xtb_gsolv calculation for CONF1858.
Running xtb_gsolv calculation for CONF1855.
Running xtb_gsolv calculation for CONF1856.
Running xtb_gsolv calculation for CONF1860.
Running xtb_gsolv calculation for CONF1861.
Running xtb_gsolv calculation for CONF1865.
Running xtb_gsolv calculation for CONF1862.
Running xtb_gsolv calculation for CONF1864.
Running xtb_gsolv calculation for CONF1863.
Running xtb_gsolv calculation for CONF1866.
Running xtb_gsolv calculation for CONF1875.
Running xtb_gsolv calculation for CONF1857.
Running xtb_gsolv calculation for CONF1859.
Running xtb_gsolv calculation for CONF1868.
Running xtb_gsolv calculation for CONF1867.
Running xtb_gsolv calculation for CONF1870.
Running xtb_gsolv calculation for CONF1869.
Running xtb_gsolv calculation for CONF1901.
Running xtb_gsolv calculation for CONF1871.
Running xtb_gsolv calculation for CONF1872.
Running xtb_gsolv calculation for CONF1873.
Running xtb_gsolv calculation for CONF1874.
Running xtb_gsolv calculation for CONF1876.
Running xtb_gsolv calculation for CONF1889.
Running xtb_gsolv calculation for CONF1878.
Running xtb_gsolv calculation for CONF1879.
Running xtb_gsolv calculation for CONF1880.
Running xtb_gsolv calculation for CONF1881.
Running xtb_gsolv calculation for CONF1886.
Running xtb_gsolv calculation for CONF1877.
Running xtb_gsolv calculation for CONF1882.
Running xtb_gsolv calculation for CONF1883.
Running xtb_gsolv calculation for CONF1884.
Running xtb_gsolv calculation for CONF1885.
Running xtb_gsolv calculation for CONF1888.
Running xtb_gsolv calculation for CONF1887.
Running xtb_gsolv calculation for CONF1890.
Running xtb_gsolv calculation for CONF1891.
Running xtb_gsolv calculation for CONF1892.
Running xtb_gsolv calculation for CONF1895.
Running xtb_gsolv calculation for CONF1894.
Running xtb_gsolv calculation for CONF1893.
Running xtb_gsolv calculation for CONF1899.
Running xtb_gsolv calculation for CONF1897.
Running xtb_gsolv calculation for CONF1900.
Running xtb_gsolv calculation for CONF1898.
Running xtb_gsolv calculation for CONF1903.
Running xtb_gsolv calculation for CONF1896.
Running xtb_gsolv calculation for CONF1906.
Running xtb_gsolv calculation for CONF1905.
Running xtb_gsolv calculation for CONF1904.
Running xtb_gsolv calculation for CONF1902.
Running xtb_gsolv calculation for CONF1908.
Running xtb_gsolv calculation for CONF1913.
Running xtb_gsolv calculation for CONF1909.
Running xtb_gsolv calculation for CONF1911.
Running xtb_gsolv calculation for CONF1910.
Running xtb_gsolv calculation for CONF1914.
Running xtb_gsolv calculation for CONF1907.
Running xtb_gsolv calculation for CONF1912.
Running xtb_gsolv calculation for CONF1915.
Running xtb_gsolv calculation for CONF1916.
Running xtb_gsolv calculation for CONF1917.
Running xtb_gsolv calculation for CONF1918.
Running xtb_gsolv calculation for CONF1919.
Running xtb_gsolv calculation for CONF1921.
Running xtb_gsolv calculation for CONF1920.
Running xtb_gsolv calculation for CONF1931.
Running xtb_gsolv calculation for CONF1923.
Running xtb_gsolv calculation for CONF1928.
Running xtb_gsolv calculation for CONF1929.
Running xtb_gsolv calculation for CONF1924.
Running xtb_gsolv calculation for CONF1935.
Running xtb_gsolv calculation for CONF1927.
Running xtb_gsolv calculation for CONF1934.
Running xtb_gsolv calculation for CONF1926.
Running xtb_gsolv calculation for CONF1933.
Running xtb_gsolv calculation for CONF1932.
Running xtb_gsolv calculation for CONF1930.
Running xtb_gsolv calculation for CONF1925.
Running xtb_gsolv calculation for CONF1922.
Running xtb_gsolv calculation for CONF1936.
Running xtb_gsolv calculation for CONF1941.
Running xtb_gsolv calculation for CONF1937.
Running xtb_gsolv calculation for CONF1944.
Running xtb_gsolv calculation for CONF1938.
Running xtb_gsolv calculation for CONF1940.
Running xtb_gsolv calculation for CONF1939.
Running xtb_gsolv calculation for CONF1943.
Running xtb_gsolv calculation for CONF1945.
Running xtb_gsolv calculation for CONF1946.
Running xtb_gsolv calculation for CONF1947.
Running xtb_gsolv calculation for CONF1949.
Running xtb_gsolv calculation for CONF1948.
Running xtb_gsolv calculation for CONF1950.
Running xtb_gsolv calculation for CONF1952.
Running xtb_gsolv calculation for CONF1951.
Running xtb_gsolv calculation for CONF1954.
Running xtb_gsolv calculation for CONF1953.
Running xtb_gsolv calculation for CONF1976.
Running xtb_gsolv calculation for CONF1956.
Running xtb_gsolv calculation for CONF1958.
Running xtb_gsolv calculation for CONF1957.
Running xtb_gsolv calculation for CONF1959.
Running xtb_gsolv calculation for CONF1960.
Running xtb_gsolv calculation for CONF1961.
Running xtb_gsolv calculation for CONF1942.
Running xtb_gsolv calculation for CONF1962.
Running xtb_gsolv calculation for CONF1963.
Running xtb_gsolv calculation for CONF1964.
Running xtb_gsolv calculation for CONF1965.
Running xtb_gsolv calculation for CONF1966.
Running xtb_gsolv calculation for CONF1968.
Running xtb_gsolv calculation for CONF1967.
Running xtb_gsolv calculation for CONF1969.
Running xtb_gsolv calculation for CONF1970.
Running xtb_gsolv calculation for CONF1971.
Running xtb_gsolv calculation for CONF1973.
Running xtb_gsolv calculation for CONF1975.
Running xtb_gsolv calculation for CONF1955.
Running xtb_gsolv calculation for CONF1974.
Running xtb_gsolv calculation for CONF1977.
Running xtb_gsolv calculation for CONF1972.
Running xtb_gsolv calculation for CONF1980.
Running xtb_gsolv calculation for CONF1978.
Running xtb_gsolv calculation for CONF1981.
Running xtb_gsolv calculation for CONF1982.
Running xtb_gsolv calculation for CONF1979.
Running xtb_gsolv calculation for CONF1983.
Running xtb_gsolv calculation for CONF1985.
Running xtb_gsolv calculation for CONF1986.
Running xtb_gsolv calculation for CONF1987.
Running xtb_gsolv calculation for CONF1988.
Running xtb_gsolv calculation for CONF1990.
Running xtb_gsolv calculation for CONF1992.
Running xtb_gsolv calculation for CONF1993.
Running xtb_gsolv calculation for CONF1991.
Running xtb_gsolv calculation for CONF2022.
Running xtb_gsolv calculation for CONF1994.
Running xtb_gsolv calculation for CONF1996.
Running xtb_gsolv calculation for CONF1998.
Running xtb_gsolv calculation for CONF1997.
Running xtb_gsolv calculation for CONF2000.
Running xtb_gsolv calculation for CONF2001.
Running xtb_gsolv calculation for CONF1999.
Running xtb_gsolv calculation for CONF2002.
Running xtb_gsolv calculation for CONF2004.
Running xtb_gsolv calculation for CONF2003.
Running xtb_gsolv calculation for CONF2005.
Running xtb_gsolv calculation for CONF2006.
Running xtb_gsolv calculation for CONF1995.
Running xtb_gsolv calculation for CONF1989.
Running xtb_gsolv calculation for CONF1984.
Running xtb_gsolv calculation for CONF2007.
Running xtb_gsolv calculation for CONF2008.
Running xtb_gsolv calculation for CONF2009.
Running xtb_gsolv calculation for CONF2011.
Running xtb_gsolv calculation for CONF2010.
Running xtb_gsolv calculation for CONF2012.
Running xtb_gsolv calculation for CONF2013.
Running xtb_gsolv calculation for CONF2016.
Running xtb_gsolv calculation for CONF2018.
Running xtb_gsolv calculation for CONF2017.
Running xtb_gsolv calculation for CONF2020.
Running xtb_gsolv calculation for CONF2015.
Running xtb_gsolv calculation for CONF2014.
Running xtb_gsolv calculation for CONF2019.
Running xtb_gsolv calculation for CONF2023.
Running xtb_gsolv calculation for CONF2021.
Running xtb_gsolv calculation for CONF2024.
Running xtb_gsolv calculation for CONF2025.
Running xtb_gsolv calculation for CONF2027.
Running xtb_gsolv calculation for CONF2026.
Running xtb_gsolv calculation for CONF2028.
Running xtb_gsolv calculation for CONF2030.
Running xtb_gsolv calculation for CONF2031.
Running xtb_gsolv calculation for CONF2032.
Running xtb_gsolv calculation for CONF2057.
Running xtb_gsolv calculation for CONF2036.
Running xtb_gsolv calculation for CONF2037.
Running xtb_gsolv calculation for CONF2035.
Running xtb_gsolv calculation for CONF2034.
Running xtb_gsolv calculation for CONF2039.
Running xtb_gsolv calculation for CONF2038.
Running xtb_gsolv calculation for CONF2040.
Running xtb_gsolv calculation for CONF2042.
Running xtb_gsolv calculation for CONF2041.
Running xtb_gsolv calculation for CONF2043.
Running xtb_gsolv calculation for CONF2045.
Running xtb_gsolv calculation for CONF2046.
Running xtb_gsolv calculation for CONF2047.
Running xtb_gsolv calculation for CONF2048.
Running xtb_gsolv calculation for CONF2044.
Running xtb_gsolv calculation for CONF2049.
Running xtb_gsolv calculation for CONF2050.
Running xtb_gsolv calculation for CONF2029.
Running xtb_gsolv calculation for CONF2051.
Running xtb_gsolv calculation for CONF2053.
Running xtb_gsolv calculation for CONF2052.
Running xtb_gsolv calculation for CONF2055.
Running xtb_gsolv calculation for CONF2054.
Running xtb_gsolv calculation for CONF2071.
Running xtb_gsolv calculation for CONF2056.
Running xtb_gsolv calculation for CONF2068.
Running xtb_gsolv calculation for CONF2059.
Running xtb_gsolv calculation for CONF2060.
Running xtb_gsolv calculation for CONF2033.
Running xtb_gsolv calculation for CONF2062.
Running xtb_gsolv calculation for CONF2061.
Running xtb_gsolv calculation for CONF2063.
Running xtb_gsolv calculation for CONF2066.
Running xtb_gsolv calculation for CONF2058.
Running xtb_gsolv calculation for CONF2065.
Running xtb_gsolv calculation for CONF2064.
Running xtb_gsolv calculation for CONF2067.
Running xtb_gsolv calculation for CONF2069.
Running xtb_gsolv calculation for CONF2070.
Running xtb_gsolv calculation for CONF2072.
Running xtb_gsolv calculation for CONF2079.
Running xtb_gsolv calculation for CONF2074.
Running xtb_gsolv calculation for CONF2075.
Running xtb_gsolv calculation for CONF2076.
Running xtb_gsolv calculation for CONF2073.
Running xtb_gsolv calculation for CONF2078.
Running xtb_gsolv calculation for CONF2077.
Running xtb_gsolv calculation for CONF2080.
Running xtb_gsolv calculation for CONF2082.
Running xtb_gsolv calculation for CONF2083.
Running xtb_gsolv calculation for CONF2085.
Running xtb_gsolv calculation for CONF2081.
Running xtb_gsolv calculation for CONF2086.
Running xtb_gsolv calculation for CONF2087.
Running xtb_gsolv calculation for CONF2084.
Running xtb_gsolv calculation for CONF2096.
Running xtb_gsolv calculation for CONF2092.
Running xtb_gsolv calculation for CONF2097.
Running xtb_gsolv calculation for CONF2091.
Running xtb_gsolv calculation for CONF2095.
Running xtb_gsolv calculation for CONF2098.
Running xtb_gsolv calculation for CONF2094.
Running xtb_gsolv calculation for CONF2089.
Running xtb_gsolv calculation for CONF2093.
Running xtb_gsolv calculation for CONF2090.
Running xtb_gsolv calculation for CONF2088.
Running xtb_gsolv calculation for CONF2113.
Running xtb_gsolv calculation for CONF2099.
Running xtb_gsolv calculation for CONF2105.
Running xtb_gsolv calculation for CONF2101.
Running xtb_gsolv calculation for CONF2103.
Running xtb_gsolv calculation for CONF2106.
Running xtb_gsolv calculation for CONF2111.
Running xtb_gsolv calculation for CONF2110.
Running xtb_gsolv calculation for CONF2104.
Running xtb_gsolv calculation for CONF2102.
Running xtb_gsolv calculation for CONF2109.
Running xtb_gsolv calculation for CONF2107.
Running xtb_gsolv calculation for CONF2119.
Running xtb_gsolv calculation for CONF2112.
Running xtb_gsolv calculation for CONF2108.
Running xtb_gsolv calculation for CONF2121.
Running xtb_gsolv calculation for CONF2122.
Running xtb_gsolv calculation for CONF2118.
Running xtb_gsolv calculation for CONF2115.
Running xtb_gsolv calculation for CONF2114.
Running xtb_gsolv calculation for CONF2116.
Running xtb_gsolv calculation for CONF2117.
Running xtb_gsolv calculation for CONF2120.
Running xtb_gsolv calculation for CONF2123.
Running xtb_gsolv calculation for CONF2100.
Running xtb_gsolv calculation for CONF2124.
Running xtb_gsolv calculation for CONF2125.
Running xtb_gsolv calculation for CONF2126.
Running xtb_gsolv calculation for CONF2127.
Running xtb_gsolv calculation for CONF2130.
Running xtb_gsolv calculation for CONF2133.
Running xtb_gsolv calculation for CONF2137.
Running xtb_gsolv calculation for CONF2135.
Running xtb_gsolv calculation for CONF2128.
Running xtb_gsolv calculation for CONF2136.
Running xtb_gsolv calculation for CONF2138.
Running xtb_gsolv calculation for CONF2139.
Running xtb_gsolv calculation for CONF2131.
Running xtb_gsolv calculation for CONF2141.
Running xtb_gsolv calculation for CONF2142.
Running xtb_gsolv calculation for CONF2129.
Running xtb_gsolv calculation for CONF2132.
Running xtb_gsolv calculation for CONF2146.
Running xtb_gsolv calculation for CONF2143.
Running xtb_gsolv calculation for CONF2140.
Running xtb_gsolv calculation for CONF2148.
Running xtb_gsolv calculation for CONF2147.
Running xtb_gsolv calculation for CONF2144.
Running xtb_gsolv calculation for CONF2134.
Running xtb_gsolv calculation for CONF2145.
Running xtb_gsolv calculation for CONF2153.
Running xtb_gsolv calculation for CONF2158.
Running xtb_gsolv calculation for CONF2155.
Running xtb_gsolv calculation for CONF2161.
Running xtb_gsolv calculation for CONF2187.
Running xtb_gsolv calculation for CONF2149.
Running xtb_gsolv calculation for CONF2157.
Running xtb_gsolv calculation for CONF2154.
Running xtb_gsolv calculation for CONF2150.
Running xtb_gsolv calculation for CONF2152.
Running xtb_gsolv calculation for CONF2151.
Running xtb_gsolv calculation for CONF2194.
Running xtb_gsolv calculation for CONF2156.
Running xtb_gsolv calculation for CONF2165.
Running xtb_gsolv calculation for CONF2170.
Running xtb_gsolv calculation for CONF2159.
Running xtb_gsolv calculation for CONF2163.
Running xtb_gsolv calculation for CONF2162.
Running xtb_gsolv calculation for CONF2166.
Running xtb_gsolv calculation for CONF2168.
Running xtb_gsolv calculation for CONF2160.
Running xtb_gsolv calculation for CONF2169.
Running xtb_gsolv calculation for CONF2167.
Running xtb_gsolv calculation for CONF2164.
Running xtb_gsolv calculation for CONF2171.
Running xtb_gsolv calculation for CONF2172.
Running xtb_gsolv calculation for CONF2174.
Running xtb_gsolv calculation for CONF2173.
Running xtb_gsolv calculation for CONF2176.
Running xtb_gsolv calculation for CONF2175.
Running xtb_gsolv calculation for CONF2177.
Running xtb_gsolv calculation for CONF2193.
Running xtb_gsolv calculation for CONF2178.
Running xtb_gsolv calculation for CONF2179.
Running xtb_gsolv calculation for CONF2180.
Running xtb_gsolv calculation for CONF2181.
Running xtb_gsolv calculation for CONF2182.
Running xtb_gsolv calculation for CONF2183.
Running xtb_gsolv calculation for CONF2184.
Running xtb_gsolv calculation for CONF2185.
Running xtb_gsolv calculation for CONF2210.
Running xtb_gsolv calculation for CONF2188.
Running xtb_gsolv calculation for CONF2186.
Running xtb_gsolv calculation for CONF2190.
Running xtb_gsolv calculation for CONF2192.
Running xtb_gsolv calculation for CONF2191.
Running xtb_gsolv calculation for CONF2195.
Running xtb_gsolv calculation for CONF2196.
Running xtb_gsolv calculation for CONF2197.
Running xtb_gsolv calculation for CONF2198.
Running xtb_gsolv calculation for CONF2199.
Running xtb_gsolv calculation for CONF2189.
Running xtb_gsolv calculation for CONF2200.
Running xtb_gsolv calculation for CONF2202.
Running xtb_gsolv calculation for CONF2201.
Running xtb_gsolv calculation for CONF2203.
Running xtb_gsolv calculation for CONF2205.
Running xtb_gsolv calculation for CONF2206.
Running xtb_gsolv calculation for CONF2208.
Running xtb_gsolv calculation for CONF2209.
Running xtb_gsolv calculation for CONF2212.
Running xtb_gsolv calculation for CONF2211.
Running xtb_gsolv calculation for CONF2213.
Running xtb_gsolv calculation for CONF2218.
Running xtb_gsolv calculation for CONF2214.
Running xtb_gsolv calculation for CONF2215.
Running xtb_gsolv calculation for CONF2217.
Running xtb_gsolv calculation for CONF2216.
Running xtb_gsolv calculation for CONF2219.
Running xtb_gsolv calculation for CONF2220.
Running xtb_gsolv calculation for CONF2221.
Running xtb_gsolv calculation for CONF2222.
Running xtb_gsolv calculation for CONF2244.
Running xtb_gsolv calculation for CONF2204.
Running xtb_gsolv calculation for CONF2243.
Running xtb_gsolv calculation for CONF2207.
Running xtb_gsolv calculation for CONF2223.
Running xtb_gsolv calculation for CONF2232.
Running xtb_gsolv calculation for CONF2225.
Running xtb_gsolv calculation for CONF2226.
Running xtb_gsolv calculation for CONF2227.
Running xtb_gsolv calculation for CONF2230.
Running xtb_gsolv calculation for CONF2228.
Running xtb_gsolv calculation for CONF2229.
Running xtb_gsolv calculation for CONF2231.
Running xtb_gsolv calculation for CONF2233.
Running xtb_gsolv calculation for CONF2234.
Running xtb_gsolv calculation for CONF2236.
Running xtb_gsolv calculation for CONF2235.
Running xtb_gsolv calculation for CONF2237.
Running xtb_gsolv calculation for CONF2239.
Running xtb_gsolv calculation for CONF2224.
Running xtb_gsolv calculation for CONF2238.
Running xtb_gsolv calculation for CONF2252.
Running xtb_gsolv calculation for CONF2240.
Running xtb_gsolv calculation for CONF2250.
Running xtb_gsolv calculation for CONF2245.
Running xtb_gsolv calculation for CONF2242.
Running xtb_gsolv calculation for CONF2251.
Running xtb_gsolv calculation for CONF2266.
Running xtb_gsolv calculation for CONF2248.
Running xtb_gsolv calculation for CONF2246.
Running xtb_gsolv calculation for CONF2249.
Running xtb_gsolv calculation for CONF2256.
Running xtb_gsolv calculation for CONF2247.
Running xtb_gsolv calculation for CONF2253.
Running xtb_gsolv calculation for CONF2254.
Running xtb_gsolv calculation for CONF2241.
Running xtb_gsolv calculation for CONF2257.
Running xtb_gsolv calculation for CONF2255.
Running xtb_gsolv calculation for CONF2259.
Running xtb_gsolv calculation for CONF2262.
Running xtb_gsolv calculation for CONF2258.
Running xtb_gsolv calculation for CONF2260.
Running xtb_gsolv calculation for CONF2261.
Running xtb_gsolv calculation for CONF2263.
Running xtb_gsolv calculation for CONF2265.
Running xtb_gsolv calculation for CONF2264.
Running xtb_gsolv calculation for CONF2267.
Running xtb_gsolv calculation for CONF2274.
Running xtb_gsolv calculation for CONF2269.
Running xtb_gsolv calculation for CONF2268.
Running xtb_gsolv calculation for CONF2270.
Running xtb_gsolv calculation for CONF2273.
Running xtb_gsolv calculation for CONF2271.
Running xtb_gsolv calculation for CONF2272.
Running xtb_gsolv calculation for CONF2276.
Running xtb_gsolv calculation for CONF2277.
Running xtb_gsolv calculation for CONF2278.
Running xtb_gsolv calculation for CONF2280.
Running xtb_gsolv calculation for CONF2279.
Running xtb_gsolv calculation for CONF2283.
Running xtb_gsolv calculation for CONF2282.
Running xtb_gsolv calculation for CONF2284.
Running xtb_gsolv calculation for CONF2281.
Running xtb_gsolv calculation for CONF2285.
Running xtb_gsolv calculation for CONF2287.
Running xtb_gsolv calculation for CONF2288.
Running xtb_gsolv calculation for CONF2275.
Running xtb_gsolv calculation for CONF2289.
Running xtb_gsolv calculation for CONF2294.
Running xtb_gsolv calculation for CONF2291.
Running xtb_gsolv calculation for CONF2290.
Running xtb_gsolv calculation for CONF2292.
Running xtb_gsolv calculation for CONF2295.
Running xtb_gsolv calculation for CONF2297.
Running xtb_gsolv calculation for CONF2298.
Running xtb_gsolv calculation for CONF2293.
Running xtb_gsolv calculation for CONF2299.
Running xtb_gsolv calculation for CONF2296.
Running xtb_gsolv calculation for CONF2301.
Running xtb_gsolv calculation for CONF2286.
Running xtb_gsolv calculation for CONF2300.
Running xtb_gsolv calculation for CONF2302.
Running xtb_gsolv calculation for CONF2303.
Running xtb_gsolv calculation for CONF2304.
Running xtb_gsolv calculation for CONF2305.
Running xtb_gsolv calculation for CONF2307.
Running xtb_gsolv calculation for CONF2306.
Running xtb_gsolv calculation for CONF2309.
Running xtb_gsolv calculation for CONF2308.
Running xtb_gsolv calculation for CONF2318.
Running xtb_gsolv calculation for CONF2320.
Running xtb_gsolv calculation for CONF2314.
Running xtb_gsolv calculation for CONF2317.
Running xtb_gsolv calculation for CONF2315.
Running xtb_gsolv calculation for CONF2312.
Running xtb_gsolv calculation for CONF2311.
Running xtb_gsolv calculation for CONF2319.
Running xtb_gsolv calculation for CONF2310.
Running xtb_gsolv calculation for CONF2313.
Running xtb_gsolv calculation for CONF2316.
Running xtb_gsolv calculation for CONF2324.
Running xtb_gsolv calculation for CONF2322.
Running xtb_gsolv calculation for CONF2323.
Running xtb_gsolv calculation for CONF2321.
Running xtb_gsolv calculation for CONF2327.
Running xtb_gsolv calculation for CONF2325.
Running xtb_gsolv calculation for CONF2326.
Running xtb_gsolv calculation for CONF2328.
Running xtb_gsolv calculation for CONF2329.
Running xtb_gsolv calculation for CONF2330.
Running xtb_gsolv calculation for CONF2331.
Running xtb_gsolv calculation for CONF2334.
Running xtb_gsolv calculation for CONF2335.
Running xtb_gsolv calculation for CONF2338.
Running xtb_gsolv calculation for CONF2358.
Running xtb_gsolv calculation for CONF2333.
Running xtb_gsolv calculation for CONF2345.
Running xtb_gsolv calculation for CONF2340.
Running xtb_gsolv calculation for CONF2332.
Running xtb_gsolv calculation for CONF2341.
Running xtb_gsolv calculation for CONF2342.
Running xtb_gsolv calculation for CONF2339.
Running xtb_gsolv calculation for CONF2343.
Running xtb_gsolv calculation for CONF2346.
Running xtb_gsolv calculation for CONF2344.
Running xtb_gsolv calculation for CONF2337.
Running xtb_gsolv calculation for CONF2347.
Running xtb_gsolv calculation for CONF2348.
Running xtb_gsolv calculation for CONF2336.
Running xtb_gsolv calculation for CONF2349.
Running xtb_gsolv calculation for CONF2350.
Running xtb_gsolv calculation for CONF2352.
Running xtb_gsolv calculation for CONF2351.
Running xtb_gsolv calculation for CONF2353.
Running xtb_gsolv calculation for CONF2354.
Running xtb_gsolv calculation for CONF2362.
Running xtb_gsolv calculation for CONF2359.
Running xtb_gsolv calculation for CONF2357.
Running xtb_gsolv calculation for CONF2360.
Running xtb_gsolv calculation for CONF2355.
Running xtb_gsolv calculation for CONF2364.
Running xtb_gsolv calculation for CONF2368.
Running xtb_gsolv calculation for CONF2356.
Running xtb_gsolv calculation for CONF2367.
Running xtb_gsolv calculation for CONF2365.
Running xtb_gsolv calculation for CONF2363.
Running xtb_gsolv calculation for CONF2374.
Running xtb_gsolv calculation for CONF2361.
Running xtb_gsolv calculation for CONF2366.
Running xtb_gsolv calculation for CONF2373.
Running xtb_gsolv calculation for CONF2371.
Running xtb_gsolv calculation for CONF2370.
Running xtb_gsolv calculation for CONF2369.
Running xtb_gsolv calculation for CONF2372.
Running xtb_gsolv calculation for CONF2381.
Running xtb_gsolv calculation for CONF2375.
Running xtb_gsolv calculation for CONF2376.
Running xtb_gsolv calculation for CONF2377.
Running xtb_gsolv calculation for CONF2378.
Running xtb_gsolv calculation for CONF2382.
Running xtb_gsolv calculation for CONF2383.
Running xtb_gsolv calculation for CONF2379.
Running xtb_gsolv calculation for CONF2380.
Running xtb_gsolv calculation for CONF2387.
Running xtb_gsolv calculation for CONF2394.
Running xtb_gsolv calculation for CONF2386.
Running xtb_gsolv calculation for CONF2384.
Running xtb_gsolv calculation for CONF2393.
Running xtb_gsolv calculation for CONF2391.
Running xtb_gsolv calculation for CONF2395.
Running xtb_gsolv calculation for CONF2385.
Running xtb_gsolv calculation for CONF2390.
Running xtb_gsolv calculation for CONF2389.
Running xtb_gsolv calculation for CONF2396.
Running xtb_gsolv calculation for CONF2388.
Running xtb_gsolv calculation for CONF2397.
Running xtb_gsolv calculation for CONF2398.
Running xtb_gsolv calculation for CONF2392.
Running xtb_gsolv calculation for CONF2400.
Running xtb_gsolv calculation for CONF2401.
Running xtb_gsolv calculation for CONF2402.
Running xtb_gsolv calculation for CONF2403.
Running xtb_gsolv calculation for CONF2399.
Running xtb_gsolv calculation for CONF2404.
Running xtb_gsolv calculation for CONF2406.
Running xtb_gsolv calculation for CONF2407.
Running xtb_gsolv calculation for CONF2409.
Running xtb_gsolv calculation for CONF2408.
Running xtb_gsolv calculation for CONF2410.
Running xtb_gsolv calculation for CONF2412.
Running xtb_gsolv calculation for CONF2411.
Running xtb_gsolv calculation for CONF2415.
Running xtb_gsolv calculation for CONF2413.
Running xtb_gsolv calculation for CONF2416.
Running xtb_gsolv calculation for CONF2414.
Running xtb_gsolv calculation for CONF2417.
Running xtb_gsolv calculation for CONF2418.
Running xtb_gsolv calculation for CONF2419.
Running xtb_gsolv calculation for CONF2420.
Running xtb_gsolv calculation for CONF2421.
Running xtb_gsolv calculation for CONF2423.
Running xtb_gsolv calculation for CONF2422.
Running xtb_gsolv calculation for CONF2405.
Running xtb_gsolv calculation for CONF2424.
Running xtb_gsolv calculation for CONF2425.
Running xtb_gsolv calculation for CONF2426.
Running xtb_gsolv calculation for CONF2429.
Running xtb_gsolv calculation for CONF2427.
Running xtb_gsolv calculation for CONF2428.
Running xtb_gsolv calculation for CONF2431.
Running xtb_gsolv calculation for CONF2430.
Running xtb_gsolv calculation for CONF2432.
Running xtb_gsolv calculation for CONF2433.
Running xtb_gsolv calculation for CONF2434.
Running xtb_gsolv calculation for CONF2435.
Running xtb_gsolv calculation for CONF2436.
Running xtb_gsolv calculation for CONF2449.
Running xtb_gsolv calculation for CONF2438.
Running xtb_gsolv calculation for CONF2437.
Running xtb_gsolv calculation for CONF2439.
Running xtb_gsolv calculation for CONF2440.
Running xtb_gsolv calculation for CONF2441.
Running xtb_gsolv calculation for CONF2443.
Running xtb_gsolv calculation for CONF2442.
Running xtb_gsolv calculation for CONF2444.
Running xtb_gsolv calculation for CONF2445.
Running xtb_gsolv calculation for CONF2446.
Running xtb_gsolv calculation for CONF2448.
Running xtb_gsolv calculation for CONF2447.
Running xtb_gsolv calculation for CONF2452.
Running xtb_gsolv calculation for CONF2450.
Running xtb_gsolv calculation for CONF2463.
Running xtb_gsolv calculation for CONF2451.
Running xtb_gsolv calculation for CONF2458.
Running xtb_gsolv calculation for CONF2462.
Running xtb_gsolv calculation for CONF2461.
Running xtb_gsolv calculation for CONF2460.
Running xtb_gsolv calculation for CONF2464.
Running xtb_gsolv calculation for CONF2465.
Running xtb_gsolv calculation for CONF2453.
Running xtb_gsolv calculation for CONF2459.
Running xtb_gsolv calculation for CONF2457.
Running xtb_gsolv calculation for CONF2507.
Running xtb_gsolv calculation for CONF2455.
Running xtb_gsolv calculation for CONF2456.
Running xtb_gsolv calculation for CONF2454.
Running xtb_gsolv calculation for CONF2466.
Running xtb_gsolv calculation for CONF2467.
Running xtb_gsolv calculation for CONF2469.
Running xtb_gsolv calculation for CONF2468.
Running xtb_gsolv calculation for CONF2476.
Running xtb_gsolv calculation for CONF2478.
Running xtb_gsolv calculation for CONF2479.
Running xtb_gsolv calculation for CONF2477.
Running xtb_gsolv calculation for CONF2472.
Running xtb_gsolv calculation for CONF2471.
Running xtb_gsolv calculation for CONF2473.
Running xtb_gsolv calculation for CONF2474.
Running xtb_gsolv calculation for CONF2470.
Running xtb_gsolv calculation for CONF2475.
Running xtb_gsolv calculation for CONF2480.
Running xtb_gsolv calculation for CONF2485.
Running xtb_gsolv calculation for CONF2486.
Running xtb_gsolv calculation for CONF2482.
Running xtb_gsolv calculation for CONF2487.
Running xtb_gsolv calculation for CONF2481.
Running xtb_gsolv calculation for CONF2483.
Running xtb_gsolv calculation for CONF2484.
Running xtb_gsolv calculation for CONF2490.
Running xtb_gsolv calculation for CONF2499.
Running xtb_gsolv calculation for CONF2489.
Running xtb_gsolv calculation for CONF2494.
Running xtb_gsolv calculation for CONF2496.
Running xtb_gsolv calculation for CONF2491.
Running xtb_gsolv calculation for CONF2492.
Running xtb_gsolv calculation for CONF2488.
Running xtb_gsolv calculation for CONF2495.
Running xtb_gsolv calculation for CONF2512.
Running xtb_gsolv calculation for CONF2506.
Running xtb_gsolv calculation for CONF2504.
Running xtb_gsolv calculation for CONF2511.
Running xtb_gsolv calculation for CONF2500.
Running xtb_gsolv calculation for CONF2498.
Running xtb_gsolv calculation for CONF2502.
Running xtb_gsolv calculation for CONF2510.
Running xtb_gsolv calculation for CONF2505.
Running xtb_gsolv calculation for CONF2503.
Running xtb_gsolv calculation for CONF2508.
Running xtb_gsolv calculation for CONF2501.
Running xtb_gsolv calculation for CONF2509.
Running xtb_gsolv calculation for CONF2497.
Running xtb_gsolv calculation for CONF2493.
Running xtb_gsolv calculation for CONF2516.
Running xtb_gsolv calculation for CONF2515.
Running xtb_gsolv calculation for CONF2513.
Running xtb_gsolv calculation for CONF2522.
Running xtb_gsolv calculation for CONF2514.
Running xtb_gsolv calculation for CONF2525.
Running xtb_gsolv calculation for CONF2519.
Running xtb_gsolv calculation for CONF2518.
Running xtb_gsolv calculation for CONF2517.
Running xtb_gsolv calculation for CONF2524.
Running xtb_gsolv calculation for CONF2526.
Running xtb_gsolv calculation for CONF2520.
Running xtb_gsolv calculation for CONF2521.
Running xtb_gsolv calculation for CONF2523.
Running xtb_gsolv calculation for CONF2551.
Running xtb_gsolv calculation for CONF2529.
Running xtb_gsolv calculation for CONF2533.
Running xtb_gsolv calculation for CONF2532.
Running xtb_gsolv calculation for CONF2527.
Running xtb_gsolv calculation for CONF2531.
Running xtb_gsolv calculation for CONF2530.
Running xtb_gsolv calculation for CONF2528.
Running xtb_gsolv calculation for CONF2534.
Running xtb_gsolv calculation for CONF2535.
Running xtb_gsolv calculation for CONF2536.
Running xtb_gsolv calculation for CONF2539.
Running xtb_gsolv calculation for CONF2538.
Running xtb_gsolv calculation for CONF2537.
Running xtb_gsolv calculation for CONF2540.
Running xtb_gsolv calculation for CONF2541.
Running xtb_gsolv calculation for CONF2543.
Running xtb_gsolv calculation for CONF2542.
Running xtb_gsolv calculation for CONF2545.
Running xtb_gsolv calculation for CONF2544.
Running xtb_gsolv calculation for CONF2546.
Running xtb_gsolv calculation for CONF2549.
Running xtb_gsolv calculation for CONF2547.
Running xtb_gsolv calculation for CONF2548.
Running xtb_gsolv calculation for CONF2550.
Running xtb_gsolv calculation for CONF2552.
Running xtb_gsolv calculation for CONF2554.
Running xtb_gsolv calculation for CONF2553.
Running xtb_gsolv calculation for CONF2555.
Running xtb_gsolv calculation for CONF2557.
Running xtb_gsolv calculation for CONF2556.
Running xtb_gsolv calculation for CONF2558.
Running xtb_gsolv calculation for CONF2559.
Running xtb_gsolv calculation for CONF2560.
Running xtb_gsolv calculation for CONF2564.
Running xtb_gsolv calculation for CONF2562.
Running xtb_gsolv calculation for CONF2563.
Running xtb_gsolv calculation for CONF2561.
Running xtb_gsolv calculation for CONF2570.
Running xtb_gsolv calculation for CONF2565.
Running xtb_gsolv calculation for CONF2576.
Running xtb_gsolv calculation for CONF2575.
Running xtb_gsolv calculation for CONF2573.
Running xtb_gsolv calculation for CONF2567.
Running xtb_gsolv calculation for CONF2572.
Running xtb_gsolv calculation for CONF2566.
Running xtb_gsolv calculation for CONF2571.
Running xtb_gsolv calculation for CONF2574.
Running xtb_gsolv calculation for CONF2569.
Running xtb_gsolv calculation for CONF2581.
Running xtb_gsolv calculation for CONF2568.
Running xtb_gsolv calculation for CONF2579.
Running xtb_gsolv calculation for CONF2580.
Running xtb_gsolv calculation for CONF2589.
Running xtb_gsolv calculation for CONF2585.
Running xtb_gsolv calculation for CONF2577.
Running xtb_gsolv calculation for CONF2591.
Running xtb_gsolv calculation for CONF2578.
Running xtb_gsolv calculation for CONF2588.
Running xtb_gsolv calculation for CONF2583.
Running xtb_gsolv calculation for CONF2590.
Running xtb_gsolv calculation for CONF2584.
Running xtb_gsolv calculation for CONF2592.
Running xtb_gsolv calculation for CONF2593.
Running xtb_gsolv calculation for CONF2587.
Running xtb_gsolv calculation for CONF2586.
Running xtb_gsolv calculation for CONF2582.
Running xtb_gsolv calculation for CONF2598.
Running xtb_gsolv calculation for CONF2595.
Running xtb_gsolv calculation for CONF2594.
Running xtb_gsolv calculation for CONF2626.
Running xtb_gsolv calculation for CONF2597.
Running xtb_gsolv calculation for CONF2596.
Running xtb_gsolv calculation for CONF2599.
Running xtb_gsolv calculation for CONF2600.
Running xtb_gsolv calculation for CONF2601.
Running xtb_gsolv calculation for CONF2602.
Running xtb_gsolv calculation for CONF2605.
Running xtb_gsolv calculation for CONF2604.
Running xtb_gsolv calculation for CONF2607.
Running xtb_gsolv calculation for CONF2608.
Running xtb_gsolv calculation for CONF2606.
Running xtb_gsolv calculation for CONF2610.
Running xtb_gsolv calculation for CONF2609.
Running xtb_gsolv calculation for CONF2612.
Running xtb_gsolv calculation for CONF2615.
Running xtb_gsolv calculation for CONF2614.
Running xtb_gsolv calculation for CONF2613.
Running xtb_gsolv calculation for CONF2611.
Running xtb_gsolv calculation for CONF2616.
Running xtb_gsolv calculation for CONF2617.
Running xtb_gsolv calculation for CONF2618.
Running xtb_gsolv calculation for CONF2619.
Running xtb_gsolv calculation for CONF2620.
Running xtb_gsolv calculation for CONF2624.
Running xtb_gsolv calculation for CONF2621.
Running xtb_gsolv calculation for CONF2622.
Running xtb_gsolv calculation for CONF2603.
Running xtb_gsolv calculation for CONF2623.
Running xtb_gsolv calculation for CONF2627.
Running xtb_gsolv calculation for CONF2628.
Running xtb_gsolv calculation for CONF2629.
Running xtb_gsolv calculation for CONF2630.
Running xtb_gsolv calculation for CONF2625.
Running xtb_gsolv calculation for CONF2631.
Running xtb_gsolv calculation for CONF2632.
Running xtb_gsolv calculation for CONF2633.
Running xtb_gsolv calculation for CONF2634.
Running xtb_gsolv calculation for CONF2639.
Running xtb_gsolv calculation for CONF2643.
Running xtb_gsolv calculation for CONF2642.
Running xtb_gsolv calculation for CONF2638.
Running xtb_gsolv calculation for CONF2637.
Running xtb_gsolv calculation for CONF2636.
Running xtb_gsolv calculation for CONF2635.
Running xtb_gsolv calculation for CONF2644.
Running xtb_gsolv calculation for CONF2648.
Running xtb_gsolv calculation for CONF2646.
Running xtb_gsolv calculation for CONF2649.
Running xtb_gsolv calculation for CONF2641.
Running xtb_gsolv calculation for CONF2645.
Running xtb_gsolv calculation for CONF2650.
Running xtb_gsolv calculation for CONF2651.
Running xtb_gsolv calculation for CONF2640.
Running xtb_gsolv calculation for CONF2656.
Running xtb_gsolv calculation for CONF2652.
Running xtb_gsolv calculation for CONF2654.
Running xtb_gsolv calculation for CONF2653.
Running xtb_gsolv calculation for CONF2659.
Running xtb_gsolv calculation for CONF2658.
Running xtb_gsolv calculation for CONF2647.
Running xtb_gsolv calculation for CONF2657.
Running xtb_gsolv calculation for CONF2660.
Running xtb_gsolv calculation for CONF2661.
Running xtb_gsolv calculation for CONF2662.
Running xtb_gsolv calculation for CONF2663.
Running xtb_gsolv calculation for CONF2664.
Running xtb_gsolv calculation for CONF2665.
Running xtb_gsolv calculation for CONF2666.
Running xtb_gsolv calculation for CONF2668.
Running xtb_gsolv calculation for CONF2674.
Running xtb_gsolv calculation for CONF2670.
Running xtb_gsolv calculation for CONF2671.
Running xtb_gsolv calculation for CONF2673.
Running xtb_gsolv calculation for CONF2675.
Running xtb_gsolv calculation for CONF2669.
Running xtb_gsolv calculation for CONF2672.
Running xtb_gsolv calculation for CONF2676.
Running xtb_gsolv calculation for CONF2677.
Running xtb_gsolv calculation for CONF2667.
Running xtb_gsolv calculation for CONF2679.
Running xtb_gsolv calculation for CONF2680.
Running xtb_gsolv calculation for CONF2681.
Running xtb_gsolv calculation for CONF2682.
Running xtb_gsolv calculation for CONF2683.
Running xtb_gsolv calculation for CONF2684.
Running xtb_gsolv calculation for CONF2685.
Running xtb_gsolv calculation for CONF2678.
Running xtb_gsolv calculation for CONF2687.
Running xtb_gsolv calculation for CONF2688.
Running xtb_gsolv calculation for CONF2689.
Running xtb_gsolv calculation for CONF2686.
Running xtb_gsolv calculation for CONF2690.
Running xtb_gsolv calculation for CONF2691.
Running xtb_gsolv calculation for CONF2692.
Running xtb_gsolv calculation for CONF2693.
Running xtb_gsolv calculation for CONF2694.
Running xtb_gsolv calculation for CONF2695.
Running xtb_gsolv calculation for CONF2701.
Running xtb_gsolv calculation for CONF2696.
Running xtb_gsolv calculation for CONF2698.
Running xtb_gsolv calculation for CONF2700.
Running xtb_gsolv calculation for CONF2697.
Running xtb_gsolv calculation for CONF2699.
Running xtb_gsolv calculation for CONF2705.
Running xtb_gsolv calculation for CONF2704.
Running xtb_gsolv calculation for CONF2703.
Running xtb_gsolv calculation for CONF2702.
Running xtb_gsolv calculation for CONF2707.
Running xtb_gsolv calculation for CONF2706.
Running xtb_gsolv calculation for CONF2708.
Running xtb_gsolv calculation for CONF2655.
Running xtb_gsolv calculation for CONF2709.
Running xtb_gsolv calculation for CONF2710.
Running xtb_gsolv calculation for CONF2712.
Running xtb_gsolv calculation for CONF2713.
Running xtb_gsolv calculation for CONF2716.
Running xtb_gsolv calculation for CONF2711.
Running xtb_gsolv calculation for CONF2717.
Running xtb_gsolv calculation for CONF2715.
Running xtb_gsolv calculation for CONF2720.
Running xtb_gsolv calculation for CONF2714.
Running xtb_gsolv calculation for CONF2718.
Running xtb_gsolv calculation for CONF2719.
Running xtb_gsolv calculation for CONF2733.
Running xtb_gsolv calculation for CONF2722.
Running xtb_gsolv calculation for CONF2727.
Running xtb_gsolv calculation for CONF2731.
Running xtb_gsolv calculation for CONF2729.
Running xtb_gsolv calculation for CONF2725.
Running xtb_gsolv calculation for CONF2728.
Running xtb_gsolv calculation for CONF2724.
Running xtb_gsolv calculation for CONF2730.
Running xtb_gsolv calculation for CONF2732.
Running xtb_gsolv calculation for CONF2723.
Running xtb_gsolv calculation for CONF2734.
Running xtb_gsolv calculation for CONF2752.
Running xtb_gsolv calculation for CONF2735.
Running xtb_gsolv calculation for CONF2736.
Running xtb_gsolv calculation for CONF2737.
Running xtb_gsolv calculation for CONF2721.
Running xtb_gsolv calculation for CONF2738.
Running xtb_gsolv calculation for CONF2726.
Running xtb_gsolv calculation for CONF2739.
Running xtb_gsolv calculation for CONF2741.
Running xtb_gsolv calculation for CONF2742.
Running xtb_gsolv calculation for CONF2740.
Running xtb_gsolv calculation for CONF2743.
Running xtb_gsolv calculation for CONF2753.
Running xtb_gsolv calculation for CONF2754.
Running xtb_gsolv calculation for CONF2751.
Running xtb_gsolv calculation for CONF2750.
Running xtb_gsolv calculation for CONF2749.
Running xtb_gsolv calculation for CONF2748.
Running xtb_gsolv calculation for CONF2747.
Running xtb_gsolv calculation for CONF2744.
Running xtb_gsolv calculation for CONF2746.
Running xtb_gsolv calculation for CONF2745.
Running xtb_gsolv calculation for CONF2761.
Running xtb_gsolv calculation for CONF2763.
Running xtb_gsolv calculation for CONF2764.
Running xtb_gsolv calculation for CONF2762.
Running xtb_gsolv calculation for CONF2757.
Running xtb_gsolv calculation for CONF2760.
Running xtb_gsolv calculation for CONF2755.
Running xtb_gsolv calculation for CONF2758.
Running xtb_gsolv calculation for CONF2765.
Running xtb_gsolv calculation for CONF2759.
Running xtb_gsolv calculation for CONF2766.
Running xtb_gsolv calculation for CONF2767.
Running xtb_gsolv calculation for CONF2768.
Running xtb_gsolv calculation for CONF2769.
Running xtb_gsolv calculation for CONF2770.
Running xtb_gsolv calculation for CONF2772.
Running xtb_gsolv calculation for CONF2771.
Running xtb_gsolv calculation for CONF2773.
Running xtb_gsolv calculation for CONF2774.
Running xtb_gsolv calculation for CONF2775.
Running xtb_gsolv calculation for CONF2776.
Running xtb_gsolv calculation for CONF2777.
Running xtb_gsolv calculation for CONF2778.
Running xtb_gsolv calculation for CONF2780.
Running xtb_gsolv calculation for CONF2779.
Running xtb_gsolv calculation for CONF2781.
Running xtb_gsolv calculation for CONF2782.
Running xtb_gsolv calculation for CONF2784.
Running xtb_gsolv calculation for CONF2785.
Running xtb_gsolv calculation for CONF2786.
Running xtb_gsolv calculation for CONF2791.
Running xtb_gsolv calculation for CONF2787.
Running xtb_gsolv calculation for CONF2788.
Running xtb_gsolv calculation for CONF2793.
Running xtb_gsolv calculation for CONF2790.
Running xtb_gsolv calculation for CONF2789.
Running xtb_gsolv calculation for CONF2792.
Running xtb_gsolv calculation for CONF2783.
Running xtb_gsolv calculation for CONF2795.
Running xtb_gsolv calculation for CONF2797.
Running xtb_gsolv calculation for CONF2756.
Running xtb_gsolv calculation for CONF2794.
Running xtb_gsolv calculation for CONF2804.
Running xtb_gsolv calculation for CONF2807.
Running xtb_gsolv calculation for CONF2799.
Running xtb_gsolv calculation for CONF2809.
Running xtb_gsolv calculation for CONF2796.
Running xtb_gsolv calculation for CONF2810.
Running xtb_gsolv calculation for CONF2802.
Running xtb_gsolv calculation for CONF2800.
Running xtb_gsolv calculation for CONF2805.
Running xtb_gsolv calculation for CONF2801.
Running xtb_gsolv calculation for CONF2814.
Running xtb_gsolv calculation for CONF2808.
Running xtb_gsolv calculation for CONF2798.
Running xtb_gsolv calculation for CONF2803.
Running xtb_gsolv calculation for CONF2806.
Running xtb_gsolv calculation for CONF2811.
Running xtb_gsolv calculation for CONF2812.
Running xtb_gsolv calculation for CONF2813.
Running xtb_gsolv calculation for CONF2834.
Running xtb_gsolv calculation for CONF2815.
Running xtb_gsolv calculation for CONF2817.
Running xtb_gsolv calculation for CONF2818.
Running xtb_gsolv calculation for CONF2819.
Running xtb_gsolv calculation for CONF2816.
Running xtb_gsolv calculation for CONF2820.
Running xtb_gsolv calculation for CONF2821.
Running xtb_gsolv calculation for CONF2822.
Running xtb_gsolv calculation for CONF2823.
Running xtb_gsolv calculation for CONF2824.
Running xtb_gsolv calculation for CONF2828.
Running xtb_gsolv calculation for CONF2826.
Running xtb_gsolv calculation for CONF2829.
Running xtb_gsolv calculation for CONF2827.
Running xtb_gsolv calculation for CONF2830.
Running xtb_gsolv calculation for CONF2831.
Running xtb_gsolv calculation for CONF2832.
Running xtb_gsolv calculation for CONF2833.
Running xtb_gsolv calculation for CONF2835.
Running xtb_gsolv calculation for CONF2837.
Running xtb_gsolv calculation for CONF2836.
Running xtb_gsolv calculation for CONF2825.
Running xtb_gsolv calculation for CONF2838.
Running xtb_gsolv calculation for CONF2839.
Running xtb_gsolv calculation for CONF2840.
Running xtb_gsolv calculation for CONF2841.
Running xtb_gsolv calculation for CONF2843.
Running xtb_gsolv calculation for CONF2842.
Running xtb_gsolv calculation for CONF2846.
Running xtb_gsolv calculation for CONF2848.
Running xtb_gsolv calculation for CONF2855.
Running xtb_gsolv calculation for CONF2850.
Running xtb_gsolv calculation for CONF2849.
Running xtb_gsolv calculation for CONF2851.
Running xtb_gsolv calculation for CONF2854.
Running xtb_gsolv calculation for CONF2844.
Running xtb_gsolv calculation for CONF2845.
Running xtb_gsolv calculation for CONF2847.
Running xtb_gsolv calculation for CONF2853.
Running xtb_gsolv calculation for CONF2852.
Running xtb_gsolv calculation for CONF2862.
Running xtb_gsolv calculation for CONF2857.
Running xtb_gsolv calculation for CONF2867.
Running xtb_gsolv calculation for CONF2861.
Running xtb_gsolv calculation for CONF2865.
Running xtb_gsolv calculation for CONF2859.
Running xtb_gsolv calculation for CONF2863.
Running xtb_gsolv calculation for CONF2866.
Running xtb_gsolv calculation for CONF2858.
Running xtb_gsolv calculation for CONF2856.
Running xtb_gsolv calculation for CONF2864.
Running xtb_gsolv calculation for CONF2868.
Running xtb_gsolv calculation for CONF2870.
Running xtb_gsolv calculation for CONF2872.
Running xtb_gsolv calculation for CONF2871.
Running xtb_gsolv calculation for CONF2869.
Running xtb_gsolv calculation for CONF2873.
Running xtb_gsolv calculation for CONF2874.
Running xtb_gsolv calculation for CONF2875.
Running xtb_gsolv calculation for CONF2876.
Running xtb_gsolv calculation for CONF2878.
Running xtb_gsolv calculation for CONF2877.
Running xtb_gsolv calculation for CONF2879.
Running xtb_gsolv calculation for CONF2880.
Running xtb_gsolv calculation for CONF2882.
Running xtb_gsolv calculation for CONF2881.
Running xtb_gsolv calculation for CONF2883.
Running xtb_gsolv calculation for CONF2887.
Running xtb_gsolv calculation for CONF2884.
Running xtb_gsolv calculation for CONF2885.
Running xtb_gsolv calculation for CONF2886.
Running xtb_gsolv calculation for CONF2890.
Running xtb_gsolv calculation for CONF2888.
Running xtb_gsolv calculation for CONF2889.
Running xtb_gsolv calculation for CONF2893.
Running xtb_gsolv calculation for CONF2894.
Running xtb_gsolv calculation for CONF2892.
Running xtb_gsolv calculation for CONF2895.
Running xtb_gsolv calculation for CONF2896.
Running xtb_gsolv calculation for CONF2897.
Running xtb_gsolv calculation for CONF2899.
Running xtb_gsolv calculation for CONF2898.
Running xtb_gsolv calculation for CONF2900.
Running xtb_gsolv calculation for CONF2891.
Running xtb_gsolv calculation for CONF2901.
Running xtb_gsolv calculation for CONF2860.
Running xtb_gsolv calculation for CONF2902.
Running xtb_gsolv calculation for CONF2903.
Running xtb_gsolv calculation for CONF2905.
Running xtb_gsolv calculation for CONF2906.
Running xtb_gsolv calculation for CONF2909.
Running xtb_gsolv calculation for CONF2908.
Running xtb_gsolv calculation for CONF2907.
Running xtb_gsolv calculation for CONF2915.
Running xtb_gsolv calculation for CONF2911.
Running xtb_gsolv calculation for CONF2910.
Running xtb_gsolv calculation for CONF2912.
Running xtb_gsolv calculation for CONF2904.
Running xtb_gsolv calculation for CONF2913.
Running xtb_gsolv calculation for CONF2916.
Running xtb_gsolv calculation for CONF2914.
Running xtb_gsolv calculation for CONF2917.
Running xtb_gsolv calculation for CONF2919.
Running xtb_gsolv calculation for CONF2921.
Running xtb_gsolv calculation for CONF2920.
Running xtb_gsolv calculation for CONF2918.
Running xtb_gsolv calculation for CONF2922.
Running xtb_gsolv calculation for CONF2923.
Running xtb_gsolv calculation for CONF2924.
Running xtb_gsolv calculation for CONF2925.
Running xtb_gsolv calculation for CONF2928.
Running xtb_gsolv calculation for CONF2926.
Running xtb_gsolv calculation for CONF2932.
Running xtb_gsolv calculation for CONF2931.
Running xtb_gsolv calculation for CONF2929.
Running xtb_gsolv calculation for CONF2927.
Running xtb_gsolv calculation for CONF2930.
Running xtb_gsolv calculation for CONF2933.
Running xtb_gsolv calculation for CONF2934.
Running xtb_gsolv calculation for CONF2935.
Running xtb_gsolv calculation for CONF2936.
Running xtb_gsolv calculation for CONF2938.
Running xtb_gsolv calculation for CONF2939.
Running xtb_gsolv calculation for CONF2943.
Running xtb_gsolv calculation for CONF2942.
Running xtb_gsolv calculation for CONF2941.
Running xtb_gsolv calculation for CONF2940.
Running xtb_gsolv calculation for CONF2944.
Running xtb_gsolv calculation for CONF2945.
Running xtb_gsolv calculation for CONF2946.
Running xtb_gsolv calculation for CONF2937.
Running xtb_gsolv calculation for CONF2947.
Running xtb_gsolv calculation for CONF2949.
Running xtb_gsolv calculation for CONF2950.
Running xtb_gsolv calculation for CONF2954.
Running xtb_gsolv calculation for CONF2955.
Running xtb_gsolv calculation for CONF2953.
Running xtb_gsolv calculation for CONF2948.
Running xtb_gsolv calculation for CONF2952.
Running xtb_gsolv calculation for CONF2951.
Running xtb_gsolv calculation for CONF2961.
Running xtb_gsolv calculation for CONF2964.
Running xtb_gsolv calculation for CONF2959.
Running xtb_gsolv calculation for CONF2958.
Running xtb_gsolv calculation for CONF2960.
Running xtb_gsolv calculation for CONF2962.
Running xtb_gsolv calculation for CONF2957.
Running xtb_gsolv calculation for CONF2956.
Running xtb_gsolv calculation for CONF2967.
Running xtb_gsolv calculation for CONF2966.
Running xtb_gsolv calculation for CONF2965.
Running xtb_gsolv calculation for CONF2970.
Running xtb_gsolv calculation for CONF2969.
Running xtb_gsolv calculation for CONF2968.
Running xtb_gsolv calculation for CONF2971.
Running xtb_gsolv calculation for CONF2972.
Running xtb_gsolv calculation for CONF2975.
Running xtb_gsolv calculation for CONF2963.
Running xtb_gsolv calculation for CONF2973.
Running xtb_gsolv calculation for CONF2974.
Running xtb_gsolv calculation for CONF2976.
Running xtb_gsolv calculation for CONF2977.
Running xtb_gsolv calculation for CONF2978.
Running xtb_gsolv calculation for CONF2979.
Running xtb_gsolv calculation for CONF2982.
Running xtb_gsolv calculation for CONF2981.
Running xtb_gsolv calculation for CONF2980.
Running xtb_gsolv calculation for CONF2984.
Running xtb_gsolv calculation for CONF2983.
Running xtb_gsolv calculation for CONF2985.
Running xtb_gsolv calculation for CONF2986.
Running xtb_gsolv calculation for CONF2988.
Running xtb_gsolv calculation for CONF2990.
Running xtb_gsolv calculation for CONF2989.
Running xtb_gsolv calculation for CONF2991.
Running xtb_gsolv calculation for CONF2992.
Running xtb_gsolv calculation for CONF2993.
Running xtb_gsolv calculation for CONF2995.
Running xtb_gsolv calculation for CONF2996.
Running xtb_gsolv calculation for CONF2994.
Running xtb_gsolv calculation for CONF2997.
Running xtb_gsolv calculation for CONF2998.
Running xtb_gsolv calculation for CONF2987.
Running xtb_gsolv calculation for CONF3000.
Running xtb_gsolv calculation for CONF2999.
Running xtb_gsolv calculation for CONF3010.
Running xtb_gsolv calculation for CONF3013.
Running xtb_gsolv calculation for CONF3002.
Running xtb_gsolv calculation for CONF3005.
Running xtb_gsolv calculation for CONF3012.
Running xtb_gsolv calculation for CONF3009.
Running xtb_gsolv calculation for CONF3006.
Running xtb_gsolv calculation for CONF3001.
Running xtb_gsolv calculation for CONF3014.
Running xtb_gsolv calculation for CONF3004.
Running xtb_gsolv calculation for CONF3008.
Running xtb_gsolv calculation for CONF3011.
Running xtb_gsolv calculation for CONF3007.
Running xtb_gsolv calculation for CONF3003.
Running xtb_gsolv calculation for CONF3018.
Running xtb_gsolv calculation for CONF3017.
Running xtb_gsolv calculation for CONF3021.
Running xtb_gsolv calculation for CONF3016.
Running xtb_gsolv calculation for CONF3022.
Running xtb_gsolv calculation for CONF3020.
Running xtb_gsolv calculation for CONF3019.
Running xtb_gsolv calculation for CONF3015.
Running xtb_gsolv calculation for CONF3023.
Running xtb_gsolv calculation for CONF3024.
Running xtb_gsolv calculation for CONF3028.
Running xtb_gsolv calculation for CONF3026.
Running xtb_gsolv calculation for CONF3027.
Running xtb_gsolv calculation for CONF3029.
Running xtb_gsolv calculation for CONF3025.
Running xtb_gsolv calculation for CONF3030.
Running xtb_gsolv calculation for CONF3032.
Running xtb_gsolv calculation for CONF3035.
Running xtb_gsolv calculation for CONF3033.
Running xtb_gsolv calculation for CONF3031.
Running xtb_gsolv calculation for CONF3034.
Running xtb_gsolv calculation for CONF3036.
Running xtb_gsolv calculation for CONF3039.
Running xtb_gsolv calculation for CONF3040.
Running xtb_gsolv calculation for CONF3038.
Running xtb_gsolv calculation for CONF3037.
Running xtb_gsolv calculation for CONF3041.
Running xtb_gsolv calculation for CONF3042.
Running xtb_gsolv calculation for CONF3043.
Running xtb_gsolv calculation for CONF3045.
Running xtb_gsolv calculation for CONF3044.
Running xtb_gsolv calculation for CONF3046.
Running xtb_gsolv calculation for CONF3048.
Running xtb_gsolv calculation for CONF3047.
Running xtb_gsolv calculation for CONF3049.
Running xtb_gsolv calculation for CONF3051.
Running xtb_gsolv calculation for CONF3054.
Running xtb_gsolv calculation for CONF3052.
Running xtb_gsolv calculation for CONF3057.
Running xtb_gsolv calculation for CONF3053.
Running xtb_gsolv calculation for CONF3055.
Running xtb_gsolv calculation for CONF3056.
Running xtb_gsolv calculation for CONF3061.
Running xtb_gsolv calculation for CONF3059.
Running xtb_gsolv calculation for CONF3058.
Running xtb_gsolv calculation for CONF3063.
Running xtb_gsolv calculation for CONF3065.
Running xtb_gsolv calculation for CONF3062.
Running xtb_gsolv calculation for CONF3064.
Running xtb_gsolv calculation for CONF3066.
Running xtb_gsolv calculation for CONF3078.
Running xtb_gsolv calculation for CONF3060.
Running xtb_gsolv calculation for CONF3067.
Running xtb_gsolv calculation for CONF3068.
Running xtb_gsolv calculation for CONF3069.
Running xtb_gsolv calculation for CONF3070.
Running xtb_gsolv calculation for CONF3071.
Running xtb_gsolv calculation for CONF3050.
Running xtb_gsolv calculation for CONF3072.
Running xtb_gsolv calculation for CONF3073.
Running xtb_gsolv calculation for CONF3074.
Running xtb_gsolv calculation for CONF3075.
Running xtb_gsolv calculation for CONF3076.
Running xtb_gsolv calculation for CONF3077.
Running xtb_gsolv calculation for CONF3079.
Running xtb_gsolv calculation for CONF3080.
Running xtb_gsolv calculation for CONF3081.
Running xtb_gsolv calculation for CONF3087.
Running xtb_gsolv calculation for CONF3084.
Running xtb_gsolv calculation for CONF3085.
Running xtb_gsolv calculation for CONF3083.
Running xtb_gsolv calculation for CONF3082.
Running xtb_gsolv calculation for CONF3086.
Running xtb_gsolv calculation for CONF3089.
Running xtb_gsolv calculation for CONF3088.
Running xtb_gsolv calculation for CONF3093.
Running xtb_gsolv calculation for CONF3091.
Running xtb_gsolv calculation for CONF3092.
Running xtb_gsolv calculation for CONF3090.
Running xtb_gsolv calculation for CONF3094.
Running xtb_gsolv calculation for CONF3095.
Running xtb_gsolv calculation for CONF3096.
Running xtb_gsolv calculation for CONF3098.
Running xtb_gsolv calculation for CONF3097.
Running xtb_gsolv calculation for CONF3099.
Running xtb_gsolv calculation for CONF3100.
Running xtb_gsolv calculation for CONF3101.
Running xtb_gsolv calculation for CONF3102.
Running xtb_gsolv calculation for CONF3103.
Running xtb_gsolv calculation for CONF3104.
Running xtb_gsolv calculation for CONF3106.
Running xtb_gsolv calculation for CONF3107.
Running xtb_gsolv calculation for CONF3105.
Running xtb_gsolv calculation for CONF3118.
Running xtb_gsolv calculation for CONF3109.
Running xtb_gsolv calculation for CONF3113.
Running xtb_gsolv calculation for CONF3119.
Running xtb_gsolv calculation for CONF3112.
Running xtb_gsolv calculation for CONF3110.
Running xtb_gsolv calculation for CONF3116.
Running xtb_gsolv calculation for CONF3115.
Running xtb_gsolv calculation for CONF3117.
Running xtb_gsolv calculation for CONF3111.
Running xtb_gsolv calculation for CONF3121.
Running xtb_gsolv calculation for CONF3108.
Running xtb_gsolv calculation for CONF3120.
Running xtb_gsolv calculation for CONF3114.
Running xtb_gsolv calculation for CONF3122.
Running xtb_gsolv calculation for CONF3124.
Running xtb_gsolv calculation for CONF3125.
Running xtb_gsolv calculation for CONF3126.
Running xtb_gsolv calculation for CONF3127.
Running xtb_gsolv calculation for CONF3128.
Running xtb_gsolv calculation for CONF3132.
Running xtb_gsolv calculation for CONF3129.
Running xtb_gsolv calculation for CONF3134.
Running xtb_gsolv calculation for CONF3130.
Running xtb_gsolv calculation for CONF3123.
Running xtb_gsolv calculation for CONF3131.
Running xtb_gsolv calculation for CONF3136.
Running xtb_gsolv calculation for CONF3135.
Running xtb_gsolv calculation for CONF3137.
Running xtb_gsolv calculation for CONF3139.
Running xtb_gsolv calculation for CONF3140.
Running xtb_gsolv calculation for CONF3141.
Running xtb_gsolv calculation for CONF3143.
Running xtb_gsolv calculation for CONF3142.
Running xtb_gsolv calculation for CONF3144.
Running xtb_gsolv calculation for CONF3145.
Running xtb_gsolv calculation for CONF3147.
Running xtb_gsolv calculation for CONF3146.
Running xtb_gsolv calculation for CONF3149.
Running xtb_gsolv calculation for CONF3148.
Running xtb_gsolv calculation for CONF3150.
Running xtb_gsolv calculation for CONF3151.
Running xtb_gsolv calculation for CONF3133.
Running xtb_gsolv calculation for CONF3153.
Running xtb_gsolv calculation for CONF3152.
Running xtb_gsolv calculation for CONF3154.
Running xtb_gsolv calculation for CONF3156.
Running xtb_gsolv calculation for CONF3157.
Running xtb_gsolv calculation for CONF3138.
Running xtb_gsolv calculation for CONF3155.
Running xtb_gsolv calculation for CONF3158.
Running xtb_gsolv calculation for CONF3169.
Running xtb_gsolv calculation for CONF3170.
Running xtb_gsolv calculation for CONF3159.
Running xtb_gsolv calculation for CONF3168.
Running xtb_gsolv calculation for CONF3172.
Running xtb_gsolv calculation for CONF3171.
Running xtb_gsolv calculation for CONF3161.
Running xtb_gsolv calculation for CONF3178.
Running xtb_gsolv calculation for CONF3160.
Running xtb_gsolv calculation for CONF3164.
Running xtb_gsolv calculation for CONF3165.
Running xtb_gsolv calculation for CONF3167.
Running xtb_gsolv calculation for CONF3163.
Running xtb_gsolv calculation for CONF3162.
Running xtb_gsolv calculation for CONF3166.
Running xtb_gsolv calculation for CONF3175.
Running xtb_gsolv calculation for CONF3173.
Running xtb_gsolv calculation for CONF3174.
Running xtb_gsolv calculation for CONF3176.
Running xtb_gsolv calculation for CONF3179.
Running xtb_gsolv calculation for CONF3177.
Running xtb_gsolv calculation for CONF3181.
Running xtb_gsolv calculation for CONF3180.
Running xtb_gsolv calculation for CONF3182.
Running xtb_gsolv calculation for CONF3191.
Running xtb_gsolv calculation for CONF3184.
Running xtb_gsolv calculation for CONF3193.
Running xtb_gsolv calculation for CONF3192.
Running xtb_gsolv calculation for CONF3190.
Running xtb_gsolv calculation for CONF3187.
Running xtb_gsolv calculation for CONF3185.
Running xtb_gsolv calculation for CONF3183.
Running xtb_gsolv calculation for CONF3186.
Running xtb_gsolv calculation for CONF3198.
Running xtb_gsolv calculation for CONF3197.
Running xtb_gsolv calculation for CONF3189.
Running xtb_gsolv calculation for CONF3196.
Running xtb_gsolv calculation for CONF3194.
Running xtb_gsolv calculation for CONF3199.
Running xtb_gsolv calculation for CONF3195.
Running xtb_gsolv calculation for CONF3188.
Running xtb_gsolv calculation for CONF3200.
Running xtb_gsolv calculation for CONF3201.
Running xtb_gsolv calculation for CONF3202.
Running xtb_gsolv calculation for CONF3204.
Running xtb_gsolv calculation for CONF3203.
Running xtb_gsolv calculation for CONF3205.
Running xtb_gsolv calculation for CONF3206.
Running xtb_gsolv calculation for CONF3207.
Running xtb_gsolv calculation for CONF3210.
Running xtb_gsolv calculation for CONF3211.
Running xtb_gsolv calculation for CONF3213.
Running xtb_gsolv calculation for CONF3212.
Running xtb_gsolv calculation for CONF3215.
Running xtb_gsolv calculation for CONF3216.
Running xtb_gsolv calculation for CONF3214.
Running xtb_gsolv calculation for CONF3218.
Running xtb_gsolv calculation for CONF3217.
Running xtb_gsolv calculation for CONF3209.
Running xtb_gsolv calculation for CONF3219.
Running xtb_gsolv calculation for CONF3220.
Running xtb_gsolv calculation for CONF3222.
Running xtb_gsolv calculation for CONF3223.
Running xtb_gsolv calculation for CONF3224.
Running xtb_gsolv calculation for CONF3226.
Running xtb_gsolv calculation for CONF3227.
Running xtb_gsolv calculation for CONF3225.
Running xtb_gsolv calculation for CONF3229.
Running xtb_gsolv calculation for CONF3231.
Running xtb_gsolv calculation for CONF3230.
Running xtb_gsolv calculation for CONF3233.
Running xtb_gsolv calculation for CONF3234.
Running xtb_gsolv calculation for CONF3228.
Running xtb_gsolv calculation for CONF3232.
Running xtb_gsolv calculation for CONF3208.
Running xtb_gsolv calculation for CONF3221.
Running xtb_gsolv calculation for CONF3235.
Running xtb_gsolv calculation for CONF3238.
Running xtb_gsolv calculation for CONF3236.
Running xtb_gsolv calculation for CONF3237.
Running sp calculation for CONF1.
Running sp calculation for CONF4.
Running sp calculation for CONF2.
Running sp calculation for CONF5.
Running sp calculation for CONF3.
Running sp calculation for CONF6.
Running sp calculation for CONF8.
Running sp calculation for CONF7.
Running sp calculation for CONF12.
Running sp calculation for CONF11.
Running sp calculation for CONF9.
Running sp calculation for CONF16.
Running sp calculation for CONF13.
Running sp calculation for CONF14.
Running sp calculation for CONF10.
Running sp calculation for CONF15.
Running sp calculation for CONF17.
Running sp calculation for CONF19.
Running sp calculation for CONF21.
Running sp calculation for CONF18.
Running sp calculation for CONF22.
Running sp calculation for CONF24.
Running sp calculation for CONF23.
Running sp calculation for CONF25.
Running sp calculation for CONF20.
Running sp calculation for CONF26.
Running sp calculation for CONF27.
Running sp calculation for CONF29.
Running sp calculation for CONF30.
Running sp calculation for CONF28.
Running sp calculation for CONF31.
Running sp calculation for CONF32.
Running sp calculation for CONF36.
Running sp calculation for CONF33.
Running sp calculation for CONF34.
Running sp calculation for CONF37.
Running sp calculation for CONF35.
Running sp calculation for CONF38.
Running sp calculation for CONF39.
Running sp calculation for CONF40.
Running sp calculation for CONF41.
Running sp calculation for CONF43.
Running sp calculation for CONF44.
Running sp calculation for CONF45.
Running sp calculation for CONF42.
Running sp calculation for CONF46.
Running sp calculation for CONF49.
Running sp calculation for CONF47.
Running sp calculation for CONF48.
Running sp calculation for CONF50.
Running sp calculation for CONF51.
Running sp calculation for CONF64.
Running sp calculation for CONF52.
Running sp calculation for CONF53.
Running sp calculation for CONF54.
Running sp calculation for CONF55.
Running sp calculation for CONF58.
Running sp calculation for CONF65.
Running sp calculation for CONF70.
Running sp calculation for CONF56.
Running sp calculation for CONF57.
Running sp calculation for CONF59.
Running sp calculation for CONF60.
Running sp calculation for CONF75.
Running sp calculation for CONF61.
Running sp calculation for CONF62.
Running sp calculation for CONF67.
Running sp calculation for CONF63.
Running sp calculation for CONF68.
Running sp calculation for CONF78.
Running sp calculation for CONF66.
Running sp calculation for CONF69.
Running sp calculation for CONF71.
Running sp calculation for CONF72.
Running sp calculation for CONF83.
Running sp calculation for CONF73.
Running sp calculation for CONF74.
Running sp calculation for CONF76.
Running sp calculation for CONF77.
Running sp calculation for CONF81.
Running sp calculation for CONF80.
Running sp calculation for CONF79.
Running sp calculation for CONF82.
Running sp calculation for CONF84.
Running sp calculation for CONF104.
Running sp calculation for CONF86.
Running sp calculation for CONF85.
Running sp calculation for CONF87.
Running sp calculation for CONF88.
Running sp calculation for CONF89.
Running sp calculation for CONF90.
Running sp calculation for CONF91.
Running sp calculation for CONF92.
Running sp calculation for CONF93.
Running sp calculation for CONF94.
Running sp calculation for CONF95.
Running sp calculation for CONF97.
Running sp calculation for CONF99.
Running sp calculation for CONF96.
Running sp calculation for CONF98.
Running sp calculation for CONF100.
Running sp calculation for CONF102.
Running sp calculation for CONF101.
Running sp calculation for CONF103.
Running sp calculation for CONF105.
Running sp calculation for CONF106.
Running sp calculation for CONF107.
Running sp calculation for CONF108.
Running sp calculation for CONF112.
Running sp calculation for CONF110.
Running sp calculation for CONF109.
Running sp calculation for CONF122.
Running sp calculation for CONF111.
Running sp calculation for CONF113.
Running sp calculation for CONF115.
Running sp calculation for CONF116.
Running sp calculation for CONF117.
Running sp calculation for CONF118.
Running sp calculation for CONF119.
Running sp calculation for CONF114.
Running sp calculation for CONF121.
Running sp calculation for CONF124.
Running sp calculation for CONF123.
Running sp calculation for CONF125.
Running sp calculation for CONF120.
Running sp calculation for CONF126.
Running sp calculation for CONF127.
Running sp calculation for CONF128.
Running sp calculation for CONF129.
Running sp calculation for CONF130.
Running sp calculation for CONF131.
Running sp calculation for CONF132.
Running sp calculation for CONF133.
Running sp calculation for CONF134.
Running sp calculation for CONF135.
Running sp calculation for CONF136.
Running sp calculation for CONF137.
Running sp calculation for CONF138.
Running sp calculation for CONF139.
Running sp calculation for CONF140.
Running sp calculation for CONF141.
Running sp calculation for CONF142.
Running sp calculation for CONF143.
Running sp calculation for CONF144.
Running sp calculation for CONF145.
Running sp calculation for CONF146.
Running sp calculation for CONF147.
Running sp calculation for CONF148.
Running sp calculation for CONF149.
Running sp calculation for CONF150.
Running sp calculation for CONF151.
Running sp calculation for CONF152.
Running sp calculation for CONF154.
Running sp calculation for CONF153.
Running sp calculation for CONF155.
Running sp calculation for CONF157.
Running sp calculation for CONF158.
Running sp calculation for CONF156.
Running sp calculation for CONF159.
Running sp calculation for CONF160.
Running sp calculation for CONF161.
Running sp calculation for CONF162.
Running sp calculation for CONF163.
Running sp calculation for CONF164.
Running sp calculation for CONF165.
Running sp calculation for CONF166.
Running sp calculation for CONF167.
Running sp calculation for CONF168.
Running sp calculation for CONF169.
Running sp calculation for CONF170.
Running sp calculation for CONF171.
Running sp calculation for CONF172.
Running sp calculation for CONF173.
Running sp calculation for CONF177.
Running sp calculation for CONF182.
Running sp calculation for CONF175.
Running sp calculation for CONF174.
Running sp calculation for CONF176.
Running sp calculation for CONF189.
Running sp calculation for CONF191.
Running sp calculation for CONF178.
Running sp calculation for CONF179.
Running sp calculation for CONF180.
Running sp calculation for CONF181.
Running sp calculation for CONF210.
Running sp calculation for CONF198.
Running sp calculation for CONF184.
Running sp calculation for CONF183.
Running sp calculation for CONF185.
Running sp calculation for CONF186.
Running sp calculation for CONF187.
Running sp calculation for CONF188.
Running sp calculation for CONF190.
Running sp calculation for CONF192.
Running sp calculation for CONF194.
Running sp calculation for CONF193.
Running sp calculation for CONF195.
Running sp calculation for CONF196.
Running sp calculation for CONF197.
Running sp calculation for CONF199.
Running sp calculation for CONF204.
Running sp calculation for CONF200.
Running sp calculation for CONF201.
Running sp calculation for CONF202.
Running sp calculation for CONF203.
Running sp calculation for CONF219.
Running sp calculation for CONF205.
Running sp calculation for CONF206.
Running sp calculation for CONF207.
Running sp calculation for CONF208.
Running sp calculation for CONF209.
Running sp calculation for CONF232.
Running sp calculation for CONF211.
Running sp calculation for CONF212.
Running sp calculation for CONF213.
Running sp calculation for CONF214.
Running sp calculation for CONF223.
Running sp calculation for CONF215.
Running sp calculation for CONF218.
Running sp calculation for CONF216.
Running sp calculation for CONF217.
Running sp calculation for CONF222.
Running sp calculation for CONF229.
Running sp calculation for CONF230.
Running sp calculation for CONF220.
Running sp calculation for CONF233.
Running sp calculation for CONF221.
Running sp calculation for CONF224.
Running sp calculation for CONF225.
Running sp calculation for CONF227.
Running sp calculation for CONF228.
Running sp calculation for CONF226.
Running sp calculation for CONF231.
Running sp calculation for CONF237.
Running sp calculation for CONF235.
Running sp calculation for CONF234.
Running sp calculation for CONF236.
Running sp calculation for CONF238.
Running sp calculation for CONF239.
Running sp calculation for CONF240.
Running sp calculation for CONF249.
Running sp calculation for CONF241.
Running sp calculation for CONF242.
Running sp calculation for CONF243.
Running sp calculation for CONF244.
Running sp calculation for CONF246.
Running sp calculation for CONF247.
Running sp calculation for CONF245.
Running sp calculation for CONF248.
Running sp calculation for CONF252.
Running sp calculation for CONF250.
Running sp calculation for CONF257.
Running sp calculation for CONF251.
Running sp calculation for CONF253.
Running sp calculation for CONF254.
Running sp calculation for CONF255.
Running sp calculation for CONF282.
Running sp calculation for CONF258.
Running sp calculation for CONF256.
Running sp calculation for CONF259.
Running sp calculation for CONF260.
Running sp calculation for CONF261.
Running sp calculation for CONF262.
Running sp calculation for CONF267.
Running sp calculation for CONF263.
Running sp calculation for CONF264.
Running sp calculation for CONF279.
Running sp calculation for CONF265.
Running sp calculation for CONF266.
Running sp calculation for CONF268.
Running sp calculation for CONF281.
Running sp calculation for CONF269.
Running sp calculation for CONF270.
Running sp calculation for CONF271.
Running sp calculation for CONF273.
Running sp calculation for CONF274.
Running sp calculation for CONF275.
Running sp calculation for CONF272.
Running sp calculation for CONF276.
Running sp calculation for CONF277.
Running sp calculation for CONF278.
Running sp calculation for CONF280.
Running sp calculation for CONF283.
Running sp calculation for CONF284.
Running sp calculation for CONF285.
Running sp calculation for CONF286.
Running sp calculation for CONF287.
Running sp calculation for CONF288.
Running sp calculation for CONF295.
Running sp calculation for CONF296.
Running sp calculation for CONF289.
Running sp calculation for CONF290.
Running sp calculation for CONF292.
Running sp calculation for CONF297.
Running sp calculation for CONF291.
Running sp calculation for CONF293.
Running sp calculation for CONF294.
Running sp calculation for CONF298.
Running sp calculation for CONF299.
Running sp calculation for CONF300.
Running sp calculation for CONF323.
Running sp calculation for CONF301.
Running sp calculation for CONF302.
Running sp calculation for CONF303.
Running sp calculation for CONF304.
Running sp calculation for CONF305.
Running sp calculation for CONF306.
Running sp calculation for CONF307.
Running sp calculation for CONF308.
Running sp calculation for CONF315.
Running sp calculation for CONF317.
Running sp calculation for CONF310.
Running sp calculation for CONF318.
Running sp calculation for CONF309.
Running sp calculation for CONF330.
Running sp calculation for CONF311.
Running sp calculation for CONF312.
Running sp calculation for CONF313.
Running sp calculation for CONF314.
Running sp calculation for CONF316.
Running sp calculation for CONF319.
Running sp calculation for CONF320.
Running sp calculation for CONF322.
Running sp calculation for CONF324.
Running sp calculation for CONF321.
Running sp calculation for CONF325.
Running sp calculation for CONF349.
Running sp calculation for CONF326.
Running sp calculation for CONF328.
Running sp calculation for CONF329.
Running sp calculation for CONF327.
Running sp calculation for CONF331.
Running sp calculation for CONF332.
Running sp calculation for CONF333.
Running sp calculation for CONF334.
Running sp calculation for CONF335.
Running sp calculation for CONF336.
Running sp calculation for CONF337.
Running sp calculation for CONF338.
Running sp calculation for CONF344.
Running sp calculation for CONF339.
Running sp calculation for CONF341.
Running sp calculation for CONF340.
Running sp calculation for CONF342.
Running sp calculation for CONF343.
Running sp calculation for CONF345.
Running sp calculation for CONF360.
Running sp calculation for CONF347.
Running sp calculation for CONF346.
Running sp calculation for CONF348.
Running sp calculation for CONF350.
Running sp calculation for CONF352.
Running sp calculation for CONF362.
Running sp calculation for CONF351.
Running sp calculation for CONF353.
Running sp calculation for CONF354.
Running sp calculation for CONF355.
Running sp calculation for CONF356.
Running sp calculation for CONF357.
Running sp calculation for CONF358.
Running sp calculation for CONF359.
Running sp calculation for CONF363.
Running sp calculation for CONF368.
Running sp calculation for CONF361.
Running sp calculation for CONF364.
Running sp calculation for CONF365.
Running sp calculation for CONF366.
Running sp calculation for CONF367.
Running sp calculation for CONF369.
Running sp calculation for CONF392.
Running sp calculation for CONF393.
Running sp calculation for CONF370.
Running sp calculation for CONF371.
Running sp calculation for CONF372.
Running sp calculation for CONF373.
Running sp calculation for CONF374.
Running sp calculation for CONF375.
Running sp calculation for CONF376.
Running sp calculation for CONF382.
Running sp calculation for CONF383.
Running sp calculation for CONF384.
Running sp calculation for CONF377.
Running sp calculation for CONF378.
Running sp calculation for CONF379.
Running sp calculation for CONF380.
Running sp calculation for CONF381.
Running sp calculation for CONF385.
Running sp calculation for CONF386.
Running sp calculation for CONF387.
Running sp calculation for CONF389.
Running sp calculation for CONF390.
Running sp calculation for CONF407.
Running sp calculation for CONF388.
Running sp calculation for CONF391.
Running sp calculation for CONF408.
Running sp calculation for CONF402.
Running sp calculation for CONF395.
Running sp calculation for CONF404.
Running sp calculation for CONF394.
Running sp calculation for CONF396.
Running sp calculation for CONF398.
Running sp calculation for CONF397.
Running sp calculation for CONF399.
Running sp calculation for CONF406.
Running sp calculation for CONF400.
Running sp calculation for CONF401.
Running sp calculation for CONF403.
Running sp calculation for CONF405.
Running sp calculation for CONF409.
Running sp calculation for CONF410.
Running sp calculation for CONF411.
Running sp calculation for CONF412.
Running sp calculation for CONF413.
Running sp calculation for CONF414.
Running sp calculation for CONF415.
Running sp calculation for CONF416.
Running sp calculation for CONF417.
Running sp calculation for CONF418.
Running sp calculation for CONF419.
Running sp calculation for CONF421.
Running sp calculation for CONF422.
Running sp calculation for CONF423.
Running sp calculation for CONF420.
Running sp calculation for CONF429.
Running sp calculation for CONF431.
Running sp calculation for CONF424.
Running sp calculation for CONF425.
Running sp calculation for CONF426.
Running sp calculation for CONF427.
Running sp calculation for CONF428.
Running sp calculation for CONF430.
Running sp calculation for CONF432.
Running sp calculation for CONF433.
Running sp calculation for CONF434.
Running sp calculation for CONF454.
Running sp calculation for CONF435.
Running sp calculation for CONF436.
Running sp calculation for CONF437.
Running sp calculation for CONF438.
Running sp calculation for CONF439.
Running sp calculation for CONF442.
Running sp calculation for CONF440.
Running sp calculation for CONF441.
Running sp calculation for CONF443.
Running sp calculation for CONF444.
Running sp calculation for CONF472.
Running sp calculation for CONF478.
Running sp calculation for CONF445.
Running sp calculation for CONF446.
Running sp calculation for CONF447.
Running sp calculation for CONF448.
Running sp calculation for CONF449.
Running sp calculation for CONF450.
Running sp calculation for CONF451.
Running sp calculation for CONF453.
Running sp calculation for CONF452.
Running sp calculation for CONF456.
Running sp calculation for CONF457.
Running sp calculation for CONF461.
Running sp calculation for CONF455.
Running sp calculation for CONF483.
Running sp calculation for CONF460.
Running sp calculation for CONF485.
Running sp calculation for CONF458.
Running sp calculation for CONF463.
Running sp calculation for CONF462.
Running sp calculation for CONF464.
Running sp calculation for CONF465.
Running sp calculation for CONF459.
Running sp calculation for CONF466.
Running sp calculation for CONF477.
Running sp calculation for CONF467.
Running sp calculation for CONF471.
Running sp calculation for CONF468.
Running sp calculation for CONF469.
Running sp calculation for CONF470.
Running sp calculation for CONF473.
Running sp calculation for CONF474.
Running sp calculation for CONF475.
Running sp calculation for CONF476.
Running sp calculation for CONF479.
Running sp calculation for CONF480.
Running sp calculation for CONF481.
Running sp calculation for CONF484.
Running sp calculation for CONF482.
Running sp calculation for CONF486.
Running sp calculation for CONF506.
Running sp calculation for CONF488.
Running sp calculation for CONF487.
Running sp calculation for CONF489.
Running sp calculation for CONF490.
Running sp calculation for CONF491.
Running sp calculation for CONF492.
Running sp calculation for CONF493.
Running sp calculation for CONF494.
Running sp calculation for CONF495.
Running sp calculation for CONF500.
Running sp calculation for CONF496.
Running sp calculation for CONF497.
Running sp calculation for CONF498.
Running sp calculation for CONF499.
Running sp calculation for CONF501.
Running sp calculation for CONF502.
Running sp calculation for CONF503.
Running sp calculation for CONF504.
Running sp calculation for CONF505.
Running sp calculation for CONF507.
Running sp calculation for CONF508.
Running sp calculation for CONF509.
Running sp calculation for CONF510.
Running sp calculation for CONF515.
Running sp calculation for CONF546.
Running sp calculation for CONF511.
Running sp calculation for CONF516.
Running sp calculation for CONF512.
Running sp calculation for CONF513.
Running sp calculation for CONF514.
Running sp calculation for CONF517.
Running sp calculation for CONF518.
Running sp calculation for CONF519.
Running sp calculation for CONF520.
Running sp calculation for CONF521.
Running sp calculation for CONF522.
Running sp calculation for CONF523.
Running sp calculation for CONF524.
Running sp calculation for CONF525.
Running sp calculation for CONF526.
Running sp calculation for CONF527.
Running sp calculation for CONF528.
Running sp calculation for CONF529.
Running sp calculation for CONF530.
Running sp calculation for CONF531.
Running sp calculation for CONF532.
Running sp calculation for CONF533.
Running sp calculation for CONF534.
Running sp calculation for CONF535.
Running sp calculation for CONF541.
Running sp calculation for CONF536.
Running sp calculation for CONF537.
Running sp calculation for CONF538.
Running sp calculation for CONF542.
Running sp calculation for CONF545.
Running sp calculation for CONF539.
Running sp calculation for CONF540.
Running sp calculation for CONF543.
Running sp calculation for CONF544.
Running sp calculation for CONF547.
Running sp calculation for CONF548.
Running sp calculation for CONF549.
Running sp calculation for CONF550.
Running sp calculation for CONF551.
Running sp calculation for CONF552.
Running sp calculation for CONF554.
Running sp calculation for CONF553.
Running sp calculation for CONF555.
Running sp calculation for CONF556.
Running sp calculation for CONF557.
Running sp calculation for CONF558.
Running sp calculation for CONF560.
Running sp calculation for CONF559.
Running sp calculation for CONF561.
Running sp calculation for CONF562.
Running sp calculation for CONF566.
Running sp calculation for CONF564.
Running sp calculation for CONF563.
Running sp calculation for CONF565.
Running sp calculation for CONF570.
Running sp calculation for CONF569.
Running sp calculation for CONF567.
Running sp calculation for CONF584.
Running sp calculation for CONF568.
Running sp calculation for CONF571.
Running sp calculation for CONF572.
Running sp calculation for CONF573.
Running sp calculation for CONF574.
Running sp calculation for CONF575.
Running sp calculation for CONF577.
Running sp calculation for CONF578.
Running sp calculation for CONF579.
Running sp calculation for CONF576.
Running sp calculation for CONF580.
Running sp calculation for CONF582.
Running sp calculation for CONF583.
Running sp calculation for CONF581.
Running sp calculation for CONF586.
Running sp calculation for CONF585.
Running sp calculation for CONF590.
Running sp calculation for CONF587.
Running sp calculation for CONF588.
Running sp calculation for CONF589.
Running sp calculation for CONF591.
Running sp calculation for CONF616.
Running sp calculation for CONF592.
Running sp calculation for CONF594.
Running sp calculation for CONF593.
Running sp calculation for CONF597.
Running sp calculation for CONF596.
Running sp calculation for CONF598.
Running sp calculation for CONF595.
Running sp calculation for CONF631.
Running sp calculation for CONF632.
Running sp calculation for CONF633.
Running sp calculation for CONF599.
Running sp calculation for CONF600.
Running sp calculation for CONF601.
Running sp calculation for CONF602.
Running sp calculation for CONF603.
Running sp calculation for CONF604.
Running sp calculation for CONF606.
Running sp calculation for CONF608.
Running sp calculation for CONF607.
Running sp calculation for CONF609.
Running sp calculation for CONF610.
Running sp calculation for CONF605.
Running sp calculation for CONF611.
Running sp calculation for CONF612.
Running sp calculation for CONF615.
Running sp calculation for CONF614.
Running sp calculation for CONF613.
Running sp calculation for CONF617.
Running sp calculation for CONF618.
Running sp calculation for CONF619.
Running sp calculation for CONF620.
Running sp calculation for CONF622.
Running sp calculation for CONF624.
Running sp calculation for CONF621.
Running sp calculation for CONF623.
Running sp calculation for CONF625.
Running sp calculation for CONF627.
Running sp calculation for CONF626.
Running sp calculation for CONF628.
Running sp calculation for CONF629.
Running sp calculation for CONF630.
Running sp calculation for CONF634.
Running sp calculation for CONF635.
Running sp calculation for CONF636.
Running sp calculation for CONF637.
Running sp calculation for CONF638.
Running sp calculation for CONF639.
Running sp calculation for CONF640.
Running sp calculation for CONF641.
Running sp calculation for CONF642.
Running sp calculation for CONF643.
Running sp calculation for CONF644.
Running sp calculation for CONF669.
Running sp calculation for CONF645.
Running sp calculation for CONF646.
Running sp calculation for CONF648.
Running sp calculation for CONF647.
Running sp calculation for CONF673.
Running sp calculation for CONF684.
Running sp calculation for CONF667.
Running sp calculation for CONF668.
Running sp calculation for CONF649.
Running sp calculation for CONF674.
Running sp calculation for CONF650.
Running sp calculation for CONF651.
Running sp calculation for CONF652.
Running sp calculation for CONF653.
Running sp calculation for CONF656.
Running sp calculation for CONF657.
Running sp calculation for CONF654.
Running sp calculation for CONF658.
Running sp calculation for CONF655.
Running sp calculation for CONF659.
Running sp calculation for CONF660.
Running sp calculation for CONF661.
Running sp calculation for CONF697.
Running sp calculation for CONF662.
Running sp calculation for CONF681.
Running sp calculation for CONF676.
Running sp calculation for CONF663.
Running sp calculation for CONF664.
Running sp calculation for CONF665.
Running sp calculation for CONF666.
Running sp calculation for CONF706.
Running sp calculation for CONF670.
Running sp calculation for CONF672.
Running sp calculation for CONF671.
Running sp calculation for CONF675.
Running sp calculation for CONF677.
Running sp calculation for CONF678.
Running sp calculation for CONF679.
Running sp calculation for CONF680.
Running sp calculation for CONF682.
Running sp calculation for CONF685.
Running sp calculation for CONF683.
Running sp calculation for CONF686.
Running sp calculation for CONF688.
Running sp calculation for CONF689.
Running sp calculation for CONF692.
Running sp calculation for CONF690.
Running sp calculation for CONF687.
Running sp calculation for CONF691.
Running sp calculation for CONF693.
Running sp calculation for CONF694.
Running sp calculation for CONF695.
Running sp calculation for CONF696.
Running sp calculation for CONF735.
Running sp calculation for CONF728.
Running sp calculation for CONF699.
Running sp calculation for CONF698.
Running sp calculation for CONF700.
Running sp calculation for CONF701.
Running sp calculation for CONF702.
Running sp calculation for CONF703.
Running sp calculation for CONF704.
Running sp calculation for CONF705.
Running sp calculation for CONF712.
Running sp calculation for CONF707.
Running sp calculation for CONF708.
Running sp calculation for CONF709.
Running sp calculation for CONF711.
Running sp calculation for CONF710.
Running sp calculation for CONF713.
Running sp calculation for CONF715.
Running sp calculation for CONF716.
Running sp calculation for CONF717.
Running sp calculation for CONF714.
Running sp calculation for CONF718.
Running sp calculation for CONF757.
Running sp calculation for CONF720.
Running sp calculation for CONF721.
Running sp calculation for CONF719.
Running sp calculation for CONF722.
Running sp calculation for CONF723.
Running sp calculation for CONF725.
Running sp calculation for CONF724.
Running sp calculation for CONF726.
Running sp calculation for CONF727.
Running sp calculation for CONF729.
Running sp calculation for CONF730.
Running sp calculation for CONF732.
Running sp calculation for CONF731.
Running sp calculation for CONF734.
Running sp calculation for CONF733.
Running sp calculation for CONF736.
Running sp calculation for CONF738.
Running sp calculation for CONF737.
Running sp calculation for CONF741.
Running sp calculation for CONF758.
Running sp calculation for CONF739.
Running sp calculation for CONF740.
Running sp calculation for CONF743.
Running sp calculation for CONF742.
Running sp calculation for CONF744.
Running sp calculation for CONF745.
Running sp calculation for CONF753.
Running sp calculation for CONF746.
Running sp calculation for CONF747.
Running sp calculation for CONF749.
Running sp calculation for CONF748.
Running sp calculation for CONF750.
Running sp calculation for CONF751.
Running sp calculation for CONF752.
Running sp calculation for CONF754.
Running sp calculation for CONF755.
Running sp calculation for CONF759.
Running sp calculation for CONF756.
Running sp calculation for CONF762.
Running sp calculation for CONF764.
Running sp calculation for CONF769.
Running sp calculation for CONF760.
Running sp calculation for CONF763.
Running sp calculation for CONF765.
Running sp calculation for CONF761.
Running sp calculation for CONF766.
Running sp calculation for CONF767.
Running sp calculation for CONF768.
Running sp calculation for CONF770.
Running sp calculation for CONF771.
Running sp calculation for CONF772.
Running sp calculation for CONF773.
Running sp calculation for CONF774.
Running sp calculation for CONF775.
Running sp calculation for CONF777.
Running sp calculation for CONF776.
Running sp calculation for CONF778.
Running sp calculation for CONF779.
Running sp calculation for CONF783.
Running sp calculation for CONF780.
Running sp calculation for CONF781.
Running sp calculation for CONF782.
Running sp calculation for CONF784.
Running sp calculation for CONF785.
Running sp calculation for CONF790.
Running sp calculation for CONF786.
Running sp calculation for CONF795.
Running sp calculation for CONF831.
Running sp calculation for CONF792.
Running sp calculation for CONF787.
Running sp calculation for CONF788.
Running sp calculation for CONF789.
Running sp calculation for CONF791.
Running sp calculation for CONF794.
Running sp calculation for CONF793.
Running sp calculation for CONF796.
Running sp calculation for CONF797.
Running sp calculation for CONF798.
Running sp calculation for CONF799.
Running sp calculation for CONF800.
Running sp calculation for CONF801.
Running sp calculation for CONF802.
Running sp calculation for CONF803.
Running sp calculation for CONF807.
Running sp calculation for CONF804.
Running sp calculation for CONF806.
Running sp calculation for CONF808.
Running sp calculation for CONF805.
Running sp calculation for CONF810.
Running sp calculation for CONF809.
Running sp calculation for CONF811.
Running sp calculation for CONF812.
Running sp calculation for CONF813.
Running sp calculation for CONF824.
Running sp calculation for CONF814.
Running sp calculation for CONF815.
Running sp calculation for CONF816.
Running sp calculation for CONF817.
Running sp calculation for CONF818.
Running sp calculation for CONF819.
Running sp calculation for CONF820.
Running sp calculation for CONF821.
Running sp calculation for CONF822.
Running sp calculation for CONF823.
Running sp calculation for CONF825.
Running sp calculation for CONF826.
Running sp calculation for CONF827.
Running sp calculation for CONF830.
Running sp calculation for CONF828.
Running sp calculation for CONF829.
Running sp calculation for CONF846.
Running sp calculation for CONF832.
Running sp calculation for CONF834.
Running sp calculation for CONF850.
Running sp calculation for CONF833.
Running sp calculation for CONF835.
Running sp calculation for CONF836.
Running sp calculation for CONF848.
Running sp calculation for CONF859.
Running sp calculation for CONF837.
Running sp calculation for CONF842.
Running sp calculation for CONF838.
Running sp calculation for CONF839.
Running sp calculation for CONF841.
Running sp calculation for CONF843.
Running sp calculation for CONF844.
Running sp calculation for CONF840.
Running sp calculation for CONF847.
Running sp calculation for CONF849.
Running sp calculation for CONF845.
Running sp calculation for CONF852.
Running sp calculation for CONF853.
Running sp calculation for CONF851.
Running sp calculation for CONF854.
Running sp calculation for CONF855.
Running sp calculation for CONF856.
Running sp calculation for CONF857.
Running sp calculation for CONF858.
Running sp calculation for CONF864.
Running sp calculation for CONF860.
Running sp calculation for CONF861.
Running sp calculation for CONF862.
Running sp calculation for CONF863.
Running sp calculation for CONF874.
Running sp calculation for CONF865.
Running sp calculation for CONF866.
Running sp calculation for CONF867.
Running sp calculation for CONF869.
Running sp calculation for CONF868.
Running sp calculation for CONF870.
Running sp calculation for CONF871.
Running sp calculation for CONF872.
Running sp calculation for CONF873.
Running sp calculation for CONF915.
Running sp calculation for CONF876.
Running sp calculation for CONF877.
Running sp calculation for CONF875.
Running sp calculation for CONF878.
Running sp calculation for CONF879.
Running sp calculation for CONF898.
Running sp calculation for CONF880.
Running sp calculation for CONF881.
Running sp calculation for CONF882.
Running sp calculation for CONF883.
Running sp calculation for CONF886.
Running sp calculation for CONF884.
Running sp calculation for CONF885.
Running sp calculation for CONF888.
Running sp calculation for CONF887.
Running sp calculation for CONF889.
Running sp calculation for CONF890.
Running sp calculation for CONF891.
Running sp calculation for CONF893.
Running sp calculation for CONF892.
Running sp calculation for CONF894.
Running sp calculation for CONF895.
Running sp calculation for CONF896.
Running sp calculation for CONF897.
Running sp calculation for CONF899.
Running sp calculation for CONF900.
Running sp calculation for CONF901.
Running sp calculation for CONF902.
Running sp calculation for CONF914.
Running sp calculation for CONF932.
Running sp calculation for CONF903.
Running sp calculation for CONF904.
Running sp calculation for CONF916.
Running sp calculation for CONF918.
Running sp calculation for CONF906.
Running sp calculation for CONF905.
Running sp calculation for CONF907.
Running sp calculation for CONF908.
Running sp calculation for CONF913.
Running sp calculation for CONF909.
Running sp calculation for CONF910.
Running sp calculation for CONF911.
Running sp calculation for CONF912.
Running sp calculation for CONF917.
Running sp calculation for CONF919.
Running sp calculation for CONF934.
Running sp calculation for CONF920.
Running sp calculation for CONF921.
Running sp calculation for CONF939.
Running sp calculation for CONF922.
Running sp calculation for CONF923.
Running sp calculation for CONF924.
Running sp calculation for CONF925.
Running sp calculation for CONF926.
Running sp calculation for CONF927.
Running sp calculation for CONF931.
Running sp calculation for CONF928.
Running sp calculation for CONF929.
Running sp calculation for CONF930.
Running sp calculation for CONF933.
Running sp calculation for CONF936.
Running sp calculation for CONF935.
Running sp calculation for CONF937.
Running sp calculation for CONF941.
Running sp calculation for CONF938.
Running sp calculation for CONF940.
Running sp calculation for CONF963.
Running sp calculation for CONF942.
Running sp calculation for CONF943.
Running sp calculation for CONF944.
Running sp calculation for CONF945.
Running sp calculation for CONF946.
Running sp calculation for CONF947.
Running sp calculation for CONF948.
Running sp calculation for CONF949.
Running sp calculation for CONF950.
Running sp calculation for CONF953.
Running sp calculation for CONF952.
Running sp calculation for CONF951.
Running sp calculation for CONF965.
Running sp calculation for CONF954.
Running sp calculation for CONF955.
Running sp calculation for CONF956.
Running sp calculation for CONF960.
Running sp calculation for CONF957.
Running sp calculation for CONF958.
Running sp calculation for CONF959.
Running sp calculation for CONF961.
Running sp calculation for CONF962.
Running sp calculation for CONF964.
Running sp calculation for CONF974.
Running sp calculation for CONF966.
Running sp calculation for CONF968.
Running sp calculation for CONF976.
Running sp calculation for CONF967.
Running sp calculation for CONF969.
Running sp calculation for CONF970.
Running sp calculation for CONF978.
Running sp calculation for CONF972.
Running sp calculation for CONF971.
Running sp calculation for CONF975.
Running sp calculation for CONF973.
Running sp calculation for CONF977.
Running sp calculation for CONF986.
Running sp calculation for CONF979.
Running sp calculation for CONF980.
Running sp calculation for CONF981.
Running sp calculation for CONF982.
Running sp calculation for CONF983.
Running sp calculation for CONF984.
Running sp calculation for CONF985.
Running sp calculation for CONF987.
Running sp calculation for CONF989.
Running sp calculation for CONF988.
Running sp calculation for CONF992.
Running sp calculation for CONF990.
Running sp calculation for CONF993.
Running sp calculation for CONF991.
Running sp calculation for CONF994.
Running sp calculation for CONF995.
Running sp calculation for CONF996.
Running sp calculation for CONF1000.
Running sp calculation for CONF997.
Running sp calculation for CONF998.
Running sp calculation for CONF999.
Running sp calculation for CONF1001.
Running sp calculation for CONF1002.
Running sp calculation for CONF1003.
Running sp calculation for CONF1004.
Running sp calculation for CONF1006.
Running sp calculation for CONF1008.
Running sp calculation for CONF1007.
Running sp calculation for CONF1009.
Running sp calculation for CONF1005.
Running sp calculation for CONF1011.
Running sp calculation for CONF1010.
Running sp calculation for CONF1012.
Running sp calculation for CONF1013.
Running sp calculation for CONF1014.
Running sp calculation for CONF1015.
Running sp calculation for CONF1016.
Running sp calculation for CONF1017.
Running sp calculation for CONF1021.
Running sp calculation for CONF1018.
Running sp calculation for CONF1019.
Running sp calculation for CONF1020.
Running sp calculation for CONF1022.
Running sp calculation for CONF1023.
Running sp calculation for CONF1025.
Running sp calculation for CONF1024.
Running sp calculation for CONF1026.
Running sp calculation for CONF1027.
Running sp calculation for CONF1082.
Running sp calculation for CONF1028.
Running sp calculation for CONF1031.
Running sp calculation for CONF1029.
Running sp calculation for CONF1030.
Running sp calculation for CONF1032.
Running sp calculation for CONF1033.
Running sp calculation for CONF1034.
Running sp calculation for CONF1038.
Running sp calculation for CONF1035.
Running sp calculation for CONF1037.
Running sp calculation for CONF1036.
Running sp calculation for CONF1081.
Running sp calculation for CONF1078.
Running sp calculation for CONF1039.
Running sp calculation for CONF1084.
Running sp calculation for CONF1040.
Running sp calculation for CONF1041.
Running sp calculation for CONF1044.
Running sp calculation for CONF1046.
Running sp calculation for CONF1042.
Running sp calculation for CONF1043.
Running sp calculation for CONF1045.
Running sp calculation for CONF1077.
Running sp calculation for CONF1055.
Running sp calculation for CONF1047.
Running sp calculation for CONF1048.
Running sp calculation for CONF1050.
Running sp calculation for CONF1051.
Running sp calculation for CONF1049.
Running sp calculation for CONF1092.
Running sp calculation for CONF1052.
Running sp calculation for CONF1054.
Running sp calculation for CONF1053.
Running sp calculation for CONF1056.
Running sp calculation for CONF1057.
Running sp calculation for CONF1058.
Running sp calculation for CONF1064.
Running sp calculation for CONF1059.
Running sp calculation for CONF1060.
Running sp calculation for CONF1061.
Running sp calculation for CONF1063.
Running sp calculation for CONF1062.
Running sp calculation for CONF1065.
Running sp calculation for CONF1112.
Running sp calculation for CONF1066.
Running sp calculation for CONF1067.
Running sp calculation for CONF1068.
Running sp calculation for CONF1069.
Running sp calculation for CONF1070.
Running sp calculation for CONF1071.
Running sp calculation for CONF1072.
Running sp calculation for CONF1073.
Running sp calculation for CONF1074.
Running sp calculation for CONF1075.
Running sp calculation for CONF1076.
Running sp calculation for CONF1079.
Running sp calculation for CONF1083.
Running sp calculation for CONF1080.
Running sp calculation for CONF1086.
Running sp calculation for CONF1109.
Running sp calculation for CONF1085.
Running sp calculation for CONF1087.
Running sp calculation for CONF1088.
Running sp calculation for CONF1089.
Running sp calculation for CONF1090.
Running sp calculation for CONF1091.
Running sp calculation for CONF1093.
Running sp calculation for CONF1094.
Running sp calculation for CONF1095.
Running sp calculation for CONF1096.
Running sp calculation for CONF1097.
Running sp calculation for CONF1098.
Running sp calculation for CONF1099.
Running sp calculation for CONF1100.
Running sp calculation for CONF1101.
Running sp calculation for CONF1102.
Running sp calculation for CONF1103.
Running sp calculation for CONF1104.
Running sp calculation for CONF1105.
Running sp calculation for CONF1106.
Running sp calculation for CONF1107.
Running sp calculation for CONF1110.
Running sp calculation for CONF1108.
Running sp calculation for CONF1111.
Running sp calculation for CONF1113.
Running sp calculation for CONF1115.
Running sp calculation for CONF1116.
Running sp calculation for CONF1119.
Running sp calculation for CONF1117.
Running sp calculation for CONF1114.
Running sp calculation for CONF1121.
Running sp calculation for CONF1118.
Running sp calculation for CONF1120.
Running sp calculation for CONF1129.
Running sp calculation for CONF1122.
Running sp calculation for CONF1150.
Running sp calculation for CONF1127.
Running sp calculation for CONF1123.
Running sp calculation for CONF1126.
Running sp calculation for CONF1125.
Running sp calculation for CONF1124.
Running sp calculation for CONF1128.
Running sp calculation for CONF1130.
Running sp calculation for CONF1131.
Running sp calculation for CONF1133.
Running sp calculation for CONF1134.
Running sp calculation for CONF1132.
Running sp calculation for CONF1135.
Running sp calculation for CONF1136.
Running sp calculation for CONF1137.
Running sp calculation for CONF1138.
Running sp calculation for CONF1139.
Running sp calculation for CONF1140.
Running sp calculation for CONF1141.
Running sp calculation for CONF1142.
Running sp calculation for CONF1143.
Running sp calculation for CONF1144.
Running sp calculation for CONF1145.
Running sp calculation for CONF1152.
Running sp calculation for CONF1146.
Running sp calculation for CONF1148.
Running sp calculation for CONF1149.
Running sp calculation for CONF1147.
Running sp calculation for CONF1151.
Running sp calculation for CONF1153.
Running sp calculation for CONF1154.
Running sp calculation for CONF1155.
Running sp calculation for CONF1156.
Running sp calculation for CONF1157.
Running sp calculation for CONF1159.
Running sp calculation for CONF1158.
Running sp calculation for CONF1160.
Running sp calculation for CONF1161.
Running sp calculation for CONF1200.
Running sp calculation for CONF1162.
Running sp calculation for CONF1163.
Running sp calculation for CONF1164.
Running sp calculation for CONF1165.
Running sp calculation for CONF1166.
Running sp calculation for CONF1167.
Running sp calculation for CONF1168.
Running sp calculation for CONF1169.
Running sp calculation for CONF1170.
Running sp calculation for CONF1171.
Running sp calculation for CONF1172.
Running sp calculation for CONF1173.
Running sp calculation for CONF1174.
Running sp calculation for CONF1175.
Running sp calculation for CONF1176.
Running sp calculation for CONF1177.
Running sp calculation for CONF1178.
Running sp calculation for CONF1179.
Running sp calculation for CONF1180.
Running sp calculation for CONF1181.
Running sp calculation for CONF1182.
Running sp calculation for CONF1183.
Running sp calculation for CONF1184.
Running sp calculation for CONF1185.
Running sp calculation for CONF1211.
Running sp calculation for CONF1186.
Running sp calculation for CONF1201.
Running sp calculation for CONF1229.
Running sp calculation for CONF1187.
Running sp calculation for CONF1188.
Running sp calculation for CONF1189.
Running sp calculation for CONF1190.
Running sp calculation for CONF1192.
Running sp calculation for CONF1191.
Running sp calculation for CONF1195.
Running sp calculation for CONF1196.
Running sp calculation for CONF1193.
Running sp calculation for CONF1194.
Running sp calculation for CONF1197.
Running sp calculation for CONF1198.
Running sp calculation for CONF1199.
Running sp calculation for CONF1204.
Running sp calculation for CONF1202.
Running sp calculation for CONF1254.
Running sp calculation for CONF1203.
Running sp calculation for CONF1205.
Running sp calculation for CONF1206.
Running sp calculation for CONF1207.
Running sp calculation for CONF1208.
Running sp calculation for CONF1209.
Running sp calculation for CONF1210.
Running sp calculation for CONF1212.
Running sp calculation for CONF1213.
Running sp calculation for CONF1217.
Running sp calculation for CONF1214.
Running sp calculation for CONF1215.
Running sp calculation for CONF1216.
Running sp calculation for CONF1218.
Running sp calculation for CONF1219.
Running sp calculation for CONF1220.
Running sp calculation for CONF1227.
Running sp calculation for CONF1221.
Running sp calculation for CONF1222.
Running sp calculation for CONF1223.
Running sp calculation for CONF1224.
Running sp calculation for CONF1230.
Running sp calculation for CONF1225.
Running sp calculation for CONF1232.
Running sp calculation for CONF1234.
Running sp calculation for CONF1226.
Running sp calculation for CONF1259.
Running sp calculation for CONF1228.
Running sp calculation for CONF1231.
Running sp calculation for CONF1233.
Running sp calculation for CONF1236.
Running sp calculation for CONF1235.
Running sp calculation for CONF1237.
Running sp calculation for CONF1238.
Running sp calculation for CONF1239.
Running sp calculation for CONF1240.
Running sp calculation for CONF1241.
Running sp calculation for CONF1242.
Running sp calculation for CONF1243.
Running sp calculation for CONF1245.
Running sp calculation for CONF1244.
Running sp calculation for CONF1246.
Running sp calculation for CONF1247.
Running sp calculation for CONF1249.
Running sp calculation for CONF1248.
Running sp calculation for CONF1250.
Running sp calculation for CONF1251.
Running sp calculation for CONF1252.
Running sp calculation for CONF1257.
Running sp calculation for CONF1294.
Running sp calculation for CONF1296.
Running sp calculation for CONF1253.
Running sp calculation for CONF1282.
Running sp calculation for CONF1255.
Running sp calculation for CONF1256.
Running sp calculation for CONF1258.
Running sp calculation for CONF1276.
Running sp calculation for CONF1260.
Running sp calculation for CONF1261.
Running sp calculation for CONF1269.
Running sp calculation for CONF1262.
Running sp calculation for CONF1263.
Running sp calculation for CONF1264.
Running sp calculation for CONF1274.
Running sp calculation for CONF1265.
Running sp calculation for CONF1266.
Running sp calculation for CONF1285.
Running sp calculation for CONF1271.
Running sp calculation for CONF1267.
Running sp calculation for CONF1268.
Running sp calculation for CONF1270.
Running sp calculation for CONF1273.
Running sp calculation for CONF1275.
Running sp calculation for CONF1272.
Running sp calculation for CONF1277.
Running sp calculation for CONF1279.
Running sp calculation for CONF1278.
Running sp calculation for CONF1280.
Running sp calculation for CONF1281.
Running sp calculation for CONF1286.
Running sp calculation for CONF1284.
Running sp calculation for CONF1283.
Running sp calculation for CONF1287.
Running sp calculation for CONF1288.
Running sp calculation for CONF1292.
Running sp calculation for CONF1298.
Running sp calculation for CONF1289.
Running sp calculation for CONF1290.
Running sp calculation for CONF1291.
Running sp calculation for CONF1293.
Running sp calculation for CONF1295.
Running sp calculation for CONF1297.
Running sp calculation for CONF1299.
Running sp calculation for CONF1301.
Running sp calculation for CONF1302.
Running sp calculation for CONF1309.
Running sp calculation for CONF1300.
Running sp calculation for CONF1303.
Running sp calculation for CONF1304.
Running sp calculation for CONF1305.
Running sp calculation for CONF1306.
Running sp calculation for CONF1308.
Running sp calculation for CONF1307.
Running sp calculation for CONF1310.
Running sp calculation for CONF1311.
Running sp calculation for CONF1312.
Running sp calculation for CONF1315.
Running sp calculation for CONF1313.
Running sp calculation for CONF1314.
Running sp calculation for CONF1316.
Running sp calculation for CONF1317.
Running sp calculation for CONF1318.
Running sp calculation for CONF1319.
Running sp calculation for CONF1320.
Running sp calculation for CONF1321.
Running sp calculation for CONF1322.
Running sp calculation for CONF1323.
Running sp calculation for CONF1327.
Running sp calculation for CONF1324.
Running sp calculation for CONF1325.
Running sp calculation for CONF1326.
Running sp calculation for CONF1328.
Running sp calculation for CONF1329.
Running sp calculation for CONF1330.
Running sp calculation for CONF1331.
Running sp calculation for CONF1380.
Running sp calculation for CONF1332.
Running sp calculation for CONF1333.
Running sp calculation for CONF1334.
Running sp calculation for CONF1335.
Running sp calculation for CONF1336.
Running sp calculation for CONF1337.
Running sp calculation for CONF1338.
Running sp calculation for CONF1339.
Running sp calculation for CONF1340.
Running sp calculation for CONF1341.
Running sp calculation for CONF1342.
Running sp calculation for CONF1343.
Running sp calculation for CONF1344.
Running sp calculation for CONF1345.
Running sp calculation for CONF1346.
Running sp calculation for CONF1347.
Running sp calculation for CONF1348.
Running sp calculation for CONF1349.
Running sp calculation for CONF1353.
Running sp calculation for CONF1354.
Running sp calculation for CONF1386.
Running sp calculation for CONF1350.
Running sp calculation for CONF1351.
Running sp calculation for CONF1358.
Running sp calculation for CONF1352.
Running sp calculation for CONF1355.
Running sp calculation for CONF1356.
Running sp calculation for CONF1357.
Running sp calculation for CONF1362.
Running sp calculation for CONF1359.
Running sp calculation for CONF1360.
Running sp calculation for CONF1361.
Running sp calculation for CONF1363.
Running sp calculation for CONF1366.
Running sp calculation for CONF1364.
Running sp calculation for CONF1365.
Running sp calculation for CONF1367.
Running sp calculation for CONF1368.
Running sp calculation for CONF1377.
Running sp calculation for CONF1405.
Running sp calculation for CONF1372.
Running sp calculation for CONF1369.
Running sp calculation for CONF1370.
Running sp calculation for CONF1373.
Running sp calculation for CONF1371.
Running sp calculation for CONF1374.
Running sp calculation for CONF1375.
Running sp calculation for CONF1376.
Running sp calculation for CONF1378.
Running sp calculation for CONF1379.
Running sp calculation for CONF1381.
Running sp calculation for CONF1383.
Running sp calculation for CONF1382.
Running sp calculation for CONF1384.
Running sp calculation for CONF1385.
Running sp calculation for CONF1388.
Running sp calculation for CONF1387.
Running sp calculation for CONF1389.
Running sp calculation for CONF1391.
Running sp calculation for CONF1390.
Running sp calculation for CONF1392.
Running sp calculation for CONF1393.
Running sp calculation for CONF1394.
Running sp calculation for CONF1395.
Running sp calculation for CONF1396.
Running sp calculation for CONF1403.
Running sp calculation for CONF1423.
Running sp calculation for CONF1397.
Running sp calculation for CONF1398.
Running sp calculation for CONF1399.
Running sp calculation for CONF1400.
Running sp calculation for CONF1402.
Running sp calculation for CONF1401.
Running sp calculation for CONF1407.
Running sp calculation for CONF1404.
Running sp calculation for CONF1408.
Running sp calculation for CONF1409.
Running sp calculation for CONF1406.
Running sp calculation for CONF1410.
Running sp calculation for CONF1411.
Running sp calculation for CONF1412.
Running sp calculation for CONF1413.
Running sp calculation for CONF1414.
Running sp calculation for CONF1415.
Running sp calculation for CONF1419.
Running sp calculation for CONF1416.
Running sp calculation for CONF1421.
Running sp calculation for CONF1418.
Running sp calculation for CONF1417.
Running sp calculation for CONF1420.
Running sp calculation for CONF1422.
Running sp calculation for CONF1424.
Running sp calculation for CONF1425.
Running sp calculation for CONF1427.
Running sp calculation for CONF1428.
Running sp calculation for CONF1426.
Running sp calculation for CONF1429.
Running sp calculation for CONF1430.
Running sp calculation for CONF1431.
Running sp calculation for CONF1432.
Running sp calculation for CONF1433.
Running sp calculation for CONF1434.
Running sp calculation for CONF1435.
Running sp calculation for CONF1436.
Running sp calculation for CONF1437.
Running sp calculation for CONF1438.
Running sp calculation for CONF1459.
Running sp calculation for CONF1439.
Running sp calculation for CONF1440.
Running sp calculation for CONF1441.
Running sp calculation for CONF1443.
Running sp calculation for CONF1442.
Running sp calculation for CONF1444.
Running sp calculation for CONF1445.
Running sp calculation for CONF1446.
Running sp calculation for CONF1447.
Running sp calculation for CONF1448.
Running sp calculation for CONF1449.
Running sp calculation for CONF1450.
Running sp calculation for CONF1463.
Running sp calculation for CONF1464.
Running sp calculation for CONF1451.
Running sp calculation for CONF1452.
Running sp calculation for CONF1453.
Running sp calculation for CONF1455.
Running sp calculation for CONF1454.
Running sp calculation for CONF1462.
Running sp calculation for CONF1457.
Running sp calculation for CONF1456.
Running sp calculation for CONF1458.
Running sp calculation for CONF1460.
Running sp calculation for CONF1461.
Running sp calculation for CONF1466.
Running sp calculation for CONF1465.
Running sp calculation for CONF1467.
Running sp calculation for CONF1468.
Running sp calculation for CONF1469.
Running sp calculation for CONF1471.
Running sp calculation for CONF1472.
Running sp calculation for CONF1470.
Running sp calculation for CONF1473.
Running sp calculation for CONF1474.
Running sp calculation for CONF1517.
Running sp calculation for CONF1476.
Running sp calculation for CONF1475.
Running sp calculation for CONF1477.
Running sp calculation for CONF1478.
Running sp calculation for CONF1479.
Running sp calculation for CONF1480.
Running sp calculation for CONF1481.
Running sp calculation for CONF1482.
Running sp calculation for CONF1483.
Running sp calculation for CONF1484.
Running sp calculation for CONF1485.
Running sp calculation for CONF1486.
Running sp calculation for CONF1488.
Running sp calculation for CONF1487.
Running sp calculation for CONF1489.
Running sp calculation for CONF1490.
Running sp calculation for CONF1492.
Running sp calculation for CONF1491.
Running sp calculation for CONF1493.
Running sp calculation for CONF1494.
Running sp calculation for CONF1495.
Running sp calculation for CONF1497.
Running sp calculation for CONF1496.
Running sp calculation for CONF1498.
Running sp calculation for CONF1499.
Running sp calculation for CONF1500.
Running sp calculation for CONF1501.
Running sp calculation for CONF1502.
Running sp calculation for CONF1503.
Running sp calculation for CONF1504.
Running sp calculation for CONF1534.
Running sp calculation for CONF1505.
Running sp calculation for CONF1506.
Running sp calculation for CONF1507.
Running sp calculation for CONF1508.
Running sp calculation for CONF1509.
Running sp calculation for CONF1510.
Running sp calculation for CONF1511.
Running sp calculation for CONF1512.
Running sp calculation for CONF1513.
Running sp calculation for CONF1514.
Running sp calculation for CONF1515.
Running sp calculation for CONF1516.
Running sp calculation for CONF1518.
Running sp calculation for CONF1519.
Running sp calculation for CONF1520.
Running sp calculation for CONF1521.
Running sp calculation for CONF1522.
Running sp calculation for CONF1523.
Running sp calculation for CONF1524.
Running sp calculation for CONF1525.
Running sp calculation for CONF1540.
Running sp calculation for CONF1526.
Running sp calculation for CONF1527.
Running sp calculation for CONF1528.
Running sp calculation for CONF1529.
Running sp calculation for CONF1530.
Running sp calculation for CONF1531.
Running sp calculation for CONF1532.
Running sp calculation for CONF1533.
Running sp calculation for CONF1535.
Running sp calculation for CONF1536.
Running sp calculation for CONF1537.
Running sp calculation for CONF1538.
Running sp calculation for CONF1539.
Running sp calculation for CONF1541.
Running sp calculation for CONF1542.
Running sp calculation for CONF1543.
Running sp calculation for CONF1544.
Running sp calculation for CONF1545.
Running sp calculation for CONF1546.
Running sp calculation for CONF1547.
Running sp calculation for CONF1549.
Running sp calculation for CONF1548.
Running sp calculation for CONF1550.
Running sp calculation for CONF1552.
Running sp calculation for CONF1551.
Running sp calculation for CONF1554.
Running sp calculation for CONF1553.
Running sp calculation for CONF1555.
Running sp calculation for CONF1556.
Running sp calculation for CONF1557.
Running sp calculation for CONF1558.
Running sp calculation for CONF1559.
Running sp calculation for CONF1560.
Running sp calculation for CONF1567.
Running sp calculation for CONF1561.
Running sp calculation for CONF1562.
Running sp calculation for CONF1563.
Running sp calculation for CONF1564.
Running sp calculation for CONF1565.
Running sp calculation for CONF1568.
Running sp calculation for CONF1566.
Running sp calculation for CONF1569.
Running sp calculation for CONF1570.
Running sp calculation for CONF1571.
Running sp calculation for CONF1572.
Running sp calculation for CONF1573.
Running sp calculation for CONF1574.
Running sp calculation for CONF1575.
Running sp calculation for CONF1576.
Running sp calculation for CONF1577.
Running sp calculation for CONF1578.
Running sp calculation for CONF1585.
Running sp calculation for CONF1579.
Running sp calculation for CONF1581.
Running sp calculation for CONF1617.
Running sp calculation for CONF1582.
Running sp calculation for CONF1583.
Running sp calculation for CONF1580.
Running sp calculation for CONF1584.
Running sp calculation for CONF1586.
Running sp calculation for CONF1587.
Running sp calculation for CONF1588.
Running sp calculation for CONF1589.
Running sp calculation for CONF1594.
Running sp calculation for CONF1590.
Running sp calculation for CONF1608.
Running sp calculation for CONF1591.
Running sp calculation for CONF1602.
Running sp calculation for CONF1605.
Running sp calculation for CONF1592.
Running sp calculation for CONF1593.
Running sp calculation for CONF1638.
Running sp calculation for CONF1595.
Running sp calculation for CONF1596.
Running sp calculation for CONF1597.
Running sp calculation for CONF1599.
Running sp calculation for CONF1598.
Running sp calculation for CONF1600.
Running sp calculation for CONF1601.
Running sp calculation for CONF1603.
Running sp calculation for CONF1604.
Running sp calculation for CONF1606.
Running sp calculation for CONF1607.
Running sp calculation for CONF1609.
Running sp calculation for CONF1610.
Running sp calculation for CONF1611.
Running sp calculation for CONF1613.
Running sp calculation for CONF1612.
Running sp calculation for CONF1615.
Running sp calculation for CONF1614.
Running sp calculation for CONF1618.
Running sp calculation for CONF1619.
Running sp calculation for CONF1616.
Running sp calculation for CONF1620.
Running sp calculation for CONF1621.
Running sp calculation for CONF1622.
Running sp calculation for CONF1623.
Running sp calculation for CONF1624.
Running sp calculation for CONF1625.
Running sp calculation for CONF1626.
Running sp calculation for CONF1627.
Running sp calculation for CONF1628.
Running sp calculation for CONF1629.
Running sp calculation for CONF1640.
Running sp calculation for CONF1630.
Running sp calculation for CONF1631.
Running sp calculation for CONF1632.
Running sp calculation for CONF1633.
Running sp calculation for CONF1634.
Running sp calculation for CONF1635.
Running sp calculation for CONF1636.
Running sp calculation for CONF1637.
Running sp calculation for CONF1639.
Running sp calculation for CONF1641.
Running sp calculation for CONF1642.
Running sp calculation for CONF1643.
Running sp calculation for CONF1644.
Running sp calculation for CONF1645.
Running sp calculation for CONF1646.
Running sp calculation for CONF1647.
Running sp calculation for CONF1648.
Running sp calculation for CONF1650.
Running sp calculation for CONF1649.
Running sp calculation for CONF1651.
Running sp calculation for CONF1669.
Running sp calculation for CONF1652.
Running sp calculation for CONF1653.
Running sp calculation for CONF1655.
Running sp calculation for CONF1656.
Running sp calculation for CONF1654.
Running sp calculation for CONF1657.
Running sp calculation for CONF1658.
Running sp calculation for CONF1659.
Running sp calculation for CONF1660.
Running sp calculation for CONF1662.
Running sp calculation for CONF1661.
Running sp calculation for CONF1663.
Running sp calculation for CONF1682.
Running sp calculation for CONF1664.
Running sp calculation for CONF1665.
Running sp calculation for CONF1666.
Running sp calculation for CONF1667.
Running sp calculation for CONF1668.
Running sp calculation for CONF1670.
Running sp calculation for CONF1671.
Running sp calculation for CONF1672.
Running sp calculation for CONF1673.
Running sp calculation for CONF1674.
Running sp calculation for CONF1675.
Running sp calculation for CONF1677.
Running sp calculation for CONF1676.
Running sp calculation for CONF1678.
Running sp calculation for CONF1679.
Running sp calculation for CONF1680.
Running sp calculation for CONF1681.
Running sp calculation for CONF1683.
Running sp calculation for CONF1684.
Running sp calculation for CONF1686.
Running sp calculation for CONF1685.
Running sp calculation for CONF1687.
Running sp calculation for CONF1690.
Running sp calculation for CONF1688.
Running sp calculation for CONF1718.
Running sp calculation for CONF1689.
Running sp calculation for CONF1691.
Running sp calculation for CONF1692.
Running sp calculation for CONF1693.
Running sp calculation for CONF1694.
Running sp calculation for CONF1695.
Running sp calculation for CONF1696.
Running sp calculation for CONF1697.
Running sp calculation for CONF1698.
Running sp calculation for CONF1699.
Running sp calculation for CONF1714.
Running sp calculation for CONF1700.
Running sp calculation for CONF1701.
Running sp calculation for CONF1702.
Running sp calculation for CONF1703.
Running sp calculation for CONF1704.
Running sp calculation for CONF1705.
Running sp calculation for CONF1706.
Running sp calculation for CONF1707.
Running sp calculation for CONF1708.
Running sp calculation for CONF1709.
Running sp calculation for CONF1713.
Running sp calculation for CONF1710.
Running sp calculation for CONF1711.
Running sp calculation for CONF1723.
Running sp calculation for CONF1712.
Running sp calculation for CONF1715.
Running sp calculation for CONF1716.
Running sp calculation for CONF1717.
Running sp calculation for CONF1719.
Running sp calculation for CONF1720.
Running sp calculation for CONF1721.
Running sp calculation for CONF1722.
Running sp calculation for CONF1725.
Running sp calculation for CONF1724.
Running sp calculation for CONF1726.
Running sp calculation for CONF1727.
Running sp calculation for CONF1744.
Running sp calculation for CONF1730.
Running sp calculation for CONF1728.
Running sp calculation for CONF1729.
Running sp calculation for CONF1732.
Running sp calculation for CONF1731.
Running sp calculation for CONF1733.
Running sp calculation for CONF1734.
Running sp calculation for CONF1735.
Running sp calculation for CONF1736.
Running sp calculation for CONF1737.
Running sp calculation for CONF1738.
Running sp calculation for CONF1741.
Running sp calculation for CONF1740.
Running sp calculation for CONF1742.
Running sp calculation for CONF1743.
Running sp calculation for CONF1745.
Running sp calculation for CONF1739.
Running sp calculation for CONF1749.
Running sp calculation for CONF1746.
Running sp calculation for CONF1750.
Running sp calculation for CONF1747.
Running sp calculation for CONF1748.
Running sp calculation for CONF1751.
Running sp calculation for CONF1752.
Running sp calculation for CONF1754.
Running sp calculation for CONF1753.
Running sp calculation for CONF1755.
Running sp calculation for CONF1756.
Running sp calculation for CONF1757.
Running sp calculation for CONF1758.
Running sp calculation for CONF1759.
Running sp calculation for CONF1760.
Running sp calculation for CONF1761.
Running sp calculation for CONF1762.
Running sp calculation for CONF1765.
Running sp calculation for CONF1763.
Running sp calculation for CONF1804.
Running sp calculation for CONF1764.
Running sp calculation for CONF1766.
Running sp calculation for CONF1768.
Running sp calculation for CONF1789.
Running sp calculation for CONF1767.
Running sp calculation for CONF1769.
Running sp calculation for CONF1770.
Running sp calculation for CONF1771.
Running sp calculation for CONF1772.
Running sp calculation for CONF1773.
Running sp calculation for CONF1774.
Running sp calculation for CONF1775.
Running sp calculation for CONF1776.
Running sp calculation for CONF1777.
Running sp calculation for CONF1778.
Running sp calculation for CONF1780.
Running sp calculation for CONF1779.
Running sp calculation for CONF1781.
Running sp calculation for CONF1784.
Running sp calculation for CONF1782.
Running sp calculation for CONF1783.
Running sp calculation for CONF1788.
Running sp calculation for CONF1785.
Running sp calculation for CONF1787.
Running sp calculation for CONF1786.
Running sp calculation for CONF1790.
Running sp calculation for CONF1791.
Running sp calculation for CONF1792.
Running sp calculation for CONF1795.
Running sp calculation for CONF1793.
Running sp calculation for CONF1794.
Running sp calculation for CONF1822.
Running sp calculation for CONF1796.
Running sp calculation for CONF1797.
Running sp calculation for CONF1798.
Running sp calculation for CONF1799.
Running sp calculation for CONF1800.
Running sp calculation for CONF1801.
Running sp calculation for CONF1807.
Running sp calculation for CONF1808.
Running sp calculation for CONF1806.
Running sp calculation for CONF1802.
Running sp calculation for CONF1803.
Running sp calculation for CONF1809.
Running sp calculation for CONF1811.
Running sp calculation for CONF1810.
Running sp calculation for CONF1805.
Running sp calculation for CONF1812.
Running sp calculation for CONF1813.
Running sp calculation for CONF1814.
Running sp calculation for CONF1815.
Running sp calculation for CONF1816.
Running sp calculation for CONF1818.
Running sp calculation for CONF1817.
Running sp calculation for CONF1819.
Running sp calculation for CONF1820.
Running sp calculation for CONF1821.
Running sp calculation for CONF1825.
Running sp calculation for CONF1826.
Running sp calculation for CONF1827.
Running sp calculation for CONF1828.
Running sp calculation for CONF1823.
Running sp calculation for CONF1824.
Running sp calculation for CONF1830.
Running sp calculation for CONF1829.
Running sp calculation for CONF1831.
Running sp calculation for CONF1836.
Running sp calculation for CONF1832.
Running sp calculation for CONF1833.
Running sp calculation for CONF1838.
Running sp calculation for CONF1834.
Running sp calculation for CONF1835.
Running sp calculation for CONF1840.
Running sp calculation for CONF1839.
Running sp calculation for CONF1843.
Running sp calculation for CONF1844.
Running sp calculation for CONF1842.
Running sp calculation for CONF1841.
Running sp calculation for CONF1845.
Running sp calculation for CONF1837.
Running sp calculation for CONF1846.
Running sp calculation for CONF1847.
Running sp calculation for CONF1848.
Running sp calculation for CONF1849.
Running sp calculation for CONF1850.
Running sp calculation for CONF1851.
Running sp calculation for CONF1852.
Running sp calculation for CONF1853.
Running sp calculation for CONF1854.
Running sp calculation for CONF1855.
Running sp calculation for CONF1857.
Running sp calculation for CONF1856.
Running sp calculation for CONF1858.
Running sp calculation for CONF1859.
Running sp calculation for CONF1860.
Running sp calculation for CONF1861.
Running sp calculation for CONF1862.
Running sp calculation for CONF1863.
Running sp calculation for CONF1864.
Running sp calculation for CONF1865.
Running sp calculation for CONF1875.
Running sp calculation for CONF1866.
Running sp calculation for CONF1867.
Running sp calculation for CONF1868.
Running sp calculation for CONF1870.
Running sp calculation for CONF1901.
Running sp calculation for CONF1871.
Running sp calculation for CONF1869.
Running sp calculation for CONF1873.
Running sp calculation for CONF1872.
Running sp calculation for CONF1874.
Running sp calculation for CONF1876.
Running sp calculation for CONF1877.
Running sp calculation for CONF1878.
Running sp calculation for CONF1889.
Running sp calculation for CONF1879.
Running sp calculation for CONF1880.
Running sp calculation for CONF1881.
Running sp calculation for CONF1886.
Running sp calculation for CONF1882.
Running sp calculation for CONF1884.
Running sp calculation for CONF1885.
Running sp calculation for CONF1883.
Running sp calculation for CONF1888.
Running sp calculation for CONF1887.
Running sp calculation for CONF1890.
Running sp calculation for CONF1891.
Running sp calculation for CONF1893.
Running sp calculation for CONF1892.
Running sp calculation for CONF1894.
Running sp calculation for CONF1895.
Running sp calculation for CONF1896.
Running sp calculation for CONF1898.
Running sp calculation for CONF1897.
Running sp calculation for CONF1899.
Running sp calculation for CONF1900.
Running sp calculation for CONF1902.
Running sp calculation for CONF1903.
Running sp calculation for CONF1904.
Running sp calculation for CONF1905.
Running sp calculation for CONF1906.
Running sp calculation for CONF1910.
Running sp calculation for CONF1907.
Running sp calculation for CONF1909.
Running sp calculation for CONF1908.
Running sp calculation for CONF1911.
Running sp calculation for CONF1912.
Running sp calculation for CONF1913.
Running sp calculation for CONF1914.
Running sp calculation for CONF1915.
Running sp calculation for CONF1917.
Running sp calculation for CONF1916.
Running sp calculation for CONF1919.
Running sp calculation for CONF1921.
Running sp calculation for CONF1922.
Running sp calculation for CONF1918.
Running sp calculation for CONF1923.
Running sp calculation for CONF1920.
Running sp calculation for CONF1924.
Running sp calculation for CONF1935.
Running sp calculation for CONF1925.
Running sp calculation for CONF1926.
Running sp calculation for CONF1927.
Running sp calculation for CONF1928.
Running sp calculation for CONF1929.
Running sp calculation for CONF1930.
Running sp calculation for CONF1931.
Running sp calculation for CONF1932.
Running sp calculation for CONF1933.
Running sp calculation for CONF1934.
Running sp calculation for CONF1936.
Running sp calculation for CONF1937.
Running sp calculation for CONF1938.
Running sp calculation for CONF1939.
Running sp calculation for CONF1940.
Running sp calculation for CONF1941.
Running sp calculation for CONF1942.
Running sp calculation for CONF1944.
Running sp calculation for CONF1945.
Running sp calculation for CONF1943.
Running sp calculation for CONF1946.
Running sp calculation for CONF1947.
Running sp calculation for CONF1948.
Running sp calculation for CONF1949.
Running sp calculation for CONF1950.
Running sp calculation for CONF1952.
Running sp calculation for CONF1951.
Running sp calculation for CONF1954.
Running sp calculation for CONF1953.
Running sp calculation for CONF1976.
Running sp calculation for CONF1955.
Running sp calculation for CONF1956.
Running sp calculation for CONF1958.
Running sp calculation for CONF1957.
Running sp calculation for CONF1959.
Running sp calculation for CONF1960.
Running sp calculation for CONF1961.
Running sp calculation for CONF1962.
Running sp calculation for CONF1963.
Running sp calculation for CONF1964.
Running sp calculation for CONF1965.
Running sp calculation for CONF1966.
Running sp calculation for CONF1968.
Running sp calculation for CONF1967.
Running sp calculation for CONF1969.
Running sp calculation for CONF1970.
Running sp calculation for CONF1971.
Running sp calculation for CONF1972.
Running sp calculation for CONF1973.
Running sp calculation for CONF1979.
Running sp calculation for CONF1974.
Running sp calculation for CONF1977.
Running sp calculation for CONF1975.
Running sp calculation for CONF1978.
Running sp calculation for CONF1980.
Running sp calculation for CONF1981.
Running sp calculation for CONF1982.
Running sp calculation for CONF1983.
Running sp calculation for CONF1985.
Running sp calculation for CONF1984.
Running sp calculation for CONF1987.
Running sp calculation for CONF1986.
Running sp calculation for CONF1988.
Running sp calculation for CONF1989.
Running sp calculation for CONF1990.
Running sp calculation for CONF1992.
Running sp calculation for CONF1991.
Running sp calculation for CONF1993.
Running sp calculation for CONF2022.
Running sp calculation for CONF1994.
Running sp calculation for CONF1995.
Running sp calculation for CONF1996.
Running sp calculation for CONF1997.
Running sp calculation for CONF1998.
Running sp calculation for CONF1999.
Running sp calculation for CONF2000.
Running sp calculation for CONF2001.
Running sp calculation for CONF2002.
Running sp calculation for CONF2004.
Running sp calculation for CONF2003.
Running sp calculation for CONF2005.
Running sp calculation for CONF2006.
Running sp calculation for CONF2007.
Running sp calculation for CONF2008.
Running sp calculation for CONF2009.
Running sp calculation for CONF2010.
Running sp calculation for CONF2011.
Running sp calculation for CONF2014.
Running sp calculation for CONF2012.
Running sp calculation for CONF2013.
Running sp calculation for CONF2016.
Running sp calculation for CONF2015.
Running sp calculation for CONF2018.
Running sp calculation for CONF2017.
Running sp calculation for CONF2019.
Running sp calculation for CONF2020.
Running sp calculation for CONF2021.
Running sp calculation for CONF2023.
Running sp calculation for CONF2024.
Running sp calculation for CONF2025.
Running sp calculation for CONF2027.
Running sp calculation for CONF2026.
Running sp calculation for CONF2028.
Running sp calculation for CONF2029.
Running sp calculation for CONF2030.
Running sp calculation for CONF2031.
Running sp calculation for CONF2032.
Running sp calculation for CONF2033.
Running sp calculation for CONF2057.
Running sp calculation for CONF2036.
Running sp calculation for CONF2034.
Running sp calculation for CONF2035.
Running sp calculation for CONF2037.
Running sp calculation for CONF2038.
Running sp calculation for CONF2039.
Running sp calculation for CONF2040.
Running sp calculation for CONF2042.
Running sp calculation for CONF2041.
Running sp calculation for CONF2043.
Running sp calculation for CONF2044.
Running sp calculation for CONF2045.
Running sp calculation for CONF2046.
Running sp calculation for CONF2048.
Running sp calculation for CONF2047.
Running sp calculation for CONF2049.
Running sp calculation for CONF2050.
Running sp calculation for CONF2051.
Running sp calculation for CONF2053.
Running sp calculation for CONF2052.
Running sp calculation for CONF2054.
Running sp calculation for CONF2055.
Running sp calculation for CONF2071.
Running sp calculation for CONF2056.
Running sp calculation for CONF2068.
Running sp calculation for CONF2058.
Running sp calculation for CONF2059.
Running sp calculation for CONF2060.
Running sp calculation for CONF2061.
Running sp calculation for CONF2062.
Running sp calculation for CONF2064.
Running sp calculation for CONF2065.
Running sp calculation for CONF2063.
Running sp calculation for CONF2066.
Running sp calculation for CONF2067.
Running sp calculation for CONF2069.
Running sp calculation for CONF2070.
Running sp calculation for CONF2072.
Running sp calculation for CONF2073.
Running sp calculation for CONF2079.
Running sp calculation for CONF2074.
Running sp calculation for CONF2075.
Running sp calculation for CONF2076.
Running sp calculation for CONF2077.
Running sp calculation for CONF2078.
Running sp calculation for CONF2080.
Running sp calculation for CONF2082.
Running sp calculation for CONF2081.
Running sp calculation for CONF2083.
Running sp calculation for CONF2084.
Running sp calculation for CONF2085.
Running sp calculation for CONF2086.
Running sp calculation for CONF2087.
Running sp calculation for CONF2089.
Running sp calculation for CONF2088.
Running sp calculation for CONF2090.
Running sp calculation for CONF2091.
Running sp calculation for CONF2092.
Running sp calculation for CONF2094.
Running sp calculation for CONF2095.
Running sp calculation for CONF2096.
Running sp calculation for CONF2097.
Running sp calculation for CONF2093.
Running sp calculation for CONF2098.
Running sp calculation for CONF2099.
Running sp calculation for CONF2101.
Running sp calculation for CONF2100.
Running sp calculation for CONF2103.
Running sp calculation for CONF2104.
Running sp calculation for CONF2102.
Running sp calculation for CONF2105.
Running sp calculation for CONF2106.
Running sp calculation for CONF2107.
Running sp calculation for CONF2108.
Running sp calculation for CONF2109.
Running sp calculation for CONF2113.
Running sp calculation for CONF2110.
Running sp calculation for CONF2111.
Running sp calculation for CONF2114.
Running sp calculation for CONF2115.
Running sp calculation for CONF2112.
Running sp calculation for CONF2116.
Running sp calculation for CONF2117.
Running sp calculation for CONF2122.
Running sp calculation for CONF2118.
Running sp calculation for CONF2119.
Running sp calculation for CONF2120.
Running sp calculation for CONF2121.
Running sp calculation for CONF2123.
Running sp calculation for CONF2124.
Running sp calculation for CONF2125.
Running sp calculation for CONF2126.
Running sp calculation for CONF2127.
Running sp calculation for CONF2128.
Running sp calculation for CONF2130.
Running sp calculation for CONF2129.
Running sp calculation for CONF2132.
Running sp calculation for CONF2131.
Running sp calculation for CONF2133.
Running sp calculation for CONF2134.
Running sp calculation for CONF2136.
Running sp calculation for CONF2137.
Running sp calculation for CONF2135.
Running sp calculation for CONF2139.
Running sp calculation for CONF2138.
Running sp calculation for CONF2140.
Running sp calculation for CONF2141.
Running sp calculation for CONF2146.
Running sp calculation for CONF2143.
Running sp calculation for CONF2142.
Running sp calculation for CONF2144.
Running sp calculation for CONF2148.
Running sp calculation for CONF2145.
Running sp calculation for CONF2147.
Running sp calculation for CONF2156.
Running sp calculation for CONF2194.
Running sp calculation for CONF2149.
Running sp calculation for CONF2150.
Running sp calculation for CONF2151.
Running sp calculation for CONF2187.
Running sp calculation for CONF2152.
Running sp calculation for CONF2153.
Running sp calculation for CONF2154.
Running sp calculation for CONF2161.
Running sp calculation for CONF2155.
Running sp calculation for CONF2157.
Running sp calculation for CONF2158.
Running sp calculation for CONF2159.
Running sp calculation for CONF2160.
Running sp calculation for CONF2162.
Running sp calculation for CONF2163.
Running sp calculation for CONF2165.
Running sp calculation for CONF2164.
Running sp calculation for CONF2170.
Running sp calculation for CONF2166.
Running sp calculation for CONF2167.
Running sp calculation for CONF2168.
Running sp calculation for CONF2169.
Running sp calculation for CONF2171.
Running sp calculation for CONF2173.
Running sp calculation for CONF2172.
Running sp calculation for CONF2174.
Running sp calculation for CONF2175.
Running sp calculation for CONF2176.
Running sp calculation for CONF2177.
Running sp calculation for CONF2193.
Running sp calculation for CONF2178.
Running sp calculation for CONF2179.
Running sp calculation for CONF2180.
Running sp calculation for CONF2181.
Running sp calculation for CONF2182.
Running sp calculation for CONF2183.
Running sp calculation for CONF2184.
Running sp calculation for CONF2185.
Running sp calculation for CONF2186.
Running sp calculation for CONF2210.
Running sp calculation for CONF2188.
Running sp calculation for CONF2189.
Running sp calculation for CONF2190.
Running sp calculation for CONF2191.
Running sp calculation for CONF2192.
Running sp calculation for CONF2196.
Running sp calculation for CONF2195.
Running sp calculation for CONF2197.
Running sp calculation for CONF2199.
Running sp calculation for CONF2198.
Running sp calculation for CONF2201.
Running sp calculation for CONF2200.
Running sp calculation for CONF2202.
Running sp calculation for CONF2203.
Running sp calculation for CONF2204.
Running sp calculation for CONF2205.
Running sp calculation for CONF2206.
Running sp calculation for CONF2207.
Running sp calculation for CONF2208.
Running sp calculation for CONF2209.
Running sp calculation for CONF2211.
Running sp calculation for CONF2212.
Running sp calculation for CONF2213.
Running sp calculation for CONF2214.
Running sp calculation for CONF2215.
Running sp calculation for CONF2216.
Running sp calculation for CONF2218.
Running sp calculation for CONF2217.
Running sp calculation for CONF2219.
Running sp calculation for CONF2220.
Running sp calculation for CONF2221.
Running sp calculation for CONF2243.
Running sp calculation for CONF2244.
Running sp calculation for CONF2222.
Running sp calculation for CONF2223.
Running sp calculation for CONF2225.
Running sp calculation for CONF2232.
Running sp calculation for CONF2224.
Running sp calculation for CONF2226.
Running sp calculation for CONF2227.
Running sp calculation for CONF2228.
Running sp calculation for CONF2230.
Running sp calculation for CONF2229.
Running sp calculation for CONF2231.
Running sp calculation for CONF2234.
Running sp calculation for CONF2233.
Running sp calculation for CONF2235.
Running sp calculation for CONF2236.
Running sp calculation for CONF2237.
Running sp calculation for CONF2238.
Running sp calculation for CONF2239.
Running sp calculation for CONF2240.
Running sp calculation for CONF2241.
Running sp calculation for CONF2242.
Running sp calculation for CONF2245.
Running sp calculation for CONF2246.
Running sp calculation for CONF2248.
Running sp calculation for CONF2247.
Running sp calculation for CONF2250.
Running sp calculation for CONF2266.
Running sp calculation for CONF2249.
Running sp calculation for CONF2251.
Running sp calculation for CONF2252.
Running sp calculation for CONF2256.
Running sp calculation for CONF2253.
Running sp calculation for CONF2254.
Running sp calculation for CONF2255.
Running sp calculation for CONF2257.
Running sp calculation for CONF2258.
Running sp calculation for CONF2259.
Running sp calculation for CONF2260.
Running sp calculation for CONF2262.
Running sp calculation for CONF2261.
Running sp calculation for CONF2263.
Running sp calculation for CONF2264.
Running sp calculation for CONF2265.
Running sp calculation for CONF2267.
Running sp calculation for CONF2268.
Running sp calculation for CONF2274.
Running sp calculation for CONF2270.
Running sp calculation for CONF2269.
Running sp calculation for CONF2271.
Running sp calculation for CONF2272.
Running sp calculation for CONF2273.
Running sp calculation for CONF2275.
Running sp calculation for CONF2276.
Running sp calculation for CONF2277.
Running sp calculation for CONF2278.
Running sp calculation for CONF2279.
Running sp calculation for CONF2280.
Running sp calculation for CONF2281.
Running sp calculation for CONF2282.
Running sp calculation for CONF2284.
Running sp calculation for CONF2285.
Running sp calculation for CONF2283.
Running sp calculation for CONF2288.
Running sp calculation for CONF2287.
Running sp calculation for CONF2289.
Running sp calculation for CONF2286.
Running sp calculation for CONF2290.
Running sp calculation for CONF2292.
Running sp calculation for CONF2291.
Running sp calculation for CONF2293.
Running sp calculation for CONF2295.
Running sp calculation for CONF2294.
Running sp calculation for CONF2296.
Running sp calculation for CONF2297.
Running sp calculation for CONF2298.
Running sp calculation for CONF2299.
Running sp calculation for CONF2300.
Running sp calculation for CONF2301.
Running sp calculation for CONF2302.
Running sp calculation for CONF2303.
Running sp calculation for CONF2304.
Running sp calculation for CONF2305.
Running sp calculation for CONF2306.
Running sp calculation for CONF2307.
Running sp calculation for CONF2308.
Running sp calculation for CONF2309.
Running sp calculation for CONF2310.
Running sp calculation for CONF2312.
Running sp calculation for CONF2311.
Running sp calculation for CONF2313.
Running sp calculation for CONF2314.
Running sp calculation for CONF2315.
Running sp calculation for CONF2316.
Running sp calculation for CONF2317.
Running sp calculation for CONF2318.
Running sp calculation for CONF2319.
Running sp calculation for CONF2320.
Running sp calculation for CONF2321.
Running sp calculation for CONF2323.
Running sp calculation for CONF2322.
Running sp calculation for CONF2324.
Running sp calculation for CONF2325.
Running sp calculation for CONF2326.
Running sp calculation for CONF2327.
Running sp calculation for CONF2328.
Running sp calculation for CONF2329.
Running sp calculation for CONF2330.
Running sp calculation for CONF2331.
Running sp calculation for CONF2332.
Running sp calculation for CONF2333.
Running sp calculation for CONF2334.
Running sp calculation for CONF2336.
Running sp calculation for CONF2335.
Running sp calculation for CONF2337.
Running sp calculation for CONF2338.
Running sp calculation for CONF2339.
Running sp calculation for CONF2345.
Running sp calculation for CONF2340.
Running sp calculation for CONF2358.
Running sp calculation for CONF2341.
Running sp calculation for CONF2342.
Running sp calculation for CONF2343.
Running sp calculation for CONF2344.
Running sp calculation for CONF2347.
Running sp calculation for CONF2346.
Running sp calculation for CONF2348.
Running sp calculation for CONF2350.
Running sp calculation for CONF2349.
Running sp calculation for CONF2351.
Running sp calculation for CONF2352.
Running sp calculation for CONF2353.
Running sp calculation for CONF2354.
Running sp calculation for CONF2355.
Running sp calculation for CONF2357.
Running sp calculation for CONF2356.
Running sp calculation for CONF2359.
Running sp calculation for CONF2360.
Running sp calculation for CONF2361.
Running sp calculation for CONF2362.
Running sp calculation for CONF2374.
Running sp calculation for CONF2363.
Running sp calculation for CONF2364.
Running sp calculation for CONF2365.
Running sp calculation for CONF2381.
Running sp calculation for CONF2368.
Running sp calculation for CONF2366.
Running sp calculation for CONF2369.
Running sp calculation for CONF2367.
Running sp calculation for CONF2371.
Running sp calculation for CONF2370.
Running sp calculation for CONF2372.
Running sp calculation for CONF2373.
Running sp calculation for CONF2375.
Running sp calculation for CONF2376.
Running sp calculation for CONF2377.
Running sp calculation for CONF2378.
Running sp calculation for CONF2379.
Running sp calculation for CONF2380.
Running sp calculation for CONF2382.
Running sp calculation for CONF2383.
Running sp calculation for CONF2385.
Running sp calculation for CONF2386.
Running sp calculation for CONF2384.
Running sp calculation for CONF2387.
Running sp calculation for CONF2392.
Running sp calculation for CONF2388.
Running sp calculation for CONF2389.
Running sp calculation for CONF2390.
Running sp calculation for CONF2391.
Running sp calculation for CONF2393.
Running sp calculation for CONF2394.
Running sp calculation for CONF2395.
Running sp calculation for CONF2396.
Running sp calculation for CONF2397.
Running sp calculation for CONF2398.
Running sp calculation for CONF2399.
Running sp calculation for CONF2400.
Running sp calculation for CONF2402.
Running sp calculation for CONF2401.
Running sp calculation for CONF2403.
Running sp calculation for CONF2404.
Running sp calculation for CONF2405.
Running sp calculation for CONF2406.
Running sp calculation for CONF2407.
Running sp calculation for CONF2408.
Running sp calculation for CONF2409.
Running sp calculation for CONF2410.
Running sp calculation for CONF2411.
Running sp calculation for CONF2412.
Running sp calculation for CONF2413.
Running sp calculation for CONF2416.
Running sp calculation for CONF2414.
Running sp calculation for CONF2415.
Running sp calculation for CONF2418.
Running sp calculation for CONF2417.
Running sp calculation for CONF2419.
Running sp calculation for CONF2420.
Running sp calculation for CONF2421.
Running sp calculation for CONF2422.
Running sp calculation for CONF2423.
Running sp calculation for CONF2424.
Running sp calculation for CONF2425.
Running sp calculation for CONF2427.
Running sp calculation for CONF2426.
Running sp calculation for CONF2428.
Running sp calculation for CONF2429.
Running sp calculation for CONF2430.
Running sp calculation for CONF2431.
Running sp calculation for CONF2432.
Running sp calculation for CONF2433.
Running sp calculation for CONF2434.
Running sp calculation for CONF2435.
Running sp calculation for CONF2436.
Running sp calculation for CONF2449.
Running sp calculation for CONF2438.
Running sp calculation for CONF2439.
Running sp calculation for CONF2437.
Running sp calculation for CONF2440.
Running sp calculation for CONF2441.
Running sp calculation for CONF2442.
Running sp calculation for CONF2443.
Running sp calculation for CONF2445.
Running sp calculation for CONF2444.
Running sp calculation for CONF2446.
Running sp calculation for CONF2447.
Running sp calculation for CONF2448.
Running sp calculation for CONF2452.
Running sp calculation for CONF2453.
Running sp calculation for CONF2450.
Running sp calculation for CONF2451.
Running sp calculation for CONF2454.
Running sp calculation for CONF2455.
Running sp calculation for CONF2456.
Running sp calculation for CONF2459.
Running sp calculation for CONF2457.
Running sp calculation for CONF2458.
Running sp calculation for CONF2460.
Running sp calculation for CONF2461.
Running sp calculation for CONF2462.
Running sp calculation for CONF2463.
Running sp calculation for CONF2464.
Running sp calculation for CONF2507.
Running sp calculation for CONF2465.
Running sp calculation for CONF2466.
Running sp calculation for CONF2467.
Running sp calculation for CONF2468.
Running sp calculation for CONF2469.
Running sp calculation for CONF2470.
Running sp calculation for CONF2471.
Running sp calculation for CONF2473.
Running sp calculation for CONF2472.
Running sp calculation for CONF2475.
Running sp calculation for CONF2474.
Running sp calculation for CONF2476.
Running sp calculation for CONF2478.
Running sp calculation for CONF2479.
Running sp calculation for CONF2480.
Running sp calculation for CONF2477.
Running sp calculation for CONF2481.
Running sp calculation for CONF2482.
Running sp calculation for CONF2483.
Running sp calculation for CONF2485.
Running sp calculation for CONF2486.
Running sp calculation for CONF2484.
Running sp calculation for CONF2487.
Running sp calculation for CONF2489.
Running sp calculation for CONF2488.
Running sp calculation for CONF2490.
Running sp calculation for CONF2491.
Running sp calculation for CONF2492.
Running sp calculation for CONF2493.
Running sp calculation for CONF2494.
Running sp calculation for CONF2496.
Running sp calculation for CONF2499.
Running sp calculation for CONF2495.
Running sp calculation for CONF2497.
Running sp calculation for CONF2498.
Running sp calculation for CONF2500.
Running sp calculation for CONF2501.
Running sp calculation for CONF2503.
Running sp calculation for CONF2502.
Running sp calculation for CONF2504.
Running sp calculation for CONF2505.
Running sp calculation for CONF2508.
Running sp calculation for CONF2506.
Running sp calculation for CONF2509.
Running sp calculation for CONF2510.
Running sp calculation for CONF2511.
Running sp calculation for CONF2512.
Running sp calculation for CONF2513.
Running sp calculation for CONF2514.
Running sp calculation for CONF2515.
Running sp calculation for CONF2516.
Running sp calculation for CONF2551.
Running sp calculation for CONF2517.
Running sp calculation for CONF2518.
Running sp calculation for CONF2519.
Running sp calculation for CONF2522.
Running sp calculation for CONF2520.
Running sp calculation for CONF2521.
Running sp calculation for CONF2523.
Running sp calculation for CONF2524.
Running sp calculation for CONF2525.
Running sp calculation for CONF2526.
Running sp calculation for CONF2527.
Running sp calculation for CONF2528.
Running sp calculation for CONF2529.
Running sp calculation for CONF2530.
Running sp calculation for CONF2532.
Running sp calculation for CONF2531.
Running sp calculation for CONF2533.
Running sp calculation for CONF2534.
Running sp calculation for CONF2535.
Running sp calculation for CONF2537.
Running sp calculation for CONF2536.
Running sp calculation for CONF2539.
Running sp calculation for CONF2538.
Running sp calculation for CONF2540.
Running sp calculation for CONF2541.
Running sp calculation for CONF2542.
Running sp calculation for CONF2543.
Running sp calculation for CONF2544.
Running sp calculation for CONF2545.
Running sp calculation for CONF2546.
Running sp calculation for CONF2547.
Running sp calculation for CONF2548.
Running sp calculation for CONF2550.
Running sp calculation for CONF2552.
Running sp calculation for CONF2549.
Running sp calculation for CONF2553.
Running sp calculation for CONF2554.
Running sp calculation for CONF2555.
Running sp calculation for CONF2556.
Running sp calculation for CONF2557.
Running sp calculation for CONF2558.
Running sp calculation for CONF2559.
Running sp calculation for CONF2561.
Running sp calculation for CONF2560.
Running sp calculation for CONF2562.
Running sp calculation for CONF2563.
Running sp calculation for CONF2564.
Running sp calculation for CONF2565.
Running sp calculation for CONF2566.
Running sp calculation for CONF2567.
Running sp calculation for CONF2568.
Running sp calculation for CONF2570.
Running sp calculation for CONF2569.
Running sp calculation for CONF2571.
Running sp calculation for CONF2572.
Running sp calculation for CONF2573.
Running sp calculation for CONF2574.
Running sp calculation for CONF2575.
Running sp calculation for CONF2576.
Running sp calculation for CONF2577.
Running sp calculation for CONF2578.
Running sp calculation for CONF2580.
Running sp calculation for CONF2579.
Running sp calculation for CONF2583.
Running sp calculation for CONF2581.
Running sp calculation for CONF2582.
Running sp calculation for CONF2584.
Running sp calculation for CONF2586.
Running sp calculation for CONF2585.
Running sp calculation for CONF2589.
Running sp calculation for CONF2587.
Running sp calculation for CONF2588.
Running sp calculation for CONF2590.
Running sp calculation for CONF2591.
Running sp calculation for CONF2592.
Running sp calculation for CONF2593.
Running sp calculation for CONF2594.
Running sp calculation for CONF2596.
Running sp calculation for CONF2597.
Running sp calculation for CONF2626.
Running sp calculation for CONF2595.
Running sp calculation for CONF2598.
Running sp calculation for CONF2600.
Running sp calculation for CONF2599.
Running sp calculation for CONF2601.
Running sp calculation for CONF2602.
Running sp calculation for CONF2603.
Running sp calculation for CONF2604.
Running sp calculation for CONF2605.
Running sp calculation for CONF2607.
Running sp calculation for CONF2606.
Running sp calculation for CONF2608.
Running sp calculation for CONF2609.
Running sp calculation for CONF2610.
Running sp calculation for CONF2611.
Running sp calculation for CONF2612.
Running sp calculation for CONF2613.
Running sp calculation for CONF2614.
Running sp calculation for CONF2615.
Running sp calculation for CONF2617.
Running sp calculation for CONF2616.
Running sp calculation for CONF2618.
Running sp calculation for CONF2619.
Running sp calculation for CONF2620.
Running sp calculation for CONF2621.
Running sp calculation for CONF2622.
Running sp calculation for CONF2624.
Running sp calculation for CONF2623.
Running sp calculation for CONF2625.
Running sp calculation for CONF2627.
Running sp calculation for CONF2628.
Running sp calculation for CONF2629.
Running sp calculation for CONF2630.
Running sp calculation for CONF2631.
Running sp calculation for CONF2632.
Running sp calculation for CONF2633.
Running sp calculation for CONF2635.
Running sp calculation for CONF2636.
Running sp calculation for CONF2634.
Running sp calculation for CONF2637.
Running sp calculation for CONF2638.
Running sp calculation for CONF2639.
Running sp calculation for CONF2641.
Running sp calculation for CONF2640.
Running sp calculation for CONF2642.
Running sp calculation for CONF2648.
Running sp calculation for CONF2643.
Running sp calculation for CONF2646.
Running sp calculation for CONF2645.
Running sp calculation for CONF2644.
Running sp calculation for CONF2647.
Running sp calculation for CONF2650.
Running sp calculation for CONF2652.
Running sp calculation for CONF2649.
Running sp calculation for CONF2651.
Running sp calculation for CONF2656.
Running sp calculation for CONF2653.
Running sp calculation for CONF2654.
Running sp calculation for CONF2655.
Running sp calculation for CONF2657.
Running sp calculation for CONF2658.
Running sp calculation for CONF2660.
Running sp calculation for CONF2659.
Running sp calculation for CONF2661.
Running sp calculation for CONF2664.
Running sp calculation for CONF2662.
Running sp calculation for CONF2663.
Running sp calculation for CONF2665.
Running sp calculation for CONF2666.
Running sp calculation for CONF2667.
Running sp calculation for CONF2668.
Running sp calculation for CONF2669.
Running sp calculation for CONF2670.
Running sp calculation for CONF2673.
Running sp calculation for CONF2671.
Running sp calculation for CONF2672.
Running sp calculation for CONF2674.
Running sp calculation for CONF2675.
Running sp calculation for CONF2677.
Running sp calculation for CONF2676.
Running sp calculation for CONF2679.
Running sp calculation for CONF2680.
Running sp calculation for CONF2678.
Running sp calculation for CONF2681.
Running sp calculation for CONF2683.
Running sp calculation for CONF2684.
Running sp calculation for CONF2682.
Running sp calculation for CONF2685.
Running sp calculation for CONF2686.
Running sp calculation for CONF2687.
Running sp calculation for CONF2688.
Running sp calculation for CONF2689.
Running sp calculation for CONF2690.
Running sp calculation for CONF2691.
Running sp calculation for CONF2693.
Running sp calculation for CONF2695.
Running sp calculation for CONF2694.
Running sp calculation for CONF2696.
Running sp calculation for CONF2692.
Running sp calculation for CONF2699.
Running sp calculation for CONF2697.
Running sp calculation for CONF2700.
Running sp calculation for CONF2698.
Running sp calculation for CONF2701.
Running sp calculation for CONF2702.
Running sp calculation for CONF2703.
Running sp calculation for CONF2705.
Running sp calculation for CONF2707.
Running sp calculation for CONF2704.
Running sp calculation for CONF2708.
Running sp calculation for CONF2709.
Running sp calculation for CONF2711.
Running sp calculation for CONF2712.
Running sp calculation for CONF2710.
Running sp calculation for CONF2706.
Running sp calculation for CONF2714.
Running sp calculation for CONF2716.
Running sp calculation for CONF2713.
Running sp calculation for CONF2715.
Running sp calculation for CONF2717.
Running sp calculation for CONF2718.
Running sp calculation for CONF2719.
Running sp calculation for CONF2720.
Running sp calculation for CONF2721.
Running sp calculation for CONF2722.
Running sp calculation for CONF2723.
Running sp calculation for CONF2725.
Running sp calculation for CONF2724.
Running sp calculation for CONF2727.
Running sp calculation for CONF2726.
Running sp calculation for CONF2728.
Running sp calculation for CONF2729.
Running sp calculation for CONF2730.
Running sp calculation for CONF2731.
Running sp calculation for CONF2733.
Running sp calculation for CONF2732.
Running sp calculation for CONF2734.
Running sp calculation for CONF2752.
Running sp calculation for CONF2735.
Running sp calculation for CONF2737.
Running sp calculation for CONF2736.
Running sp calculation for CONF2739.
Running sp calculation for CONF2738.
Running sp calculation for CONF2742.
Running sp calculation for CONF2743.
Running sp calculation for CONF2740.
Running sp calculation for CONF2741.
Running sp calculation for CONF2744.
Running sp calculation for CONF2745.
Running sp calculation for CONF2746.
Running sp calculation for CONF2747.
Running sp calculation for CONF2748.
Running sp calculation for CONF2749.
Running sp calculation for CONF2750.
Running sp calculation for CONF2751.
Running sp calculation for CONF2753.
Running sp calculation for CONF2754.
Running sp calculation for CONF2755.
Running sp calculation for CONF2756.
Running sp calculation for CONF2758.
Running sp calculation for CONF2757.
Running sp calculation for CONF2759.
Running sp calculation for CONF2761.
Running sp calculation for CONF2760.
Running sp calculation for CONF2762.
Running sp calculation for CONF2763.
Running sp calculation for CONF2764.
Running sp calculation for CONF2765.
Running sp calculation for CONF2766.
Running sp calculation for CONF2767.
Running sp calculation for CONF2769.
Running sp calculation for CONF2770.
Running sp calculation for CONF2768.
Running sp calculation for CONF2772.
Running sp calculation for CONF2771.
Running sp calculation for CONF2774.
Running sp calculation for CONF2776.
Running sp calculation for CONF2775.
Running sp calculation for CONF2773.
Running sp calculation for CONF2778.
Running sp calculation for CONF2777.
Running sp calculation for CONF2779.
Running sp calculation for CONF2780.
Running sp calculation for CONF2781.
Running sp calculation for CONF2782.
Running sp calculation for CONF2783.
Running sp calculation for CONF2784.
Running sp calculation for CONF2785.
Running sp calculation for CONF2786.
Running sp calculation for CONF2791.
Running sp calculation for CONF2787.
Running sp calculation for CONF2788.
Running sp calculation for CONF2789.
Running sp calculation for CONF2790.
Running sp calculation for CONF2792.
Running sp calculation for CONF2793.
Running sp calculation for CONF2794.
Running sp calculation for CONF2795.
Running sp calculation for CONF2796.
Running sp calculation for CONF2797.
Running sp calculation for CONF2798.
Running sp calculation for CONF2800.
Running sp calculation for CONF2801.
Running sp calculation for CONF2799.
Running sp calculation for CONF2802.
Running sp calculation for CONF2804.
Running sp calculation for CONF2805.
Running sp calculation for CONF2803.
Running sp calculation for CONF2806.
Running sp calculation for CONF2807.
Running sp calculation for CONF2808.
Running sp calculation for CONF2809.
Running sp calculation for CONF2810.
Running sp calculation for CONF2814.
Running sp calculation for CONF2811.
Running sp calculation for CONF2812.
Running sp calculation for CONF2813.
Running sp calculation for CONF2816.
Running sp calculation for CONF2834.
Running sp calculation for CONF2815.
Running sp calculation for CONF2817.
Running sp calculation for CONF2818.
Running sp calculation for CONF2819.
Running sp calculation for CONF2820.
Running sp calculation for CONF2821.
Running sp calculation for CONF2822.
Running sp calculation for CONF2823.
Running sp calculation for CONF2825.
Running sp calculation for CONF2828.
Running sp calculation for CONF2824.
Running sp calculation for CONF2826.
Running sp calculation for CONF2827.
Running sp calculation for CONF2829.
Running sp calculation for CONF2830.
Running sp calculation for CONF2832.
Running sp calculation for CONF2831.
Running sp calculation for CONF2833.
Running sp calculation for CONF2836.
Running sp calculation for CONF2835.
Running sp calculation for CONF2837.
Running sp calculation for CONF2838.
Running sp calculation for CONF2839.
Running sp calculation for CONF2840.
Running sp calculation for CONF2841.
Running sp calculation for CONF2843.
Running sp calculation for CONF2842.
Running sp calculation for CONF2844.
Running sp calculation for CONF2845.
Running sp calculation for CONF2846.
Running sp calculation for CONF2847.
Running sp calculation for CONF2848.
Running sp calculation for CONF2849.
Running sp calculation for CONF2850.
Running sp calculation for CONF2851.
Running sp calculation for CONF2852.
Running sp calculation for CONF2853.
Running sp calculation for CONF2854.
Running sp calculation for CONF2855.
Running sp calculation for CONF2856.
Running sp calculation for CONF2857.
Running sp calculation for CONF2859.
Running sp calculation for CONF2858.
Running sp calculation for CONF2860.
Running sp calculation for CONF2861.
Running sp calculation for CONF2862.
Running sp calculation for CONF2864.
Running sp calculation for CONF2863.
Running sp calculation for CONF2865.
Running sp calculation for CONF2866.
Running sp calculation for CONF2868.
Running sp calculation for CONF2869.
Running sp calculation for CONF2870.
Running sp calculation for CONF2867.
Running sp calculation for CONF2871.
Running sp calculation for CONF2872.
Running sp calculation for CONF2873.
Running sp calculation for CONF2874.
Running sp calculation for CONF2876.
Running sp calculation for CONF2875.
Running sp calculation for CONF2877.
Running sp calculation for CONF2878.
Running sp calculation for CONF2879.
Running sp calculation for CONF2880.
Running sp calculation for CONF2881.
Running sp calculation for CONF2887.
Running sp calculation for CONF2883.
Running sp calculation for CONF2885.
Running sp calculation for CONF2882.
Running sp calculation for CONF2884.
Running sp calculation for CONF2886.
Running sp calculation for CONF2888.
Running sp calculation for CONF2889.
Running sp calculation for CONF2890.
Running sp calculation for CONF2891.
Running sp calculation for CONF2892.
Running sp calculation for CONF2893.
Running sp calculation for CONF2894.
Running sp calculation for CONF2895.
Running sp calculation for CONF2896.
Running sp calculation for CONF2897.
Running sp calculation for CONF2900.
Running sp calculation for CONF2899.
Running sp calculation for CONF2898.
Running sp calculation for CONF2901.
Running sp calculation for CONF2902.
Running sp calculation for CONF2903.
Running sp calculation for CONF2904.
Running sp calculation for CONF2905.
Running sp calculation for CONF2908.
Running sp calculation for CONF2907.
Running sp calculation for CONF2906.
Running sp calculation for CONF2910.
Running sp calculation for CONF2909.
Running sp calculation for CONF2911.
Running sp calculation for CONF2912.
Running sp calculation for CONF2915.
Running sp calculation for CONF2913.
Running sp calculation for CONF2916.
Running sp calculation for CONF2914.
Running sp calculation for CONF2917.
Running sp calculation for CONF2918.
Running sp calculation for CONF2919.
Running sp calculation for CONF2920.
Running sp calculation for CONF2921.
Running sp calculation for CONF2922.
Running sp calculation for CONF2923.
Running sp calculation for CONF2924.
Running sp calculation for CONF2925.
Running sp calculation for CONF2926.
Running sp calculation for CONF2927.
Running sp calculation for CONF2928.
Running sp calculation for CONF2929.
Running sp calculation for CONF2930.
Running sp calculation for CONF2932.
Running sp calculation for CONF2931.
Running sp calculation for CONF2933.
Running sp calculation for CONF2934.
Running sp calculation for CONF2937.
Running sp calculation for CONF2935.
Running sp calculation for CONF2936.
Running sp calculation for CONF2939.
Running sp calculation for CONF2938.
Running sp calculation for CONF2940.
Running sp calculation for CONF2941.
Running sp calculation for CONF2942.
Running sp calculation for CONF2943.
Running sp calculation for CONF2944.
Running sp calculation for CONF2945.
Running sp calculation for CONF2946.
Running sp calculation for CONF2947.
Running sp calculation for CONF2948.
Running sp calculation for CONF2950.
Running sp calculation for CONF2951.
Running sp calculation for CONF2949.
Running sp calculation for CONF2952.
Running sp calculation for CONF2953.
Running sp calculation for CONF2954.
Running sp calculation for CONF2955.
Running sp calculation for CONF2956.
Running sp calculation for CONF2957.
Running sp calculation for CONF2958.
Running sp calculation for CONF2959.
Running sp calculation for CONF2960.
Running sp calculation for CONF2961.
Running sp calculation for CONF2963.
Running sp calculation for CONF2962.
Running sp calculation for CONF2965.
Running sp calculation for CONF2970.
Running sp calculation for CONF2964.
Running sp calculation for CONF2966.
Running sp calculation for CONF2967.
Running sp calculation for CONF2968.
Running sp calculation for CONF2969.
Running sp calculation for CONF2971.
Running sp calculation for CONF2972.
Running sp calculation for CONF2973.
Running sp calculation for CONF2974.
Running sp calculation for CONF2975.
Running sp calculation for CONF2976.
Running sp calculation for CONF2977.
Running sp calculation for CONF2978.
Running sp calculation for CONF2980.
Running sp calculation for CONF2982.
Running sp calculation for CONF2979.
Running sp calculation for CONF2981.
Running sp calculation for CONF2984.
Running sp calculation for CONF2985.
Running sp calculation for CONF2989.
Running sp calculation for CONF2983.
Running sp calculation for CONF2986.
Running sp calculation for CONF2987.
Running sp calculation for CONF2988.
Running sp calculation for CONF2990.
Running sp calculation for CONF2991.
Running sp calculation for CONF2992.
Running sp calculation for CONF2993.
Running sp calculation for CONF2995.
Running sp calculation for CONF2994.
Running sp calculation for CONF2996.
Running sp calculation for CONF2998.
Running sp calculation for CONF2997.
Running sp calculation for CONF2999.
Running sp calculation for CONF3000.
Running sp calculation for CONF3001.
Running sp calculation for CONF3003.
Running sp calculation for CONF3002.
Running sp calculation for CONF3004.
Running sp calculation for CONF3005.
Running sp calculation for CONF3007.
Running sp calculation for CONF3006.
Running sp calculation for CONF3008.
Running sp calculation for CONF3009.
Running sp calculation for CONF3010.
Running sp calculation for CONF3011.
Running sp calculation for CONF3013.
Running sp calculation for CONF3014.
Running sp calculation for CONF3015.
Running sp calculation for CONF3012.
Running sp calculation for CONF3016.
Running sp calculation for CONF3017.
Running sp calculation for CONF3019.
Running sp calculation for CONF3018.
Running sp calculation for CONF3021.
Running sp calculation for CONF3020.
Running sp calculation for CONF3022.
Running sp calculation for CONF3024.
Running sp calculation for CONF3023.
Running sp calculation for CONF3028.
Running sp calculation for CONF3027.
Running sp calculation for CONF3025.
Running sp calculation for CONF3026.
Running sp calculation for CONF3030.
Running sp calculation for CONF3029.
Running sp calculation for CONF3031.
Running sp calculation for CONF3032.
Running sp calculation for CONF3033.
Running sp calculation for CONF3034.
Running sp calculation for CONF3035.
Running sp calculation for CONF3036.
Running sp calculation for CONF3039.
Running sp calculation for CONF3037.
Running sp calculation for CONF3040.
Running sp calculation for CONF3038.
Running sp calculation for CONF3041.
Running sp calculation for CONF3043.
Running sp calculation for CONF3044.
Running sp calculation for CONF3042.
Running sp calculation for CONF3045.
Running sp calculation for CONF3046.
Running sp calculation for CONF3047.
Running sp calculation for CONF3048.
Running sp calculation for CONF3049.
Running sp calculation for CONF3050.
Running sp calculation for CONF3051.
Running sp calculation for CONF3052.
Running sp calculation for CONF3054.
Running sp calculation for CONF3053.
Running sp calculation for CONF3056.
Running sp calculation for CONF3055.
Running sp calculation for CONF3057.
Running sp calculation for CONF3058.
Running sp calculation for CONF3060.
Running sp calculation for CONF3059.
Running sp calculation for CONF3062.
Running sp calculation for CONF3061.
Running sp calculation for CONF3063.
Running sp calculation for CONF3064.
Running sp calculation for CONF3065.
Running sp calculation for CONF3078.
Running sp calculation for CONF3067.
Running sp calculation for CONF3066.
Running sp calculation for CONF3068.
Running sp calculation for CONF3070.
Running sp calculation for CONF3069.
Running sp calculation for CONF3071.
Running sp calculation for CONF3072.
Running sp calculation for CONF3073.
Running sp calculation for CONF3074.
Running sp calculation for CONF3075.
Running sp calculation for CONF3076.
Running sp calculation for CONF3077.
Running sp calculation for CONF3079.
Running sp calculation for CONF3080.
Running sp calculation for CONF3081.
Running sp calculation for CONF3087.
Running sp calculation for CONF3082.
Running sp calculation for CONF3084.
Running sp calculation for CONF3083.
Running sp calculation for CONF3085.
Running sp calculation for CONF3088.
Running sp calculation for CONF3086.
Running sp calculation for CONF3089.
Running sp calculation for CONF3090.
Running sp calculation for CONF3091.
Running sp calculation for CONF3093.
Running sp calculation for CONF3092.
Running sp calculation for CONF3094.
Running sp calculation for CONF3095.
Running sp calculation for CONF3096.
Running sp calculation for CONF3097.
Running sp calculation for CONF3098.
Running sp calculation for CONF3100.
Running sp calculation for CONF3099.
Running sp calculation for CONF3101.
Running sp calculation for CONF3102.
Running sp calculation for CONF3103.
Running sp calculation for CONF3104.
Running sp calculation for CONF3106.
Running sp calculation for CONF3105.
Running sp calculation for CONF3107.
Running sp calculation for CONF3108.
Running sp calculation for CONF3109.
Running sp calculation for CONF3110.
Running sp calculation for CONF3111.
Running sp calculation for CONF3113.
Running sp calculation for CONF3112.
Running sp calculation for CONF3114.
Running sp calculation for CONF3116.
Running sp calculation for CONF3115.
Running sp calculation for CONF3118.
Running sp calculation for CONF3117.
Running sp calculation for CONF3119.
Running sp calculation for CONF3120.
Running sp calculation for CONF3121.
Running sp calculation for CONF3122.
Running sp calculation for CONF3123.
Running sp calculation for CONF3124.
Running sp calculation for CONF3125.
Running sp calculation for CONF3127.
Running sp calculation for CONF3126.
Running sp calculation for CONF3128.
Running sp calculation for CONF3129.
Running sp calculation for CONF3130.
Running sp calculation for CONF3131.
Running sp calculation for CONF3134.
Running sp calculation for CONF3132.
Running sp calculation for CONF3133.
Running sp calculation for CONF3135.
Running sp calculation for CONF3136.
Running sp calculation for CONF3137.
Running sp calculation for CONF3139.
Running sp calculation for CONF3140.
Running sp calculation for CONF3141.
Running sp calculation for CONF3138.
Running sp calculation for CONF3142.
Running sp calculation for CONF3143.
Running sp calculation for CONF3145.
Running sp calculation for CONF3144.
Running sp calculation for CONF3146.
Running sp calculation for CONF3147.
Running sp calculation for CONF3149.
Running sp calculation for CONF3148.
Running sp calculation for CONF3151.
Running sp calculation for CONF3150.
Running sp calculation for CONF3152.
Running sp calculation for CONF3153.
Running sp calculation for CONF3154.
Running sp calculation for CONF3155.
Running sp calculation for CONF3156.
Running sp calculation for CONF3157.
Running sp calculation for CONF3158.
Running sp calculation for CONF3159.
Running sp calculation for CONF3160.
Running sp calculation for CONF3161.
Running sp calculation for CONF3162.
Running sp calculation for CONF3163.
Running sp calculation for CONF3164.
Running sp calculation for CONF3165.
Running sp calculation for CONF3166.
Running sp calculation for CONF3167.
Running sp calculation for CONF3168.
Running sp calculation for CONF3178.
Running sp calculation for CONF3169.
Running sp calculation for CONF3171.
Running sp calculation for CONF3170.
Running sp calculation for CONF3172.
Running sp calculation for CONF3173.
Running sp calculation for CONF3174.
Running sp calculation for CONF3175.
Running sp calculation for CONF3177.
Running sp calculation for CONF3176.
Running sp calculation for CONF3179.
Running sp calculation for CONF3180.
Running sp calculation for CONF3181.
Running sp calculation for CONF3183.
Running sp calculation for CONF3182.
Running sp calculation for CONF3184.
Running sp calculation for CONF3185.
Running sp calculation for CONF3186.
Running sp calculation for CONF3187.
Running sp calculation for CONF3188.
Running sp calculation for CONF3189.
Running sp calculation for CONF3191.
Running sp calculation for CONF3190.
Running sp calculation for CONF3192.
Running sp calculation for CONF3194.
Running sp calculation for CONF3193.
Running sp calculation for CONF3195.
Running sp calculation for CONF3196.
Running sp calculation for CONF3197.
Running sp calculation for CONF3198.
Running sp calculation for CONF3200.
Running sp calculation for CONF3199.
Running sp calculation for CONF3201.
Running sp calculation for CONF3202.
Running sp calculation for CONF3203.
Running sp calculation for CONF3204.
Running sp calculation for CONF3205.
Running sp calculation for CONF3207.
Running sp calculation for CONF3206.
Running sp calculation for CONF3208.
Running sp calculation for CONF3209.
Running sp calculation for CONF3210.
Running sp calculation for CONF3213.
Running sp calculation for CONF3211.
Running sp calculation for CONF3212.
Running sp calculation for CONF3214.
Running sp calculation for CONF3215.
Running sp calculation for CONF3216.
Running sp calculation for CONF3217.
Running sp calculation for CONF3218.
Running sp calculation for CONF3220.
Running sp calculation for CONF3219.
Running sp calculation for CONF3221.
Running sp calculation for CONF3223.
Running sp calculation for CONF3222.
Running sp calculation for CONF3224.
Running sp calculation for CONF3225.
Running sp calculation for CONF3227.
Running sp calculation for CONF3228.
Running sp calculation for CONF3226.
Running sp calculation for CONF3229.
Running sp calculation for CONF3230.
Running sp calculation for CONF3232.
Running sp calculation for CONF3233.
Running sp calculation for CONF3231.
Running sp calculation for CONF3234.
Running sp calculation for CONF3236.
Running sp calculation for CONF3235.
Running sp calculation for CONF3237.
Running sp calculation for CONF3238.


No longer considering CONF1035.
No longer considering CONF1073.
No longer considering CONF1076.
No longer considering CONF1079.
No longer considering CONF1089.
No longer considering CONF1090.
No longer considering CONF1103.
No longer considering CONF1117.
No longer considering CONF1121.
No longer considering CONF1150.
No longer considering CONF1134.
No longer considering CONF1143.
No longer considering CONF1168.
No longer considering CONF1175.
No longer considering CONF1183.
No longer considering CONF1188.
No longer considering CONF1216.
No longer considering CONF1233.
No longer considering CONF1238.
No longer considering CONF1245.
No longer considering CONF1244.
No longer considering CONF1248.
No longer considering CONF1269.
No longer considering CONF1285.
No longer considering CONF1268.
No longer considering CONF1272.
No longer considering CONF1284.
No longer considering CONF1290.
No longer considering CONF1297.
No longer considering CONF1309.
No longer considering CONF1366.
No longer considering CONF1379.
No longer considering CONF1389.
No longer considering CONF1412.
No longer considering CONF1435.
No longer considering CONF1436.
No longer considering CONF1437.
No longer considering CONF1440.
No longer considering CONF1443.
No longer considering CONF1446.
No longer considering CONF1449.
No longer considering CONF1453.
No longer considering CONF1455.
No longer considering CONF1456.
No longer considering CONF1457.
No longer considering CONF1471.
No longer considering CONF1474.
No longer considering CONF1478.
No longer considering CONF1479.
No longer considering CONF1483.
No longer considering CONF1488.
No longer considering CONF1491.
No longer considering CONF1493.
No longer considering CONF1495.
No longer considering CONF1497.
No longer considering CONF1501.
No longer considering CONF1503.
No longer considering CONF1534.
No longer considering CONF1512.
No longer considering CONF1514.
No longer considering CONF1516.
No longer considering CONF1518.
No longer considering CONF1520.
No longer considering CONF1521.
No longer considering CONF1527.
No longer considering CONF1532.
No longer considering CONF1537.
No longer considering CONF1543.
No longer considering CONF1550.
No longer considering CONF1552.
No longer considering CONF1555.
No longer considering CONF1560.
No longer considering CONF1567.
No longer considering CONF1561.
No longer considering CONF1562.
No longer considering CONF1565.
No longer considering CONF1568.
No longer considering CONF1566.
No longer considering CONF1572.
No longer considering CONF1575.
No longer considering CONF1576.
No longer considering CONF1578.
No longer considering CONF1581.
No longer considering CONF1617.
No longer considering CONF1582.
No longer considering CONF1608.
No longer considering CONF1591.
No longer considering CONF1599.
No longer considering CONF1601.
No longer considering CONF1603.
No longer considering CONF1604.
No longer considering CONF1606.
No longer considering CONF1607.
No longer considering CONF1609.
No longer considering CONF1610.
No longer considering CONF1611.
No longer considering CONF1612.
No longer considering CONF1613.
No longer considering CONF1616.
No longer considering CONF1619.
No longer considering CONF1623.
No longer considering CONF1626.
No longer considering CONF1627.
No longer considering CONF1628.
No longer considering CONF1631.
No longer considering CONF1632.
No longer considering CONF1633.
No longer considering CONF1635.
No longer considering CONF1639.
No longer considering CONF1642.
No longer considering CONF1643.
No longer considering CONF1646.
No longer considering CONF1647.
No longer considering CONF1669.
No longer considering CONF1649.
No longer considering CONF1650.
No longer considering CONF1653.
No longer considering CONF1656.
No longer considering CONF1658.
No longer considering CONF1659.
No longer considering CONF1660.
No longer considering CONF1682.
No longer considering CONF1665.
No longer considering CONF1668.
No longer considering CONF1672.
No longer considering CONF1673.
No longer considering CONF1675.
No longer considering CONF1676.
No longer considering CONF1677.
No longer considering CONF1679.
No longer considering CONF1681.
No longer considering CONF1684.
No longer considering CONF1685.
No longer considering CONF1686.
No longer considering CONF1690.
No longer considering CONF1688.
No longer considering CONF1718.
No longer considering CONF1689.
No longer considering CONF1691.
No longer considering CONF1692.
No longer considering CONF1693.
No longer considering CONF1694.
No longer considering CONF1695.
No longer considering CONF1696.
No longer considering CONF1714.
No longer considering CONF1702.
No longer considering CONF1703.
No longer considering CONF1704.
No longer considering CONF1705.
No longer considering CONF1706.
No longer considering CONF1707.
No longer considering CONF1713.
No longer considering CONF1711.
No longer considering CONF1723.
No longer considering CONF1716.
No longer considering CONF1717.
No longer considering CONF1719.
No longer considering CONF1720.
No longer considering CONF1721.
No longer considering CONF1724.
No longer considering CONF1725.
No longer considering CONF1744.
No longer considering CONF1727.
No longer considering CONF1728.
No longer considering CONF1731.
No longer considering CONF1734.
No longer considering CONF1736.
No longer considering CONF1745.
No longer considering CONF1746.
No longer considering CONF1747.
No longer considering CONF1748.
No longer considering CONF1751.
No longer considering CONF1752.
No longer considering CONF1753.
No longer considering CONF1755.
No longer considering CONF1756.
No longer considering CONF1757.
No longer considering CONF1758.
No longer considering CONF1762.
No longer considering CONF1766.
No longer considering CONF1767.
No longer considering CONF1789.
No longer considering CONF1769.
No longer considering CONF1771.
No longer considering CONF1772.
No longer considering CONF1773.
No longer considering CONF1774.
No longer considering CONF1775.
No longer considering CONF1776.
No longer considering CONF1778.
No longer considering CONF1779.
No longer considering CONF1788.
No longer considering CONF1785.
No longer considering CONF1786.
No longer considering CONF1790.
No longer considering CONF1794.
No longer considering CONF1822.
No longer considering CONF1797.
No longer considering CONF1801.
No longer considering CONF1802.
No longer considering CONF1807.
No longer considering CONF1803.
No longer considering CONF1806.
No longer considering CONF1809.
No longer considering CONF1810.
No longer considering CONF1812.
No longer considering CONF1814.
No longer considering CONF1815.
No longer considering CONF1818.
No longer considering CONF1820.
No longer considering CONF1823.
No longer considering CONF1824.
No longer considering CONF1827.
No longer considering CONF1828.
No longer considering CONF1831.
No longer considering CONF1836.
No longer considering CONF1834.
No longer considering CONF1839.
No longer considering CONF1841.
No longer considering CONF1842.
No longer considering CONF1843.
No longer considering CONF1844.
No longer considering CONF1845.
No longer considering CONF1846.
No longer considering CONF1848.
No longer considering CONF1849.
No longer considering CONF1852.
No longer considering CONF1858.
No longer considering CONF1855.
No longer considering CONF1859.
No longer considering CONF1860.
No longer considering CONF1862.
No longer considering CONF1864.
No longer considering CONF1865.
No longer considering CONF1866.
No longer considering CONF1867.
No longer considering CONF1868.
No longer considering CONF1873.
No longer considering CONF1874.
No longer considering CONF1877.
No longer considering CONF1878.
No longer considering CONF1889.
No longer considering CONF1879.
No longer considering CONF1880.
No longer considering CONF1886.
No longer considering CONF1882.
No longer considering CONF1883.
No longer considering CONF1884.
No longer considering CONF1885.
No longer considering CONF1890.
No longer considering CONF1891.
No longer considering CONF1893.
No longer considering CONF1897.
No longer considering CONF1898.
No longer considering CONF1899.
No longer considering CONF1900.
No longer considering CONF1903.
No longer considering CONF1904.
No longer considering CONF1913.
No longer considering CONF1915.
No longer considering CONF1916.
No longer considering CONF1921.
No longer considering CONF1924.
No longer considering CONF1935.
No longer considering CONF1925.
No longer considering CONF1926.
No longer considering CONF1928.
No longer considering CONF1931.
No longer considering CONF1938.
No longer considering CONF1941.
No longer considering CONF1944.
No longer considering CONF1947.
No longer considering CONF1948.
No longer considering CONF1952.
No longer considering CONF1953.
No longer considering CONF1954.
No longer considering CONF1956.
No longer considering CONF1957.
No longer considering CONF1960.
No longer considering CONF1961.
No longer considering CONF1963.
No longer considering CONF1964.
No longer considering CONF1965.
No longer considering CONF1966.
No longer considering CONF1967.
No longer considering CONF1969.
No longer considering CONF1970.
No longer considering CONF1972.
No longer considering CONF1979.
No longer considering CONF1974.
No longer considering CONF1975.
No longer considering CONF1977.
No longer considering CONF1978.
No longer considering CONF1980.
No longer considering CONF1981.
No longer considering CONF1984.
No longer considering CONF1985.
No longer considering CONF1986.
No longer considering CONF1987.
No longer considering CONF1988.
No longer considering CONF1994.
No longer considering CONF1996.
No longer considering CONF1997.
No longer considering CONF1998.
No longer considering CONF1999.
No longer considering CONF2000.
No longer considering CONF2004.
No longer considering CONF2008.
No longer considering CONF2009.
No longer considering CONF2010.
No longer considering CONF2011.
No longer considering CONF2012.
No longer considering CONF2018.
No longer considering CONF2019.
No longer considering CONF2023.
No longer considering CONF2027.
No longer considering CONF2028.
No longer considering CONF2030.
No longer considering CONF2031.
No longer considering CONF2032.
No longer considering CONF2033.
No longer considering CONF2057.
No longer considering CONF2036.
No longer considering CONF2034.
No longer considering CONF2037.
No longer considering CONF2038.
No longer considering CONF2040.
No longer considering CONF2041.
No longer considering CONF2042.
No longer considering CONF2043.
No longer considering CONF2045.
No longer considering CONF2046.
No longer considering CONF2048.
No longer considering CONF2049.
No longer considering CONF2050.
No longer considering CONF2051.
No longer considering CONF2052.
No longer considering CONF2055.
No longer considering CONF2071.
No longer considering CONF2056.
No longer considering CONF2068.
No longer considering CONF2058.
No longer considering CONF2060.
No longer considering CONF2061.
No longer considering CONF2062.
No longer considering CONF2063.
No longer considering CONF2065.
No longer considering CONF2066.
No longer considering CONF2069.
No longer considering CONF2072.
No longer considering CONF2073.
No longer considering CONF2074.
No longer considering CONF2076.
No longer considering CONF2077.
No longer considering CONF2078.
No longer considering CONF2080.
No longer considering CONF2083.
No longer considering CONF2084.
No longer considering CONF2085.
No longer considering CONF2087.
No longer considering CONF2088.
No longer considering CONF2090.
No longer considering CONF2093.
No longer considering CONF2094.
No longer considering CONF2095.
No longer considering CONF2097.
No longer considering CONF2100.
No longer considering CONF2102.
No longer considering CONF2103.
No longer considering CONF2104.
No longer considering CONF2105.
No longer considering CONF2106.
No longer considering CONF2107.
No longer considering CONF2108.
No longer considering CONF2110.
No longer considering CONF2111.
No longer considering CONF2114.
No longer considering CONF2116.
No longer considering CONF2118.
No longer considering CONF2120.
No longer considering CONF2123.
No longer considering CONF2124.
No longer considering CONF2125.
No longer considering CONF2126.
No longer considering CONF2129.
No longer considering CONF2130.
No longer considering CONF2131.
No longer considering CONF2132.
No longer considering CONF2134.
No longer considering CONF2136.
No longer considering CONF2137.
No longer considering CONF2138.
No longer considering CONF2139.
No longer considering CONF2140.
No longer considering CONF2141.
No longer considering CONF2146.
No longer considering CONF2145.
No longer considering CONF2147.
No longer considering CONF2194.
No longer considering CONF2150.
No longer considering CONF2151.
No longer considering CONF2187.
No longer considering CONF2152.
No longer considering CONF2161.
No longer considering CONF2157.
No longer considering CONF2158.
No longer considering CONF2160.
No longer considering CONF2162.
No longer considering CONF2164.
No longer considering CONF2167.
No longer considering CONF2172.
No longer considering CONF2174.
No longer considering CONF2175.
No longer considering CONF2177.
No longer considering CONF2193.
No longer considering CONF2180.
No longer considering CONF2181.
No longer considering CONF2184.
No longer considering CONF2185.
No longer considering CONF2186.
No longer considering CONF2188.
No longer considering CONF2189.
No longer considering CONF2190.
No longer considering CONF2195.
No longer considering CONF2196.
No longer considering CONF2198.
No longer considering CONF2199.
No longer considering CONF2202.
No longer considering CONF2206.
No longer considering CONF2208.
No longer considering CONF2209.
No longer considering CONF2211.
No longer considering CONF2212.
No longer considering CONF2213.
No longer considering CONF2214.
No longer considering CONF2218.
No longer considering CONF2215.
No longer considering CONF2216.
No longer considering CONF2217.
No longer considering CONF2219.
No longer considering CONF2221.
No longer considering CONF2222.
No longer considering CONF2223.
No longer considering CONF2232.
No longer considering CONF2227.
No longer considering CONF2229.
No longer considering CONF2231.
No longer considering CONF2233.
No longer considering CONF2234.
No longer considering CONF2235.
No longer considering CONF2238.
No longer considering CONF2239.
No longer considering CONF2241.
No longer considering CONF2242.
No longer considering CONF2245.
No longer considering CONF2246.
No longer considering CONF2247.
No longer considering CONF2248.
No longer considering CONF2250.
No longer considering CONF2266.
No longer considering CONF2249.
No longer considering CONF2251.
No longer considering CONF2252.
No longer considering CONF2256.
No longer considering CONF2253.
No longer considering CONF2254.
No longer considering CONF2257.
No longer considering CONF2258.
No longer considering CONF2265.
No longer considering CONF2267.
No longer considering CONF2274.
No longer considering CONF2268.
No longer considering CONF2269.
No longer considering CONF2270.
No longer considering CONF2271.
No longer considering CONF2273.
No longer considering CONF2275.
No longer considering CONF2276.
No longer considering CONF2279.
No longer considering CONF2280.
No longer considering CONF2281.
No longer considering CONF2282.
No longer considering CONF2283.
No longer considering CONF2284.
No longer considering CONF2285.
No longer considering CONF2286.
No longer considering CONF2287.
No longer considering CONF2289.
No longer considering CONF2290.
No longer considering CONF2292.
No longer considering CONF2293.
No longer considering CONF2294.
No longer considering CONF2295.
No longer considering CONF2296.
No longer considering CONF2299.
No longer considering CONF2301.
No longer considering CONF2302.
No longer considering CONF2304.
No longer considering CONF2306.
No longer considering CONF2307.
No longer considering CONF2308.
No longer considering CONF2309.
No longer considering CONF2310.
No longer considering CONF2312.
No longer considering CONF2311.
No longer considering CONF2314.
No longer considering CONF2315.
No longer considering CONF2317.
No longer considering CONF2321.
No longer considering CONF2323.
No longer considering CONF2324.
No longer considering CONF2325.
No longer considering CONF2327.
No longer considering CONF2326.
No longer considering CONF2329.
No longer considering CONF2331.
No longer considering CONF2333.
No longer considering CONF2334.
No longer considering CONF2336.
No longer considering CONF2338.
No longer considering CONF2340.
No longer considering CONF2358.
No longer considering CONF2341.
No longer considering CONF2342.
No longer considering CONF2344.
No longer considering CONF2346.
No longer considering CONF2348.
No longer considering CONF2349.
No longer considering CONF2350.
No longer considering CONF2351.
No longer considering CONF2352.
No longer considering CONF2354.
No longer considering CONF2357.
No longer considering CONF2355.
No longer considering CONF2356.
No longer considering CONF2359.
No longer considering CONF2360.
No longer considering CONF2361.
No longer considering CONF2362.
No longer considering CONF2363.
No longer considering CONF2374.
No longer considering CONF2364.
No longer considering CONF2366.
No longer considering CONF2367.
No longer considering CONF2368.
No longer considering CONF2369.
No longer considering CONF2370.
No longer considering CONF2372.
No longer considering CONF2373.
No longer considering CONF2375.
No longer considering CONF2376.
No longer considering CONF2377.
No longer considering CONF2378.
No longer considering CONF2379.
No longer considering CONF2380.
No longer considering CONF2382.
No longer considering CONF2383.
No longer considering CONF2384.
No longer considering CONF2386.
No longer considering CONF2392.
No longer considering CONF2389.
No longer considering CONF2390.
No longer considering CONF2391.
No longer considering CONF2393.
No longer considering CONF2394.
No longer considering CONF2395.
No longer considering CONF2396.
No longer considering CONF2397.
No longer considering CONF2398.
No longer considering CONF2399.
No longer considering CONF2401.
No longer considering CONF2402.
No longer considering CONF2403.
No longer considering CONF2404.
No longer considering CONF2406.
No longer considering CONF2407.
No longer considering CONF2408.
No longer considering CONF2410.
No longer considering CONF2412.
No longer considering CONF2413.
No longer considering CONF2416.
No longer considering CONF2417.
No longer considering CONF2420.
No longer considering CONF2421.
No longer considering CONF2422.
No longer considering CONF2423.
No longer considering CONF2424.
No longer considering CONF2425.
No longer considering CONF2426.
No longer considering CONF2428.
No longer considering CONF2430.
No longer considering CONF2431.
No longer considering CONF2434.
No longer considering CONF2435.
No longer considering CONF2436.
No longer considering CONF2437.
No longer considering CONF2438.
No longer considering CONF2440.
No longer considering CONF2441.
No longer considering CONF2442.
No longer considering CONF2445.
No longer considering CONF2446.
No longer considering CONF2447.
No longer considering CONF2448.
No longer considering CONF2452.
No longer considering CONF2450.
No longer considering CONF2451.
No longer considering CONF2453.
No longer considering CONF2454.
No longer considering CONF2456.
No longer considering CONF2457.
No longer considering CONF2459.
No longer considering CONF2460.
No longer considering CONF2461.
No longer considering CONF2463.
No longer considering CONF2507.
No longer considering CONF2465.
No longer considering CONF2466.
No longer considering CONF2469.
No longer considering CONF2470.
No longer considering CONF2471.
No longer considering CONF2472.
No longer considering CONF2473.
No longer considering CONF2474.
No longer considering CONF2475.
No longer considering CONF2476.
No longer considering CONF2477.
No longer considering CONF2480.
No longer considering CONF2481.
No longer considering CONF2482.
No longer considering CONF2483.
No longer considering CONF2484.
No longer considering CONF2487.
No longer considering CONF2488.
No longer considering CONF2489.
No longer considering CONF2490.
No longer considering CONF2493.
No longer considering CONF2496.
No longer considering CONF2498.
No longer considering CONF2501.
No longer considering CONF2502.
No longer considering CONF2503.
No longer considering CONF2504.
No longer considering CONF2505.
No longer considering CONF2506.
No longer considering CONF2508.
No longer considering CONF2509.
No longer considering CONF2510.
No longer considering CONF2511.
No longer considering CONF2512.
No longer considering CONF2513.
No longer considering CONF2514.
No longer considering CONF2515.
No longer considering CONF2516.
No longer considering CONF2551.
No longer considering CONF2517.
No longer considering CONF2518.
No longer considering CONF2519.
No longer considering CONF2520.
No longer considering CONF2521.
No longer considering CONF2522.
No longer considering CONF2523.
No longer considering CONF2524.
No longer considering CONF2525.
No longer considering CONF2527.
No longer considering CONF2529.
No longer considering CONF2530.
No longer considering CONF2531.
No longer considering CONF2532.
No longer considering CONF2533.
No longer considering CONF2534.
No longer considering CONF2535.
No longer considering CONF2536.
No longer considering CONF2537.
No longer considering CONF2538.
No longer considering CONF2539.
No longer considering CONF2541.
No longer considering CONF2542.
No longer considering CONF2543.
No longer considering CONF2544.
No longer considering CONF2545.
No longer considering CONF2546.
No longer considering CONF2549.
No longer considering CONF2550.
No longer considering CONF2552.
No longer considering CONF2553.
No longer considering CONF2554.
No longer considering CONF2558.
No longer considering CONF2559.
No longer considering CONF2560.
No longer considering CONF2561.
No longer considering CONF2562.
No longer considering CONF2563.
No longer considering CONF2564.
No longer considering CONF2565.
No longer considering CONF2566.
No longer considering CONF2567.
No longer considering CONF2568.
No longer considering CONF2569.
No longer considering CONF2570.
No longer considering CONF2571.
No longer considering CONF2572.
No longer considering CONF2573.
No longer considering CONF2575.
No longer considering CONF2576.
No longer considering CONF2577.
No longer considering CONF2580.
No longer considering CONF2581.
No longer considering CONF2583.
No longer considering CONF2584.
No longer considering CONF2589.
No longer considering CONF2585.
No longer considering CONF2586.
No longer considering CONF2588.
No longer considering CONF2590.
No longer considering CONF2591.
No longer considering CONF2592.
No longer considering CONF2593.
No longer considering CONF2595.
No longer considering CONF2596.
No longer considering CONF2597.
No longer considering CONF2626.
No longer considering CONF2598.
No longer considering CONF2599.
No longer considering CONF2600.
No longer considering CONF2601.
No longer considering CONF2602.
No longer considering CONF2603.
No longer considering CONF2604.
No longer considering CONF2605.
No longer considering CONF2606.
No longer considering CONF2607.
No longer considering CONF2608.
No longer considering CONF2610.
No longer considering CONF2611.
No longer considering CONF2612.
No longer considering CONF2613.
No longer considering CONF2614.
No longer considering CONF2616.
No longer considering CONF2617.
No longer considering CONF2618.
No longer considering CONF2619.
No longer considering CONF2620.
No longer considering CONF2621.
No longer considering CONF2622.
No longer considering CONF2623.
No longer considering CONF2624.
No longer considering CONF2625.
No longer considering CONF2628.
No longer considering CONF2629.
No longer considering CONF2630.
No longer considering CONF2631.
No longer considering CONF2633.
No longer considering CONF2634.
No longer considering CONF2635.
No longer considering CONF2636.
No longer considering CONF2637.
No longer considering CONF2638.
No longer considering CONF2639.
No longer considering CONF2640.
No longer considering CONF2641.
No longer considering CONF2642.
No longer considering CONF2643.
No longer considering CONF2648.
No longer considering CONF2644.
No longer considering CONF2645.
No longer considering CONF2647.
No longer considering CONF2649.
No longer considering CONF2650.
No longer considering CONF2652.
No longer considering CONF2656.
No longer considering CONF2653.
No longer considering CONF2654.
No longer considering CONF2655.
No longer considering CONF2657.
No longer considering CONF2658.
No longer considering CONF2660.
No longer considering CONF2661.
No longer considering CONF2662.
No longer considering CONF2663.
No longer considering CONF2664.
No longer considering CONF2666.
No longer considering CONF2667.
No longer considering CONF2668.
No longer considering CONF2669.
No longer considering CONF2670.
No longer considering CONF2673.
No longer considering CONF2671.
No longer considering CONF2672.
No longer considering CONF2674.
No longer considering CONF2675.
No longer considering CONF2676.
No longer considering CONF2677.
No longer considering CONF2678.
No longer considering CONF2679.
No longer considering CONF2680.
No longer considering CONF2681.
No longer considering CONF2682.
No longer considering CONF2683.
No longer considering CONF2684.
No longer considering CONF2685.
No longer considering CONF2686.
No longer considering CONF2687.
No longer considering CONF2688.
No longer considering CONF2689.
No longer considering CONF2691.
No longer considering CONF2692.
No longer considering CONF2693.
No longer considering CONF2694.
No longer considering CONF2695.
No longer considering CONF2696.
No longer considering CONF2697.
No longer considering CONF2698.
No longer considering CONF2699.
No longer considering CONF2700.
No longer considering CONF2701.
No longer considering CONF2703.
No longer considering CONF2704.
No longer considering CONF2705.
No longer considering CONF2707.
No longer considering CONF2706.
No longer considering CONF2708.
No longer considering CONF2709.
No longer considering CONF2711.
No longer considering CONF2712.
No longer considering CONF2713.
No longer considering CONF2714.
No longer considering CONF2716.
No longer considering CONF2715.
No longer considering CONF2717.
No longer considering CONF2718.
No longer considering CONF2719.
No longer considering CONF2720.
No longer considering CONF2721.
No longer considering CONF2722.
No longer considering CONF2724.
No longer considering CONF2725.
No longer considering CONF2726.
No longer considering CONF2727.
No longer considering CONF2728.
No longer considering CONF2729.
No longer considering CONF2730.
No longer considering CONF2731.
No longer considering CONF2733.
No longer considering CONF2732.
No longer considering CONF2734.
No longer considering CONF2752.
No longer considering CONF2735.
No longer considering CONF2736.
No longer considering CONF2737.
No longer considering CONF2738.
No longer considering CONF2739.
No longer considering CONF2740.
No longer considering CONF2741.
No longer considering CONF2742.
No longer considering CONF2743.
No longer considering CONF2744.
No longer considering CONF2746.
No longer considering CONF2747.
No longer considering CONF2748.
No longer considering CONF2749.
No longer considering CONF2750.
No longer considering CONF2751.
No longer considering CONF2753.
No longer considering CONF2754.
No longer considering CONF2755.
No longer considering CONF2756.
No longer considering CONF2757.
No longer considering CONF2758.
No longer considering CONF2759.
No longer considering CONF2760.
No longer considering CONF2761.
No longer considering CONF2762.
No longer considering CONF2763.
No longer considering CONF2764.
No longer considering CONF2765.
No longer considering CONF2766.
No longer considering CONF2767.
No longer considering CONF2768.
No longer considering CONF2769.
No longer considering CONF2770.
No longer considering CONF2773.
No longer considering CONF2774.
No longer considering CONF2775.
No longer considering CONF2776.
No longer considering CONF2777.
No longer considering CONF2778.
No longer considering CONF2779.
No longer considering CONF2780.
No longer considering CONF2781.
No longer considering CONF2783.
No longer considering CONF2784.
No longer considering CONF2785.
No longer considering CONF2791.
No longer considering CONF2786.
No longer considering CONF2787.
No longer considering CONF2789.
No longer considering CONF2790.
No longer considering CONF2792.
No longer considering CONF2793.
No longer considering CONF2794.
No longer considering CONF2795.
No longer considering CONF2797.
No longer considering CONF2796.
No longer considering CONF2798.
No longer considering CONF2799.
No longer considering CONF2800.
No longer considering CONF2801.
No longer considering CONF2802.
No longer considering CONF2803.
No longer considering CONF2804.
No longer considering CONF2805.
No longer considering CONF2806.
No longer considering CONF2807.
No longer considering CONF2808.
No longer considering CONF2809.
No longer considering CONF2810.
No longer considering CONF2814.
No longer considering CONF2811.
No longer considering CONF2812.
No longer considering CONF2813.
No longer considering CONF2834.
No longer considering CONF2815.
No longer considering CONF2816.
No longer considering CONF2817.
No longer considering CONF2818.
No longer considering CONF2819.
No longer considering CONF2820.
No longer considering CONF2821.
No longer considering CONF2822.
No longer considering CONF2823.
No longer considering CONF2824.
No longer considering CONF2825.
No longer considering CONF2828.
No longer considering CONF2826.
No longer considering CONF2827.
No longer considering CONF2829.
No longer considering CONF2830.
No longer considering CONF2831.
No longer considering CONF2832.
No longer considering CONF2833.
No longer considering CONF2835.
No longer considering CONF2836.
No longer considering CONF2837.
No longer considering CONF2838.
No longer considering CONF2839.
No longer considering CONF2840.
No longer considering CONF2841.
No longer considering CONF2842.
No longer considering CONF2843.
No longer considering CONF2844.
No longer considering CONF2845.
No longer considering CONF2846.
No longer considering CONF2847.
No longer considering CONF2848.
No longer considering CONF2849.
No longer considering CONF2850.
No longer considering CONF2851.
No longer considering CONF2852.
No longer considering CONF2853.
No longer considering CONF2854.
No longer considering CONF2855.
No longer considering CONF2856.
No longer considering CONF2857.
No longer considering CONF2858.
No longer considering CONF2859.
No longer considering CONF2860.
No longer considering CONF2861.
No longer considering CONF2862.
No longer considering CONF2863.
No longer considering CONF2864.
No longer considering CONF2865.
No longer considering CONF2866.
No longer considering CONF2867.
No longer considering CONF2868.
No longer considering CONF2869.
No longer considering CONF2870.
No longer considering CONF2871.
No longer considering CONF2872.
No longer considering CONF2873.
No longer considering CONF2874.
No longer considering CONF2875.
No longer considering CONF2876.
No longer considering CONF2877.
No longer considering CONF2878.
No longer considering CONF2879.
No longer considering CONF2880.
No longer considering CONF2881.
No longer considering CONF2882.
No longer considering CONF2883.
No longer considering CONF2887.
No longer considering CONF2884.
No longer considering CONF2886.
No longer considering CONF2888.
No longer considering CONF2889.
No longer considering CONF2891.
No longer considering CONF2892.
No longer considering CONF2893.
No longer considering CONF2894.
No longer considering CONF2895.
No longer considering CONF2896.
No longer considering CONF2897.
No longer considering CONF2898.
No longer considering CONF2899.
No longer considering CONF2900.
No longer considering CONF2901.
No longer considering CONF2902.
No longer considering CONF2903.
No longer considering CONF2904.
No longer considering CONF2905.
No longer considering CONF2906.
No longer considering CONF2907.
No longer considering CONF2908.
No longer considering CONF2909.
No longer considering CONF2910.
No longer considering CONF2911.
No longer considering CONF2912.
No longer considering CONF2915.
No longer considering CONF2913.
No longer considering CONF2914.
No longer considering CONF2916.
No longer considering CONF2917.
No longer considering CONF2918.
No longer considering CONF2919.
No longer considering CONF2920.
No longer considering CONF2921.
No longer considering CONF2922.
No longer considering CONF2923.
No longer considering CONF2924.
No longer considering CONF2925.
No longer considering CONF2926.
No longer considering CONF2927.
No longer considering CONF2928.
No longer considering CONF2929.
No longer considering CONF2930.
No longer considering CONF2931.
No longer considering CONF2932.
No longer considering CONF2933.
No longer considering CONF2934.
No longer considering CONF2937.
No longer considering CONF2935.
No longer considering CONF2936.
No longer considering CONF2938.
No longer considering CONF2939.
No longer considering CONF2940.
No longer considering CONF2941.
No longer considering CONF2942.
No longer considering CONF2943.
No longer considering CONF2944.
No longer considering CONF2945.
No longer considering CONF2946.
No longer considering CONF2947.
No longer considering CONF2948.
No longer considering CONF2949.
No longer considering CONF2950.
No longer considering CONF2951.
No longer considering CONF2952.
No longer considering CONF2953.
No longer considering CONF2954.
No longer considering CONF2955.
No longer considering CONF2956.
No longer considering CONF2957.
No longer considering CONF2959.
No longer considering CONF2960.
No longer considering CONF2961.
No longer considering CONF2962.
No longer considering CONF2963.
No longer considering CONF2964.
No longer considering CONF2965.
No longer considering CONF2970.
No longer considering CONF2966.
No longer considering CONF2967.
No longer considering CONF2968.
No longer considering CONF2969.
No longer considering CONF2971.
No longer considering CONF2972.
No longer considering CONF2973.
No longer considering CONF2974.
No longer considering CONF2975.
No longer considering CONF2976.
No longer considering CONF2977.
No longer considering CONF2978.
No longer considering CONF2979.
No longer considering CONF2980.
No longer considering CONF2981.
No longer considering CONF2982.
No longer considering CONF2983.
No longer considering CONF2984.
No longer considering CONF2985.
No longer considering CONF2989.
No longer considering CONF2986.
No longer considering CONF2987.
No longer considering CONF2988.
No longer considering CONF2990.
No longer considering CONF2991.
No longer considering CONF2992.
No longer considering CONF2993.
No longer considering CONF2994.
No longer considering CONF2995.
No longer considering CONF2996.
No longer considering CONF2997.
No longer considering CONF2998.
No longer considering CONF2999.
No longer considering CONF3000.
No longer considering CONF3001.
No longer considering CONF3002.
No longer considering CONF3003.
No longer considering CONF3004.
No longer considering CONF3005.
No longer considering CONF3006.
No longer considering CONF3007.
No longer considering CONF3008.
No longer considering CONF3009.
No longer considering CONF3010.
No longer considering CONF3011.
No longer considering CONF3012.
No longer considering CONF3013.
No longer considering CONF3014.
No longer considering CONF3015.
No longer considering CONF3016.
No longer considering CONF3017.
No longer considering CONF3018.
No longer considering CONF3019.
No longer considering CONF3020.
No longer considering CONF3021.
No longer considering CONF3022.
No longer considering CONF3023.
No longer considering CONF3024.
No longer considering CONF3028.
No longer considering CONF3025.
No longer considering CONF3026.
No longer considering CONF3027.
No longer considering CONF3029.
No longer considering CONF3030.
No longer considering CONF3031.
No longer considering CONF3032.
No longer considering CONF3033.
No longer considering CONF3034.
No longer considering CONF3035.
No longer considering CONF3036.
No longer considering CONF3037.
No longer considering CONF3038.
No longer considering CONF3039.
No longer considering CONF3040.
No longer considering CONF3041.
No longer considering CONF3042.
No longer considering CONF3043.
No longer considering CONF3044.
No longer considering CONF3045.
No longer considering CONF3046.
No longer considering CONF3047.
No longer considering CONF3048.
No longer considering CONF3049.
No longer considering CONF3050.
No longer considering CONF3051.
No longer considering CONF3052.
No longer considering CONF3053.
No longer considering CONF3054.
No longer considering CONF3055.
No longer considering CONF3056.
No longer considering CONF3057.
No longer considering CONF3058.
No longer considering CONF3060.
No longer considering CONF3059.
No longer considering CONF3061.
No longer considering CONF3062.
No longer considering CONF3063.
No longer considering CONF3064.
No longer considering CONF3065.
No longer considering CONF3078.
No longer considering CONF3066.
No longer considering CONF3067.
No longer considering CONF3068.
No longer considering CONF3069.
No longer considering CONF3070.
No longer considering CONF3071.
No longer considering CONF3072.
No longer considering CONF3073.
No longer considering CONF3074.
No longer considering CONF3075.
No longer considering CONF3076.
No longer considering CONF3077.
No longer considering CONF3079.
No longer considering CONF3080.
No longer considering CONF3081.
No longer considering CONF3087.
No longer considering CONF3082.
No longer considering CONF3083.
No longer considering CONF3084.
No longer considering CONF3085.
No longer considering CONF3086.
No longer considering CONF3088.
No longer considering CONF3089.
No longer considering CONF3090.
No longer considering CONF3091.
No longer considering CONF3092.
No longer considering CONF3093.
No longer considering CONF3094.
No longer considering CONF3095.
No longer considering CONF3096.
No longer considering CONF3097.
No longer considering CONF3098.
No longer considering CONF3099.
No longer considering CONF3100.
No longer considering CONF3101.
No longer considering CONF3102.
No longer considering CONF3103.
No longer considering CONF3104.
No longer considering CONF3105.
No longer considering CONF3106.
No longer considering CONF3107.
No longer considering CONF3108.
No longer considering CONF3109.
No longer considering CONF3110.
No longer considering CONF3111.
No longer considering CONF3112.
No longer considering CONF3113.
No longer considering CONF3114.
No longer considering CONF3115.
No longer considering CONF3116.
No longer considering CONF3117.
No longer considering CONF3118.
No longer considering CONF3119.
No longer considering CONF3120.
No longer considering CONF3121.
No longer considering CONF3122.
No longer considering CONF3123.
No longer considering CONF3124.
No longer considering CONF3125.
No longer considering CONF3126.
No longer considering CONF3127.
No longer considering CONF3128.
No longer considering CONF3129.
No longer considering CONF3130.
No longer considering CONF3131.
No longer considering CONF3134.
No longer considering CONF3132.
No longer considering CONF3133.
No longer considering CONF3135.
No longer considering CONF3136.
No longer considering CONF3137.
No longer considering CONF3138.
No longer considering CONF3139.
No longer considering CONF3140.
No longer considering CONF3141.
No longer considering CONF3142.
No longer considering CONF3143.
No longer considering CONF3144.
No longer considering CONF3145.
No longer considering CONF3146.
No longer considering CONF3147.
No longer considering CONF3148.
No longer considering CONF3149.
No longer considering CONF3150.
No longer considering CONF3151.
No longer considering CONF3152.
No longer considering CONF3153.
No longer considering CONF3154.
No longer considering CONF3155.
No longer considering CONF3156.
No longer considering CONF3157.
No longer considering CONF3158.
No longer considering CONF3159.
No longer considering CONF3160.
No longer considering CONF3161.
No longer considering CONF3162.
No longer considering CONF3163.
No longer considering CONF3164.
No longer considering CONF3165.
No longer considering CONF3166.
No longer considering CONF3167.
No longer considering CONF3168.
No longer considering CONF3178.
No longer considering CONF3169.
No longer considering CONF3170.
No longer considering CONF3171.
No longer considering CONF3172.
No longer considering CONF3173.
No longer considering CONF3174.
No longer considering CONF3175.
No longer considering CONF3176.
No longer considering CONF3177.
No longer considering CONF3179.
No longer considering CONF3180.
No longer considering CONF3181.
No longer considering CONF3182.
No longer considering CONF3183.
No longer considering CONF3184.
No longer considering CONF3185.
No longer considering CONF3186.
No longer considering CONF3187.
No longer considering CONF3188.
No longer considering CONF3189.
No longer considering CONF3190.
No longer considering CONF3191.
No longer considering CONF3192.
No longer considering CONF3193.
No longer considering CONF3194.
No longer considering CONF3195.
No longer considering CONF3196.
No longer considering CONF3197.
No longer considering CONF3198.
No longer considering CONF3199.
No longer considering CONF3200.
No longer considering CONF3201.
No longer considering CONF3202.
No longer considering CONF3203.
No longer considering CONF3204.
No longer considering CONF3205.
No longer considering CONF3206.
No longer considering CONF3207.
No longer considering CONF3208.
No longer considering CONF3209.
No longer considering CONF3210.
No longer considering CONF3211.
No longer considering CONF3212.
No longer considering CONF3213.
No longer considering CONF3214.
No longer considering CONF3215.
No longer considering CONF3216.
No longer considering CONF3217.
No longer considering CONF3218.
No longer considering CONF3219.
No longer considering CONF3220.
No longer considering CONF3221.
No longer considering CONF3222.
No longer considering CONF3223.
No longer considering CONF3224.
No longer considering CONF3225.
No longer considering CONF3226.
No longer considering CONF3227.
No longer considering CONF3228.
No longer considering CONF3229.
No longer considering CONF3230.
No longer considering CONF3231.
No longer considering CONF3232.
No longer considering CONF3233.
No longer considering CONF3234.
No longer considering CONF3235.
No longer considering CONF3236.
No longer considering CONF3237.
No longer considering CONF3238.

-------------------------------- PRESCREENING SINGLE-POINT RESULTS ---------------------------------

 CONF#          E (xTB)          ΔE (xTB)          E (DFT)          ΔE (DFT)        ΔGsolv (xTB)          Gtot             ΔGtot          Boltzmann weight   
                  [Eh]          [kcal/mol]          [Eh]           [kcal/mol]        [kcal/mol]           [Eh]           [kcal/mol]        % at 298.15 K     
 CONF1         -36.709151          0.07          -468.365525          0.88           -3.621302         -468.371296          0.99                0.36         
 CONF2         -36.709259          0.00          -468.366931          0.00           -3.516676         -468.372535          0.22                1.33         
 CONF3         -36.708603          0.41          -468.365941          0.62           -3.518354         -468.371548          0.84                0.47         
 CONF4         -36.708382          0.55          -468.364344          1.62           -3.640754         -468.370146          1.72                0.11         
 CONF5         -36.708333          0.58          -468.365234          1.06           -3.618348         -468.371000          1.18                0.26         
 CONF6         -36.708500          0.48          -468.365693          0.78           -3.487022         -468.371250          1.02                0.34         
 CONF7         -36.708297          0.60          -468.364971          1.23           -3.610789         -468.370725          1.35                0.20         
 CONF8         -36.708501          0.48          -468.365792          0.72           -3.487274         -468.371349          0.96                0.38         
 CONF9         -36.708296          0.60          -468.364575          1.48           -3.610050         -468.370328          1.60                0.13         
 CONF10        -36.708264          0.62          -468.365116          1.14           -3.605503         -468.370862          1.27                0.23         
 CONF11        -36.708435          0.52          -468.365793          0.71           -3.497238         -468.371366          0.95                0.39         
 CONF12        -36.708408          0.53          -468.365588          0.84           -3.511391         -468.371184          1.07                0.32         
 CONF13        -36.708412          0.53          -468.365770          0.73           -3.505362         -468.371356          0.96                0.38         
 CONF14        -36.708406          0.54          -468.365652          0.80           -3.504526         -468.371237          1.03                0.34         
 CONF15        -36.708402          0.54          -468.365470          0.92           -3.506764         -468.371058          1.14                0.28         
 CONF16        -36.708399          0.54          -468.365671          0.79           -3.508058         -468.371261          1.02                0.34         
 CONF17        -36.708389          0.55          -468.365609          0.83           -3.514536         -468.371210          1.05                0.33         
 CONF18        -36.708395          0.54          -468.365728          0.75           -3.509442         -468.371321          0.98                0.37         
 CONF19        -36.708367          0.56          -468.365404          0.96           -3.505295         -468.370990          1.19                0.26         
 CONF20        -36.708367          0.56          -468.365443          0.93           -3.501552         -468.371023          1.17                0.27         
 CONF21        -36.708395          0.54          -468.365820          0.70           -3.483989         -468.371372          0.95                0.39         
 CONF22        -36.708834          0.27          -468.366562          0.23           -3.032650         -468.371395          0.93                0.40         
 CONF23        -36.708237          0.64          -468.364366          1.61           -3.401257         -468.369787          1.94                0.07         
 CONF24        -36.707663          1.00          -468.363933          1.88           -3.631864         -468.369721          1.98                0.07         
 CONF25        -36.707844          0.89          -468.364723          1.39           -3.515332         -468.370325          1.60                0.13         
 CONF26        -36.707845          0.89          -468.364677          1.41           -3.514501         -468.370277          1.63                0.12         
 CONF27        -36.707727          0.96          -468.364236          1.69           -3.572509         -468.369930          1.85                0.08         
 CONF28        -36.706886          1.49          -468.365126          1.13           -4.098368         -468.371657          0.77                0.52         
 CONF29        -36.707825          0.90          -468.365669          0.79           -3.501794         -468.371249          1.02                0.34         
 CONF30        -36.707763          0.94          -468.364664          1.42           -3.537544         -468.370301          1.62                0.12         
 CONF31        -36.707759          0.94          -468.364770          1.36           -3.537228         -468.370407          1.55                0.14         
 CONF32        -36.707610          1.03          -468.364318          1.64           -3.605205         -468.370063          1.77                0.10         
 CONF33        -36.707735          0.96          -468.364731          1.38           -3.512364         -468.370328          1.60                0.13         
 CONF34        -36.707733          0.96          -468.364765          1.36           -3.509687         -468.370358          1.58                0.13         
 CONF35        -36.707587          1.05          -468.364034          1.82           -3.602117         -468.369774          1.95                0.07         
 CONF36        -36.707735          0.96          -468.364810          1.33           -3.514593         -468.370411          1.55                0.14         
 CONF37        -36.707727          0.96          -468.364750          1.37           -3.512218         -468.370347          1.59                0.13         
 CONF38        -36.707643          1.01          -468.364098          1.78           -3.561761         -468.369774          1.95                0.07         
 CONF39        -36.707567          1.06          -468.364245          1.69           -3.609477         -468.369998          1.81                0.09         
 CONF40        -36.707534          1.08          -468.364000          1.84           -3.627989         -468.369781          1.95                0.07         
 CONF41        -36.707531          1.08          -468.363982          1.85           -3.628434         -468.369765          1.96                0.07         
 CONF42        -36.707713          0.97          -468.364989          1.22           -3.510759         -468.370584          1.44                0.17         
 CONF43        -36.707564          1.06          -468.364334          1.63           -3.604296         -468.370078          1.76                0.10         
 CONF44        -36.707522          1.09          -468.364033          1.82           -3.629478         -468.369817          1.92                0.07         
 CONF45        -36.707563          1.06          -468.364169          1.73           -3.599781         -468.369905          1.87                0.08         
 CONF46        -36.707557          1.07          -468.364346          1.62           -3.602328         -468.370086          1.75                0.10         
 CONF47        -36.707609          1.04          -468.364673          1.42           -3.565583         -468.370355          1.59                0.13         
 CONF48        -36.707607          1.04          -468.364672          1.42           -3.566099         -468.370355          1.59                0.13         
 CONF49        -36.707707          0.97          -468.364985          1.22           -3.505945         -468.370572          1.45                0.17         
 CONF50        -36.707700          0.98          -468.364860          1.30           -3.507518         -468.370449          1.53                0.15         
 CONF51        -36.707547          1.07          -468.364286          1.66           -3.602377         -468.370026          1.79                0.09         
 CONF52        -36.707493          1.11          -468.363543          2.13           -3.626353         -468.369322          2.23                0.04         
 CONF53        -36.707493          1.11          -468.363536          2.13           -3.626016         -468.369314          2.24                0.04         
 CONF54        -36.707531          1.08          -468.364744          1.37           -3.592588         -468.370469          1.51                0.15         
 CONF55        -36.707673          1.00          -468.364478          1.54           -3.501425         -468.370058          1.77                0.10         
 CONF56        -36.707568          1.06          -468.363931          1.88           -3.564561         -468.369611          2.05                0.06         
 CONF57        -36.707510          1.10          -468.364398          1.59           -3.596940         -468.370130          1.73                0.10         
 CONF58        -36.707570          1.06          -468.363921          1.89           -3.563996         -468.369600          2.06                0.06         
 CONF59        -36.707656          1.01          -468.364799          1.34           -3.504203         -468.370383          1.57                0.14         
 CONF60        -36.707655          1.01          -468.364713          1.39           -3.501907         -468.370293          1.62                0.12         
 CONF61        -36.706725          1.59          -468.366375          0.35           -4.082679         -468.372881          0.00                1.92         
 CONF62        -36.707486          1.11          -468.364417          1.58           -3.602868         -468.370158          1.71                0.11         
 CONF63        -36.706712          1.60          -468.366359          0.36           -4.082826         -468.372865          0.01                1.88         
 CONF64        -36.707751          0.95          -468.364968          1.23           -3.472278         -468.370502          1.49                0.15         
 CONF65        -36.707534          1.08          -468.364205          1.71           -3.603112         -468.369947          1.84                0.09         
 CONF66        -36.707600          1.04          -468.364663          1.42           -3.514016         -468.370263          1.64                0.12         
 CONF67        -36.707487          1.11          -468.364860          1.30           -3.600279         -468.370597          1.43                0.17         
 CONF68        -36.707605          1.04          -468.364662          1.42           -3.514812         -468.370264          1.64                0.12         
 CONF69        -36.707458          1.13          -468.364344          1.62           -3.596735         -468.370075          1.76                0.10         
 CONF70        -36.707671          1.00          -468.364781          1.35           -3.499859         -468.370359          1.58                0.13         
 CONF71        -36.707449          1.14          -468.364571          1.48           -3.601446         -468.370310          1.61                0.13         
 CONF72        -36.707441          1.14          -468.364022          1.83           -3.604133         -468.369766          1.95                0.07         
 CONF73        -36.707433          1.15          -468.363963          1.86           -3.606436         -468.369710          1.99                0.07         
 CONF74        -36.707439          1.14          -468.364631          1.44           -3.602882         -468.370373          1.57                0.13         
 CONF75        -36.707656          1.01          -468.364720          1.39           -3.500336         -468.370298          1.62                0.12         
 CONF76        -36.707386          1.18          -468.363388          2.22           -3.635863         -468.369182          2.32                0.04         
 CONF77        -36.707443          1.14          -468.364643          1.44           -3.598659         -468.370378          1.57                0.14         
 CONF78        -36.707604          1.04          -468.364700          1.40           -3.513847         -468.370300          1.62                0.12         
 CONF79        -36.707439          1.14          -468.364602          1.46           -3.598333         -468.370336          1.60                0.13         
 CONF80        -36.707441          1.14          -468.364018          1.83           -3.598449         -468.369753          1.96                0.07         
 CONF81        -36.707441          1.14          -468.364006          1.84           -3.599936         -468.369743          1.97                0.07         
 CONF82        -36.707619          1.03          -468.364996          1.21           -3.484804         -468.370550          1.46                0.16         
 CONF83        -36.707620          1.03          -468.365011          1.20           -3.489689         -468.370572          1.45                0.17         
 CONF84        -36.707402          1.17          -468.364216          1.70           -3.607095         -468.369964          1.83                0.09         
 CONF85        -36.707438          1.14          -468.364670          1.42           -3.592940         -468.370396          1.56                0.14         
 CONF86        -36.707620          1.03          -468.365236          1.06           -3.468052         -468.370763          1.33                0.20         
 CONF87        -36.707415          1.16          -468.364199          1.71           -3.595402         -468.369928          1.85                0.08         
 CONF88        -36.707396          1.17          -468.364013          1.83           -3.605579         -468.369758          1.96                0.07         
 CONF89        -36.707603          1.04          -468.365224          1.07           -3.475218         -468.370762          1.33                0.20         
 CONF90        -36.707604          1.04          -468.364871          1.29           -3.474828         -468.370408          1.55                0.14         
 CONF91        -36.707606          1.04          -468.365232          1.07           -3.472270         -468.370766          1.33                0.20         
 CONF92        -36.707554          1.07          -468.364921          1.26           -3.497749         -468.370495          1.50                0.15         
 CONF93        -36.707557          1.07          -468.364793          1.34           -3.495992         -468.370364          1.58                0.13         
 CONF94        -36.707551          1.07          -468.364954          1.24           -3.496457         -468.370526          1.48                0.16         
 CONF95        -36.707553          1.07          -468.364734          1.38           -3.494148         -468.370302          1.62                0.12         
 CONF96        -36.707379          1.18          -468.364535          1.50           -3.603313         -468.370277          1.63                0.12         
 CONF97        -36.707390          1.17          -468.363931          1.88           -3.595552         -468.369661          2.02                0.06         
 CONF98        -36.707384          1.18          -468.364082          1.79           -3.597478         -468.369815          1.92                0.07         
 CONF99        -36.707366          1.19          -468.364262          1.68           -3.603445         -468.370004          1.81                0.09         
CONF100        -36.707549          1.07          -468.365205          1.08           -3.488744         -468.370764          1.33                0.20         
CONF101        -36.707348          1.20          -468.364327          1.63           -3.606424         -468.370074          1.76                0.10         
CONF102        -36.707617          1.03          -468.365514          0.89           -3.439989         -468.370996          1.18                0.26         
CONF103        -36.707616          1.03          -468.364772          1.35           -3.437649         -468.370250          1.65                0.12         
CONF104        -36.707402          1.17          -468.364078          1.79           -3.605075         -468.369823          1.92                0.08         
CONF105        -36.707535          1.08          -468.364887          1.28           -3.486231         -468.370443          1.53                0.14         
CONF106        -36.707544          1.08          -468.364889          1.28           -3.479221         -468.370433          1.54                0.14         
CONF107        -36.707506          1.10          -468.364672          1.42           -3.494316         -468.370241          1.66                0.12         
CONF108        -36.707330          1.21          -468.364271          1.67           -3.603890         -468.370015          1.80                0.09         
CONF109        -36.707518          1.09          -468.364741          1.37           -3.481749         -468.370290          1.63                0.12         
CONF110        -36.707502          1.10          -468.364722          1.39           -3.492503         -468.370288          1.63                0.12         
CONF111        -36.707485          1.11          -468.364790          1.34           -3.496923         -468.370363          1.58                0.13         
CONF112        -36.707538          1.08          -468.364787          1.35           -3.472495         -468.370321          1.61                0.13         
CONF113        -36.707530          1.09          -468.364973          1.23           -3.465828         -468.370496          1.50                0.15         
CONF114        -36.707475          1.12          -468.364722          1.39           -3.498944         -468.370298          1.62                0.12         
CONF115        -36.707490          1.11          -468.365005          1.21           -3.487643         -468.370563          1.45                0.16         
CONF116        -36.707305          1.23          -468.364083          1.79           -3.603129         -468.369825          1.92                0.08         
CONF117        -36.707489          1.11          -468.365023          1.20           -3.487510         -468.370581          1.44                0.17         
CONF118        -36.707490          1.11          -468.364953          1.24           -3.486821         -468.370510          1.49                0.16         
CONF119        -36.707474          1.12          -468.364729          1.38           -3.494288         -468.370298          1.62                0.12         
CONF120        -36.707485          1.11          -468.365041          1.19           -3.487473         -468.370599          1.43                0.17         
CONF121        -36.707471          1.12          -468.364696          1.40           -3.495008         -468.370265          1.64                0.12         
CONF122        -36.707546          1.08          -468.365028          1.19           -3.463535         -468.370548          1.46                0.16         
CONF123        -36.707462          1.13          -468.364898          1.28           -3.497882         -468.370472          1.51                0.15         
CONF124        -36.707504          1.10          -468.364991          1.22           -3.472684         -468.370525          1.48                0.16         
CONF125        -36.707505          1.10          -468.364795          1.34           -3.469573         -468.370325          1.60                0.13         
CONF126        -36.707462          1.13          -468.364683          1.41           -3.491395         -468.370246          1.65                0.12         
CONF127        -36.707272          1.25          -468.364204          1.71           -3.599859         -468.369941          1.84                0.09         
CONF128        -36.707419          1.16          -468.364542          1.50           -3.498447         -468.370117          1.73                0.10         
CONF129        -36.707407          1.16          -468.364546          1.50           -3.502713         -468.370128          1.73                0.10         
CONF130        -36.707409          1.16          -468.364545          1.50           -3.493870         -468.370113          1.74                0.10         
CONF131        -36.707419          1.15          -468.364589          1.47           -3.484379         -468.370141          1.72                0.11         
CONF132        -36.707391          1.17          -468.364787          1.35           -3.502278         -468.370368          1.58                0.13         
CONF133        -36.707380          1.18          -468.364655          1.43           -3.493666         -468.370222          1.67                0.11         
CONF134        -36.707378          1.18          -468.364708          1.40           -3.494706         -468.370277          1.63                0.12         
CONF135        -36.707354          1.20          -468.364338          1.63           -3.501938         -468.369919          1.86                0.08         
CONF136        -36.708083          0.74          -468.365249          1.06           -3.023747         -468.370067          1.77                0.10         
CONF137        -36.707525          1.09          -468.364021          1.83           -3.360748         -468.369377          2.20                0.05         
CONF138        -36.707445          1.14          -468.365166          1.11           -3.404582         -468.370592          1.44                0.17         
CONF139        -36.707391          1.17          -468.364793          1.34           -3.437958         -468.370272          1.64                0.12         
CONF140        -36.707998          0.79          -468.365478          0.91           -3.021366         -468.370293          1.62                0.12         
CONF141        -36.707987          0.80          -468.365151          1.12           -3.022431         -468.369968          1.83                0.09         
CONF142        -36.707979          0.80          -468.365184          1.10           -3.020719         -468.369998          1.81                0.09         
CONF143        -36.707973          0.81          -468.365266          1.05           -3.024396         -468.370085          1.75                0.10         
CONF144        -36.707956          0.82          -468.365427          0.94           -3.027148         -468.370251          1.65                0.12         
CONF145        -36.707378          1.18          -468.363807          1.96           -3.388465         -468.369207          2.31                0.04         
CONF146        -36.707378          1.18          -468.363855          1.93           -3.388044         -468.369254          2.28                0.04         
CONF147        -36.707323          1.22          -468.363647          2.06           -3.421415         -468.369100          2.37                0.03         
CONF148        -36.707953          0.82          -468.365275          1.04           -3.024211         -468.370095          1.75                0.10         
CONF149        -36.707367          1.19          -468.363911          1.90           -3.383386         -468.369303          2.25                0.04         
CONF150        -36.707362          1.19          -468.364067          1.80           -3.383723         -468.369460          2.15                0.05         
CONF151        -36.707368          1.19          -468.364031          1.82           -3.379639         -468.369417          2.17                0.05         
CONF152        -36.707939          0.83          -468.365092          1.15           -3.019096         -468.369903          1.87                0.08         
CONF153        -36.707940          0.83          -468.365174          1.10           -3.017356         -468.369982          1.82                0.09         
CONF154        -36.707357          1.19          -468.364165          1.74           -3.382406         -468.369555          2.09                0.06         
CONF155        -36.707922          0.84          -468.365560          0.86           -3.026706         -468.370383          1.57                0.14         
CONF156        -36.707128          1.34          -468.363869          1.92           -3.517820         -468.369475          2.14                0.05         
CONF157        -36.706170          1.94          -468.363957          1.87           -4.099121         -468.370489          1.50                0.15         
CONF158        -36.706921          1.47          -468.363173          2.36           -3.622201         -468.368945          2.47                0.03         
CONF159        -36.707097          1.36          -468.363941          1.88           -3.506668         -468.369530          2.10                0.06         
CONF160        -36.707093          1.36          -468.363781          1.98           -3.506621         -468.369370          2.20                0.05         
CONF161        -36.707008          1.41          -468.363731          2.01           -3.548122         -468.369385          2.19                0.05         
CONF162        -36.707209          1.29          -468.365379          0.97           -3.403947         -468.370803          1.30                0.21         
CONF163        -36.706864          1.50          -468.363516          2.14           -3.615751         -468.369278          2.26                0.04         
CONF164        -36.707192          1.30          -468.365347          0.99           -3.409024         -468.370779          1.32                0.21         
CONF165        -36.706860          1.51          -468.363466          2.17           -3.615706         -468.369228          2.29                0.04         
CONF166        -36.707006          1.41          -468.364102          1.78           -3.516691         -468.369706          1.99                0.07         
CONF167        -36.707001          1.42          -468.364097          1.78           -3.515526         -468.369699          2.00                0.07         
CONF168        -36.706905          1.48          -468.364094          1.78           -3.568784         -468.369781          1.95                0.07         
CONF169        -36.707806          0.91          -468.365039          1.19           -3.000860         -468.369821          1.92                0.07         
CONF170        -36.706065          2.00          -468.364777          1.35           -4.087166         -468.371290          1.00                0.36         
CONF171        -36.706046          2.02          -468.364763          1.36           -4.095965         -468.371290          1.00                0.36         
CONF172        -36.706807          1.54          -468.362921          2.52           -3.617952         -468.368686          2.63                0.02         
CONF173        -36.706802          1.54          -468.363340          2.25           -3.617688         -468.369105          2.37                0.04         
CONF174        -36.706834          1.52          -468.363937          1.88           -3.578793         -468.369641          2.03                0.06         
CONF175        -36.706023          2.03          -468.364503          1.52           -4.089209         -468.371020          1.17                0.27         
CONF176        -36.706831          1.52          -468.363921          1.89           -3.579810         -468.369625          2.04                0.06         
CONF177        -36.706036          2.02          -468.364225          1.70           -4.087845         -468.370740          1.34                0.20         
CONF178        -36.706766          1.56          -468.362982          2.48           -3.619200         -468.368749          2.59                0.02         
CONF179        -36.706874          1.50          -468.363302          2.28           -3.550673         -468.368961          2.46                0.03         
CONF180        -36.706907          1.48          -468.363685          2.04           -3.526364         -468.369305          2.24                0.04         
CONF181        -36.706906          1.48          -468.363689          2.03           -3.526379         -468.369309          2.24                0.04         
CONF182        -36.706892          1.49          -468.363134          2.38           -3.550586         -468.368793          2.57                0.03         
CONF183        -36.706900          1.48          -468.363768          1.99           -3.525636         -468.369386          2.19                0.05         
CONF184        -36.706903          1.48          -468.363697          2.03           -3.525565         -468.369315          2.24                0.04         
CONF185        -36.706898          1.48          -468.363644          2.06           -3.527513         -468.369265          2.27                0.04         
CONF186        -36.706843          1.52          -468.363217          2.33           -3.560093         -468.368890          2.50                0.03         
CONF187        -36.706842          1.52          -468.363182          2.35           -3.559389         -468.368855          2.53                0.03         
CONF188        -36.706024          2.03          -468.365272          1.04           -4.070873         -468.371760          0.70                0.58         
CONF189        -36.706878          1.49          -468.363320          2.27           -3.550250         -468.368978          2.45                0.03         
CONF190        -36.706024          2.03          -468.365361          0.99           -4.069931         -468.371847          0.65                0.64         
CONF191        -36.706812          1.54          -468.363337          2.26           -3.591586         -468.369061          2.40                0.03         
CONF192        -36.706929          1.46          -468.363780          1.98           -3.499207         -468.369356          2.21                0.05         
CONF193        -36.705992          2.05          -468.364817          1.33           -4.086000         -468.371328          0.97                0.37         
CONF194        -36.706940          1.46          -468.364263          1.67           -3.492637         -468.369829          1.92                0.08         
CONF195        -36.706742          1.58          -468.363003          2.47           -3.615635         -468.368765          2.58                0.02         
CONF196        -36.706924          1.47          -468.363819          1.95           -3.499626         -468.369396          2.19                0.05         
CONF197        -36.706782          1.55          -468.363429          2.20           -3.587190         -468.369146          2.34                0.04         
CONF198        -36.706904          1.48          -468.363619          2.08           -3.527024         -468.369240          2.28                0.04         
CONF199        -36.706931          1.46          -468.364193          1.72           -3.491000         -468.369756          1.96                0.07         
CONF200        -36.706925          1.47          -468.364369          1.61           -3.492282         -468.369935          1.85                0.08         
CONF201        -36.706725          1.59          -468.363714          2.02           -3.616779         -468.369477          2.14                0.05         
CONF202        -36.706923          1.47          -468.363727          2.01           -3.491275         -468.369291          2.25                0.04         
CONF203        -36.706864          1.50          -468.363621          2.08           -3.526158         -468.369240          2.28                0.04         
CONF204        -36.706931          1.46          -468.364175          1.73           -3.490923         -468.369739          1.97                0.07         
CONF205        -36.706894          1.48          -468.364136          1.75           -3.500984         -468.369715          1.99                0.07         
CONF206        -36.706860          1.51          -468.363690          2.03           -3.519682         -468.369299          2.25                0.04         
CONF207        -36.706985          1.43          -468.364619          1.45           -3.440757         -468.370102          1.74                0.10         
CONF208        -36.706874          1.50          -468.363883          1.91           -3.508571         -468.369474          2.14                0.05         
CONF209        -36.706871          1.50          -468.363867          1.92           -3.510116         -468.369461          2.15                0.05         
CONF210        -36.706825          1.53          -468.363863          1.93           -3.575743         -468.369561          2.08                0.06         
CONF211        -36.706982          1.43          -468.364662          1.42           -3.434602         -468.370136          1.72                0.10         
CONF212        -36.706696          1.61          -468.363450          2.18           -3.607796         -468.369199          2.31                0.04         
CONF213        -36.706935          1.46          -468.364335          1.63           -3.454291         -468.369840          1.91                0.08         
CONF214        -36.706687          1.61          -468.363369          2.24           -3.609506         -468.369122          2.36                0.04         
CONF215        -36.706924          1.47          -468.364367          1.61           -3.456923         -468.369876          1.89                0.08         
CONF216        -36.706890          1.49          -468.364576          1.48           -3.476745         -468.370117          1.73                0.10         
CONF217        -36.706842          1.52          -468.363772          1.98           -3.505126         -468.369358          2.21                0.05         
CONF218        -36.706885          1.49          -468.364600          1.46           -3.479671         -468.370145          1.72                0.11         
CONF219        -36.706760          1.57          -468.364061          1.80           -3.589779         -468.369782          1.94                0.07         
CONF220        -36.706656          1.63          -468.363216          2.33           -3.618142         -468.368981          2.45                0.03         
CONF221        -36.706911          1.47          -468.364447          1.56           -3.455090         -468.369953          1.84                0.09         
CONF222        -36.706898          1.48          -468.363901          1.90           -3.469532         -468.369430          2.17                0.05         
CONF223        -36.706687          1.61          -468.363375          2.23           -3.609285         -468.369127          2.36                0.04         
CONF224        -36.706694          1.61          -468.363333          2.26           -3.590230         -468.369054          2.40                0.03         
CONF225        -36.706643          1.64          -468.363241          2.32           -3.620478         -468.369010          2.43                0.03         
CONF226        -36.706694          1.61          -468.363347          2.25           -3.583831         -468.369059          2.40                0.03         
CONF227        -36.706650          1.64          -468.363209          2.34           -3.618239         -468.368975          2.45                0.03         
CONF228        -36.706715          1.60          -468.363995          1.84           -3.570697         -468.369685          2.01                0.06         
CONF229        -36.706651          1.64          -468.363098          2.41           -3.623745         -468.368873          2.52                0.03         
CONF230        -36.706846          1.51          -468.363621          2.08           -3.500903         -468.369200          2.31                0.04         
CONF231        -36.706742          1.58          -468.363511          2.15           -3.547909         -468.369165          2.33                0.04         
CONF232        -36.706985          1.43          -468.364663          1.42           -3.433400         -468.370134          1.72                0.10         
CONF233        -36.706724          1.59          -468.364145          1.75           -3.572677         -468.369838          1.91                0.08         
CONF234        -36.706700          1.61          -468.363965          1.86           -3.572674         -468.369659          2.02                0.06         
CONF235        -36.706703          1.60          -468.364192          1.72           -3.570427         -468.369881          1.88                0.08         
CONF236        -36.706736          1.58          -468.363283          2.29           -3.547389         -468.368936          2.48                0.03         
CONF237        -36.706667          1.63          -468.363278          2.29           -3.592801         -468.369004          2.43                0.03         
CONF238        -36.706761          1.57          -468.363644          2.06           -3.530679         -468.369271          2.27                0.04         
CONF239        -36.706825          1.53          -468.364293          1.66           -3.490508         -468.369856          1.90                0.08         
CONF240        -36.705930          2.09          -468.364973          1.23           -4.051733         -468.371430          0.91                0.41         
CONF241        -36.706730          1.59          -468.363245          2.31           -3.547560         -468.368898          2.50                0.03         
CONF242        -36.706635          1.65          -468.363588          2.10           -3.606359         -468.369335          2.23                0.04         
CONF243        -36.706674          1.62          -468.363581          2.10           -3.582374         -468.369290          2.25                0.04         
CONF244        -36.706681          1.62          -468.363874          1.92           -3.576265         -468.369574          2.08                0.06         
CONF245        -36.705925          2.09          -468.364956          1.24           -4.047626         -468.371406          0.93                0.40         
CONF246        -36.705885          2.12          -468.364969          1.23           -4.075679         -468.371464          0.89                0.43         
CONF247        -36.706724          1.59          -468.363320          2.27           -3.545999         -468.368970          2.45                0.03         
CONF248        -36.705916          2.10          -468.364942          1.25           -4.052795         -468.371401          0.93                0.40         
CONF249        -36.705928          2.09          -468.365117          1.14           -4.051774         -468.371573          0.82                0.48         
CONF250        -36.706614          1.66          -468.363550          2.12           -3.609276         -468.369302          2.25                0.04         
CONF251        -36.706604          1.67          -468.363398          2.22           -3.612879         -468.369155          2.34                0.04         
CONF252        -36.705878          2.12          -468.365198          1.09           -4.072206         -468.371688          0.75                0.54         
CONF253        -36.706594          1.67          -468.363328          2.26           -3.617628         -468.369093          2.38                0.03         
CONF254        -36.706891          1.49          -468.364250          1.68           -3.430596         -468.369717          1.99                0.07         
CONF255        -36.706817          1.53          -468.364321          1.64           -3.476736         -468.369861          1.90                0.08         
CONF256        -36.706609          1.66          -468.363327          2.26           -3.606326         -468.369074          2.39                0.03         
CONF257        -36.706616          1.66          -468.363630          2.07           -3.605687         -468.369377          2.20                0.05         
CONF258        -36.706868          1.50          -468.364895          1.28           -3.441913         -468.370380          1.57                0.14         
CONF259        -36.705867          2.13          -468.365365          0.98           -4.067986         -468.371848          0.65                0.64         
CONF260        -36.705860          2.13          -468.364974          1.23           -4.072812         -468.371465          0.89                0.43         
CONF261        -36.706859          1.51          -468.364875          1.29           -3.444461         -468.370364          1.58                0.13         
CONF262        -36.706806          1.54          -468.364291          1.66           -3.477420         -468.369833          1.91                0.08         
CONF263        -36.706703          1.60          -468.363640          2.06           -3.540976         -468.369283          2.26                0.04         
CONF264        -36.706876          1.50          -468.364222          1.70           -3.432671         -468.369692          2.00                0.07         
CONF265        -36.705860          2.13          -468.365151          1.12           -4.066420         -468.371631          0.78                0.51         
CONF266        -36.706637          1.65          -468.363912          1.89           -3.575194         -468.369609          2.05                0.06         
CONF267        -36.706808          1.54          -468.364441          1.56           -3.475544         -468.369979          1.82                0.09         
CONF268        -36.706763          1.57          -468.364167          1.73           -3.494123         -468.369735          1.97                0.07         
CONF269        -36.706592          1.67          -468.363405          2.21           -3.597936         -468.369138          2.35                0.04         
CONF270        -36.706760          1.57          -468.364179          1.73           -3.492794         -468.369745          1.97                0.07         
CONF271        -36.706767          1.56          -468.364221          1.70           -3.487988         -468.369780          1.95                0.07         
CONF272        -36.705830          2.15          -468.365006          1.21           -4.072060         -468.371496          0.87                0.44         
CONF273        -36.706587          1.68          -468.363011          2.46           -3.600009         -468.368748          2.59                0.02         
CONF274        -36.706553          1.70          -468.363332          2.26           -3.617798         -468.369098          2.37                0.03         
CONF275        -36.707217          1.28          -468.363896          1.90           -3.199532         -468.368995          2.44                0.03         
CONF276        -36.706625          1.65          -468.363850          1.93           -3.569924         -468.369539          2.10                0.06         
CONF277        -36.706547          1.70          -468.363282          2.29           -3.618099         -468.369047          2.41                0.03         
CONF278        -36.706598          1.67          -468.363726          2.01           -3.585624         -468.369440          2.16                0.05         
CONF279        -36.706586          1.68          -468.363019          2.45           -3.612894         -468.368777          2.58                0.02         
CONF280        -36.706614          1.66          -468.363813          1.96           -3.574698         -468.369509          2.12                0.05         
CONF281        -36.706629          1.65          -468.363965          1.86           -3.577862         -468.369666          2.02                0.06         
CONF282        -36.706678          1.62          -468.363114          2.40           -3.562740         -468.368792          2.57                0.03         
CONF283        -36.706752          1.57          -468.363804          1.96           -3.487436         -468.369362          2.21                0.05         
CONF284        -36.706801          1.54          -468.364217          1.70           -3.453137         -468.369720          1.98                0.07         
CONF285        -36.706762          1.57          -468.364485          1.54           -3.476695         -468.370025          1.79                0.09         
CONF286        -36.706578          1.68          -468.363456          2.18           -3.591333         -468.369179          2.32                0.04         
CONF287        -36.706787          1.55          -468.364098          1.78           -3.459310         -468.369611          2.05                0.06         
CONF288        -36.706526          1.72          -468.363186          2.35           -3.622546         -468.368959          2.46                0.03         
CONF289        -36.706710          1.60          -468.363868          1.92           -3.499355         -468.369444          2.16                0.05         
CONF290        -36.706582          1.68          -468.363973          1.86           -3.578998         -468.369677          2.01                0.06         
CONF291        -36.706581          1.68          -468.363866          1.92           -3.578836         -468.369570          2.08                0.06         
CONF292        -36.706710          1.60          -468.363851          1.93           -3.498619         -468.369426          2.17                0.05         
CONF293        -36.706555          1.70          -468.363031          2.45           -3.594846         -468.368760          2.59                0.02         
CONF294        -36.706552          1.70          -468.363020          2.45           -3.595659         -468.368750          2.59                0.02         
CONF295        -36.706810          1.54          -468.364244          1.69           -3.441286         -468.369728          1.98                0.07         
CONF296        -36.706523          1.72          -468.362729          2.64           -3.621630         -468.368500          2.75                0.02         
CONF297        -36.706560          1.69          -468.364118          1.77           -3.592106         -468.369843          1.91                0.08         
CONF298        -36.706565          1.69          -468.363870          1.92           -3.585153         -468.369584          2.07                0.06         
CONF299        -36.706564          1.69          -468.363676          2.04           -3.584660         -468.369388          2.19                0.05         
CONF300        -36.706563          1.69          -468.363751          2.00           -3.585336         -468.369465          2.14                0.05         
CONF301        -36.706541          1.71          -468.363306          2.28           -3.598925         -468.369041          2.41                0.03         
CONF302        -36.706571          1.69          -468.363579          2.10           -3.580944         -468.369285          2.26                0.04         
CONF303        -36.706561          1.69          -468.363716          2.02           -3.586371         -468.369432          2.16                0.05         
CONF304        -36.706561          1.69          -468.363715          2.02           -3.586175         -468.369430          2.17                0.05         
CONF305        -36.706570          1.69          -468.364001          1.84           -3.579668         -468.369705          1.99                0.07         
CONF306        -36.706693          1.61          -468.363606          2.09           -3.500837         -468.369185          2.32                0.04         
CONF307        -36.706503          1.73          -468.362849          2.56           -3.619583         -468.368617          2.68                0.02         
CONF308        -36.706692          1.61          -468.363952          1.87           -3.497877         -468.369526          2.11                0.05         
CONF309        -36.706534          1.71          -468.363116          2.39           -3.594075         -468.368844          2.53                0.03         
CONF310        -36.706711          1.60          -468.363908          1.90           -3.482800         -468.369458          2.15                0.05         
CONF311        -36.706536          1.71          -468.363228          2.32           -3.591516         -468.368951          2.47                0.03         
CONF312        -36.706554          1.70          -468.363736          2.01           -3.574973         -468.369433          2.16                0.05         
CONF313        -36.706729          1.59          -468.364731          1.38           -3.462125         -468.370248          1.65                0.12         
CONF314        -36.706576          1.68          -468.363198          2.34           -3.558597         -468.368869          2.52                0.03         
CONF315        -36.706496          1.73          -468.362842          2.57           -3.620118         -468.368611          2.68                0.02         
CONF316        -36.706545          1.70          -468.363800          1.96           -3.573872         -468.369495          2.12                0.05         
CONF317        -36.706695          1.61          -468.363814          1.96           -3.495610         -468.369385          2.19                0.05         
CONF318        -36.706708          1.60          -468.364040          1.81           -3.483514         -468.369591          2.06                0.06         
CONF319        -36.706750          1.57          -468.364575          1.48           -3.444073         -468.370064          1.77                0.10         
CONF320        -36.706686          1.62          -468.363852          1.93           -3.483746         -468.369404          2.18                0.05         
CONF321        -36.706522          1.72          -468.363771          1.98           -3.584465         -468.369483          2.13                0.05         
CONF322        -36.706724          1.59          -468.364025          1.82           -3.457198         -468.369534          2.10                0.06         
CONF323        -36.706601          1.67          -468.363443          2.19           -3.561636         -468.369119          2.36                0.04         
CONF324        -36.706749          1.58          -468.364695          1.40           -3.439954         -468.370177          1.70                0.11         
CONF325        -36.706749          1.58          -468.364709          1.39           -3.439851         -468.370190          1.69                0.11         
CONF326        -36.706515          1.72          -468.363628          2.07           -3.584451         -468.369340          2.22                0.05         
CONF327        -36.706705          1.60          -468.364624          1.45           -3.465339         -468.370146          1.72                0.11         
CONF328        -36.706459          1.76          -468.362778          2.61           -3.619417         -468.368546          2.72                0.02         
CONF329        -36.706756          1.57          -468.364021          1.83           -3.431946         -468.369490          2.13                0.05         
CONF330        -36.706536          1.71          -468.363725          2.01           -3.591445         -468.369448          2.15                0.05         
CONF331        -36.706763          1.57          -468.364527          1.51           -3.426753         -468.369988          1.82                0.09         
CONF332        -36.706713          1.60          -468.364572          1.48           -3.457752         -468.370082          1.76                0.10         
CONF333        -36.706769          1.56          -468.364585          1.47           -3.420846         -468.370037          1.78                0.09         
CONF334        -36.706693          1.61          -468.363921          1.89           -3.469267         -468.369450          2.15                0.05         
CONF335        -36.706683          1.62          -468.364375          1.60           -3.473326         -468.369910          1.86                0.08         
CONF336        -36.706656          1.63          -468.363608          2.09           -3.488948         -468.369168          2.33                0.04         
CONF337        -36.706712          1.60          -468.364443          1.56           -3.448124         -468.369938          1.85                0.08         
CONF338        -36.706714          1.60          -468.364719          1.39           -3.441200         -468.370203          1.68                0.11         
CONF339        -36.706687          1.61          -468.364397          1.59           -3.453733         -468.369901          1.87                0.08         
CONF340        -36.706724          1.59          -468.364153          1.74           -3.429757         -468.369619          2.05                0.06         
CONF341        -36.706688          1.61          -468.364394          1.59           -3.453054         -468.369897          1.87                0.08         
CONF342        -36.706601          1.67          -468.363405          2.21           -3.506457         -468.368993          2.44                0.03         
CONF343        -36.706462          1.76          -468.363428          2.20           -3.591972         -468.369153          2.34                0.04         
CONF344        -36.706715          1.60          -468.364560          1.49           -3.439557         -468.370042          1.78                0.09         
CONF345        -36.706665          1.63          -468.364452          1.56           -3.464245         -468.369973          1.82                0.09         
CONF346        -36.706663          1.63          -468.364412          1.58           -3.464559         -468.369933          1.85                0.08         
CONF347        -36.706723          1.59          -468.364331          1.63           -3.424605         -468.369788          1.94                0.07         
CONF348        -36.706650          1.64          -468.364477          1.54           -3.470670         -468.370008          1.80                0.09         
CONF349        -36.706707          1.60          -468.363770          1.98           -3.464418         -468.369291          2.25                0.04         
CONF350        -36.706695          1.61          -468.364441          1.56           -3.442135         -468.369926          1.85                0.08         
CONF351        -36.706637          1.65          -468.364021          1.83           -3.475606         -468.369559          2.08                0.06         
CONF352        -36.706457          1.76          -468.363564          2.11           -3.590716         -468.369286          2.26                0.04         
CONF353        -36.706642          1.64          -468.363609          2.08           -3.472282         -468.369143          2.35                0.04         
CONF354        -36.706638          1.64          -468.363734          2.01           -3.474209         -468.369270          2.27                0.04         
CONF355        -36.706660          1.63          -468.364167          1.73           -3.456854         -468.369675          2.01                0.06         
CONF356        -36.706625          1.65          -468.363634          2.07           -3.475547         -468.369173          2.33                0.04         
CONF357        -36.706890          1.49          -468.363642          2.06           -3.308420         -468.368915          2.49                0.03         
CONF358        -36.706621          1.66          -468.363644          2.06           -3.475124         -468.369182          2.32                0.04         
CONF359        -36.706648          1.64          -468.364121          1.76           -3.459349         -468.369634          2.04                0.06         
CONF360        -36.706718          1.59          -468.364108          1.77           -3.430390         -468.369575          2.08                0.06         
CONF361        -36.706635          1.65          -468.363886          1.91           -3.466918         -468.369411          2.18                0.05         
CONF362        -36.706654          1.63          -468.364020          1.83           -3.466312         -468.369544          2.09                0.06         
CONF363        -36.707352          1.20          -468.364280          1.66           -3.014215         -468.369083          2.38                0.03         
CONF364        -36.706448          1.76          -468.363681          2.04           -3.580433         -468.369387          2.19                0.05         
CONF365        -36.705679          2.25          -468.365068          1.17           -4.059588         -468.371538          0.84                0.46         
CONF366        -36.706609          1.66          -468.363635          2.07           -3.475887         -468.369175          2.33                0.04         
CONF367        -36.706642          1.64          -468.364406          1.58           -3.454877         -468.369912          1.86                0.08         
CONF368        -36.707353          1.20          -468.364277          1.67           -3.014694         -468.369081          2.38                0.03         
CONF369        -36.706667          1.63          -468.364272          1.67           -3.437780         -468.369751          1.96                0.07         
CONF370        -36.706672          1.62          -468.365653          0.80           -3.426974         -468.371114          1.11                0.29         
CONF371        -36.706627          1.65          -468.364462          1.55           -3.455059         -468.369968          1.83                0.09         
CONF372        -36.706613          1.66          -468.364032          1.82           -3.463414         -468.369551          2.09                0.06         
CONF373        -36.706663          1.63          -468.365700          0.77           -3.427317         -468.371162          1.08                0.31         
CONF374        -36.706603          1.67          -468.364152          1.74           -3.463777         -468.369672          2.01                0.06         
CONF375        -36.706586          1.68          -468.363826          1.95           -3.474946         -468.369364          2.21                0.05         
CONF376        -36.706582          1.68          -468.363818          1.95           -3.476778         -468.369358          2.21                0.05         
CONF377        -36.706587          1.68          -468.363865          1.92           -3.464383         -468.369386          2.19                0.05         
CONF378        -36.706588          1.68          -468.363836          1.94           -3.462945         -468.369354          2.21                0.05         
CONF379        -36.706587          1.68          -468.363837          1.94           -3.463183         -468.369356          2.21                0.05         
CONF380        -36.706379          1.81          -468.363049          2.44           -3.593012         -468.368775          2.58                0.02         
CONF381        -36.706396          1.80          -468.363630          2.07           -3.581499         -468.369337          2.22                0.04         
CONF382        -36.706387          1.80          -468.363270          2.30           -3.595625         -468.369000          2.44                0.03         
CONF383        -36.706385          1.80          -468.363236          2.32           -3.595274         -468.368965          2.46                0.03         
CONF384        -36.706732          1.59          -468.364368          1.61           -3.376303         -468.369748          1.97                0.07         
CONF385        -36.706583          1.68          -468.364163          1.74           -3.460615         -468.369678          2.01                0.06         
CONF386        -36.706586          1.68          -468.364154          1.74           -3.458373         -468.369665          2.02                0.06         
CONF387        -36.707331          1.21          -468.365026          1.20           -2.985866         -468.369784          1.94                0.07         
CONF388        -36.706354          1.82          -468.363215          2.33           -3.594330         -468.368943          2.47                0.03         
CONF389        -36.706572          1.69          -468.364143          1.75           -3.460335         -468.369657          2.02                0.06         
CONF390        -36.706369          1.81          -468.363565          2.11           -3.586477         -468.369281          2.26                0.04         
CONF391        -36.706346          1.83          -468.363237          2.32           -3.594550         -468.368965          2.46                0.03         
CONF392        -36.706422          1.78          -468.363304          2.28           -3.585747         -468.369018          2.42                0.03         
CONF393        -36.706419          1.78          -468.363313          2.27           -3.585987         -468.369027          2.42                0.03         
CONF394        -36.706503          1.73          -468.364149          1.75           -3.482987         -468.369699          2.00                0.07         
CONF395        -36.706532          1.71          -468.364076          1.79           -3.464393         -468.369596          2.06                0.06         
CONF396        -36.707249          1.26          -468.364291          1.66           -3.010855         -468.369089          2.38                0.03         
CONF397        -36.706487          1.74          -468.363703          2.03           -3.485501         -468.369257          2.27                0.04         
CONF398        -36.706493          1.74          -468.364146          1.75           -3.483644         -468.369698          2.00                0.07         
CONF399        -36.706296          1.86          -468.363019          2.46           -3.602287         -468.368759          2.59                0.02         
CONF400        -36.706483          1.74          -468.363683          2.04           -3.482665         -468.369233          2.29                0.04         
CONF401        -36.706473          1.75          -468.364033          1.82           -3.487302         -468.369590          2.07                0.06         
CONF402        -36.706506          1.73          -468.364265          1.67           -3.481675         -468.369813          1.93                0.07         
CONF403        -36.706506          1.73          -468.363692          2.03           -3.464403         -468.369213          2.30                0.04         
CONF404        -36.706493          1.74          -468.363838          1.94           -3.485460         -468.369392          2.19                0.05         
CONF405        -36.706508          1.73          -468.363758          1.99           -3.462606         -468.369276          2.26                0.04         
CONF406        -36.707237          1.27          -468.364523          1.51           -3.010663         -468.369321          2.23                0.04         
CONF407        -36.706350          1.83          -468.363189          2.35           -3.598196         -468.368923          2.48                0.03         
CONF408        -36.706338          1.83          -468.363107          2.40           -3.598618         -468.368842          2.53                0.03         
CONF409        -36.706506          1.73          -468.364080          1.79           -3.457329         -468.369589          2.07                0.06         
CONF410        -36.706504          1.73          -468.364114          1.77           -3.460445         -468.369628          2.04                0.06         
CONF411        -36.706468          1.75          -468.363979          1.85           -3.481984         -468.369528          2.10                0.05         
CONF412        -36.706464          1.75          -468.363653          2.06           -3.483841         -468.369205          2.31                0.04         
CONF413        -36.706297          1.86          -468.362872          2.55           -3.587943         -468.368590          2.69                0.02         
CONF414        -36.707196          1.29          -468.364280          1.66           -3.017349         -468.369088          2.38                0.03         
CONF415        -36.706603          1.67          -468.364210          1.71           -3.388675         -468.369610          2.05                0.06         
CONF416        -36.706574          1.68          -468.364009          1.83           -3.405687         -468.369436          2.16                0.05         
CONF417        -36.706619          1.66          -468.364216          1.70           -3.376502         -468.369597          2.06                0.06         
CONF418        -36.707201          1.29          -468.364488          1.53           -3.008603         -468.369282          2.26                0.04         
CONF419        -36.707196          1.30          -468.364358          1.61           -3.012087         -468.369158          2.34                0.04         
CONF420        -36.706458          1.76          -468.363810          1.96           -3.473204         -468.369345          2.22                0.05         
CONF421        -36.707192          1.30          -468.364478          1.54           -3.010446         -468.369276          2.26                0.04         
CONF422        -36.706624          1.65          -468.364275          1.67           -3.365233         -468.369637          2.04                0.06         
CONF423        -36.707180          1.30          -468.364336          1.63           -3.014005         -468.369139          2.35                0.04         
CONF424        -36.707183          1.30          -468.364601          1.46           -3.009626         -468.369398          2.19                0.05         
CONF425        -36.706389          1.80          -468.362871          2.55           -3.504348         -468.368455          2.78                0.02         
CONF426        -36.706444          1.77          -468.364127          1.76           -3.468127         -468.369654          2.02                0.06         
CONF427        -36.707174          1.31          -468.364575          1.48           -3.008364         -468.369369          2.20                0.05         
CONF428        -36.706403          1.79          -468.363524          2.14           -3.490762         -468.369087          2.38                0.03         
CONF429        -36.705453          2.39          -468.363591          2.10           -4.096143         -468.370119          1.73                0.10         
CONF430        -36.706641          1.64          -468.363253          2.31           -3.340224         -468.368576          2.70                0.02         
CONF431        -36.707193          1.30          -468.364357          1.62           -3.004200         -468.369145          2.34                0.04         
CONF432        -36.706397          1.80          -468.363344          2.25           -3.489877         -468.368906          2.49                0.03         
CONF433        -36.706385          1.80          -468.363585          2.10           -3.481717         -468.369133          2.35                0.04         
CONF434        -36.706470          1.75          -468.363710          2.02           -3.427907         -468.369173          2.33                0.04         
CONF435        -36.707130          1.34          -468.364951          1.24           -3.012497         -468.369751          1.96                0.07         
CONF436        -36.706589          1.68          -468.363160          2.37           -3.351142         -468.368500          2.75                0.02         
CONF437        -36.705420          2.41          -468.364245          1.69           -4.075973         -468.370740          1.34                0.20         
CONF438        -36.705420          2.41          -468.363668          2.05           -4.076388         -468.370164          1.71                0.11         
CONF439        -36.706575          1.68          -468.363166          2.36           -3.348574         -468.368502          2.75                0.02         
CONF440        -36.706573          1.69          -468.363255          2.31           -3.348250         -468.368591          2.69                0.02         
CONF441        -36.705413          2.41          -468.363593          2.09           -4.075148         -468.370087          1.75                0.10         
CONF442        -36.706550          1.70          -468.363144          2.38           -3.363128         -468.368503          2.75                0.02         
CONF443        -36.706366          1.82          -468.363579          2.10           -3.475556         -468.369118          2.36                0.04         
CONF444        -36.706289          1.86          -468.363450          2.18           -3.522205         -468.369063          2.40                0.03         
CONF445        -36.706511          1.72          -468.363604          2.09           -3.379234         -468.368989          2.44                0.03         
CONF446        -36.706142          1.96          -468.362028          3.08           -3.608385         -468.367779          3.20                0.01         
CONF447        -36.706451          1.76          -468.362724          2.64           -3.412715         -468.368162          2.96                0.01         
CONF448        -36.707106          1.35          -468.364851          1.31           -3.001091         -468.369634          2.04                0.06         
CONF449        -36.705403          2.42          -468.364146          1.75           -4.068290         -468.370629          1.41                0.18         
CONF450        -36.707092          1.36          -468.364386          1.60           -3.008214         -468.369180          2.32                0.04         
CONF451        -36.705401          2.42          -468.364023          1.83           -4.069059         -468.370507          1.49                0.16         
CONF452        -36.706332          1.84          -468.363532          2.13           -3.480977         -468.369079          2.39                0.03         
CONF453        -36.706444          1.77          -468.362679          2.67           -3.412042         -468.368117          2.99                0.01         
CONF454        -36.706600          1.67          -468.363458          2.18           -3.345754         -468.368790          2.57                0.03         
CONF455        -36.707066          1.38          -468.364608          1.46           -3.015086         -468.369413          2.18                0.05         
CONF456        -36.706185          1.93          -468.363451          2.18           -3.570327         -468.369141          2.35                0.04         
CONF457        -36.705403          2.42          -468.363934          1.88           -4.060452         -468.370405          1.55                0.14         
CONF458        -36.707066          1.38          -468.364256          1.68           -3.009440         -468.369052          2.40                0.03         
CONF459        -36.707062          1.38          -468.364355          1.62           -3.011739         -468.369154          2.34                0.04         
CONF460        -36.707067          1.38          -468.364328          1.63           -3.012605         -468.369129          2.35                0.04         
CONF461        -36.707070          1.37          -468.364413          1.58           -3.013572         -468.369215          2.30                0.04         
CONF462        -36.706419          1.78          -468.362697          2.66           -3.413380         -468.368137          2.98                0.01         
CONF463        -36.706423          1.78          -468.362705          2.65           -3.409530         -468.368138          2.98                0.01         
CONF464        -36.707068          1.38          -468.364401          1.59           -3.004555         -468.369189          2.32                0.04         
CONF465        -36.707050          1.39          -468.364717          1.39           -3.015133         -468.369522          2.11                0.05         
CONF466        -36.707069          1.37          -468.364539          1.50           -2.999608         -468.369319          2.24                0.04         
CONF467        -36.706193          1.92          -468.363727          2.01           -3.546563         -468.369379          2.20                0.05         
CONF468        -36.707068          1.37          -468.364799          1.34           -2.993971         -468.369571          2.08                0.06         
CONF469        -36.707058          1.38          -468.364649          1.43           -3.001259         -468.369431          2.16                0.05         
CONF470        -36.706478          1.75          -468.363726          2.01           -3.364748         -468.369088          2.38                0.03         
CONF471        -36.707044          1.39          -468.364599          1.46           -3.010790         -468.369397          2.19                0.05         
CONF472        -36.707078          1.37          -468.364318          1.64           -3.024716         -468.369138          2.35                0.04         
CONF473        -36.705320          2.47          -468.363757          1.99           -4.088448         -468.370273          1.64                0.12         
CONF474        -36.706181          1.93          -468.363471          2.17           -3.547408         -468.369124          2.36                0.04         
CONF475        -36.706477          1.75          -468.363827          1.95           -3.356420         -468.369176          2.33                0.04         
CONF476        -36.705307          2.48          -468.363796          1.97           -4.089069         -468.370313          1.61                0.13         
CONF477        -36.706407          1.79          -468.362689          2.66           -3.411899         -468.368126          2.98                0.01         
CONF478        -36.706544          1.70          -468.362932          2.51           -3.359761         -468.368286          2.88                0.01         
CONF479        -36.705306          2.48          -468.363990          1.85           -4.089883         -468.370507          1.49                0.16         
CONF480        -36.705307          2.48          -468.363647          2.06           -4.088906         -468.370163          1.71                0.11         
CONF481        -36.707073          1.37          -468.363903          1.90           -2.979764         -468.368652          2.65                0.02         
CONF482        -36.705304          2.48          -468.363844          1.94           -4.087217         -468.370358          1.58                0.13         
CONF483        -36.706435          1.77          -468.362649          2.69           -3.409678         -468.368083          3.01                0.01         
CONF484        -36.705306          2.48          -468.363632          2.07           -4.088713         -468.370147          1.72                0.11         
CONF485        -36.706123          1.97          -468.362591          2.72           -3.602875         -468.368333          2.85                0.02         
CONF486        -36.705315          2.47          -468.363783          1.98           -4.077146         -468.370280          1.63                0.12         
CONF487        -36.706197          1.92          -468.363903          1.90           -3.520362         -468.369513          2.11                0.05         
CONF488        -36.707012          1.41          -468.364583          1.47           -3.010056         -468.369379          2.20                0.05         
CONF489        -36.706262          1.88          -468.363354          2.24           -3.479529         -468.368899          2.50                0.03         
CONF490        -36.706263          1.88          -468.364142          1.75           -3.473797         -468.369678          2.01                0.06         
CONF491        -36.706232          1.90          -468.363019          2.46           -3.491563         -468.368583          2.70                0.02         
CONF492        -36.705349          2.45          -468.364320          1.64           -4.046589         -468.370768          1.33                0.20         
CONF493        -36.706993          1.42          -468.364422          1.57           -3.012234         -468.369222          2.30                0.04         
CONF494        -36.706991          1.42          -468.364423          1.57           -3.013423         -468.369225          2.29                0.04         
CONF495        -36.706422          1.78          -468.363094          2.41           -3.368322         -468.368462          2.77                0.02         
CONF496        -36.706984          1.43          -468.364176          1.73           -3.014340         -468.368980          2.45                0.03         
CONF497        -36.706981          1.43          -468.364200          1.71           -3.012412         -468.369001          2.43                0.03         
CONF498        -36.706980          1.43          -468.364336          1.63           -3.011898         -468.369136          2.35                0.04         
CONF499        -36.706077          2.00          -468.362899          2.53           -3.578099         -468.368601          2.69                0.02         
CONF500        -36.706070          2.00          -468.362677          2.67           -3.587819         -468.368394          2.82                0.02         
CONF501        -36.706192          1.92          -468.363047          2.44           -3.501822         -468.368628          2.67                0.02         
CONF502        -36.705257          2.51          -468.363460          2.18           -4.086233         -468.369972          1.83                0.09         
CONF503        -36.705285          2.49          -468.364125          1.76           -4.060342         -468.370595          1.43                0.17         
CONF504        -36.705281          2.50          -468.364079          1.79           -4.061884         -468.370552          1.46                0.16         
CONF505        -36.705272          2.50          -468.363925          1.89           -4.062357         -468.370399          1.56                0.14         
CONF506        -36.706204          1.92          -468.363963          1.86           -3.517755         -468.369569          2.08                0.06         
CONF507        -36.706043          2.02          -468.363553          2.12           -3.575041         -468.369250          2.28                0.04         
CONF508        -36.705369          2.44          -468.364817          1.33           -3.997761         -468.371188          1.06                0.32         
CONF509        -36.705273          2.50          -468.364059          1.80           -4.057946         -468.370526          1.48                0.16         
CONF510        -36.705239          2.52          -468.363839          1.94           -4.077920         -468.370337          1.60                0.13         
CONF511        -36.706968          1.44          -468.364148          1.75           -2.987157         -468.368908          2.49                0.03         
CONF512        -36.705230          2.53          -468.364298          1.65           -4.077699         -468.370797          1.31                0.21         
CONF513        -36.705229          2.53          -468.363728          2.01           -4.078343         -468.370227          1.67                0.12         
CONF514        -36.706946          1.45          -468.364065          1.80           -2.994616         -468.368838          2.54                0.03         
CONF515        -36.706151          1.95          -468.363402          2.21           -3.505570         -468.368988          2.44                0.03         
CONF516        -36.706103          1.98          -468.363209          2.34           -3.530223         -468.368835          2.54                0.03         
CONF517        -36.706010          2.04          -468.362765          2.61           -3.583170         -468.368475          2.76                0.02         
CONF518        -36.706008          2.04          -468.362797          2.59           -3.583222         -468.368508          2.74                0.02         
CONF519        -36.706339          1.83          -468.362849          2.56           -3.374574         -468.368227          2.92                0.01         
CONF520        -36.705259          2.51          -468.363994          1.84           -4.050799         -468.370449          1.53                0.15         
CONF521        -36.706326          1.84          -468.364794          1.34           -3.380798         -468.370181          1.69                0.11         
CONF522        -36.706900          1.48          -468.364374          1.60           -3.017632         -468.369183          2.32                0.04         
CONF523        -36.706962          1.44          -468.364237          1.69           -2.978220         -468.368983          2.45                0.03         
CONF524        -36.706117          1.97          -468.362489          2.79           -3.507400         -468.368079          3.01                0.01         
CONF525        -36.706052          2.01          -468.363780          1.98           -3.547553         -468.369434          2.16                0.05         
CONF526        -36.706088          1.99          -468.363797          1.97           -3.524611         -468.369414          2.18                0.05         
CONF527        -36.705238          2.52          -468.364180          1.73           -4.056007         -468.370644          1.40                0.18         
CONF528        -36.706040          2.02          -468.363843          1.94           -3.550880         -468.369502          2.12                0.05         
CONF529        -36.706113          1.97          -468.362935          2.51           -3.503919         -468.368519          2.74                0.02         
CONF530        -36.706179          1.93          -468.363384          2.23           -3.460416         -468.368898          2.50                0.03         
CONF531        -36.705216          2.54          -468.364263          1.67           -4.063471         -468.370739          1.34                0.20         
CONF532        -36.706004          2.04          -468.363462          2.18           -3.564104         -468.369142          2.35                0.04         
CONF533        -36.706025          2.03          -468.363328          2.26           -3.550995         -468.368987          2.44                0.03         
CONF534        -36.706935          1.46          -468.364062          1.80           -2.977169         -468.368806          2.56                0.03         
CONF535        -36.705193          2.55          -468.364075          1.79           -4.070005         -468.370560          1.46                0.16         
CONF536        -36.705222          2.53          -468.365103          1.15           -4.049184         -468.371555          0.83                0.47         
CONF537        -36.705934          2.09          -468.362583          2.73           -3.600237         -468.368320          2.86                0.02         
CONF538        -36.706157          1.95          -468.363672          2.05           -3.458602         -468.369183          2.32                0.04         
CONF539        -36.706928          1.46          -468.364062          1.80           -2.973982         -468.368801          2.56                0.03         
CONF540        -36.706089          1.99          -468.362873          2.55           -3.498038         -468.368448          2.78                0.02         
CONF541        -36.706921          1.47          -468.363999          1.84           -2.984708         -468.368755          2.59                0.02         
CONF542        -36.706161          1.94          -468.363784          1.98           -3.456170         -468.369292          2.25                0.04         
CONF543        -36.706090          1.99          -468.362986          2.48           -3.495003         -468.368555          2.71                0.02         
CONF544        -36.705154          2.58          -468.363568          2.11           -4.082491         -468.370074          1.76                0.10         
CONF545        -36.705940          2.08          -468.362735          2.63           -3.592961         -468.368461          2.77                0.02         
CONF546        -36.705257          2.51          -468.363896          1.90           -4.062821         -468.370370          1.58                0.13         
CONF547        -36.705210          2.54          -468.363863          1.93           -4.043683         -468.370308          1.62                0.13         
CONF548        -36.705919          2.10          -468.362981          2.48           -3.597047         -468.368713          2.62                0.02         
CONF549        -36.706102          1.98          -468.363339          2.25           -3.480091         -468.368885          2.51                0.03         
CONF550        -36.705977          2.06          -468.363179          2.35           -3.557187         -468.368848          2.53                0.03         
CONF551        -36.706040          2.02          -468.362961          2.49           -3.516356         -468.368564          2.71                0.02         
CONF552        -36.705887          2.12          -468.361985          3.10           -3.611161         -468.367740          3.23                0.01         
CONF553        -36.706038          2.02          -468.362979          2.48           -3.516086         -468.368582          2.70                0.02         
CONF554        -36.705973          2.06          -468.363267          2.30           -3.557335         -468.368936          2.48                0.03         
CONF555        -36.705169          2.57          -468.364181          1.73           -4.061545         -468.370654          1.40                0.18         
CONF556        -36.705971          2.06          -468.363141          2.38           -3.555006         -468.368806          2.56                0.03         
CONF557        -36.705892          2.11          -468.362536          2.76           -3.600647         -468.368274          2.89                0.01         
CONF558        -36.705881          2.12          -468.362546          2.75           -3.603782         -468.368289          2.88                0.01         
CONF559        -36.705976          2.06          -468.362528          2.76           -3.541285         -468.368171          2.96                0.01         
CONF560        -36.705876          2.12          -468.362954          2.50           -3.605878         -468.368700          2.62                0.02         
CONF561        -36.705971          2.06          -468.362045          3.07           -3.543936         -468.367692          3.26                0.01         
CONF562        -36.705952          2.08          -468.363389          2.22           -3.554781         -468.369053          2.40                0.03         
CONF563        -36.705886          2.12          -468.362511          2.77           -3.594366         -468.368239          2.91                0.01         
CONF564        -36.705883          2.12          -468.362535          2.76           -3.595257         -468.368264          2.90                0.01         
CONF565        -36.705857          2.14          -468.362034          3.07           -3.611868         -468.367790          3.20                0.01         
CONF566        -36.705886          2.12          -468.362515          2.77           -3.593679         -468.368241          2.91                0.01         
CONF567        -36.705134          2.59          -468.364419          1.58           -4.059369         -468.370888          1.25                0.23         
CONF568        -36.705126          2.59          -468.364239          1.69           -4.062734         -468.370713          1.36                0.19         
CONF569        -36.706004          2.04          -468.363447          2.19           -3.515304         -468.369049          2.40                0.03         
CONF570        -36.705857          2.14          -468.362520          2.77           -3.608594         -468.368270          2.89                0.01         
CONF571        -36.705125          2.59          -468.364228          1.70           -4.059939         -468.370697          1.37                0.19         
CONF572        -36.705987          2.05          -468.362656          2.68           -3.518889         -468.368264          2.90                0.01         
CONF573        -36.705156          2.57          -468.364314          1.64           -4.037425         -468.370748          1.34                0.20         
CONF574        -36.706118          1.97          -468.363985          1.85           -3.432603         -468.369455          2.15                0.05         
CONF575        -36.705850          2.14          -468.362254          2.94           -3.600481         -468.367992          3.07                0.01         
CONF576        -36.705998          2.05          -468.363304          2.28           -3.506545         -468.368892          2.50                0.03         
CONF577        -36.705944          2.08          -468.362862          2.55           -3.539989         -468.368503          2.75                0.02         
CONF578        -36.705944          2.08          -468.362867          2.55           -3.539888         -468.368509          2.74                0.02         
CONF579        -36.706043          2.02          -468.363405          2.21           -3.477116         -468.368946          2.47                0.03         
CONF580        -36.705149          2.58          -468.364274          1.67           -4.036942         -468.370708          1.36                0.19         
CONF581        -36.706103          1.98          -468.363990          1.85           -3.438862         -468.369471          2.14                0.05         
CONF582        -36.706135          1.96          -468.363974          1.86           -3.415765         -468.369417          2.17                0.05         
CONF583        -36.705942          2.08          -468.362688          2.66           -3.537342         -468.368325          2.86                0.02         
CONF584        -36.705997          2.05          -468.362691          2.66           -3.518559         -468.368298          2.88                0.01         
CONF585        -36.705187          2.56          -468.364720          1.39           -4.009941         -468.371110          1.11                0.29         
CONF586        -36.705853          2.14          -468.362902          2.53           -3.587821         -468.368619          2.67                0.02         
CONF587        -36.705817          2.16          -468.362507          2.78           -3.607448         -468.368256          2.90                0.01         
CONF588        -36.705816          2.16          -468.362449          2.81           -3.607735         -468.368198          2.94                0.01         
CONF589        -36.705815          2.16          -468.362444          2.82           -3.607973         -468.368193          2.94                0.01         
CONF590        -36.705980          2.06          -468.363096          2.41           -3.506728         -468.368684          2.63                0.02         
CONF591        -36.706011          2.04          -468.363372          2.23           -3.474639         -468.368909          2.49                0.03         
CONF592        -36.705808          2.17          -468.362852          2.56           -3.601145         -468.368591          2.69                0.02         
CONF593        -36.705876          2.12          -468.362936          2.51           -3.558624         -468.368607          2.68                0.02         
CONF594        -36.705991          2.05          -468.363257          2.31           -3.486469         -468.368813          2.55                0.03         
CONF595        -36.706003          2.04          -468.363372          2.23           -3.477025         -468.368913          2.49                0.03         
CONF596        -36.705076          2.63          -468.364417          1.58           -4.057624         -468.370883          1.25                0.23         
CONF597        -36.705874          2.12          -468.363058          2.43           -3.559539         -468.368731          2.60                0.02         
CONF598        -36.706118          1.97          -468.363797          1.97           -3.403999         -468.369222          2.30                0.04         
CONF599        -36.706068          2.00          -468.363860          1.93           -3.426469         -468.369321          2.23                0.04         
CONF600        -36.706127          1.97          -468.363770          1.98           -3.386434         -468.369166          2.33                0.04         
CONF601        -36.705780          2.18          -468.362872          2.55           -3.604229         -468.368616          2.68                0.02         
CONF602        -36.706127          1.97          -468.363799          1.97           -3.386077         -468.369195          2.31                0.04         
CONF603        -36.705075          2.63          -468.363990          1.85           -4.043473         -468.370434          1.54                0.14         
CONF604        -36.705072          2.63          -468.364164          1.74           -4.044238         -468.370609          1.43                0.17         
CONF605        -36.705070          2.63          -468.364170          1.73           -4.043682         -468.370614          1.42                0.17         
CONF606        -36.705089          2.62          -468.364148          1.75           -4.030400         -468.370571          1.45                0.17         
CONF607        -36.705752          2.20          -468.362260          2.93           -3.612964         -468.368017          3.05                0.01         
CONF608        -36.705088          2.62          -468.364124          1.76           -4.030439         -468.370547          1.46                0.16         
CONF609        -36.705751          2.20          -468.362290          2.91           -3.612753         -468.368047          3.03                0.01         
CONF610        -36.705030          2.65          -468.364018          1.83           -4.065271         -468.370497          1.50                0.15         
CONF611        -36.705030          2.65          -468.364017          1.83           -4.065209         -468.370496          1.50                0.15         
CONF612        -36.705970          2.06          -468.363704          2.03           -3.474547         -468.369241          2.28                0.04         
CONF613        -36.705027          2.66          -468.364049          1.81           -4.064863         -468.370527          1.48                0.16         
CONF614        -36.705084          2.62          -468.364385          1.60           -4.029968         -468.370807          1.30                0.21         
CONF615        -36.704998          2.67          -468.363735          2.01           -4.080702         -468.370238          1.66                0.12         
CONF616        -36.705815          2.16          -468.362571          2.74           -3.603230         -468.368313          2.87                0.02         
CONF617        -36.705830          2.15          -468.363503          2.15           -3.558315         -468.369173          2.33                0.04         
CONF618        -36.705035          2.65          -468.364751          1.37           -4.055670         -468.371214          1.05                0.33         
CONF619        -36.705811          2.16          -468.362967          2.49           -3.567662         -468.368652          2.65                0.02         
CONF620        -36.705827          2.15          -468.363186          2.35           -3.557524         -468.368856          2.53                0.03         
CONF621        -36.705814          2.16          -468.363192          2.35           -3.559226         -468.368864          2.52                0.03         
CONF622        -36.705068          2.63          -468.364611          1.46           -4.031313         -468.371036          1.16                0.27         
CONF623        -36.705800          2.17          -468.362931          2.51           -3.567756         -468.368616          2.68                0.02         
CONF624        -36.705819          2.16          -468.363436          2.19           -3.557883         -468.369106          2.37                0.04         
CONF625        -36.705054          2.64          -468.364088          1.78           -4.034207         -468.370517          1.48                0.16         
CONF626        -36.705991          2.05          -468.363594          2.09           -3.444293         -468.369083          2.38                0.03         
CONF627        -36.705733          2.21          -468.362882          2.54           -3.607113         -468.368630          2.67                0.02         
CONF628        -36.705043          2.65          -468.364317          1.64           -4.036511         -468.370749          1.34                0.20         
CONF629        -36.705042          2.65          -468.364328          1.63           -4.037334         -468.370762          1.33                0.20         
CONF630        -36.705041          2.65          -468.364325          1.64           -4.037348         -468.370759          1.33                0.20         
CONF631        -36.706160          1.94          -468.363407          2.21           -3.375822         -468.368787          2.57                0.03         
CONF632        -36.706117          1.97          -468.363841          1.94           -3.402742         -468.369264          2.27                0.04         
CONF633        -36.705846          2.14          -468.363163          2.36           -3.572914         -468.368857          2.53                0.03         
CONF634        -36.706033          2.02          -468.364026          1.82           -3.411151         -468.369462          2.15                0.05         
CONF635        -36.706034          2.02          -468.364043          1.81           -3.410212         -468.369477          2.14                0.05         
CONF636        -36.706219          1.91          -468.363247          2.31           -3.293722         -468.368496          2.75                0.02         
CONF637        -36.705033          2.65          -468.364221          1.70           -4.037693         -468.370656          1.40                0.18         
CONF638        -36.705018          2.66          -468.364682          1.41           -4.046138         -468.371130          1.10                0.30         
CONF639        -36.706042          2.02          -468.363668          2.05           -3.402267         -468.369090          2.38                0.03         
CONF640        -36.705028          2.66          -468.363959          1.87           -4.038261         -468.370394          1.56                0.14         
CONF641        -36.705857          2.14          -468.362516          2.77           -3.517176         -468.368121          2.99                0.01         
CONF642        -36.705761          2.19          -468.363200          2.34           -3.576491         -468.368900          2.50                0.03         
CONF643        -36.705792          2.18          -468.363414          2.21           -3.556062         -468.369081          2.38                0.03         
CONF644        -36.704984          2.68          -468.364277          1.67           -4.063710         -468.370753          1.34                0.20         
CONF645        -36.705765          2.19          -468.362770          2.61           -3.572310         -468.368462          2.77                0.02         
CONF646        -36.705761          2.20          -468.362759          2.62           -3.573036         -468.368453          2.78                0.02         
CONF647        -36.705900          2.11          -468.363288          2.29           -3.484117         -468.368840          2.54                0.03         
CONF648        -36.705699          2.23          -468.362741          2.63           -3.607579         -468.368490          2.76                0.02         
CONF649        -36.704969          2.69          -468.364321          1.64           -4.054846         -468.370782          1.32                0.21         
CONF650        -36.704971          2.69          -468.364532          1.51           -4.052498         -468.370990          1.19                0.26         
CONF651        -36.704972          2.69          -468.364525          1.51           -4.051933         -468.370983          1.19                0.26         
CONF652        -36.704970          2.69          -468.364519          1.51           -4.052495         -468.370977          1.19                0.26         
CONF653        -36.704971          2.69          -468.364455          1.55           -4.051607         -468.370912          1.24                0.24         
CONF654        -36.704963          2.70          -468.364101          1.78           -4.053668         -468.370561          1.46                0.16         
CONF655        -36.705691          2.24          -468.362186          2.98           -3.588911         -468.367905          3.12                0.01         
CONF656        -36.706331          1.84          -468.363067          2.43           -3.189450         -468.368149          2.97                0.01         
CONF657        -36.705686          2.24          -468.362152          3.00           -3.593253         -468.367878          3.14                0.01         
CONF658        -36.705667          2.25          -468.362424          2.83           -3.605575         -468.368170          2.96                0.01         
CONF659        -36.705774          2.19          -468.363450          2.18           -3.536199         -468.369085          2.38                0.03         
CONF660        -36.705950          2.08          -468.363363          2.24           -3.422846         -468.368817          2.55                0.03         
CONF661        -36.705950          2.08          -468.363489          2.16           -3.421774         -468.368942          2.47                0.03         
CONF662        -36.705691          2.24          -468.362980          2.48           -3.583911         -468.368692          2.63                0.02         
CONF663        -36.705660          2.26          -468.362412          2.84           -3.602089         -468.368152          2.97                0.01         
CONF664        -36.705775          2.19          -468.362734          2.63           -3.529552         -468.368359          2.84                0.02         
CONF665        -36.705659          2.26          -468.362427          2.83           -3.602484         -468.368168          2.96                0.01         
CONF666        -36.705707          2.23          -468.362726          2.64           -3.571235         -468.368417          2.80                0.02         
CONF667        -36.705853          2.14          -468.362584          2.73           -3.502459         -468.368165          2.96                0.01         
CONF668        -36.705741          2.21          -468.362909          2.52           -3.571771         -468.368601          2.69                0.02         
CONF669        -36.705900          2.11          -468.363182          2.35           -3.486832         -468.368739          2.60                0.02         
CONF670        -36.705704          2.23          -468.362707          2.65           -3.570490         -468.368397          2.81                0.02         
CONF671        -36.705709          2.23          -468.363398          2.22           -3.565476         -468.369079          2.39                0.03         
CONF672        -36.705715          2.22          -468.363024          2.45           -3.561711         -468.368700          2.62                0.02         
CONF673        -36.705777          2.19          -468.363224          2.33           -3.558772         -468.368895          2.50                0.03         
CONF674        -36.704974          2.69          -468.364514          1.52           -4.051905         -468.370971          1.20                0.25         
CONF675        -36.705690          2.24          -468.362009          3.09           -3.574486         -468.367706          3.25                0.01         
CONF676        -36.705659          2.26          -468.362538          2.76           -3.602004         -468.368279          2.89                0.01         
CONF677        -36.705804          2.17          -468.362222          2.96           -3.499800         -468.367799          3.19                0.01         
CONF678        -36.707369          1.19          -468.362917          2.52           -2.516690         -468.366927          3.74                0.00         
CONF679        -36.706192          1.92          -468.362618          2.71           -3.256068         -468.367807          3.18                0.01         
CONF680        -36.705770          2.19          -468.362502          2.78           -3.520401         -468.368112          2.99                0.01         
CONF681        -36.705993          2.05          -468.363176          2.36           -3.393984         -468.368585          2.70                0.02         
CONF682        -36.707358          1.19          -468.362848          2.56           -2.522507         -468.366868          3.77                0.00         
CONF683        -36.704962          2.70          -468.364070          1.80           -4.022587         -468.370481          1.51                0.15         
CONF684        -36.705756          2.20          -468.362972          2.48           -3.569558         -468.368661          2.65                0.02         
CONF685        -36.705747          2.20          -468.362769          2.61           -3.532546         -468.368399          2.81                0.02         
CONF686        -36.705731          2.21          -468.363538          2.13           -3.540190         -468.369180          2.32                0.04         
CONF687        -36.704959          2.70          -468.364685          1.41           -4.023612         -468.371097          1.12                0.29         
CONF688        -36.705738          2.21          -468.362836          2.57           -3.535235         -468.368470          2.77                0.02         
CONF689        -36.706211          1.91          -468.362867          2.55           -3.237915         -468.368027          3.05                0.01         
CONF690        -36.704954          2.70          -468.364698          1.40           -4.023059         -468.371109          1.11                0.29         
CONF691        -36.704913          2.73          -468.363892          1.91           -4.047097         -468.370342          1.59                0.13         
CONF692        -36.705630          2.28          -468.362471          2.80           -3.600946         -468.368209          2.93                0.01         
CONF693        -36.705870          2.13          -468.362954          2.50           -3.439938         -468.368436          2.79                0.02         
CONF694        -36.705721          2.22          -468.362569          2.74           -3.533775         -468.368201          2.94                0.01         
CONF695        -36.705660          2.26          -468.362978          2.48           -3.572159         -468.368671          2.64                0.02         
CONF696        -36.705606          2.29          -468.362271          2.92           -3.602547         -468.368012          3.06                0.01         
CONF697        -36.705721          2.22          -468.363351          2.25           -3.564579         -468.369031          2.42                0.03         
CONF698        -36.705846          2.14          -468.363852          1.93           -3.450822         -468.369351          2.22                0.05         
CONF699        -36.705828          2.15          -468.362739          2.63           -3.460428         -468.368254          2.90                0.01         
CONF700        -36.706588          1.68          -468.364233          1.69           -2.981782         -468.368985          2.44                0.03         
CONF701        -36.704863          2.76          -468.364098          1.78           -4.059240         -468.370567          1.45                0.17         
CONF702        -36.705635          2.27          -468.363160          2.37           -3.574081         -468.368856          2.53                0.03         
CONF703        -36.705615          2.29          -468.362935          2.51           -3.585001         -468.368648          2.66                0.02         
CONF704        -36.705607          2.29          -468.361863          3.18           -3.589868         -468.367583          3.32                0.01         
CONF705        -36.705817          2.16          -468.363728          2.01           -3.458745         -468.369239          2.29                0.04         
CONF706        -36.705703          2.23          -468.362746          2.63           -3.570365         -468.368436          2.79                0.02         
CONF707        -36.705853          2.14          -468.364095          1.78           -3.433876         -468.369567          2.08                0.06         
CONF708        -36.705597          2.30          -468.361824          3.20           -3.592455         -468.367549          3.35                0.01         
CONF709        -36.705565          2.32          -468.362359          2.87           -3.609216         -468.368110          2.99                0.01         
CONF710        -36.705848          2.14          -468.363116          2.39           -3.431266         -468.368584          2.70                0.02         
CONF711        -36.705595          2.30          -468.361836          3.20           -3.589418         -468.367556          3.34                0.01         
CONF712        -36.705606          2.29          -468.361811          3.21           -3.589567         -468.367532          3.36                0.01         
CONF713        -36.704837          2.77          -468.363961          1.86           -4.062969         -468.370436          1.53                0.14         
CONF714        -36.704830          2.78          -468.364122          1.76           -4.065340         -468.370600          1.43                0.17         
CONF715        -36.704830          2.78          -468.364058          1.80           -4.065440         -468.370537          1.47                0.16         
CONF716        -36.705863          2.13          -468.364168          1.73           -3.417501         -468.369614          2.05                0.06         
CONF717        -36.705856          2.14          -468.363986          1.85           -3.418207         -468.369433          2.16                0.05         
CONF718        -36.705856          2.14          -468.363168          2.36           -3.417447         -468.368614          2.68                0.02         
CONF719        -36.705598          2.30          -468.363174          2.36           -3.578316         -468.368876          2.51                0.03         
CONF720        -36.705799          2.17          -468.362567          2.74           -3.450471         -468.368066          3.02                0.01         
CONF721        -36.705545          2.33          -468.362152          3.00           -3.607647         -468.367902          3.12                0.01         
CONF722        -36.705605          2.29          -468.363326          2.26           -3.566794         -468.369010          2.43                0.03         
CONF723        -36.705599          2.30          -468.363366          2.24           -3.568502         -468.369053          2.40                0.03         
CONF724        -36.705642          2.27          -468.362431          2.82           -3.539390         -468.368071          3.02                0.01         
CONF725        -36.705776          2.19          -468.363629          2.07           -3.456694         -468.369138          2.35                0.04         
CONF726        -36.704829          2.78          -468.364270          1.67           -4.048463         -468.370722          1.35                0.19         
CONF727        -36.705711          2.23          -468.362556          2.75           -3.494645         -468.368125          2.98                0.01         
CONF728        -36.705612          2.29          -468.362485          2.79           -3.596763         -468.368217          2.93                0.01         
CONF729        -36.705842          2.14          -468.363938          1.88           -3.410888         -468.369373          2.20                0.05         
CONF730        -36.704824          2.78          -468.364489          1.53           -4.049410         -468.370942          1.22                0.25         
CONF731        -36.705802          2.17          -468.363927          1.89           -3.435381         -468.369402          2.18                0.05         
CONF732        -36.705509          2.35          -468.362141          3.01           -3.616942         -468.367905          3.12                0.01         
CONF733        -36.705803          2.17          -468.363152          2.37           -3.431284         -468.368620          2.67                0.02         
CONF734        -36.705721          2.22          -468.363195          2.34           -3.483859         -468.368746          2.59                0.02         
CONF735        -36.705611          2.29          -468.362547          2.75           -3.598455         -468.368281          2.89                0.01         
CONF736        -36.704812          2.79          -468.364028          1.82           -4.052271         -468.370486          1.50                0.15         
CONF737        -36.704808          2.79          -468.364383          1.60           -4.052082         -468.370841          1.28                0.22         
CONF738        -36.705926          2.09          -468.362327          2.89           -3.351264         -468.367667          3.27                0.01         
CONF739        -36.705925          2.09          -468.362083          3.04           -3.347749         -468.367418          3.43                0.01         
CONF740        -36.706493          1.74          -468.363013          2.46           -2.991011         -468.367779          3.20                0.01         
CONF741        -36.704806          2.79          -468.364260          1.68           -4.050559         -468.370715          1.36                0.19         
CONF742        -36.705835          2.15          -468.363957          1.87           -3.401817         -468.369378          2.20                0.05         
CONF743        -36.706028          2.03          -468.363042          2.44           -3.281712         -468.368272          2.89                0.01         
CONF744        -36.706545          1.70          -468.364609          1.46           -2.956798         -468.369321          2.23                0.04         
CONF745        -36.705818          2.16          -468.363876          1.92           -3.411548         -468.369312          2.24                0.04         
CONF746        -36.705704          2.23          -468.362473          2.80           -3.481663         -468.368021          3.05                0.01         
CONF747        -36.706002          2.04          -468.363017          2.46           -3.293142         -468.368265          2.90                0.01         
CONF748        -36.705695          2.24          -468.362507          2.78           -3.484901         -468.368061          3.02                0.01         
CONF749        -36.705762          2.19          -468.363353          2.25           -3.443110         -468.368840          2.54                0.03         
CONF750        -36.705823          2.16          -468.363880          1.91           -3.402490         -468.369302          2.25                0.04         
CONF751        -36.705550          2.33          -468.363196          2.34           -3.573433         -468.368891          2.50                0.03         
CONF752        -36.705930          2.09          -468.362689          2.66           -3.335227         -468.368004          3.06                0.01         
CONF753        -36.704800          2.80          -468.364359          1.61           -4.050220         -468.370814          1.30                0.21         
CONF754        -36.704791          2.80          -468.364274          1.67           -4.047233         -468.370724          1.35                0.20         
CONF755        -36.705895          2.11          -468.362259          2.93           -3.354606         -468.367605          3.31                0.01         
CONF756        -36.705694          2.24          -468.362462          2.80           -3.479172         -468.368007          3.06                0.01         
CONF757        -36.705548          2.33          -468.362269          2.93           -3.610025         -468.368022          3.05                0.01         
CONF758        -36.705947          2.08          -468.362832          2.57           -3.334263         -468.368146          2.97                0.01         
CONF759        -36.705546          2.33          -468.362708          2.65           -3.573281         -468.368403          2.81                0.02         
CONF760        -36.704790          2.80          -468.364061          1.80           -4.046365         -468.370510          1.49                0.16         
CONF761        -36.705544          2.33          -468.362630          2.70           -3.572216         -468.368322          2.86                0.02         
CONF762        -36.705694          2.24          -468.363212          2.33           -3.478492         -468.368755          2.59                0.02         
CONF763        -36.705681          2.25          -468.362432          2.82           -3.483570         -468.367983          3.07                0.01         
CONF764        -36.704788          2.81          -468.364259          1.68           -4.048044         -468.370710          1.36                0.19         
CONF765        -36.705769          2.19          -468.363658          2.05           -3.429117         -468.369123          2.36                0.04         
CONF766        -36.705977          2.06          -468.362982          2.48           -3.297922         -468.368237          2.91                0.01         
CONF767        -36.705679          2.25          -468.363085          2.41           -3.484551         -468.368638          2.66                0.02         
CONF768        -36.705537          2.34          -468.362431          2.82           -3.572664         -468.368124          2.99                0.01         
CONF769        -36.706462          1.76          -468.363998          1.84           -2.996765         -468.368773          2.58                0.02         
CONF770        -36.705666          2.25          -468.362927          2.51           -3.490351         -468.368489          2.76                0.02         
CONF771        -36.706438          1.77          -468.363494          2.16           -3.003722         -468.368281          2.89                0.01         
CONF772        -36.705664          2.26          -468.363069          2.42           -3.486309         -468.368625          2.67                0.02         
CONF773        -36.704751          2.83          -468.363201          2.34           -4.058881         -468.369669          2.02                0.06         
CONF774        -36.706439          1.77          -468.363511          2.15           -2.997935         -468.368289          2.88                0.01         
CONF775        -36.706428          1.78          -468.363462          2.18           -3.004427         -468.368250          2.91                0.01         
CONF776        -36.704746          2.83          -468.363318          2.27           -4.059119         -468.369787          1.94                0.07         
CONF777        -36.705494          2.36          -468.361516          3.40           -3.585035         -468.367229          3.55                0.00         
CONF778        -36.705495          2.36          -468.361740          3.26           -3.584234         -468.367452          3.41                0.01         
CONF779        -36.705494          2.36          -468.361502          3.41           -3.583806         -468.367213          3.56                0.00         
CONF780        -36.706421          1.78          -468.363520          2.14           -3.000085         -468.368301          2.87                0.01         
CONF781        -36.705483          2.37          -468.361601          3.34           -3.588336         -468.367319          3.49                0.01         
CONF782        -36.706424          1.78          -468.363755          1.99           -2.997716         -468.368532          2.73                0.02         
CONF783        -36.704777          2.81          -468.363389          2.22           -4.033437         -468.369816          1.92                0.07         
CONF784        -36.706429          1.78          -468.363780          1.98           -2.992878         -468.368549          2.72                0.02         
CONF785        -36.705690          2.24          -468.362490          2.79           -3.455690         -468.367997          3.06                0.01         
CONF786        -36.705793          2.18          -468.362429          2.83           -3.389926         -468.367831          3.17                0.01         
CONF787        -36.705486          2.37          -468.362410          2.84           -3.578640         -468.368113          2.99                0.01         
CONF788        -36.706417          1.78          -468.363747          2.00           -2.991652         -468.368515          2.74                0.02         
CONF789        -36.705785          2.18          -468.362271          2.92           -3.387713         -468.367669          3.27                0.01         
CONF790        -36.705687          2.24          -468.362601          2.72           -3.456540         -468.368109          2.99                0.01         
CONF791        -36.705482          2.37          -468.362395          2.85           -3.577132         -468.368096          3.00                0.01         
CONF792        -36.705711          2.23          -468.362612          2.71           -3.438654         -468.368091          3.01                0.01         
CONF793        -36.706408          1.79          -468.363855          1.93           -2.992249         -468.368623          2.67                0.02         
CONF794        -36.705526          2.34          -468.362057          3.06           -3.549001         -468.367713          3.24                0.01         
CONF795        -36.706464          1.75          -468.364211          1.71           -2.968824         -468.368942          2.47                0.03         
CONF796        -36.705798          2.17          -468.362644          2.69           -3.374069         -468.368021          3.05                0.01         
CONF797        -36.705651          2.26          -468.362876          2.54           -3.465751         -468.368399          2.81                0.02         
CONF798        -36.706402          1.79          -468.364751          1.37           -2.990616         -468.369517          2.11                0.05         
CONF799        -36.705448          2.39          -468.360952          3.75           -3.589086         -468.366672          3.90                0.00         
CONF800        -36.705443          2.39          -468.361118          3.65           -3.591664         -468.366842          3.79                0.00         
CONF801        -36.705444          2.39          -468.361100          3.66           -3.590960         -468.366822          3.80                0.00         
CONF802        -36.705684          2.24          -468.363466          2.17           -3.440296         -468.368948          2.47                0.03         
CONF803        -36.706422          1.78          -468.363858          1.93           -2.977752         -468.368603          2.68                0.02         
CONF804        -36.704723          2.85          -468.363511          2.15           -4.041311         -468.369951          1.84                0.09         
CONF805        -36.706429          1.78          -468.364203          1.71           -2.970008         -468.368936          2.48                0.03         
CONF806        -36.705545          2.33          -468.362717          2.64           -3.524396         -468.368334          2.85                0.02         
CONF807        -36.706399          1.79          -468.363786          1.97           -2.989941         -468.368550          2.72                0.02         
CONF808        -36.706447          1.76          -468.364285          1.66           -2.957072         -468.368997          2.44                0.03         
CONF809        -36.706407          1.79          -468.363984          1.85           -2.981615         -468.368736          2.60                0.02         
CONF810        -36.705654          2.26          -468.362682          2.67           -3.454118         -468.368187          2.95                0.01         
CONF811        -36.705653          2.26          -468.363133          2.38           -3.451315         -468.368633          2.67                0.02         
CONF812        -36.705889          2.11          -468.362806          2.59           -3.302602         -468.368069          3.02                0.01         
CONF813        -36.705841          2.15          -468.362722          2.64           -3.332211         -468.368032          3.04                0.01         
CONF814        -36.706373          1.81          -468.363865          1.92           -2.996899         -468.368641          2.66                0.02         
CONF815        -36.705882          2.12          -468.363202          2.34           -3.303844         -468.368467          2.77                0.02         
CONF816        -36.705594          2.30          -468.362078          3.05           -3.484823         -468.367632          3.29                0.01         
CONF817        -36.705693          2.24          -468.363025          2.45           -3.422518         -468.368479          2.76                0.02         
CONF818        -36.705662          2.26          -468.363592          2.10           -3.439920         -468.369074          2.39                0.03         
CONF819        -36.705599          2.30          -468.363027          2.45           -3.478727         -468.368571          2.70                0.02         
CONF820        -36.705582          2.31          -468.362371          2.86           -3.489633         -468.367932          3.11                0.01         
CONF821        -36.705878          2.12          -468.362773          2.61           -3.303263         -468.368037          3.04                0.01         
CONF822        -36.705421          2.41          -468.362758          2.62           -3.586790         -468.368474          2.77                0.02         
CONF823        -36.705422          2.41          -468.362373          2.86           -3.586174         -468.368088          3.01                0.01         
CONF824        -36.705650          2.26          -468.363178          2.36           -3.450645         -468.368677          2.64                0.02         
CONF825        -36.705421          2.41          -468.362760          2.62           -3.586683         -468.368476          2.76                0.02         
CONF826        -36.705421          2.41          -468.362368          2.86           -3.586536         -468.368084          3.01                0.01         
CONF827        -36.705480          2.37          -468.362016          3.08           -3.548863         -468.367671          3.27                0.01         
CONF828        -36.705610          2.29          -468.362810          2.59           -3.462672         -468.368328          2.86                0.02         
CONF829        -36.706374          1.81          -468.364374          1.60           -2.980717         -468.369124          2.36                0.04         
CONF830        -36.705581          2.31          -468.363083          2.41           -3.484986         -468.368637          2.66                0.02         
CONF831        -36.705682          2.24          -468.362691          2.66           -3.456966         -468.368200          2.94                0.01         
CONF832        -36.705853          2.14          -468.363791          1.97           -3.304955         -468.369058          2.40                0.03         
CONF833        -36.705621          2.28          -468.363334          2.26           -3.443155         -468.368821          2.55                0.03         
CONF834        -36.705605          2.29          -468.361591          3.35           -3.454364         -468.367096          3.63                0.00         
CONF835        -36.705586          2.31          -468.362582          2.73           -3.463909         -468.368102          3.00                0.01         
CONF836        -36.705594          2.30          -468.361767          3.24           -3.457287         -468.367276          3.52                0.01         
CONF837        -36.705578          2.31          -468.362448          2.81           -3.464161         -468.367968          3.08                0.01         
CONF838        -36.705540          2.33          -468.361980          3.11           -3.487470         -468.367538          3.35                0.01         
CONF839        -36.705620          2.28          -468.363291          2.28           -3.436495         -468.368767          2.58                0.02         
CONF840        -36.705624          2.28          -468.363481          2.17           -3.434010         -468.368953          2.47                0.03         
CONF841        -36.704613          2.92          -468.362963          2.49           -4.065922         -468.369443          2.16                0.05         
CONF842        -36.705626          2.28          -468.363466          2.17           -3.433486         -468.368937          2.47                0.03         
CONF843        -36.705603          2.29          -468.363233          2.32           -3.444833         -468.368723          2.61                0.02         
CONF844        -36.704659          2.89          -468.363644          2.06           -4.035515         -468.370075          1.76                0.10         
CONF845        -36.705558          2.32          -468.362512          2.77           -3.469428         -468.368040          3.04                0.01         
CONF846        -36.705609          2.29          -468.363001          2.47           -3.458165         -468.368512          2.74                0.02         
CONF847        -36.705753          2.20          -468.362748          2.63           -3.346376         -468.368080          3.01                0.01         
CONF848        -36.705547          2.33          -468.362182          2.98           -3.487129         -468.367739          3.23                0.01         
CONF849        -36.705558          2.32          -468.362526          2.76           -3.469643         -468.368055          3.03                0.01         
CONF850        -36.704653          2.89          -468.362887          2.54           -4.050574         -468.369342          2.22                0.05         
CONF851        -36.705786          2.18          -468.363871          1.92           -3.324205         -468.369169          2.33                0.04         
CONF852        -36.705547          2.33          -468.362497          2.78           -3.475042         -468.368035          3.04                0.01         
CONF853        -36.705769          2.19          -468.364043          1.81           -3.333866         -468.369356          2.21                0.05         
CONF854        -36.704575          2.94          -468.362543          2.75           -4.078881         -468.369044          2.41                0.03         
CONF855        -36.704619          2.91          -468.363401          2.22           -4.049444         -468.369854          1.90                0.08         
CONF856        -36.704571          2.94          -468.362545          2.75           -4.079075         -468.369045          2.41                0.03         
CONF857        -36.704618          2.91          -468.363391          2.22           -4.049444         -468.369844          1.91                0.08         
CONF858        -36.704560          2.95          -468.362856          2.56           -4.084906         -468.369366          2.21                0.05         
CONF859        -36.705418          2.41          -468.362429          2.83           -3.566301         -468.368112          2.99                0.01         
CONF860        -36.705691          2.24          -468.363622          2.08           -3.374429         -468.369000          2.44                0.03         
CONF861        -36.704633          2.90          -468.363566          2.11           -4.035461         -468.369997          1.81                0.09         
CONF862        -36.704549          2.96          -468.362689          2.66           -4.084355         -468.369198          2.31                0.04         
CONF863        -36.704553          2.95          -468.362748          2.62           -4.080328         -468.369251          2.28                0.04         
CONF864        -36.704618          2.91          -468.363281          2.29           -4.047721         -468.369731          1.98                0.07         
CONF865        -36.704572          2.94          -468.363179          2.35           -4.063832         -468.369655          2.02                0.06         
CONF866        -36.705336          2.46          -468.362599          2.72           -3.582193         -468.368307          2.87                0.02         
CONF867        -36.705580          2.31          -468.362966          2.49           -3.426469         -468.368427          2.80                0.02         
CONF868        -36.705576          2.31          -468.363001          2.47           -3.427111         -468.368463          2.77                0.02         
CONF869        -36.705580          2.31          -468.362986          2.48           -3.424702         -468.368444          2.78                0.02         
CONF870        -36.706284          1.87          -468.364529          1.51           -2.979956         -468.369277          2.26                0.04         
CONF871        -36.706254          1.89          -468.363877          1.92           -2.995247         -468.368650          2.66                0.02         
CONF872        -36.706249          1.89          -468.363350          2.25           -2.996721         -468.368125          2.98                0.01         
CONF873        -36.704527          2.97          -468.362658          2.68           -4.076856         -468.369155          2.34                0.04         
CONF874        -36.706274          1.87          -468.363474          2.17           -2.997485         -468.368251          2.91                0.01         
CONF875        -36.704523          2.97          -468.362746          2.63           -4.075100         -468.369240          2.28                0.04         
CONF876        -36.705674          2.25          -468.362121          3.02           -3.352881         -468.367464          3.40                0.01         
CONF877        -36.704533          2.97          -468.363147          2.37           -4.066894         -468.369628          2.04                0.06         
CONF878        -36.705319          2.47          -468.362224          2.95           -3.572081         -468.367916          3.12                0.01         
CONF879        -36.705478          2.37          -468.362866          2.55           -3.469354         -468.368395          2.82                0.02         
CONF880        -36.704530          2.97          -468.363024          2.45           -4.059875         -468.369494          2.13                0.05         
CONF881        -36.705283          2.49          -468.361943          3.13           -3.585122         -468.367656          3.28                0.01         
CONF882        -36.705398          2.42          -468.362319          2.89           -3.512299         -468.367916          3.12                0.01         
CONF883        -36.704509          2.98          -468.363113          2.40           -4.069727         -468.369599          2.06                0.06         
CONF884        -36.705635          2.27          -468.363430          2.20           -3.361119         -468.368786          2.57                0.03         
CONF885        -36.705280          2.50          -468.362132          3.01           -3.582788         -468.367842          3.16                0.01         
CONF886        -36.705279          2.50          -468.362114          3.02           -3.584574         -468.367827          3.17                0.01         
CONF887        -36.704530          2.97          -468.363187          2.35           -4.052409         -468.369645          2.03                0.06         
CONF888        -36.705662          2.26          -468.363478          2.17           -3.342395         -468.368804          2.56                0.03         
CONF889        -36.705753          2.20          -468.363108          2.40           -3.283818         -468.368341          2.85                0.02         
CONF890        -36.704531          2.97          -468.363159          2.37           -4.047810         -468.369610          2.05                0.06         
CONF891        -36.705373          2.44          -468.362467          2.80           -3.519074         -468.368075          3.02                0.01         
CONF892        -36.705285          2.49          -468.362185          2.98           -3.572031         -468.367878          3.14                0.01         
CONF893        -36.706288          1.86          -468.363958          1.87           -2.944399         -468.368650          2.66                0.02         
CONF894        -36.705478          2.37          -468.363703          2.03           -3.447876         -468.369198          2.31                0.04         
CONF895        -36.704487          2.99          -468.363078          2.42           -4.069670         -468.369563          2.08                0.06         
CONF896        -36.705765          2.19          -468.363152          2.37           -3.266487         -468.368357          2.84                0.02         
CONF897        -36.704509          2.98          -468.363198          2.34           -4.055033         -468.369661          2.02                0.06         
CONF898        -36.705639          2.27          -468.363610          2.08           -3.368104         -468.368977          2.45                0.03         
CONF899        -36.706182          1.93          -468.363376          2.23           -3.004428         -468.368164          2.96                0.01         
CONF900        -36.706181          1.93          -468.363648          2.06           -3.005731         -468.368438          2.79                0.02         
CONF901        -36.706190          1.93          -468.363385          2.23           -2.998969         -468.368164          2.96                0.01         
CONF902        -36.706177          1.93          -468.363304          2.28           -3.007133         -468.368096          3.00                0.01         
CONF903        -36.706197          1.92          -468.364047          1.81           -2.991657         -468.368815          2.55                0.03         
CONF904        -36.705462          2.38          -468.362620          2.71           -3.452422         -468.368122          2.99                0.01         
CONF905        -36.706224          1.90          -468.363415          2.21           -2.971624         -468.368151          2.97                0.01         
CONF906        -36.705553          2.33          -468.362400          2.84           -3.389654         -468.367802          3.19                0.01         
CONF907        -36.706211          1.91          -468.363308          2.27           -2.975646         -468.368050          3.03                0.01         
CONF908        -36.706169          1.94          -468.363238          2.32           -3.001749         -468.368021          3.05                0.01         
CONF909        -36.706177          1.93          -468.363261          2.30           -2.996730         -468.368037          3.04                0.01         
CONF910        -36.706168          1.94          -468.363268          2.30           -3.002171         -468.368052          3.03                0.01         
CONF911        -36.704460          3.01          -468.363190          2.35           -4.072541         -468.369680          2.01                0.06         
CONF912        -36.706178          1.93          -468.363447          2.19           -2.994549         -468.368219          2.93                0.01         
CONF913        -36.706165          1.94          -468.363243          2.31           -3.004241         -468.368031          3.04                0.01         
CONF914        -36.706193          1.92          -468.363468          2.17           -2.995653         -468.368242          2.91                0.01         
CONF915        -36.704604          2.92          -468.363761          1.99           -4.027670         -468.370180          1.70                0.11         
CONF916        -36.705463          2.38          -468.362595          2.72           -3.451268         -468.368095          3.00                0.01         
CONF917        -36.704508          2.98          -468.362884          2.54           -4.042420         -468.369326          2.23                0.04         
CONF918        -36.705287          2.49          -468.362841          2.57           -3.558493         -468.368512          2.74                0.02         
CONF919        -36.706166          1.94          -468.363312          2.27           -3.000318         -468.368093          3.00                0.01         
CONF920        -36.705532          2.34          -468.361782          3.23           -3.397547         -468.367196          3.57                0.00         
CONF921        -36.705650          2.27          -468.362618          2.71           -3.321765         -468.367912          3.12                0.01         
CONF922        -36.706130          1.96          -468.363796          1.97           -3.003278         -468.368582          2.70                0.02         
CONF923        -36.705500          2.36          -468.361600          3.35           -3.399157         -468.367017          3.68                0.00         
CONF924        -36.706127          1.97          -468.363769          1.98           -3.005739         -468.368559          2.71                0.02         
CONF925        -36.706136          1.96          -468.364032          1.82           -2.994835         -468.368805          2.56                0.03         
CONF926        -36.705348          2.45          -468.362932          2.51           -3.488091         -468.368490          2.76                0.02         
CONF927        -36.706151          1.95          -468.364194          1.72           -2.983398         -468.368948          2.47                0.03         
CONF928        -36.706121          1.97          -468.363655          2.06           -2.999149         -468.368434          2.79                0.02         
CONF929        -36.706112          1.97          -468.363350          2.25           -3.004502         -468.368138          2.98                0.01         
CONF930        -36.706166          1.94          -468.363276          2.29           -2.969421         -468.368008          3.06                0.01         
CONF931        -36.706165          1.94          -468.363297          2.28           -2.973078         -468.368035          3.04                0.01         
CONF932        -36.705435          2.40          -468.361411          3.46           -3.470356         -468.366941          3.73                0.00         
CONF933        -36.704463          3.01          -468.363166          2.36           -4.036009         -468.369598          2.06                0.06         
CONF934        -36.705521          2.35          -468.361756          3.25           -3.404702         -468.367182          3.58                0.00         
CONF935        -36.706109          1.98          -468.363518          2.14           -3.001586         -468.368301          2.87                0.01         
CONF936        -36.705148          2.58          -468.362043          3.07           -3.602913         -468.367784          3.20                0.01         
CONF937        -36.706100          1.98          -468.363170          2.36           -3.003797         -468.367957          3.09                0.01         
CONF938        -36.706096          1.98          -468.362924          2.51           -3.005581         -468.367713          3.24                0.01         
CONF939        -36.704423          3.04          -468.362627          2.70           -4.089016         -468.369143          2.35                0.04         
CONF940        -36.706081          1.99          -468.363163          2.36           -3.011485         -468.367962          3.09                0.01         
CONF941        -36.704387          3.06          -468.362637          2.69           -4.076599         -468.369134          2.35                0.04         
CONF942        -36.706161          1.94          -468.363418          2.20           -2.960568         -468.368136          2.98                0.01         
CONF943        -36.705251          2.52          -468.361510          3.40           -3.528335         -468.367132          3.61                0.00         
CONF944        -36.705388          2.43          -468.362952          2.50           -3.440218         -468.368435          2.79                0.02         
CONF945        -36.704443          3.02          -468.364105          1.77           -4.032117         -468.370530          1.48                0.16         
CONF946        -36.704516          2.98          -468.363890          1.91           -3.982356         -468.370237          1.66                0.12         
CONF947        -36.704446          3.02          -468.363335          2.26           -4.025772         -468.369751          1.96                0.07         
CONF948        -36.704436          3.03          -468.364216          1.70           -4.031726         -468.370641          1.41                0.18         
CONF949        -36.706078          2.00          -468.363827          1.95           -2.999502         -468.368607          2.68                0.02         
CONF950        -36.705204          2.55          -468.361080          3.67           -3.547020         -468.366732          3.86                0.00         
CONF951        -36.705371          2.44          -468.362496          2.78           -3.438112         -468.367975          3.08                0.01         
CONF952        -36.704506          2.98          -468.363898          1.90           -3.983342         -468.370246          1.65                0.12         
CONF953        -36.705161          2.57          -468.362066          3.05           -3.570294         -468.367755          3.22                0.01         
CONF954        -36.706105          1.98          -468.363587          2.10           -2.974079         -468.368327          2.86                0.02         
CONF955        -36.706064          2.01          -468.363792          1.97           -2.998677         -468.368571          2.70                0.02         
CONF956        -36.705142          2.58          -468.362347          2.88           -3.574012         -468.368043          3.04                0.01         
CONF957        -36.706075          2.00          -468.363594          2.09           -2.987494         -468.368355          2.84                0.02         
CONF958        -36.706066          2.00          -468.363739          2.00           -2.992581         -468.368508          2.74                0.02         
CONF959        -36.704384          3.06          -468.363139          2.38           -4.047145         -468.369588          2.07                0.06         
CONF960        -36.706072          2.00          -468.363457          2.18           -2.990304         -468.368222          2.92                0.01         
CONF961        -36.704392          3.05          -468.363556          2.12           -4.040636         -468.369995          1.81                0.09         
CONF962        -36.705232          2.53          -468.362701          2.65           -3.512830         -468.368299          2.88                0.01         
CONF963        -36.704395          3.05          -468.363242          2.31           -4.068916         -468.369727          1.98                0.07         
CONF964        -36.705245          2.52          -468.361794          3.22           -3.503162         -468.367377          3.45                0.01         
CONF965        -36.706072          2.00          -468.363816          1.96           -2.996763         -468.368591          2.69                0.02         
CONF966        -36.705244          2.52          -468.361562          3.37           -3.503749         -468.367146          3.60                0.00         
CONF967        -36.705144          2.58          -468.362319          2.89           -3.566685         -468.368003          3.06                0.01         
CONF968        -36.706048          2.02          -468.363321          2.27           -2.998783         -468.368099          3.00                0.01         
CONF969        -36.706055          2.01          -468.363761          1.99           -2.991465         -468.368528          2.73                0.02         
CONF970        -36.705213          2.54          -468.361561          3.37           -3.518215         -468.367168          3.59                0.00         
CONF971        -36.704317          3.10          -468.362719          2.64           -4.079639         -468.369220          2.30                0.04         
CONF972        -36.704385          3.06          -468.363467          2.17           -4.037200         -468.369900          1.87                0.08         
CONF973        -36.705233          2.53          -468.361662          3.31           -3.501608         -468.367242          3.54                0.00         
CONF974        -36.705144          2.58          -468.362332          2.89           -3.567814         -468.368017          3.05                0.01         
CONF975        -36.705130          2.59          -468.362313          2.90           -3.570185         -468.368002          3.06                0.01         
CONF976        -36.704425          3.03          -468.363823          1.95           -4.015633         -468.370222          1.67                0.11         
CONF977        -36.706027          2.03          -468.363410          2.21           -3.001356         -468.368193          2.94                0.01         
CONF978        -36.704377          3.06          -468.363533          2.13           -4.042283         -468.369975          1.82                0.09         
CONF979        -36.705451          2.39          -468.362944          2.50           -3.358622         -468.368296          2.88                0.01         
CONF980        -36.704326          3.10          -468.363267          2.30           -4.063219         -468.369742          1.97                0.07         
CONF981        -36.706016          2.04          -468.363483          2.16           -3.003465         -468.368270          2.89                0.01         
CONF982        -36.706067          2.00          -468.363689          2.03           -2.970515         -468.368423          2.80                0.02         
CONF983        -36.706041          2.02          -468.363336          2.26           -2.985799         -468.368094          3.00                0.01         
CONF984        -36.704343          3.09          -468.363237          2.32           -4.050494         -468.369692          2.00                0.07         
CONF985        -36.705430          2.40          -468.363928          1.88           -3.366267         -468.369292          2.25                0.04         
CONF986        -36.704357          3.08          -468.363389          2.22           -4.049651         -468.369842          1.91                0.08         
CONF987        -36.704292          3.12          -468.362530          2.76           -4.079773         -468.369032          2.42                0.03         
CONF988        -36.704291          3.12          -468.362498          2.78           -4.079447         -468.368999          2.44                0.03         
CONF989        -36.706006          2.04          -468.363221          2.33           -3.002957         -468.368007          3.06                0.01         
CONF990        -36.704285          3.12          -468.362467          2.80           -4.079576         -468.368968          2.46                0.03         
CONF991        -36.704365          3.07          -468.363460          2.18           -4.029307         -468.369881          1.88                0.08         
CONF992        -36.705263          2.51          -468.361869          3.18           -3.467982         -468.367395          3.44                0.01         
CONF993        -36.704323          3.10          -468.363561          2.11           -4.058094         -468.370028          1.79                0.09         
CONF994        -36.704396          3.05          -468.364096          1.78           -4.008046         -468.370483          1.50                0.15         
CONF995        -36.705996          2.05          -468.363189          2.35           -3.003039         -468.367975          3.08                0.01         
CONF996        -36.704281          3.12          -468.362580          2.73           -4.079571         -468.369081          2.38                0.03         
CONF997        -36.704341          3.09          -468.363220          2.33           -4.038812         -468.369656          2.02                0.06         
CONF998        -36.704275          3.13          -468.362537          2.76           -4.081218         -468.369040          2.41                0.03         
CONF999        -36.705101          2.61          -468.362267          2.93           -3.561621         -468.367943          3.10                0.01         
CONF1000       -36.704426          3.03          -468.364359          1.61           -3.988526         -468.370715          1.36                0.19         
CONF1001       -36.705100          2.61          -468.362351          2.87           -3.560983         -468.368025          3.05                0.01         
CONF1002       -36.705098          2.61          -468.362245          2.94           -3.562251         -468.367922          3.11                0.01         
CONF1003       -36.704351          3.08          -468.363876          1.92           -4.027472         -468.370294          1.62                0.12         
CONF1004       -36.706015          2.04          -468.363445          2.19           -2.982247         -468.368197          2.94                0.01         
CONF1005       -36.705981          2.06          -468.363049          2.44           -3.000489         -468.367831          3.17                0.01         
CONF1006       -36.704266          3.13          -468.362530          2.76           -4.080033         -468.369032          2.42                0.03         
CONF1007       -36.704398          3.05          -468.364296          1.65           -3.994009         -468.370661          1.39                0.18         
CONF1008       -36.705965          2.07          -468.363251          2.31           -3.010773         -468.368049          3.03                0.01         
CONF1009       -36.704327          3.10          -468.363638          2.07           -4.038086         -468.370073          1.76                0.10         
CONF1010       -36.704325          3.10          -468.363564          2.11           -4.038471         -468.370000          1.81                0.09         
CONF1011       -36.704322          3.10          -468.363346          2.25           -4.040671         -468.369785          1.94                0.07         
CONF1012       -36.704321          3.10          -468.363682          2.04           -4.040427         -468.370121          1.73                0.10         
CONF1013       -36.705172          2.56          -468.362335          2.88           -3.505676         -468.367921          3.11                0.01         
CONF1014       -36.705049          2.64          -468.362118          3.02           -3.580303         -468.367824          3.17                0.01         
CONF1015       -36.705153          2.58          -468.362341          2.88           -3.513732         -468.367940          3.10                0.01         
CONF1016       -36.705110          2.60          -468.360996          3.72           -3.540364         -468.366638          3.92                0.00         
CONF1017       -36.706031          2.03          -468.363427          2.20           -2.961532         -468.368146          2.97                0.01         
CONF1018       -36.705119          2.60          -468.361011          3.72           -3.533209         -468.366641          3.92                0.00         
CONF1019       -36.705121          2.60          -468.360984          3.73           -3.532903         -468.366614          3.93                0.00         
CONF1020       -36.704310          3.11          -468.363731          2.01           -4.041330         -468.370171          1.70                0.11         
CONF1021       -36.706033          2.02          -468.363545          2.12           -2.961049         -468.368264          2.90                0.01         
CONF1022       -36.705421          2.41          -468.362648          2.69           -3.340324         -468.367971          3.08                0.01         
CONF1023       -36.705411          2.41          -468.362577          2.73           -3.346427         -468.367910          3.12                0.01         
CONF1024       -36.705091          2.62          -468.363084          2.41           -3.545357         -468.368734          2.60                0.02         
CONF1025       -36.705421          2.41          -468.362847          2.56           -3.338894         -468.368168          2.96                0.01         
CONF1026       -36.705183          2.56          -468.362188          2.98           -3.486091         -468.367744          3.22                0.01         
CONF1027       -36.705035          2.65          -468.361796          3.22           -3.576566         -468.367496          3.38                0.01         
CONF1028       -36.705188          2.56          -468.362135          3.01           -3.479211         -468.367680          3.26                0.01         
CONF1029       -36.705030          2.65          -468.361802          3.22           -3.574303         -468.367498          3.38                0.01         
CONF1030       -36.705216          2.54          -468.362928          2.51           -3.456710         -468.368436          2.79                0.02         
CONF1031       -36.705179          2.56          -468.362144          3.00           -3.484871         -468.367697          3.25                0.01         
CONF1032       -36.705022          2.66          -468.362093          3.04           -3.577354         -468.367793          3.19                0.01         
CONF1033       -36.705023          2.66          -468.362091          3.04           -3.576079         -468.367790          3.19                0.01         
CONF1034       -36.705011          2.67          -468.362062          3.06           -3.582744         -468.367771          3.21                0.01         
CONF1036       -36.705018          2.66          -468.362183          2.98           -3.576194         -468.367882          3.14                0.01         
CONF1037       -36.704966          2.69          -468.361169          3.62           -3.610236         -468.366922          3.74                0.00         
CONF1038       -36.705120          2.60          -468.362343          2.88           -3.514568         -468.367944          3.10                0.01         
CONF1039       -36.704247          3.15          -468.362902          2.53           -4.055146         -468.369364          2.21                0.05         
CONF1040       -36.704356          3.08          -468.364460          1.55           -3.986732         -468.370813          1.30                0.21         
CONF1041       -36.705915          2.10          -468.362658          2.68           -3.006367         -468.367449          3.41                0.01         
CONF1042       -36.704350          3.08          -468.364403          1.59           -3.987462         -468.370758          1.33                0.20         
CONF1043       -36.704263          3.13          -468.363717          2.02           -4.041807         -468.370158          1.71                0.11         
CONF1044       -36.705916          2.10          -468.362914          2.52           -3.006757         -468.367705          3.25                0.01         
CONF1045       -36.705885          2.12          -468.363143          2.38           -3.023231         -468.367960          3.09                0.01         
CONF1046       -36.704358          3.08          -468.364521          1.51           -3.983637         -468.370869          1.26                0.23         
CONF1047       -36.705913          2.10          -468.363225          2.33           -3.003512         -468.368012          3.06                0.01         
CONF1048       -36.704928          2.72          -468.361460          3.43           -3.620895         -468.367231          3.55                0.00         
CONF1049       -36.704919          2.72          -468.361163          3.62           -3.624398         -468.366939          3.73                0.00         
CONF1050       -36.704184          3.18          -468.362474          2.80           -4.085454         -468.368985          2.45                0.03         
CONF1051       -36.704284          3.12          -468.363361          2.24           -4.020412         -468.369768          1.95                0.07         
CONF1052       -36.705167          2.57          -468.361768          3.24           -3.466173         -468.367292          3.51                0.01         
CONF1053       -36.704263          3.14          -468.364349          1.62           -4.033002         -468.370776          1.32                0.21         
CONF1054       -36.704264          3.13          -468.364355          1.62           -4.032656         -468.370781          1.32                0.21         
CONF1055       -36.704299          3.11          -468.363363          2.24           -4.017169         -468.369765          1.96                0.07         
CONF1056       -36.705300          2.48          -468.362318          2.89           -3.378600         -468.367703          3.25                0.01         
CONF1057       -36.704233          3.15          -468.362842          2.57           -4.048798         -468.369294          2.25                0.04         
CONF1058       -36.706573          1.69          -468.364126          1.76           -2.579884         -468.368237          2.91                0.01         
CONF1059       -36.704258          3.14          -468.364334          1.63           -4.032259         -468.370760          1.33                0.20         
CONF1060       -36.705102          2.61          -468.361833          3.20           -3.501156         -468.367413          3.43                0.01         
CONF1061       -36.705267          2.50          -468.363524          2.14           -3.395203         -468.368934          2.48                0.03         
CONF1062       -36.705029          2.65          -468.361248          3.57           -3.544428         -468.366896          3.76                0.00         
CONF1063       -36.705089          2.62          -468.361394          3.47           -3.505469         -468.366981          3.70                0.00         
CONF1064       -36.706568          1.69          -468.364144          1.75           -2.582771         -468.368259          2.90                0.01         
CONF1065       -36.705299          2.49          -468.361556          3.37           -3.370358         -468.366927          3.74                0.00         
CONF1066       -36.704959          2.70          -468.361837          3.20           -3.581696         -468.367545          3.35                0.01         
CONF1067       -36.705144          2.58          -468.361726          3.27           -3.466283         -468.367250          3.53                0.00         
CONF1068       -36.704216          3.16          -468.363330          2.26           -4.045843         -468.369777          1.95                0.07         
CONF1069       -36.705278          2.50          -468.363288          2.29           -3.379078         -468.368673          2.64                0.02         
CONF1070       -36.705031          2.65          -468.361030          3.70           -3.533639         -468.366661          3.90                0.00         
CONF1071       -36.705102          2.61          -468.362399          2.84           -3.488931         -468.367959          3.09                0.01         
CONF1072       -36.705903          2.11          -468.363309          2.27           -2.985654         -468.368066          3.02                0.01         
CONF1074       -36.704294          3.12          -468.363970          1.86           -3.994780         -468.370336          1.60                0.13         
CONF1075       -36.705102          2.61          -468.361470          3.43           -3.487258         -468.367027          3.67                0.00         
CONF1077       -36.704995          2.68          -468.362518          2.77           -3.580769         -468.368224          2.92                0.01         
CONF1078       -36.704228          3.16          -468.363033          2.45           -4.072049         -468.369522          2.11                0.05         
CONF1080       -36.705076          2.63          -468.361872          3.17           -3.498403         -468.367447          3.41                0.01         
CONF1081       -36.705167          2.57          -468.362133          3.01           -3.482518         -468.367683          3.26                0.01         
CONF1082       -36.704270          3.13          -468.363343          2.25           -4.055653         -468.369807          1.93                0.07         
CONF1083       -36.704936          2.71          -468.361856          3.18           -3.582095         -468.367565          3.34                0.01         
CONF1084       -36.705331          2.47          -468.363776          1.98           -3.379767         -468.369162          2.33                0.04         
CONF1085       -36.705123          2.60          -468.363082          2.42           -3.457227         -468.368591          2.69                0.02         
CONF1086       -36.704943          2.71          -468.362575          2.73           -3.573570         -468.368270          2.89                0.01         
CONF1087       -36.704920          2.72          -468.361819          3.21           -3.584516         -468.367531          3.36                0.01         
CONF1088       -36.705835          2.15          -468.363054          2.43           -3.007503         -468.367846          3.16                0.01         
CONF1091       -36.704960          2.70          -468.361367          3.49           -3.554434         -468.367032          3.67                0.00         
CONF1092       -36.704237          3.15          -468.362870          2.55           -4.049988         -468.369324          2.23                0.04         
CONF1093       -36.704960          2.70          -468.361156          3.62           -3.554404         -468.366821          3.80                0.00         
CONF1094       -36.704905          2.73          -468.361755          3.25           -3.587592         -468.367472          3.39                0.01         
CONF1095       -36.704904          2.73          -468.361740          3.26           -3.588031         -468.367458          3.40                0.01         
CONF1096       -36.705982          2.06          -468.364148          1.75           -2.909026         -468.368783          2.57                0.02         
CONF1097       -36.704223          3.16          -468.363516          2.14           -4.012628         -468.369910          1.86                0.08         
CONF1098       -36.705235          2.53          -468.361757          3.25           -3.375676         -468.367137          3.60                0.00         
CONF1099       -36.704859          2.76          -468.360895          3.79           -3.610358         -468.366649          3.91                0.00         
CONF1100       -36.704880          2.75          -468.361831          3.20           -3.597297         -468.367564          3.34                0.01         
CONF1101       -36.704178          3.19          -468.362941          2.50           -4.037567         -468.369376          2.20                0.05         
CONF1102       -36.705159          2.57          -468.363001          2.47           -3.421630         -468.368454          2.78                0.02         
CONF1104       -36.705524          2.34          -468.362293          2.91           -3.191245         -468.367379          3.45                0.01         
CONF1105       -36.704271          3.13          -468.363978          1.85           -3.977143         -468.370316          1.61                0.13         
CONF1106       -36.704903          2.73          -468.361171          3.61           -3.577653         -468.366872          3.77                0.00         
CONF1107       -36.705102          2.61          -468.363255          2.31           -3.453232         -468.368758          2.59                0.02         
CONF1108       -36.704132          3.22          -468.362625          2.70           -4.059778         -468.369094          2.38                0.03         
CONF1109       -36.704992          2.68          -468.361235          3.57           -3.540430         -468.366877          3.77                0.00         
CONF1110       -36.704892          2.74          -468.361268          3.55           -3.583612         -468.366979          3.70                0.00         
CONF1111       -36.704837          2.78          -468.360820          3.83           -3.617467         -468.366585          3.95                0.00         
CONF1112       -36.705041          2.65          -468.361242          3.57           -3.530509         -468.366868          3.77                0.00         
CONF1113       -36.704252          3.14          -468.364092          1.78           -3.982304         -468.370439          1.53                0.14         
CONF1114       -36.705871          2.13          -468.363353          2.25           -2.964768         -468.368078          3.01                0.01         
CONF1115       -36.704914          2.73          -468.361098          3.66           -3.564631         -468.366778          3.83                0.00         
CONF1116       -36.704134          3.22          -468.363233          2.32           -4.050932         -468.369688          2.00                0.07         
CONF1118       -36.704130          3.22          -468.363273          2.30           -4.052199         -468.369730          1.98                0.07         
CONF1119       -36.705962          2.07          -468.364203          1.71           -2.904569         -468.368832          2.54                0.03         
CONF1120       -36.704123          3.22          -468.363021          2.45           -4.053645         -468.369481          2.13                0.05         
CONF1122       -36.705899          2.11          -468.363684          2.04           -2.934631         -468.368361          2.84                0.02         
CONF1123       -36.704112          3.23          -468.362928          2.51           -4.052370         -468.369386          2.19                0.05         
CONF1124       -36.704162          3.20          -468.363821          1.95           -4.020051         -468.370227          1.67                0.12         
CONF1125       -36.704139          3.21          -468.363305          2.28           -4.034578         -468.369735          1.97                0.07         
CONF1126       -36.704804          2.80          -468.360989          3.73           -3.617785         -468.366754          3.84                0.00         
CONF1127       -36.704111          3.23          -468.362942          2.50           -4.053173         -468.369401          2.18                0.05         
CONF1128       -36.704153          3.20          -468.363543          2.13           -4.024315         -468.369956          1.84                0.09         
CONF1129       -36.704187          3.18          -468.363867          1.92           -4.010577         -468.370258          1.65                0.12         
CONF1130       -36.704820          2.79          -468.361361          3.50           -3.603392         -468.367103          3.63                0.00         
CONF1131       -36.704812          2.79          -468.361371          3.49           -3.606604         -468.367119          3.62                0.00         
CONF1132       -36.704810          2.79          -468.361627          3.33           -3.604477         -468.367371          3.46                0.01         
CONF1133       -36.705151          2.58          -468.361341          3.51           -3.392043         -468.366747          3.85                0.00         
CONF1135       -36.704117          3.23          -468.363488          2.16           -4.038543         -468.369924          1.86                0.08         
CONF1136       -36.704843          2.77          -468.361139          3.63           -3.582784         -468.366848          3.79                0.00         
CONF1137       -36.704129          3.22          -468.363139          2.38           -4.028676         -468.369559          2.08                0.06         
CONF1138       -36.704856          2.76          -468.361041          3.70           -3.573043         -468.366735          3.86                0.00         
CONF1139       -36.704163          3.20          -468.363804          1.96           -4.006671         -468.370189          1.69                0.11         
CONF1140       -36.705156          2.57          -468.363516          2.14           -3.382224         -468.368906          2.49                0.03         
CONF1141       -36.705084          2.62          -468.362133          3.01           -3.427529         -468.367595          3.32                0.01         
CONF1142       -36.704890          2.74          -468.362526          2.76           -3.547110         -468.368179          2.95                0.01         
CONF1144       -36.704969          2.69          -468.361913          3.15           -3.495890         -468.367484          3.39                0.01         
CONF1145       -36.704160          3.20          -468.363734          2.01           -4.002989         -468.370113          1.74                0.10         
CONF1146       -36.705104          2.61          -468.362824          2.58           -3.409447         -468.368258          2.90                0.01         
CONF1147       -36.704097          3.24          -468.363659          2.05           -4.036211         -468.370092          1.75                0.10         
CONF1148       -36.704968          2.69          -468.361503          3.41           -3.489517         -468.367064          3.65                0.00         
CONF1149       -36.705069          2.63          -468.361613          3.34           -3.425586         -468.367072          3.65                0.00         
CONF1151       -36.704953          2.70          -468.361919          3.15           -3.497278         -468.367492          3.38                0.01         
CONF1152       -36.705432          2.40          -468.362504          2.78           -3.204152         -468.367610          3.31                0.01         
CONF1153       -36.704863          2.76          -468.360873          3.80           -3.549194         -468.366529          3.99                0.00         
CONF1154       -36.704014          3.29          -468.362489          2.79           -4.079404         -468.368989          2.44                0.03         
CONF1155       -36.704091          3.24          -468.363940          1.88           -4.031247         -468.370365          1.58                0.13         
CONF1156       -36.704063          3.26          -468.363041          2.44           -4.047059         -468.369490          2.13                0.05         
CONF1157       -36.705001          2.67          -468.361853          3.19           -3.456397         -468.367361          3.46                0.01         
CONF1158       -36.705004          2.67          -468.361908          3.15           -3.453756         -468.367412          3.43                0.01         
CONF1159       -36.705038          2.65          -468.361793          3.22           -3.432732         -468.367263          3.53                0.00         
CONF1160       -36.704059          3.26          -468.363468          2.17           -4.045810         -468.369915          1.86                0.08         
CONF1161       -36.704856          2.76          -468.361073          3.68           -3.545561         -468.366723          3.86                0.00         
CONF1162       -36.705438          2.40          -468.362454          2.81           -3.175192         -468.367514          3.37                0.01         
CONF1163       -36.704822          2.78          -468.360978          3.74           -3.560354         -468.366652          3.91                0.00         
CONF1164       -36.704854          2.76          -468.362953          2.50           -3.540517         -468.368595          2.69                0.02         
CONF1165       -36.704955          2.70          -468.361237          3.57           -3.476670         -468.366778          3.83                0.00         
CONF1166       -36.704053          3.27          -468.363230          2.32           -4.042571         -468.369672          2.01                0.06         
CONF1167       -36.705116          2.60          -468.362160          2.99           -3.373496         -468.367536          3.35                0.01         
CONF1169       -36.704066          3.26          -468.363643          2.06           -4.028937         -468.370063          1.77                0.10         
CONF1170       -36.704809          2.79          -468.360994          3.73           -3.561364         -468.366669          3.90                0.00         
CONF1171       -36.704970          2.69          -468.361850          3.19           -3.459556         -468.367363          3.46                0.01         
CONF1172       -36.704100          3.24          -468.363650          2.06           -4.004908         -468.370032          1.79                0.09         
CONF1173       -36.704098          3.24          -468.363666          2.05           -4.005435         -468.370049          1.78                0.10         
CONF1174       -36.704788          2.81          -468.361196          3.60           -3.571819         -468.366888          3.76                0.00         
CONF1176       -36.704771          2.82          -468.360809          3.84           -3.577748         -468.366511          4.00                0.00         
CONF1177       -36.704813          2.79          -468.362393          2.85           -3.551234         -468.368053          3.03                0.01         
CONF1178       -36.704055          3.27          -468.363139          2.38           -4.024903         -468.369553          2.09                0.06         
CONF1179       -36.704914          2.73          -468.361432          3.45           -3.484823         -468.366985          3.70                0.00         
CONF1180       -36.704959          2.70          -468.361819          3.21           -3.457491         -468.367329          3.48                0.01         
CONF1181       -36.704956          2.70          -468.361618          3.33           -3.457672         -468.367128          3.61                0.00         
CONF1182       -36.704790          2.80          -468.361044          3.69           -3.561936         -468.366720          3.87                0.00         
CONF1184       -36.704753          2.83          -468.360996          3.72           -3.584708         -468.366709          3.87                0.00         
CONF1185       -36.704071          3.26          -468.363440          2.19           -4.011499         -468.369833          1.91                0.08         
CONF1186       -36.704714          2.85          -468.360861          3.81           -3.606162         -468.366607          3.94                0.00         
CONF1187       -36.704020          3.29          -468.363618          2.08           -4.040346         -468.370057          1.77                0.10         
CONF1189       -36.705018          2.66          -468.361882          3.17           -3.412651         -468.367320          3.49                0.01         
CONF1190       -36.704032          3.28          -468.362995          2.47           -4.031100         -468.369419          2.17                0.05         
CONF1191       -36.704059          3.26          -468.363342          2.25           -4.012538         -468.369736          1.97                0.07         
CONF1192       -36.704771          2.82          -468.361028          3.70           -3.567023         -468.366712          3.87                0.00         
CONF1193       -36.704059          3.26          -468.363337          2.26           -4.012303         -468.369731          1.98                0.07         
CONF1194       -36.705809          2.16          -468.362222          2.95           -2.911866         -468.366863          3.78                0.00         
CONF1195       -36.705006          2.67          -468.361711          3.28           -3.418172         -468.367158          3.59                0.00         
CONF1196       -36.704712          2.85          -468.360961          3.75           -3.602632         -468.366702          3.88                0.00         
CONF1197       -36.704052          3.27          -468.363316          2.27           -4.012218         -468.369710          1.99                0.07         
CONF1198       -36.705704          2.23          -468.363129          2.39           -2.975320         -468.367870          3.14                0.01         
CONF1199       -36.704021          3.29          -468.362967          2.49           -4.029929         -468.369389          2.19                0.05         
CONF1200       -36.704060          3.26          -468.363541          2.13           -4.043281         -468.369985          1.82                0.09         
CONF1201       -36.704024          3.29          -468.363630          2.07           -4.040120         -468.370069          1.76                0.10         
CONF1202       -36.705713          2.23          -468.362064          3.05           -2.962395         -468.366785          3.83                0.00         
CONF1203       -36.703989          3.31          -468.363103          2.40           -4.043867         -468.369547          2.09                0.06         
CONF1204       -36.704018          3.29          -468.363122          2.39           -4.029742         -468.369544          2.09                0.06         
CONF1205       -36.703954          3.33          -468.362183          2.98           -4.062073         -468.368656          2.65                0.02         
CONF1206       -36.705674          2.25          -468.362289          2.91           -2.981963         -468.367041          3.66                0.00         
CONF1207       -36.704723          2.85          -468.360978          3.74           -3.579141         -468.366682          3.89                0.00         
CONF1208       -36.704748          2.83          -468.361212          3.59           -3.563087         -468.366890          3.76                0.00         
CONF1209       -36.703965          3.32          -468.363583          2.10           -4.050887         -468.370038          1.78                0.09         
CONF1210       -36.704012          3.29          -468.362502          2.78           -4.020639         -468.368909          2.49                0.03         
CONF1211       -36.705041          2.65          -468.362268          2.93           -3.402026         -468.367689          3.26                0.01         
CONF1212       -36.704943          2.71          -468.362551          2.75           -3.437039         -468.368028          3.05                0.01         
CONF1213       -36.705197          2.55          -468.362606          2.71           -3.277274         -468.367829          3.17                0.01         
CONF1214       -36.704013          3.29          -468.362470          2.80           -4.019431         -468.368875          2.51                0.03         
CONF1215       -36.703992          3.31          -468.363380          2.23           -4.031856         -468.369805          1.93                0.07         
CONF1217       -36.704705          2.86          -468.361038          3.70           -3.585165         -468.366752          3.85                0.00         
CONF1218       -36.704685          2.87          -468.361587          3.35           -3.595856         -468.367317          3.49                0.01         
CONF1219       -36.704683          2.87          -468.361600          3.35           -3.596931         -468.367332          3.48                0.01         
CONF1220       -36.705120          2.60          -468.363524          2.14           -3.321938         -468.368818          2.55                0.03         
CONF1221       -36.703969          3.32          -468.363191          2.35           -4.045231         -468.369637          2.04                0.06         
CONF1222       -36.703990          3.31          -468.363775          1.98           -4.030763         -468.370198          1.68                0.11         
CONF1223       -36.703962          3.32          -468.363402          2.21           -4.044870         -468.369847          1.90                0.08         
CONF1224       -36.705675          2.25          -468.363610          2.08           -2.969036         -468.368342          2.85                0.02         
CONF1225       -36.704761          2.82          -468.360887          3.79           -3.541734         -468.366531          3.98                0.00         
CONF1226       -36.704747          2.83          -468.361001          3.72           -3.549056         -468.366657          3.91                0.00         
CONF1227       -36.704682          2.87          -468.361603          3.34           -3.597541         -468.367336          3.48                0.01         
CONF1228       -36.703952          3.33          -468.363358          2.24           -4.043899         -468.369803          1.93                0.07         
CONF1229       -36.704008          3.30          -468.362271          2.92           -4.049291         -468.368724          2.61                0.02         
CONF1230       -36.704738          2.84          -468.362967          2.49           -3.556395         -468.368635          2.66                0.02         
CONF1231       -36.704896          2.74          -468.361730          3.26           -3.449587         -468.367228          3.55                0.00         
CONF1232       -36.703985          3.31          -468.363490          2.16           -4.027504         -468.369908          1.87                0.08         
CONF1234       -36.704687          2.87          -468.361733          3.26           -3.586934         -468.367449          3.41                0.01         
CONF1235       -36.703950          3.33          -468.363375          2.23           -4.041725         -468.369816          1.92                0.07         
CONF1236       -36.705648          2.27          -468.363472          2.17           -2.973393         -468.368210          2.93                0.01         
CONF1237       -36.703941          3.34          -468.363157          2.37           -4.044604         -468.369602          2.06                0.06         
CONF1239       -36.703944          3.34          -468.363257          2.31           -4.038423         -468.369692          2.00                0.07         
CONF1240       -36.705026          2.66          -468.362106          3.03           -3.357825         -468.367457          3.40                0.01         
CONF1241       -36.705093          2.61          -468.362147          3.00           -3.314342         -468.367429          3.42                0.01         
CONF1242       -36.704830          2.78          -468.361133          3.64           -3.478075         -468.366676          3.89                0.00         
CONF1243       -36.705093          2.61          -468.362177          2.98           -3.314001         -468.367458          3.40                0.01         
CONF1246       -36.703921          3.35          -468.363360          2.24           -4.045926         -468.369807          1.93                0.07         
CONF1247       -36.703965          3.32          -468.363814          1.96           -4.018251         -468.370217          1.67                0.11         
CONF1249       -36.705079          2.62          -468.362305          2.90           -3.316724         -468.367591          3.32                0.01         
CONF1250       -36.703964          3.32          -468.363808          1.96           -4.016440         -468.370209          1.68                0.11         
CONF1251       -36.705618          2.28          -468.363910          1.90           -2.977154         -468.368654          2.65                0.02         
CONF1252       -36.703933          3.34          -468.363301          2.28           -4.035355         -468.369732          1.98                0.07         
CONF1253       -36.705619          2.28          -468.363394          2.22           -2.972785         -468.368131          2.98                0.01         
CONF1254       -36.704009          3.29          -468.363018          2.46           -4.030006         -468.369440          2.16                0.05         
CONF1255       -36.705663          2.26          -468.363728          2.01           -2.937413         -468.368409          2.81                0.02         
CONF1256       -36.703966          3.32          -468.362605          2.71           -4.002269         -468.368983          2.45                0.03         
CONF1257       -36.703921          3.35          -468.363202          2.34           -4.039355         -468.369639          2.03                0.06         
CONF1258       -36.703875          3.38          -468.362592          2.72           -4.057645         -468.369058          2.40                0.03         
CONF1259       -36.704759          2.82          -468.360890          3.79           -3.541643         -468.366534          3.98                0.00         
CONF1260       -36.704835          2.78          -468.361782          3.23           -3.453565         -468.367286          3.51                0.01         
CONF1261       -36.703913          3.36          -468.363110          2.40           -4.031794         -468.369535          2.10                0.06         
CONF1262       -36.703906          3.36          -468.363170          2.36           -4.034193         -468.369599          2.06                0.06         
CONF1263       -36.705591          2.30          -468.363819          1.95           -2.976194         -468.368562          2.71                0.02         
CONF1264       -36.705632          2.28          -468.363055          2.43           -2.950627         -468.367757          3.22                0.01         
CONF1265       -36.704840          2.77          -468.361675          3.30           -3.446134         -468.367166          3.59                0.00         
CONF1266       -36.703900          3.36          -468.363167          2.36           -4.035575         -468.369598          2.06                0.06         
CONF1267       -36.703835          3.40          -468.361724          3.27           -4.074192         -468.368217          2.93                0.01         
CONF1270       -36.705244          2.52          -468.361841          3.19           -3.188369         -468.366922          3.74                0.00         
CONF1271       -36.704799          2.80          -468.361518          3.40           -3.470583         -468.367049          3.66                0.00         
CONF1273       -36.703892          3.37          -468.363334          2.26           -4.035469         -468.369765          1.96                0.07         
CONF1274       -36.704805          2.79          -468.361373          3.49           -3.468370         -468.366901          3.75                0.00         
CONF1275       -36.705629          2.28          -468.363661          2.05           -2.944092         -468.368352          2.84                0.02         
CONF1276       -36.704623          2.91          -468.361571          3.36           -3.588161         -468.367290          3.51                0.01         
CONF1277       -36.703888          3.37          -468.363411          2.21           -4.035508         -468.369842          1.91                0.08         
CONF1278       -36.703926          3.35          -468.363075          2.42           -4.011518         -468.369468          2.14                0.05         
CONF1279       -36.703881          3.37          -468.363473          2.17           -4.039747         -468.369911          1.86                0.08         
CONF1280       -36.703892          3.37          -468.362875          2.55           -4.032954         -468.369302          2.25                0.04         
CONF1281       -36.703935          3.34          -468.363094          2.41           -4.005230         -468.369477          2.14                0.05         
CONF1282       -36.705618          2.29          -468.363622          2.08           -2.968397         -468.368352          2.84                0.02         
CONF1283       -36.704801          2.80          -468.361501          3.41           -3.461518         -468.367017          3.68                0.00         
CONF1286       -36.704692          2.87          -468.361990          3.10           -3.527085         -468.367611          3.31                0.01         
CONF1287       -36.704770          2.82          -468.361388          3.48           -3.478204         -468.366931          3.73                0.00         
CONF1288       -36.704909          2.73          -468.363006          2.46           -3.390165         -468.368408          2.81                0.02         
CONF1289       -36.703932          3.34          -468.363305          2.28           -4.002677         -468.369684          2.01                0.06         
CONF1291       -36.704052          3.27          -468.363670          2.05           -3.926468         -468.369927          1.85                0.08         
CONF1292       -36.704755          2.83          -468.361426          3.45           -3.486476         -468.366982          3.70                0.00         
CONF1293       -36.704900          2.74          -468.363128          2.39           -3.390259         -468.368531          2.73                0.02         
CONF1294       -36.703921          3.35          -468.362791          2.60           -4.039825         -468.369229          2.29                0.04         
CONF1295       -36.704820          2.79          -468.361740          3.26           -3.439976         -468.367222          3.55                0.00         
CONF1296       -36.705646          2.27          -468.363423          2.20           -2.957130         -468.368136          2.98                0.01         
CONF1298       -36.704851          2.77          -468.361932          3.14           -3.425966         -468.367392          3.44                0.01         
CONF1299       -36.704816          2.79          -468.361593          3.35           -3.440725         -468.367076          3.64                0.00         
CONF1300       -36.705051          2.64          -468.362640          2.69           -3.290168         -468.367884          3.14                0.01         
CONF1301       -36.704863          2.76          -468.362611          2.71           -3.410967         -468.368047          3.03                0.01         
CONF1302       -36.704734          2.84          -468.361234          3.58           -3.487511         -468.366791          3.82                0.00         
CONF1303       -36.703828          3.41          -468.363008          2.46           -4.052592         -468.369466          2.14                0.05         
CONF1304       -36.703854          3.39          -468.362952          2.50           -4.035660         -468.369383          2.20                0.05         
CONF1305       -36.703825          3.41          -468.362950          2.50           -4.053278         -468.369409          2.18                0.05         
CONF1306       -36.704801          2.80          -468.361582          3.36           -3.441467         -468.367067          3.65                0.00         
CONF1307       -36.703899          3.36          -468.362991          2.47           -4.004161         -468.369372          2.20                0.05         
CONF1308       -36.705544          2.33          -468.363424          2.20           -2.974015         -468.368164          2.96                0.01         
CONF1310       -36.703894          3.37          -468.362721          2.64           -4.006213         -468.369105          2.37                0.04         
CONF1311       -36.703881          3.38          -468.363177          2.36           -4.013837         -468.369574          2.08                0.06         
CONF1312       -36.704752          2.83          -468.361404          3.47           -3.466427         -468.366928          3.74                0.00         
CONF1313       -36.705544          2.33          -468.363615          2.08           -2.969157         -468.368347          2.85                0.02         
CONF1314       -36.704748          2.83          -468.361448          3.44           -3.467594         -468.366974          3.71                0.00         
CONF1315       -36.705541          2.33          -468.363508          2.15           -2.970711         -468.368242          2.91                0.01         
CONF1316       -36.703814          3.42          -468.362439          2.82           -4.053510         -468.368899          2.50                0.03         
CONF1317       -36.705540          2.33          -468.363453          2.18           -2.969593         -468.368185          2.95                0.01         
CONF1318       -36.704740          2.84          -468.360978          3.74           -3.470727         -468.366509          4.00                0.00         
CONF1319       -36.704551          2.95          -468.360989          3.73           -3.589268         -468.366709          3.87                0.00         
CONF1320       -36.704474          3.00          -468.361097          3.66           -3.637886         -468.366895          3.76                0.00         
CONF1321       -36.704750          2.83          -468.362401          2.84           -3.464853         -468.367922          3.11                0.01         
CONF1322       -36.705531          2.34          -468.363536          2.13           -2.973284         -468.368274          2.89                0.01         
CONF1323       -36.703866          3.38          -468.362756          2.62           -4.016777         -468.369157          2.34                0.04         
CONF1324       -36.703812          3.42          -468.363368          2.24           -4.047422         -468.369818          1.92                0.07         
CONF1325       -36.704798          2.80          -468.361420          3.46           -3.428838         -468.366884          3.76                0.00         
CONF1326       -36.703858          3.39          -468.362890          2.54           -4.015516         -468.369289          2.25                0.04         
CONF1327       -36.704730          2.84          -468.361169          3.62           -3.474793         -468.366706          3.87                0.00         
CONF1328       -36.704708          2.86          -468.361320          3.52           -3.481146         -468.366867          3.77                0.00         
CONF1329       -36.705533          2.34          -468.362298          2.91           -2.963609         -468.367021          3.68                0.00         
CONF1330       -36.705542          2.33          -468.362315          2.90           -2.956835         -468.367027          3.67                0.00         
CONF1331       -36.703806          3.42          -468.362082          3.04           -4.045161         -468.368528          2.73                0.02         
CONF1332       -36.704723          2.85          -468.362022          3.08           -3.467170         -468.367547          3.35                0.01         
CONF1333       -36.704725          2.85          -468.361377          3.49           -3.465641         -468.366900          3.75                0.00         
CONF1334       -36.704764          2.82          -468.362292          2.91           -3.439064         -468.367772          3.21                0.01         
CONF1335       -36.703798          3.43          -468.363001          2.47           -4.044660         -468.369447          2.16                0.05         
CONF1336       -36.704690          2.87          -468.361236          3.57           -3.482953         -468.366787          3.82                0.00         
CONF1337       -36.703780          3.44          -468.362097          3.03           -4.053250         -468.368556          2.71                0.02         
CONF1338       -36.705483          2.37          -468.362917          2.52           -2.984603         -468.367673          3.27                0.01         
CONF1339       -36.703796          3.43          -468.362899          2.53           -4.042015         -468.369341          2.22                0.05         
CONF1340       -36.704703          2.86          -468.361065          3.68           -3.472624         -468.366599          3.94                0.00         
CONF1341       -36.703796          3.43          -468.362907          2.53           -4.042093         -468.369348          2.22                0.05         
CONF1342       -36.703858          3.39          -468.363787          1.97           -3.999687         -468.370161          1.71                0.11         
CONF1343       -36.705535          2.34          -468.363529          2.14           -2.946522         -468.368224          2.92                0.01         
CONF1344       -36.705526          2.34          -468.362802          2.59           -2.951429         -468.367505          3.37                0.01         
CONF1345       -36.703759          3.45          -468.362385          2.85           -4.060495         -468.368856          2.53                0.03         
CONF1346       -36.704693          2.87          -468.361030          3.70           -3.472979         -468.366565          3.96                0.00         
CONF1347       -36.705554          2.33          -468.363082          2.42           -2.931741         -468.367754          3.22                0.01         
CONF1348       -36.703809          3.42          -468.362695          2.66           -4.027086         -468.369112          2.37                0.04         
CONF1349       -36.704655          2.89          -468.361216          3.59           -3.495496         -468.366786          3.82                0.00         
CONF1350       -36.703760          3.45          -468.361974          3.11           -4.053732         -468.368434          2.79                0.02         
CONF1351       -36.705583          2.31          -468.363167          2.36           -2.909251         -468.367803          3.19                0.01         
CONF1352       -36.705491          2.36          -468.363015          2.46           -2.963600         -468.367738          3.23                0.01         
CONF1353       -36.703797          3.43          -468.363412          2.21           -4.033813         -468.369840          1.91                0.08         
CONF1354       -36.704704          2.86          -468.361175          3.61           -3.464182         -468.366695          3.88                0.00         
CONF1355       -36.703746          3.46          -468.361992          3.10           -4.055687         -468.368456          2.78                0.02         
CONF1356       -36.704740          2.84          -468.362858          2.56           -3.431406         -468.368326          2.86                0.02         
CONF1357       -36.703815          3.42          -468.363103          2.40           -4.009079         -468.369492          2.13                0.05         
CONF1358       -36.704671          2.88          -468.361425          3.46           -3.476161         -468.366964          3.71                0.00         
CONF1359       -36.704656          2.89          -468.361427          3.45           -3.479074         -468.366971          3.71                0.00         
CONF1360       -36.703741          3.46          -468.362010          3.09           -4.052350         -468.368468          2.77                0.02         
CONF1361       -36.703742          3.46          -468.361901          3.16           -4.051202         -468.368357          2.84                0.02         
CONF1362       -36.705485          2.37          -468.363416          2.21           -2.959132         -468.368131          2.98                0.01         
CONF1363       -36.703739          3.46          -468.362024          3.08           -4.052662         -468.368483          2.76                0.02         
CONF1364       -36.703740          3.46          -468.362060          3.06           -4.051878         -468.368517          2.74                0.02         
CONF1365       -36.705445          2.39          -468.362874          2.55           -2.981261         -468.367625          3.30                0.01         
CONF1367       -36.703794          3.43          -468.363254          2.31           -4.017521         -468.369656          2.02                0.06         
CONF1368       -36.703786          3.43          -468.362721          2.64           -4.019552         -468.369127          2.36                0.04         
CONF1369       -36.703784          3.44          -468.362712          2.65           -4.019317         -468.369117          2.36                0.04         
CONF1370       -36.703731          3.47          -468.362676          2.67           -4.050410         -468.369131          2.35                0.04         
CONF1371       -36.703783          3.44          -468.362805          2.59           -4.017560         -468.369207          2.31                0.04         
CONF1372       -36.703725          3.47          -468.362078          3.05           -4.055992         -468.368542          2.72                0.02         
CONF1373       -36.704953          2.70          -468.362153          3.00           -3.281778         -468.367383          3.45                0.01         
CONF1374       -36.703723          3.47          -468.362429          2.83           -4.052707         -468.368887          2.51                0.03         
CONF1375       -36.705517          2.35          -468.363212          2.33           -2.926600         -468.367876          3.14                0.01         
CONF1376       -36.703754          3.45          -468.362279          2.92           -4.033511         -468.368706          2.62                0.02         
CONF1377       -36.704632          2.90          -468.361374          3.49           -3.487564         -468.366932          3.73                0.00         
CONF1378       -36.703723          3.47          -468.362123          3.02           -4.050933         -468.368579          2.70                0.02         
CONF1380       -36.703806          3.42          -468.362463          2.80           -4.044504         -468.368908          2.49                0.03         
CONF1381       -36.703721          3.48          -468.362452          2.81           -4.051619         -468.368908          2.49                0.03         
CONF1382       -36.703769          3.45          -468.362478          2.79           -4.020324         -468.368885          2.51                0.03         
CONF1383       -36.703762          3.45          -468.362956          2.49           -4.025193         -468.369370          2.20                0.05         
CONF1384       -36.703721          3.48          -468.362910          2.52           -4.049455         -468.369363          2.21                0.05         
CONF1385       -36.703808          3.42          -468.363176          2.36           -3.993574         -468.369540          2.10                0.06         
CONF1386       -36.704680          2.87          -468.361300          3.53           -3.476743         -468.366840          3.79                0.00         
CONF1387       -36.703714          3.48          -468.362590          2.72           -4.053121         -468.369049          2.40                0.03         
CONF1388       -36.703775          3.44          -468.363441          2.19           -4.014780         -468.369839          1.91                0.08         
CONF1390       -36.705423          2.41          -468.363318          2.27           -2.975843         -468.368060          3.03                0.01         
CONF1391       -36.704706          2.86          -468.361787          3.23           -3.425752         -468.367246          3.54                0.00         
CONF1392       -36.703707          3.48          -468.362463          2.80           -4.052465         -468.368921          2.49                0.03         
CONF1393       -36.703711          3.48          -468.362902          2.53           -4.048347         -468.369354          2.21                0.05         
CONF1394       -36.703717          3.48          -468.362902          2.53           -4.043006         -468.369345          2.22                0.05         
CONF1395       -36.705405          2.42          -468.362837          2.57           -2.984301         -468.367593          3.32                0.01         
CONF1396       -36.705384          2.43          -468.362275          2.92           -2.996275         -468.367050          3.66                0.00         
CONF1397       -36.703754          3.45          -468.363548          2.12           -4.012505         -468.369942          1.84                0.09         
CONF1398       -36.703712          3.48          -468.362449          2.81           -4.036178         -468.368881          2.51                0.03         
CONF1399       -36.704887          2.74          -468.361965          3.12           -3.298336         -468.367222          3.55                0.00         
CONF1400       -36.705384          2.43          -468.363009          2.46           -2.984574         -468.367765          3.21                0.01         
CONF1401       -36.703668          3.51          -468.362448          2.81           -4.060590         -468.368919          2.49                0.03         
CONF1402       -36.703667          3.51          -468.362151          3.00           -4.058665         -468.368618          2.67                0.02         
CONF1403       -36.705438          2.40          -468.363317          2.27           -2.959466         -468.368033          3.04                0.01         
CONF1404       -36.703637          3.53          -468.361745          3.25           -4.077586         -468.368243          2.91                0.01         
CONF1405       -36.704946          2.71          -468.362591          2.72           -3.291855         -468.367837          3.17                0.01         
CONF1406       -36.703682          3.50          -468.362927          2.51           -4.048949         -468.369380          2.20                0.05         
CONF1407       -36.705388          2.43          -468.363091          2.41           -2.975728         -468.367833          3.17                0.01         
CONF1408       -36.703642          3.53          -468.361700          3.28           -4.071942         -468.368189          2.94                0.01         
CONF1409       -36.703718          3.48          -468.362752          2.62           -4.019588         -468.369157          2.34                0.04         
CONF1410       -36.703743          3.46          -468.362509          2.78           -4.003146         -468.368888          2.51                0.03         
CONF1411       -36.703706          3.49          -468.362427          2.83           -4.025293         -468.368842          2.53                0.03         
CONF1413       -36.705365          2.44          -468.363221          2.33           -2.980187         -468.367971          3.08                0.01         
CONF1414       -36.705362          2.45          -468.363181          2.35           -2.981977         -468.367933          3.10                0.01         
CONF1415       -36.703660          3.51          -468.362818          2.58           -4.045727         -468.369266          2.27                0.04         
CONF1416       -36.703729          3.47          -468.362740          2.63           -3.998258         -468.369112          2.37                0.04         
CONF1417       -36.705344          2.46          -468.363203          2.34           -2.983899         -468.367958          3.09                0.01         
CONF1418       -36.703775          3.44          -468.364002          1.84           -3.965170         -468.370321          1.61                0.13         
CONF1419       -36.705466          2.38          -468.363439          2.19           -2.912671         -468.368080          3.01                0.01         
CONF1420       -36.703637          3.53          -468.362686          2.66           -4.050901         -468.369141          2.35                0.04         
CONF1421       -36.703728          3.47          -468.362738          2.63           -3.998396         -468.369110          2.37                0.04         
CONF1422       -36.705340          2.46          -468.362631          2.70           -2.979177         -468.367379          3.45                0.01         
CONF1423       -36.704904          2.73          -468.361774          3.24           -3.290990         -468.367018          3.68                0.00         
CONF1424       -36.705372          2.44          -468.363272          2.30           -2.959119         -468.367988          3.07                0.01         
CONF1425       -36.705321          2.47          -468.362681          2.67           -2.985213         -468.367438          3.42                0.01         
CONF1426       -36.704447          3.02          -468.360968          3.74           -3.533271         -468.366598          3.94                0.00         
CONF1427       -36.704769          2.82          -468.362102          3.03           -3.329153         -468.367408          3.43                0.01         
CONF1428       -36.705366          2.44          -468.363275          2.29           -2.953854         -468.367982          3.07                0.01         
CONF1429       -36.705322          2.47          -468.362358          2.87           -2.980484         -468.367108          3.62                0.00         
CONF1430       -36.703799          3.43          -468.363222          2.33           -3.935845         -468.369494          2.13                0.05         
CONF1431       -36.704583          2.93          -468.361104          3.66           -3.443997         -468.366592          3.95                0.00         
CONF1432       -36.705267          2.51          -468.362173          2.99           -3.005376         -468.366963          3.71                0.00         
CONF1433       -36.705350          2.45          -468.362699          2.66           -2.951890         -468.367404          3.44                0.01         
CONF1434       -36.705321          2.47          -468.362447          2.81           -2.968367         -468.367178          3.58                0.00         
CONF1438       -36.705316          2.47          -468.363277          2.29           -2.968655         -468.368008          3.06                0.01         
CONF1439       -36.704561          2.95          -468.361209          3.59           -3.440335         -468.366692          3.88                0.00         
CONF1441       -36.704520          2.97          -468.361392          3.48           -3.463263         -468.366911          3.75                0.00         
CONF1442       -36.703634          3.53          -468.362741          2.63           -4.019388         -468.369147          2.34                0.04         
CONF1444       -36.705246          2.52          -468.362055          3.06           -3.005229         -468.366844          3.79                0.00         
CONF1445       -36.705288          2.49          -468.363272          2.30           -2.978908         -468.368019          3.05                0.01         
CONF1447       -36.705242          2.52          -468.361916          3.15           -3.007718         -468.366709          3.87                0.00         
CONF1448       -36.705346          2.46          -468.362906          2.53           -2.941299         -468.367593          3.32                0.01         
CONF1450       -36.705127          2.59          -468.361625          3.33           -3.075312         -468.366526          3.99                0.00         
CONF1451       -36.705104          2.61          -468.361720          3.27           -3.088580         -468.366642          3.92                0.00         
CONF1452       -36.703615          3.54          -468.362777          2.61           -4.020763         -468.369184          2.32                0.04         
CONF1454       -36.703572          3.57          -468.362237          2.95           -4.045066         -468.368683          2.63                0.02         
CONF1458       -36.705269          2.50          -468.362372          2.86           -2.977735         -468.367117          3.62                0.00         
CONF1459       -36.703748          3.46          -468.363396          2.22           -3.950030         -468.369691          2.00                0.07         
CONF1460       -36.703616          3.54          -468.362712          2.65           -4.011075         -468.369104          2.37                0.04         
CONF1461       -36.705345          2.46          -468.362694          2.66           -2.926723         -468.367358          3.47                0.01         
CONF1462       -36.705291          2.49          -468.362683          2.67           -2.966015         -468.367410          3.43                0.01         
CONF1463       -36.703588          3.56          -468.362457          2.81           -4.040749         -468.368896          2.50                0.03         
CONF1464       -36.705293          2.49          -468.363572          2.11           -2.970501         -468.368306          2.87                0.02         
CONF1465       -36.703528          3.60          -468.362308          2.90           -4.063488         -468.368784          2.57                0.02         
CONF1466       -36.705340          2.46          -468.362993          2.47           -2.925793         -468.367656          3.28                0.01         
CONF1467       -36.703682          3.50          -468.363398          2.22           -3.965325         -468.369717          1.99                0.07         
CONF1468       -36.705237          2.52          -468.361994          3.10           -2.989668         -468.366758          3.84                0.00         
CONF1469       -36.705245          2.52          -468.363367          2.24           -2.984195         -468.368123          2.99                0.01         
CONF1470       -36.704619          2.91          -468.361145          3.63           -3.376408         -468.366526          3.99                0.00         
CONF1472       -36.705232          2.53          -468.362461          2.81           -2.989465         -468.367225          3.55                0.00         
CONF1473       -36.703677          3.50          -468.362806          2.59           -3.964035         -468.369123          2.36                0.04         
CONF1475       -36.705345          2.46          -468.363163          2.36           -2.910492         -468.367801          3.19                0.01         
CONF1476       -36.703684          3.50          -468.363288          2.29           -3.954175         -468.369589          2.07                0.06         
CONF1477       -36.703679          3.50          -468.363281          2.29           -3.955726         -468.369585          2.07                0.06         
CONF1480       -36.705235          2.53          -468.362642          2.69           -2.977714         -468.367387          3.45                0.01         
CONF1481       -36.705274          2.50          -468.362957          2.49           -2.952598         -468.367663          3.27                0.01         
CONF1482       -36.705277          2.50          -468.362966          2.49           -2.949360         -468.367667          3.27                0.01         
CONF1484       -36.704545          2.96          -468.361349          3.50           -3.403094         -468.366772          3.83                0.00         
CONF1485       -36.704634          2.90          -468.361601          3.34           -3.348830         -468.366938          3.73                0.00         
CONF1486       -36.705255          2.51          -468.362232          2.95           -2.958021         -468.366946          3.72                0.00         
CONF1487       -36.703561          3.58          -468.363105          2.40           -4.018792         -468.369509          2.12                0.05         
CONF1489       -36.703498          3.62          -468.362085          3.04           -4.056820         -468.368550          2.72                0.02         
CONF1490       -36.705248          2.52          -468.363195          2.34           -2.956762         -468.367907          3.12                0.01         
CONF1492       -36.703490          3.62          -468.362055          3.06           -4.056916         -468.368520          2.74                0.02         
CONF1494       -36.704578          2.94          -468.361753          3.25           -3.373096         -468.367128          3.61                0.00         
CONF1496       -36.704571          2.94          -468.361812          3.21           -3.375590         -468.367191          3.57                0.00         
CONF1498       -36.704541          2.96          -468.361344          3.51           -3.393468         -468.366752          3.85                0.00         
CONF1499       -36.705169          2.57          -468.361763          3.24           -2.995547         -468.366537          3.98                0.00         
CONF1500       -36.705196          2.55          -468.363592          2.10           -2.979135         -468.368340          2.85                0.02         
CONF1502       -36.703472          3.63          -468.362033          3.07           -4.058971         -468.368501          2.75                0.02         
CONF1504       -36.705193          2.55          -468.363152          2.37           -2.975273         -468.367893          3.13                0.01         
CONF1505       -36.703509          3.61          -468.362922          2.52           -4.030478         -468.369345          2.22                0.05         
CONF1506       -36.703508          3.61          -468.362921          2.52           -4.030431         -468.369344          2.22                0.05         
CONF1507       -36.703537          3.59          -468.363166          2.36           -4.011459         -468.369559          2.08                0.06         
CONF1508       -36.705249          2.52          -468.363079          2.42           -2.935057         -468.367756          3.22                0.01         
CONF1509       -36.705132          2.59          -468.361781          3.23           -3.007731         -468.366574          3.96                0.00         
CONF1510       -36.705168          2.57          -468.362559          2.74           -2.983878         -468.367314          3.49                0.01         
CONF1511       -36.704511          2.98          -468.361422          3.46           -3.394612         -468.366831          3.80                0.00         
CONF1513       -36.703572          3.57          -468.363337          2.26           -3.983494         -468.369685          2.01                0.06         
CONF1515       -36.703572          3.57          -468.363550          2.12           -3.983744         -468.369898          1.87                0.08         
CONF1517       -36.704546          2.96          -468.361343          3.51           -3.417193         -468.366789          3.82                0.00         
CONF1519       -36.703513          3.61          -468.363597          2.09           -4.017087         -468.369998          1.81                0.09         
CONF1522       -36.703488          3.62          -468.363306          2.28           -4.027258         -468.369723          1.98                0.07         
CONF1523       -36.705126          2.59          -468.361921          3.14           -2.998223         -468.366699          3.88                0.00         
CONF1524       -36.705122          2.60          -468.361888          3.16           -3.000738         -468.366670          3.90                0.00         
CONF1525       -36.703402          3.68          -468.361653          3.31           -4.079249         -468.368154          2.97                0.01         
CONF1526       -36.703434          3.66          -468.362120          3.02           -4.057129         -468.368585          2.70                0.02         
CONF1528       -36.703567          3.57          -468.363168          2.36           -3.968134         -468.369492          2.13                0.05         
CONF1529       -36.704541          2.96          -468.361566          3.37           -3.356696         -468.366915          3.74                0.00         
CONF1530       -36.704595          2.93          -468.361607          3.34           -3.323419         -468.366903          3.75                0.00         
CONF1531       -36.703420          3.66          -468.361959          3.12           -4.060303         -468.368429          2.79                0.02         
CONF1533       -36.703478          3.63          -468.362857          2.56           -4.023684         -468.369269          2.27                0.04         
CONF1535       -36.704548          2.96          -468.361350          3.50           -3.351234         -468.366691          3.88                0.00         
CONF1536       -36.703395          3.68          -468.361591          3.35           -4.074316         -468.368084          3.01                0.01         
CONF1538       -36.703499          3.61          -468.363293          2.28           -4.006045         -468.369677          2.01                0.06         
CONF1539       -36.703377          3.69          -468.361626          3.33           -4.082267         -468.368131          2.98                0.01         
CONF1540       -36.705144          2.58          -468.362292          2.91           -2.986109         -468.367051          3.66                0.00         
CONF1541       -36.705809          2.17          -468.363571          2.11           -2.554682         -468.367642          3.29                0.01         
CONF1542       -36.703410          3.67          -468.362171          2.99           -4.059775         -468.368641          2.66                0.02         
CONF1544       -36.704589          2.93          -468.362376          2.86           -3.317865         -468.367664          3.27                0.01         
CONF1545       -36.703384          3.69          -468.361307          3.53           -4.073314         -468.367798          3.19                0.01         
CONF1546       -36.704531          2.97          -468.361528          3.39           -3.353250         -468.366872          3.77                0.00         
CONF1547       -36.703399          3.68          -468.361481          3.42           -4.060969         -468.367953          3.09                0.01         
CONF1548       -36.704517          2.98          -468.361491          3.41           -3.353641         -468.366836          3.79                0.00         
CONF1549       -36.703451          3.64          -468.362772          2.61           -4.026869         -468.369189          2.32                0.04         
CONF1551       -36.704537          2.96          -468.361330          3.51           -3.340876         -468.366654          3.91                0.00         
CONF1553       -36.705128          2.59          -468.362824          2.58           -2.969518         -468.367556          3.34                0.01         
CONF1554       -36.703451          3.64          -468.363069          2.42           -4.021210         -468.369478          2.14                0.05         
CONF1556       -36.705205          2.54          -468.363075          2.42           -2.918051         -468.367725          3.24                0.01         
CONF1557       -36.705108          2.60          -468.362789          2.60           -2.976588         -468.367532          3.36                0.01         
CONF1558       -36.703442          3.65          -468.362475          2.80           -4.018905         -468.368879          2.51                0.03         
CONF1559       -36.704571          2.94          -468.361646          3.32           -3.309681         -468.366921          3.74                0.00         
CONF1563       -36.703427          3.66          -468.363536          2.13           -4.025217         -468.369950          1.84                0.09         
CONF1564       -36.703428          3.66          -468.363544          2.13           -4.024495         -468.369957          1.83                0.09         
CONF1569       -36.704337          3.09          -468.361376          3.49           -3.452851         -468.366878          3.77                0.00         
CONF1570       -36.703358          3.70          -468.361772          3.24           -4.066581         -468.368252          2.90                0.01         
CONF1571       -36.705695          2.24          -468.363161          2.37           -2.599799         -468.367304          3.50                0.01         
CONF1573       -36.703417          3.67          -468.363121          2.39           -4.027234         -468.369539          2.10                0.06         
CONF1574       -36.704451          3.02          -468.361274          3.55           -3.377843         -468.366656          3.91                0.00         
CONF1577       -36.703398          3.68          -468.362606          2.71           -4.035021         -468.369036          2.41                0.03         
CONF1579       -36.703433          3.66          -468.363522          2.14           -4.012014         -468.369916          1.86                0.08         
CONF1580       -36.705108          2.61          -468.362556          2.75           -2.959509         -468.367272          3.52                0.01         
CONF1583       -36.703390          3.68          -468.362622          2.70           -4.034918         -468.369053          2.40                0.03         
CONF1584       -36.703472          3.63          -468.363038          2.44           -3.982330         -468.369384          2.19                0.05         
CONF1585       -36.703432          3.66          -468.363056          2.43           -4.013136         -468.369451          2.15                0.05         
CONF1586       -36.703471          3.63          -468.363034          2.45           -3.982323         -468.369380          2.20                0.05         
CONF1587       -36.704190          3.18          -468.360883          3.80           -3.530826         -468.366509          4.00                0.00         
CONF1588       -36.704352          3.08          -468.361239          3.57           -3.429496         -468.366704          3.88                0.00         
CONF1589       -36.703430          3.66          -468.362562          2.74           -4.004346         -468.368943          2.47                0.03         
CONF1590       -36.704130          3.22          -468.361793          3.22           -3.564113         -468.367473          3.39                0.01         
CONF1592       -36.703389          3.68          -468.363152          2.37           -4.027050         -468.369569          2.08                0.06         
CONF1593       -36.703469          3.63          -468.363106          2.40           -3.976098         -468.369442          2.16                0.05         
CONF1594       -36.705048          2.64          -468.362770          2.61           -2.989297         -468.367533          3.36                0.01         
CONF1595       -36.705706          2.23          -468.363126          2.39           -2.570850         -468.367223          3.55                0.00         
CONF1596       -36.705713          2.23          -468.363139          2.38           -2.565301         -468.367227          3.55                0.00         
CONF1597       -36.705032          2.65          -468.362776          2.61           -2.990994         -468.367542          3.35                0.01         
CONF1598       -36.705015          2.66          -468.361728          3.26           -3.001557         -468.366511          4.00                0.00         
CONF1600       -36.705034          2.65          -468.362819          2.58           -2.989488         -468.367583          3.32                0.01         
CONF1602       -36.704437          3.03          -468.363035          2.44           -3.370202         -468.368406          2.81                0.02         
CONF1605       -36.703472          3.63          -468.363041          2.44           -3.975139         -468.369375          2.20                0.05         
CONF1614       -36.703360          3.70          -468.362678          2.67           -4.032093         -468.369104          2.37                0.04         
CONF1615       -36.704986          2.68          -468.362106          3.03           -3.009341         -468.366901          3.75                0.00         
CONF1618       -36.703360          3.70          -468.363129          2.39           -4.028466         -468.369549          2.09                0.06         
CONF1620       -36.703343          3.71          -468.362646          2.69           -4.036245         -468.369078          2.39                0.03         
CONF1621       -36.703343          3.71          -468.362540          2.76           -4.036270         -468.368972          2.45                0.03         
CONF1622       -36.703375          3.69          -468.363272          2.30           -4.015303         -468.369671          2.01                0.06         
CONF1624       -36.703374          3.69          -468.363251          2.31           -4.015125         -468.369649          2.03                0.06         
CONF1625       -36.703374          3.69          -468.363284          2.29           -4.015400         -468.369683          2.01                0.06         
CONF1629       -36.705064          2.63          -468.362563          2.74           -2.951918         -468.367267          3.52                0.01         
CONF1630       -36.705675          2.25          -468.363119          2.39           -2.567471         -468.367210          3.56                0.00         
CONF1634       -36.704408          3.04          -468.361636          3.32           -3.359400         -468.366990          3.70                0.00         
CONF1636       -36.705041          2.65          -468.362485          2.79           -2.960441         -468.367203          3.56                0.00         
CONF1637       -36.704393          3.05          -468.361501          3.41           -3.364823         -468.366863          3.78                0.00         
CONF1638       -36.703470          3.63          -468.363192          2.35           -3.975698         -468.369528          2.10                0.05         
CONF1640       -36.703437          3.65          -468.363569          2.11           -3.972674         -468.369900          1.87                0.08         
CONF1641       -36.704645          2.90          -468.361420          3.46           -3.205064         -468.366528          3.99                0.00         
CONF1644       -36.703332          3.72          -468.362208          2.96           -4.027936         -468.368627          2.67                0.02         
CONF1645       -36.704960          2.70          -468.361988          3.10           -3.004712         -468.366776          3.83                0.00         
CONF1648       -36.704998          2.67          -468.362376          2.86           -2.977750         -468.367121          3.61                0.00         
CONF1651       -36.704431          3.03          -468.361600          3.35           -3.328697         -468.366904          3.75                0.00         
CONF1652       -36.703424          3.66          -468.363474          2.17           -3.960227         -468.369785          1.94                0.07         
CONF1654       -36.703423          3.66          -468.363507          2.15           -3.960137         -468.369818          1.92                0.07         
CONF1655       -36.704618          2.91          -468.361769          3.24           -3.211693         -468.366887          3.76                0.00         
CONF1657       -36.704133          3.22          -468.361218          3.58           -3.512943         -468.366816          3.81                0.00         
CONF1661       -36.704003          3.30          -468.360936          3.76           -3.587329         -468.366653          3.91                0.00         
CONF1662       -36.703326          3.72          -468.362906          2.53           -4.010497         -468.369298          2.25                0.04         
CONF1663       -36.703379          3.69          -468.363328          2.26           -3.976270         -468.369664          2.02                0.06         
CONF1664       -36.704938          2.71          -468.362066          3.05           -2.997166         -468.366843          3.79                0.00         
CONF1666       -36.703270          3.76          -468.361969          3.11           -4.040922         -468.368408          2.81                0.02         
CONF1667       -36.704926          2.72          -468.362010          3.09           -3.000847         -468.366792          3.82                0.00         
CONF1670       -36.704095          3.24          -468.361281          3.55           -3.517837         -468.366887          3.76                0.00         
CONF1671       -36.703331          3.72          -468.362111          3.02           -3.993713         -468.368475          2.76                0.02         
CONF1674       -36.703304          3.74          -468.362258          2.93           -4.006558         -468.368643          2.66                0.02         
CONF1678       -36.703274          3.76          -468.362447          2.81           -4.018896         -468.368851          2.53                0.03         
CONF1680       -36.704124          3.22          -468.361013          3.71           -3.485299         -468.366567          3.96                0.00         
CONF1683       -36.703327          3.72          -468.362415          2.83           -3.984257         -468.368765          2.58                0.02         
CONF1687       -36.704062          3.26          -468.361353          3.50           -3.521999         -468.366965          3.71                0.00         
CONF1697       -36.703230          3.78          -468.361788          3.23           -4.034932         -468.368218          2.93                0.01         
CONF1698       -36.704227          3.16          -468.362856          2.56           -3.407623         -468.368286          2.88                0.01         
CONF1699       -36.704277          3.13          -468.361407          3.47           -3.377017         -468.366788          3.82                0.00         
CONF1700       -36.704967          2.69          -468.362850          2.56           -2.941930         -468.367538          3.35                0.01         
CONF1701       -36.704489          2.99          -468.362448          2.81           -3.242269         -468.367614          3.30                0.01         
CONF1708       -36.703238          3.78          -468.362171          2.99           -4.022123         -468.368581          2.70                0.02         
CONF1709       -36.704982          2.68          -468.363575          2.11           -2.927634         -468.368240          2.91                0.01         
CONF1710       -36.704130          3.22          -468.361047          3.69           -3.461849         -468.366563          3.96                0.00         
CONF1712       -36.703327          3.72          -468.362596          2.72           -3.962533         -468.368911          2.49                0.03         
CONF1715       -36.703273          3.76          -468.363047          2.44           -3.996726         -468.369416          2.17                0.05         
CONF1722       -36.703227          3.79          -468.362229          2.95           -4.023069         -468.368640          2.66                0.02         
CONF1726       -36.703222          3.79          -468.362952          2.50           -4.023086         -468.369363          2.21                0.05         
CONF1729       -36.703249          3.77          -468.361793          3.22           -4.000318         -468.368168          2.96                0.01         
CONF1730       -36.703221          3.79          -468.363243          2.31           -4.017522         -468.369645          2.03                0.06         
CONF1732       -36.703184          3.81          -468.362616          2.71           -4.038569         -468.369051          2.40                0.03         
CONF1733       -36.703180          3.82          -468.362652          2.68           -4.039758         -468.369090          2.38                0.03         
CONF1735       -36.703211          3.80          -468.362729          2.64           -4.019132         -468.369134          2.35                0.04         
CONF1737       -36.703191          3.81          -468.362019          3.08           -4.032114         -468.368445          2.78                0.02         
CONF1738       -36.703206          3.80          -468.363107          2.40           -4.021167         -468.369515          2.11                0.05         
CONF1739       -36.703187          3.81          -468.362225          2.95           -4.033736         -468.368653          2.65                0.02         
CONF1740       -36.703240          3.78          -468.363116          2.39           -4.000008         -468.369491          2.13                0.05         
CONF1741       -36.703148          3.83          -468.361933          3.14           -4.057810         -468.368400          2.81                0.02         
CONF1742       -36.703206          3.80          -468.362752          2.62           -4.018356         -468.369156          2.34                0.04         
CONF1743       -36.703212          3.79          -468.363320          2.27           -4.014262         -468.369717          1.99                0.07         
CONF1749       -36.704258          3.14          -468.361523          3.39           -3.352764         -468.366866          3.77                0.00         
CONF1750       -36.703155          3.83          -468.361719          3.27           -4.045109         -468.368165          2.96                0.01         
CONF1754       -36.704126          3.22          -468.361303          3.53           -3.432714         -468.366774          3.83                0.00         
CONF1759       -36.703357          3.70          -468.363842          1.94           -3.907987         -468.370070          1.76                0.10         
CONF1760       -36.703150          3.83          -468.362578          2.73           -4.038078         -468.369013          2.43                0.03         
CONF1761       -36.703149          3.83          -468.362606          2.71           -4.037524         -468.369040          2.41                0.03         
CONF1763       -36.703148          3.83          -468.362563          2.74           -4.037821         -468.368998          2.44                0.03         
CONF1764       -36.704824          2.78          -468.361796          3.22           -2.982870         -468.366550          3.97                0.00         
CONF1765       -36.703232          3.78          -468.363280          2.29           -3.986126         -468.369632          2.04                0.06         
CONF1768       -36.703132          3.84          -468.361853          3.19           -4.040839         -468.368292          2.88                0.01         
CONF1770       -36.703917          3.35          -468.360877          3.80           -3.546004         -468.366528          3.99                0.00         
CONF1777       -36.703116          3.85          -468.362472          2.80           -4.040522         -468.368911          2.49                0.03         
CONF1780       -36.703112          3.86          -468.362482          2.79           -4.041949         -468.368923          2.48                0.03         
CONF1781       -36.703212          3.79          -468.363170          2.36           -3.978381         -468.369510          2.12                0.05         
CONF1782       -36.703207          3.80          -468.363184          2.35           -3.980566         -468.369527          2.10                0.05         
CONF1783       -36.703207          3.80          -468.363183          2.35           -3.980155         -468.369526          2.11                0.05         
CONF1784       -36.704025          3.28          -468.361021          3.71           -3.467541         -468.366547          3.97                0.00         
CONF1787       -36.703106          3.86          -468.361884          3.17           -4.041108         -468.368324          2.86                0.02         
CONF1791       -36.703146          3.84          -468.363472          2.17           -4.014731         -468.369869          1.89                0.08         
CONF1792       -36.705511          2.35          -468.362653          2.68           -2.531414         -468.366687          3.89                0.00         
CONF1793       -36.703113          3.86          -468.361997          3.10           -4.033761         -468.368425          2.80                0.02         
CONF1795       -36.703147          3.84          -468.363473          2.17           -4.013771         -468.369870          1.89                0.08         
CONF1796       -36.703995          3.30          -468.361529          3.39           -3.478921         -468.367073          3.65                0.00         
CONF1798       -36.703087          3.87          -468.361624          3.33           -4.046466         -468.368073          3.02                0.01         
CONF1799       -36.703087          3.87          -468.361588          3.35           -4.045646         -468.368035          3.04                0.01         
CONF1800       -36.703184          3.81          -468.362802          2.59           -3.984579         -468.369151          2.34                0.04         
CONF1804       -36.704778          2.81          -468.361908          3.15           -3.012710         -468.366709          3.87                0.00         
CONF1805       -36.703076          3.88          -468.361293          3.54           -4.045771         -468.367740          3.23                0.01         
CONF1808       -36.703071          3.88          -468.361766          3.24           -4.047955         -468.368216          2.93                0.01         
CONF1811       -36.703087          3.87          -468.362300          2.91           -4.036597         -468.368732          2.60                0.02         
CONF1813       -36.703171          3.82          -468.362554          2.75           -3.979739         -468.368896          2.50                0.03         
CONF1816       -36.704087          3.25          -468.361118          3.65           -3.403677         -468.366542          3.98                0.00         
CONF1817       -36.703124          3.85          -468.363298          2.28           -4.006847         -468.369683          2.01                0.06         
CONF1819       -36.703171          3.82          -468.362642          2.69           -3.976082         -468.368978          2.45                0.03         
CONF1821       -36.703171          3.82          -468.362734          2.63           -3.975696         -468.369070          2.39                0.03         
CONF1825       -36.704788          2.81          -468.363100          2.40           -2.958022         -468.367814          3.18                0.01         
CONF1826       -36.703078          3.88          -468.361587          3.35           -4.030112         -468.368009          3.06                0.01         
CONF1829       -36.703069          3.88          -468.361649          3.31           -4.032977         -468.368076          3.02                0.01         
CONF1830       -36.703098          3.87          -468.362832          2.57           -4.015381         -468.369231          2.29                0.04         
CONF1832       -36.703133          3.84          -468.362112          3.02           -3.990972         -468.368472          2.77                0.02         
CONF1833       -36.703066          3.89          -468.361981          3.11           -4.032387         -468.368407          2.81                0.02         
CONF1835       -36.703112          3.86          -468.363015          2.46           -4.001496         -468.369392          2.19                0.05         
CONF1837       -36.703126          3.85          -468.362006          3.09           -3.992528         -468.368369          2.83                0.02         
CONF1838       -36.704054          3.27          -468.361177          3.61           -3.411277         -468.366613          3.93                0.00         
CONF1840       -36.703077          3.88          -468.363054          2.43           -4.024025         -468.369467          2.14                0.05         
CONF1847       -36.703066          3.89          -468.362759          2.62           -4.019295         -468.369164          2.33                0.04         
CONF1850       -36.703051          3.90          -468.362904          2.53           -4.024280         -468.369317          2.24                0.04         
CONF1851       -36.703043          3.90          -468.362574          2.73           -4.027965         -468.368993          2.44                0.03         
CONF1853       -36.703055          3.89          -468.362395          2.85           -4.016621         -468.368796          2.56                0.03         
CONF1854       -36.703065          3.89          -468.362107          3.03           -4.009464         -468.368496          2.75                0.02         
CONF1856       -36.703979          3.31          -468.361043          3.70           -3.433950         -468.366515          3.99                0.00         
CONF1857       -36.703060          3.89          -468.362011          3.09           -4.008962         -468.368399          2.81                0.02         
CONF1861       -36.704075          3.25          -468.361301          3.53           -3.368766         -468.366670          3.90                0.00         
CONF1863       -36.704890          2.74          -468.363215          2.33           -2.855944         -468.367766          3.21                0.01         
CONF1869       -36.703032          3.91          -468.362674          2.67           -4.015856         -468.369074          2.39                0.03         
CONF1870       -36.703031          3.91          -468.362684          2.67           -4.015972         -468.369083          2.38                0.03         
CONF1871       -36.703026          3.91          -468.362339          2.88           -4.018171         -468.368743          2.60                0.02         
CONF1872       -36.704006          3.30          -468.361446          3.44           -3.401520         -468.366867          3.77                0.00         
CONF1875       -36.703077          3.88          -468.362082          3.04           -3.990524         -468.368441          2.79                0.02         
CONF1876       -36.702990          3.93          -468.362179          2.98           -4.034017         -468.368608          2.68                0.02         
CONF1881       -36.702980          3.94          -468.361961          3.12           -4.034064         -468.368390          2.82                0.02         
CONF1887       -36.703019          3.92          -468.362389          2.85           -4.004195         -468.368770          2.58                0.02         
CONF1888       -36.702976          3.94          -468.362096          3.03           -4.031273         -468.368520          2.74                0.02         
CONF1892       -36.704817          2.79          -468.362536          2.76           -2.870799         -468.367111          3.62                0.00         
CONF1894       -36.704766          2.82          -468.362861          2.55           -2.901812         -468.367485          3.39                0.01         
CONF1895       -36.702981          3.94          -468.362516          2.77           -4.020128         -468.368922          2.48                0.03         
CONF1896       -36.702981          3.94          -468.362427          2.83           -4.020338         -468.368834          2.54                0.03         
CONF1901       -36.703059          3.89          -468.361673          3.30           -3.998711         -468.368045          3.03                0.01         
CONF1902       -36.702950          3.96          -468.362205          2.97           -4.036338         -468.368637          2.66                0.02         
CONF1905       -36.702944          3.96          -468.362215          2.96           -4.037379         -468.368649          2.66                0.02         
CONF1906       -36.702957          3.95          -468.362789          2.60           -4.028960         -468.369210          2.30                0.04         
CONF1907       -36.703023          3.91          -468.362349          2.88           -3.985832         -468.368701          2.62                0.02         
CONF1908       -36.702935          3.97          -468.362309          2.90           -4.037912         -468.368743          2.60                0.02         
CONF1909       -36.702940          3.97          -468.362164          2.99           -4.037990         -468.368599          2.69                0.02         
CONF1910       -36.703027          3.91          -468.362438          2.82           -3.981651         -468.368783          2.57                0.02         
CONF1911       -36.702943          3.96          -468.362736          2.63           -4.030231         -468.369159          2.34                0.04         
CONF1912       -36.702945          3.96          -468.360694          3.91           -4.027336         -468.367112          3.62                0.00         
CONF1914       -36.702871          4.01          -468.360584          3.98           -4.071399         -468.367072          3.65                0.00         
CONF1917       -36.702945          3.96          -468.361662          3.31           -4.021067         -468.368070          3.02                0.01         
CONF1918       -36.702950          3.96          -468.362772          2.61           -4.017209         -468.369174          2.33                0.04         
CONF1919       -36.704842          2.77          -468.362101          3.03           -2.828137         -468.366608          3.94                0.00         
CONF1920       -36.702957          3.95          -468.361885          3.17           -4.010157         -468.368276          2.89                0.01         
CONF1922       -36.703074          3.88          -468.361227          3.58           -3.933572         -468.367495          3.38                0.01         
CONF1923       -36.702889          4.00          -468.361686          3.29           -4.048081         -468.368137          2.98                0.01         
CONF1927       -36.703029          3.91          -468.361832          3.20           -3.955185         -468.368135          2.98                0.01         
CONF1929       -36.703045          3.90          -468.361419          3.46           -3.944026         -468.367704          3.25                0.01         
CONF1930       -36.702964          3.95          -468.362943          2.50           -3.994648         -468.369309          2.24                0.04         
CONF1932       -36.703831          3.41          -468.361117          3.65           -3.447038         -468.366610          3.94                0.00         
CONF1933       -36.702933          3.97          -468.362340          2.88           -4.010078         -468.368731          2.60                0.02         
CONF1934       -36.702991          3.93          -468.363447          2.19           -3.973101         -468.369778          1.95                0.07         
CONF1936       -36.702973          3.94          -468.362266          2.93           -3.982506         -468.368612          2.68                0.02         
CONF1937       -36.702894          3.99          -468.361909          3.15           -4.032069         -468.368334          2.85                0.02         
CONF1939       -36.704622          2.91          -468.362171          2.99           -2.947443         -468.366868          3.77                0.00         
CONF1940       -36.704671          2.88          -468.362354          2.87           -2.915847         -468.367000          3.69                0.00         
CONF1942       -36.702927          3.97          -468.362076          3.05           -4.008380         -468.368464          2.77                0.02         
CONF1943       -36.702926          3.97          -468.362083          3.04           -4.009108         -468.368472          2.77                0.02         
CONF1945       -36.704267          3.13          -468.361578          3.36           -3.165939         -468.366623          3.93                0.00         
CONF1946       -36.702948          3.96          -468.362098          3.03           -3.989891         -468.368456          2.78                0.02         
CONF1949       -36.702887          4.00          -468.362692          2.66           -4.024079         -468.369105          2.37                0.04         
CONF1950       -36.702924          3.98          -468.362340          2.88           -4.000258         -468.368715          2.61                0.02         
CONF1951       -36.702884          4.00          -468.362671          2.67           -4.024432         -468.369085          2.38                0.03         
CONF1955       -36.702833          4.03          -468.361374          3.49           -4.051173         -468.367830          3.17                0.01         
CONF1958       -36.702894          3.99          -468.362257          2.93           -4.008864         -468.368645          2.66                0.02         
CONF1959       -36.702824          4.04          -468.361012          3.71           -4.051281         -468.367469          3.40                0.01         
CONF1962       -36.702911          3.98          -468.362089          3.04           -3.992963         -468.368452          2.78                0.02         
CONF1968       -36.702832          4.03          -468.360098          4.29           -4.038385         -468.366533          3.98                0.00         
CONF1971       -36.702884          4.00          -468.363029          2.45           -4.003553         -468.369410          2.18                0.05         
CONF1973       -36.702855          4.02          -468.361609          3.34           -4.018718         -468.368013          3.05                0.01         
CONF1976       -36.703974          3.32          -468.361404          3.47           -3.334075         -468.366717          3.87                0.00         
CONF1982       -36.702833          4.03          -468.361958          3.12           -4.028654         -468.368378          2.83                0.02         
CONF1983       -36.702803          4.05          -468.360883          3.80           -4.046569         -468.367332          3.48                0.01         
CONF1989       -36.704508          2.98          -468.362646          2.69           -2.964214         -468.367369          3.46                0.01         
CONF1990       -36.702837          4.03          -468.361825          3.20           -4.012021         -468.368219          2.93                0.01         
CONF1991       -36.702828          4.04          -468.361851          3.19           -4.014599         -468.368248          2.91                0.01         
CONF1992       -36.702899          3.99          -468.361942          3.13           -3.970148         -468.368269          2.89                0.01         
CONF1993       -36.702869          4.01          -468.361699          3.28           -3.988225         -468.368054          3.03                0.01         
CONF1995       -36.702794          4.06          -468.361538          3.38           -4.030612         -468.367961          3.09                0.01         
CONF2001       -36.702770          4.07          -468.361567          3.37           -4.036810         -468.368000          3.06                0.01         
CONF2002       -36.702688          4.12          -468.360845          3.82           -4.087615         -468.367359          3.47                0.01         
CONF2003       -36.702761          4.08          -468.361600          3.35           -4.035576         -468.368031          3.04                0.01         
CONF2005       -36.704538          2.96          -468.362202          2.97           -2.919713         -468.366854          3.78                0.00         
CONF2006       -36.702835          4.03          -468.361798          3.22           -3.984781         -468.368148          2.97                0.01         
CONF2007       -36.702832          4.03          -468.361787          3.23           -3.985897         -468.368139          2.98                0.01         
CONF2013       -36.702783          4.06          -468.362471          2.80           -4.009080         -468.368860          2.52                0.03         
CONF2014       -36.703820          3.41          -468.361536          3.39           -3.360490         -468.366891          3.76                0.00         
CONF2015       -36.702912          3.98          -468.363146          2.38           -3.927963         -468.369406          2.18                0.05         
CONF2016       -36.704451          3.02          -468.362706          2.65           -2.959621         -468.367423          3.43                0.01         
CONF2017       -36.704460          3.01          -468.362168          2.99           -2.951895         -468.366872          3.77                0.00         
CONF2020       -36.702822          4.04          -468.361211          3.59           -3.978480         -468.367551          3.34                0.01         
CONF2021       -36.704509          2.98          -468.362685          2.66           -2.918257         -468.367336          3.48                0.01         
CONF2022       -36.703615          3.54          -468.360930          3.77           -3.519427         -468.366539          3.98                0.00         
CONF2024       -36.702755          4.08          -468.361705          3.28           -4.015654         -468.368104          3.00                0.01         
CONF2025       -36.702758          4.08          -468.361752          3.25           -4.014152         -468.368149          2.97                0.01         
CONF2026       -36.702629          4.16          -468.360535          4.01           -4.091930         -468.367056          3.66                0.00         
CONF2029       -36.702721          4.10          -468.361812          3.21           -4.032743         -468.368239          2.91                0.01         
CONF2035       -36.702768          4.07          -468.360778          3.86           -3.992103         -468.367139          3.60                0.00         
CONF2039       -36.702638          4.16          -468.360204          4.22           -4.071266         -468.366692          3.88                0.00         
CONF2044       -36.704406          3.05          -468.362836          2.57           -2.957464         -468.367549          3.35                0.01         
CONF2047       -36.704936          2.71          -468.362332          2.89           -2.622580         -468.366511          4.00                0.00         
CONF2053       -36.704460          3.01          -468.362716          2.65           -2.917217         -468.367365          3.46                0.01         
CONF2054       -36.702681          4.13          -468.361978          3.11           -4.028176         -468.368397          2.81                0.02         
CONF2059       -36.702709          4.11          -468.361607          3.34           -4.005130         -468.367990          3.07                0.01         
CONF2064       -36.702602          4.18          -468.360368          4.12           -4.069693         -468.366854          3.78                0.00         
CONF2067       -36.702612          4.17          -468.360140          4.26           -4.063035         -468.366615          3.93                0.00         
CONF2070       -36.702700          4.12          -468.361094          3.66           -4.005141         -468.367476          3.39                0.01         
CONF2075       -36.702645          4.15          -468.360372          4.12           -4.031645         -468.366797          3.82                0.00         
CONF2079       -36.703770          3.44          -468.361464          3.43           -3.328534         -468.366769          3.84                0.00         
CONF2081       -36.704366          3.07          -468.362235          2.95           -2.948333         -468.366934          3.73                0.00         
CONF2082       -36.702668          4.14          -468.361703          3.28           -4.013646         -468.368099          3.00                0.01         
CONF2086       -36.704362          3.07          -468.362236          2.95           -2.947403         -468.366933          3.73                0.00         
CONF2089       -36.702615          4.17          -468.360625          3.96           -4.042562         -468.367067          3.65                0.00         
CONF2091       -36.702676          4.13          -468.360886          3.79           -4.003474         -468.367266          3.52                0.01         
CONF2092       -36.702668          4.14          -468.360420          4.09           -4.006846         -468.366805          3.81                0.00         
CONF2096       -36.702668          4.14          -468.360884          3.79           -4.000755         -468.367260          3.53                0.00         
CONF2098       -36.702717          4.11          -468.362408          2.84           -3.969265         -468.368734          2.60                0.02         
CONF2099       -36.702567          4.20          -468.360215          4.21           -4.063567         -468.366690          3.88                0.00         
CONF2101       -36.702699          4.12          -468.363190          2.35           -3.977548         -468.369528          2.10                0.05         
CONF2109       -36.704411          3.04          -468.361926          3.14           -2.893487         -468.366537          3.98                0.00         
CONF2112       -36.704421          3.04          -468.362116          3.02           -2.885065         -468.366713          3.87                0.00         
CONF2113       -36.704389          3.06          -468.362007          3.09           -2.906656         -468.366639          3.92                0.00         
CONF2115       -36.702617          4.17          -468.360465          4.06           -4.015275         -468.366864          3.78                0.00         
CONF2117       -36.702651          4.15          -468.362833          2.57           -3.992974         -468.369196          2.31                0.04         
CONF2119       -36.702576          4.19          -468.361143          3.63           -4.036258         -468.367575          3.33                0.01         
CONF2121       -36.702644          4.15          -468.362569          2.74           -3.993330         -468.368932          2.48                0.03         
CONF2122       -36.702627          4.16          -468.360478          4.05           -4.005530         -468.366861          3.78                0.00         
CONF2127       -36.702582          4.19          -468.360904          3.78           -4.030332         -468.367327          3.49                0.01         
CONF2128       -36.704361          3.07          -468.361891          3.16           -2.913573         -468.366534          3.98                0.00         
CONF2133       -36.702717          4.11          -468.362582          2.73           -3.942267         -468.368864          2.52                0.03         
CONF2135       -36.702591          4.18          -468.360567          3.99           -4.020530         -468.366975          3.71                0.00         
CONF2142       -36.702529          4.22          -468.361188          3.60           -4.049020         -468.367641          3.29                0.01         
CONF2143       -36.704307          3.11          -468.362217          2.96           -2.932715         -468.366890          3.76                0.00         
CONF2144       -36.702494          4.25          -468.360083          4.30           -4.068442         -468.366566          3.96                0.00         
CONF2148       -36.704352          3.08          -468.362074          3.05           -2.903090         -468.366701          3.88                0.00         
CONF2149       -36.702525          4.23          -468.361244          3.57           -4.043036         -468.367687          3.26                0.01         
CONF2153       -36.702464          4.26          -468.360562          4.00           -4.076128         -468.367057          3.65                0.00         
CONF2154       -36.702525          4.23          -468.361434          3.45           -4.036964         -468.367868          3.15                0.01         
CONF2155       -36.702533          4.22          -468.360524          4.02           -4.027866         -468.366943          3.73                0.00         
CONF2156       -36.702528          4.22          -468.360995          3.72           -4.044369         -468.367440          3.41                0.01         
CONF2159       -36.702499          4.24          -468.361392          3.48           -4.046890         -468.367841          3.16                0.01         
CONF2163       -36.702476          4.26          -468.360952          3.75           -4.059298         -468.367421          3.43                0.01         
CONF2165       -36.702460          4.27          -468.360195          4.23           -4.066964         -468.366676          3.89                0.00         
CONF2166       -36.703506          3.61          -468.361364          3.49           -3.410571         -468.366799          3.82                0.00         
CONF2168       -36.702547          4.21          -468.362517          2.77           -4.012198         -468.368911          2.49                0.03         
CONF2169       -36.702629          4.16          -468.362615          2.71           -3.958614         -468.368923          2.48                0.03         
CONF2170       -36.703506          3.61          -468.361313          3.53           -3.410995         -468.366749          3.85                0.00         
CONF2171       -36.704897          2.74          -468.362712          2.65           -2.535600         -468.366752          3.85                0.00         
CONF2173       -36.702495          4.24          -468.361115          3.65           -4.038514         -468.367551          3.35                0.01         
CONF2176       -36.702441          4.28          -468.360222          4.21           -4.068870         -468.366706          3.87                0.00         
CONF2178       -36.702480          4.25          -468.360931          3.77           -4.040506         -468.367370          3.46                0.01         
CONF2179       -36.704846          2.77          -468.362683          2.67           -2.555435         -468.366756          3.84                0.00         
CONF2182       -36.702470          4.26          -468.361322          3.52           -4.044265         -468.367767          3.21                0.01         
CONF2183       -36.702446          4.28          -468.360140          4.26           -4.056977         -468.366605          3.94                0.00         
CONF2191       -36.702499          4.24          -468.362723          2.64           -4.008450         -468.369111          2.37                0.04         
CONF2192       -36.702499          4.24          -468.362775          2.61           -4.008116         -468.369162          2.33                0.04         
CONF2197       -36.702665          4.14          -468.362691          2.66           -3.903444         -468.368912          2.49                0.03         
CONF2200       -36.702424          4.29          -468.360614          3.96           -4.050465         -468.367069          3.65                0.00         
CONF2201       -36.702421          4.29          -468.360924          3.77           -4.051371         -468.367380          3.45                0.01         
CONF2203       -36.702414          4.30          -468.360915          3.78           -4.054642         -468.367376          3.45                0.01         
CONF2204       -36.702551          4.21          -468.362310          2.90           -3.965440         -468.368630          2.67                0.02         
CONF2205       -36.702554          4.21          -468.361332          3.51           -3.963814         -468.367648          3.28                0.01         
CONF2207       -36.702537          4.22          -468.362585          2.73           -3.973703         -468.368917          2.49                0.03         
CONF2210       -36.702541          4.22          -468.360976          3.74           -3.992404         -468.367338          3.48                0.01         
CONF2220       -36.702475          4.26          -468.360704          3.91           -3.998115         -468.367075          3.64                0.00         
CONF2224       -36.702456          4.27          -468.361168          3.62           -4.005313         -468.367550          3.35                0.01         
CONF2225       -36.703858          3.39          -468.361630          3.33           -3.126317         -468.366612          3.93                0.00         
CONF2226       -36.702514          4.23          -468.361991          3.10           -3.966402         -468.368312          2.87                0.02         
CONF2228       -36.702357          4.33          -468.360762          3.87           -4.060057         -468.367233          3.54                0.00         
CONF2230       -36.704777          2.81          -468.362697          2.66           -2.540709         -468.366746          3.85                0.00         
CONF2236       -36.702520          4.23          -468.363032          2.45           -3.950989         -468.369328          2.23                0.04         
CONF2237       -36.702326          4.35          -468.360169          4.24           -4.072578         -468.366659          3.90                0.00         
CONF2240       -36.702502          4.24          -468.361467          3.43           -3.958499         -468.367775          3.20                0.01         
CONF2243       -36.702472          4.26          -468.361077          3.67           -3.999520         -468.367451          3.41                0.01         
CONF2244       -36.702402          4.30          -468.360413          4.09           -4.042194         -468.366854          3.78                0.00         
CONF2255       -36.702454          4.27          -468.362608          2.71           -3.973296         -468.368940          2.47                0.03         
CONF2259       -36.702438          4.28          -468.362167          2.99           -3.979877         -468.368509          2.74                0.02         
CONF2260       -36.702411          4.30          -468.360928          3.77           -3.996236         -468.367296          3.50                0.01         
CONF2261       -36.702438          4.28          -468.362173          2.99           -3.979392         -468.368514          2.74                0.02         
CONF2262       -36.702408          4.30          -468.362735          2.63           -3.997859         -468.369106          2.37                0.04         
CONF2263       -36.702389          4.31          -468.361472          3.43           -4.009358         -468.367861          3.15                0.01         
CONF2264       -36.702310          4.36          -468.360569          3.99           -4.057882         -468.367035          3.67                0.00         
CONF2272       -36.702642          4.15          -468.362201          2.97           -3.842370         -468.368324          2.86                0.02         
CONF2277       -36.702410          4.30          -468.361326          3.52           -3.985459         -468.367678          3.27                0.01         
CONF2278       -36.702400          4.30          -468.362879          2.54           -3.989186         -468.369236          2.29                0.04         
CONF2288       -36.702347          4.34          -468.360859          3.81           -4.008879         -468.367248          3.54                0.00         
CONF2291       -36.702454          4.27          -468.361808          3.21           -3.940146         -468.368087          3.01                0.01         
CONF2297       -36.702284          4.38          -468.360943          3.76           -4.038805         -468.367380          3.45                0.01         
CONF2298       -36.703448          3.65          -468.361431          3.45           -3.307371         -468.366702          3.88                0.00         
CONF2300       -36.702269          4.39          -468.360783          3.86           -4.045427         -468.367230          3.55                0.00         
CONF2303       -36.702329          4.35          -468.360676          3.93           -4.003276         -468.367055          3.66                0.00         
CONF2305       -36.702380          4.32          -468.362808          2.59           -3.967781         -468.369131          2.35                0.04         
CONF2313       -36.702337          4.34          -468.361390          3.48           -3.985094         -468.367741          3.23                0.01         
CONF2316       -36.702484          4.25          -468.361455          3.44           -3.883555         -468.367644          3.29                0.01         
CONF2318       -36.702271          4.39          -468.361897          3.16           -4.014060         -468.368293          2.88                0.01         
CONF2319       -36.702283          4.38          -468.362693          2.66           -4.005338         -468.369076          2.39                0.03         
CONF2320       -36.702278          4.38          -468.362023          3.08           -4.007336         -468.368409          2.81                0.02         
CONF2322       -36.702255          4.40          -468.361131          3.64           -4.016172         -468.367531          3.36                0.01         
CONF2328       -36.702307          4.36          -468.360987          3.73           -3.975883         -468.367323          3.49                0.01         
CONF2330       -36.702237          4.41          -468.361123          3.64           -4.017666         -468.367526          3.36                0.01         
CONF2332       -36.702237          4.41          -468.361561          3.37           -4.016488         -468.367962          3.09                0.01         
CONF2335       -36.702309          4.36          -468.361810          3.21           -3.967169         -468.368132          2.98                0.01         
CONF2337       -36.702213          4.42          -468.360750          3.88           -4.025942         -468.367166          3.59                0.00         
CONF2339       -36.702386          4.31          -468.361618          3.33           -3.915023         -468.367857          3.15                0.01         
CONF2343       -36.702375          4.32          -468.361677          3.30           -3.914382         -468.367915          3.12                0.01         
CONF2345       -36.702213          4.42          -468.361175          3.61           -4.018725         -468.367579          3.33                0.01         
CONF2347       -36.702210          4.42          -468.361927          3.14           -4.014511         -468.368325          2.86                0.02         
CONF2353       -36.702312          4.36          -468.360298          4.16           -3.943323         -468.366583          3.95                0.00         
CONF2365       -36.702100          4.49          -468.360421          4.09           -4.055617         -468.366884          3.76                0.00         
CONF2371       -36.702165          4.45          -468.362735          2.63           -4.007838         -468.369122          2.36                0.04         
CONF2381       -36.702252          4.40          -468.360764          3.87           -3.958947         -468.367073          3.64                0.00         
CONF2385       -36.702165          4.45          -468.361850          3.19           -3.989415         -468.368208          2.93                0.01         
CONF2387       -36.702090          4.50          -468.360878          3.80           -4.033108         -468.367305          3.50                0.01         
CONF2388       -36.703966          3.32          -468.362518          2.77           -2.852470         -468.367064          3.65                0.00         
CONF2400       -36.702175          4.45          -468.362036          3.07           -3.954987         -468.368338          2.85                0.02         
CONF2405       -36.702140          4.47          -468.360928          3.77           -3.962103         -468.367243          3.54                0.00         
CONF2409       -36.702200          4.43          -468.362751          2.62           -3.921594         -468.369000          2.44                0.03         
CONF2411       -36.702099          4.49          -468.360668          3.93           -3.981939         -468.367014          3.68                0.00         
CONF2414       -36.702161          4.45          -468.362058          3.06           -3.935530         -468.368330          2.86                0.02         
CONF2415       -36.701979          4.57          -468.360567          3.99           -4.048927         -468.367020          3.68                0.00         
CONF2418       -36.701996          4.56          -468.361039          3.70           -4.032419         -468.367465          3.40                0.01         
CONF2419       -36.702039          4.53          -468.361941          3.13           -4.005253         -468.368324          2.86                0.02         
CONF2427       -36.702040          4.53          -468.361526          3.39           -3.992998         -468.367889          3.13                0.01         
CONF2429       -36.701944          4.59          -468.360281          4.17           -4.050942         -468.366736          3.86                0.00         
CONF2432       -36.702021          4.54          -468.361884          3.17           -3.994895         -468.368251          2.91                0.01         
CONF2433       -36.702108          4.49          -468.361538          3.38           -3.940736         -468.367818          3.18                0.01         
CONF2439       -36.702116          4.48          -468.360354          4.13           -3.929631         -468.366616          3.93                0.00         
CONF2443       -36.702007          4.55          -468.361472          3.43           -3.989550         -468.367830          3.17                0.01         
CONF2444       -36.702117          4.48          -468.360314          4.15           -3.918620         -468.366558          3.97                0.00         
CONF2449       -36.702098          4.49          -468.361744          3.26           -3.941874         -468.368026          3.05                0.01         
CONF2455       -36.701904          4.62          -468.360270          4.18           -4.035213         -468.366700          3.88                0.00         
CONF2458       -36.701961          4.58          -468.361510          3.40           -3.994896         -468.367876          3.14                0.01         
CONF2462       -36.702001          4.55          -468.361356          3.50           -3.963983         -468.367673          3.27                0.01         
CONF2464       -36.701900          4.62          -468.361024          3.71           -4.020227         -468.367431          3.42                0.01         
CONF2467       -36.701866          4.64          -468.360218          4.21           -4.035495         -468.366649          3.91                0.00         
CONF2468       -36.701976          4.57          -468.361019          3.71           -3.964875         -468.367338          3.48                0.01         
CONF2478       -36.701878          4.63          -468.360709          3.90           -4.014608         -468.367107          3.62                0.00         
CONF2479       -36.701914          4.61          -468.360652          3.94           -3.991508         -468.367013          3.68                0.00         
CONF2485       -36.701918          4.61          -468.360660          3.94           -3.987491         -468.367015          3.68                0.00         
CONF2486       -36.701840          4.66          -468.360395          4.10           -4.035068         -468.366825          3.80                0.00         
CONF2491       -36.701943          4.59          -468.360933          3.76           -3.964981         -468.367251          3.53                0.00         
CONF2492       -36.701954          4.58          -468.361000          3.72           -3.956868         -468.367306          3.50                0.01         
CONF2494       -36.701916          4.61          -468.360744          3.88           -3.978112         -468.367083          3.64                0.00         
CONF2495       -36.701876          4.63          -468.360285          4.17           -4.002537         -468.366664          3.90                0.00         
CONF2497       -36.701910          4.61          -468.360659          3.94           -3.979834         -468.367001          3.69                0.00         
CONF2499       -36.701951          4.59          -468.360659          3.94           -3.954223         -468.366960          3.72                0.00         
CONF2500       -36.701948          4.59          -468.360571          3.99           -3.954084         -468.366872          3.77                0.00         
CONF2526       -36.701818          4.67          -468.360282          4.17           -3.993614         -468.366646          3.91                0.00         
CONF2528       -36.701770          4.70          -468.360749          3.88           -4.020778         -468.367157          3.59                0.00         
CONF2540       -36.701808          4.68          -468.361048          3.69           -3.987941         -468.367403          3.44                0.01         
CONF2547       -36.701782          4.69          -468.360263          4.18           -3.997221         -468.366633          3.92                0.00         
CONF2548       -36.701755          4.71          -468.360317          4.15           -4.012273         -468.366711          3.87                0.00         
CONF2555       -36.701776          4.70          -468.361139          3.63           -3.984551         -468.367489          3.38                0.01         
CONF2556       -36.701701          4.74          -468.360719          3.90           -4.031140         -468.367143          3.60                0.00         
CONF2557       -36.701819          4.67          -468.360497          4.04           -3.956539         -468.366802          3.81                0.00         
CONF2574       -36.701651          4.77          -468.360621          3.96           -4.033553         -468.367049          3.66                0.00         
CONF2578       -36.701934          4.60          -468.361932          3.14           -3.847825         -468.368064          3.02                0.01         
CONF2579       -36.701695          4.75          -468.360146          4.26           -3.996596         -468.366515          3.99                0.00         
CONF2582       -36.701801          4.68          -468.360862          3.81           -3.928599         -468.367123          3.61                0.00         
CONF2587       -36.701774          4.70          -468.360421          4.09           -3.940023         -468.366700          3.88                0.00         
CONF2594       -36.701742          4.72          -468.361254          3.56           -3.953277         -468.367554          3.34                0.01         
CONF2609       -36.701572          4.82          -468.360437          4.08           -4.028749         -468.366857          3.78                0.00         
CONF2615       -36.701715          4.73          -468.360912          3.78           -3.931072         -468.367176          3.58                0.00         
CONF2627       -36.701694          4.75          -468.361870          3.18           -3.929812         -468.368132          2.98                0.01         
CONF2632       -36.701623          4.79          -468.360385          4.11           -3.972977         -468.366716          3.87                0.00         
CONF2646       -36.701623          4.79          -468.361504          3.41           -3.950094         -468.367799          3.19                0.01         
CONF2651       -36.702137          4.47          -468.362122          3.02           -3.622712         -468.367895          3.13                0.01         
CONF2659       -36.701476          4.88          -468.360386          4.11           -4.027176         -468.366804          3.81                0.00         
CONF2665       -36.701534          4.85          -468.360467          4.06           -3.986015         -468.366819          3.80                0.00         
CONF2690       -36.701621          4.79          -468.361562          3.37           -3.889989         -468.367761          3.21                0.01         
CONF2702       -36.701443          4.90          -468.360545          4.01           -3.988083         -468.366901          3.75                0.00         
CONF2710       -36.701492          4.87          -468.360426          4.08           -3.947917         -468.366718          3.87                0.00         
CONF2723       -36.701361          4.96          -468.360264          4.18           -4.011437         -468.366656          3.91                0.00         
CONF2745       -36.701318          4.98          -468.362149          3.00           -3.986381         -468.368502          2.75                0.02         
CONF2771       -36.701303          4.99          -468.361077          3.67           -3.960625         -468.367389          3.45                0.01         
CONF2772       -36.701343          4.97          -468.360823          3.83           -3.933502         -468.367091          3.63                0.00         
CONF2782       -36.701363          4.95          -468.360606          3.97           -3.908728         -468.366835          3.79                0.00         
CONF2788       -36.701319          4.98          -468.360548          4.01           -3.926671         -468.366805          3.81                0.00         
CONF2885       -36.700970          5.20          -468.360315          4.15           -3.973497         -468.366647          3.91                0.00         
CONF2890       -36.701298          5.00          -468.360592          3.98           -3.760938         -468.366585          3.95                0.00         
CONF2958       -36.700814          5.30          -468.360301          4.16           -3.919557         -468.366548          3.97                0.00         

Boltzmann averaged free energy/enthalpy of ensemble on input geometries (not DFT optimized):
temperature /K:   avE(T) /a.u.   avG(T) /a.u.
    298.15        -464.1416352    -464.1475565     <<==part0==
----------------------------------------------------------------------------------------------------

Number of conformers:         1896
Highest ranked conformer:     CONF61


Ran prescreening in 3625.87 seconds!

----------------------------------------------------------------------------------------------------
                                             SCREENING                                              
----------------------------------------------------------------------------------------------------
    
threshold:                    3.5
func:                         r2scan-3c
basis:                        def2-tzvp
prog:                         orca
sm:                           smd
gfnv:                         gfn2
run:                          True
implicit:                     False
template:                     False


Running gsolv calculation for CONF265.
Running gsolv calculation for CONF2.
Running gsolv calculation for CONF63.
Running gsolv calculation for CONF61.
Running gsolv calculation for CONF188.
Running gsolv calculation for CONF28.
Running gsolv calculation for CONF259.
Running gsolv calculation for CONF252.
Running gsolv calculation for CONF190.
Running gsolv calculation for CONF3.
Running gsolv calculation for CONF246.
Running gsolv calculation for CONF249.
Running gsolv calculation for CONF272.
Running gsolv calculation for CONF536.
Running gsolv calculation for CONF260.
Running gsolv calculation for CONF365.
Running gsolv calculation for CONF240.
Running gsolv calculation for CONF245.
Running gsolv calculation for CONF248.
Running gsolv calculation for CONF22.
Running gsolv calculation for CONF21.
Running gsolv calculation for CONF11.
Running gsolv calculation for CONF13.
Running gsolv calculation for CONF193.
Running gsolv calculation for CONF18.
Running gsolv calculation for CONF8.
Running gsolv calculation for CONF1.
Running gsolv calculation for CONF170.
Running gsolv calculation for CONF171.
Running gsolv calculation for CONF16.
Running gsolv calculation for CONF6.
Running gsolv calculation for CONF29.
Running gsolv calculation for CONF14.
Running gsolv calculation for CONF618.
Running gsolv calculation for CONF17.
Running gsolv calculation for CONF508.
Running gsolv calculation for CONF12.
Running gsolv calculation for CONF373.
Running gsolv calculation for CONF638.
Running gsolv calculation for CONF370.
Running gsolv calculation for CONF585.
Running gsolv calculation for CONF690.
Running gsolv calculation for CONF687.
Running gsolv calculation for CONF15.
Running gsolv calculation for CONF622.
Running gsolv calculation for CONF20.
Running gsolv calculation for CONF175.
Running gsolv calculation for CONF5.
Running gsolv calculation for CONF102.
Running gsolv calculation for CONF650.
Running gsolv calculation for CONF19.
Running gsolv calculation for CONF651.
Running gsolv calculation for CONF652.
Running gsolv calculation for CONF674.
Running gsolv calculation for CONF730.
Running gsolv calculation for CONF653.
Running gsolv calculation for CONF596.
Running gsolv calculation for CONF567.
Running gsolv calculation for CONF1046.
Running gsolv calculation for CONF10.
Running gsolv calculation for CONF737.
Running gsolv calculation for CONF753.
Running gsolv calculation for CONF1040.
Running gsolv calculation for CONF614.
Running gsolv calculation for CONF162.
Running gsolv calculation for CONF512.
Running gsolv calculation for CONF1054.
Running gsolv calculation for CONF649.
Running gsolv calculation for CONF164.
Running gsolv calculation for CONF1053.
Running gsolv calculation for CONF492.
Running gsolv calculation for CONF91.
Running gsolv calculation for CONF100.
Running gsolv calculation for CONF86.
Running gsolv calculation for CONF629.
Running gsolv calculation for CONF89.
Running gsolv calculation for CONF1059.
Running gsolv calculation for CONF630.
Running gsolv calculation for CONF1042.
Running gsolv calculation for CONF644.
Running gsolv calculation for CONF628.
Running gsolv calculation for CONF573.
Running gsolv calculation for CONF437.
Running gsolv calculation for CONF177.
Running gsolv calculation for CONF531.
Running gsolv calculation for CONF7.
Running gsolv calculation for CONF754.
Running gsolv calculation for CONF726.
Running gsolv calculation for CONF1000.
Running gsolv calculation for CONF741.
Running gsolv calculation for CONF568.
Running gsolv calculation for CONF764.
Running gsolv calculation for CONF580.
Running gsolv calculation for CONF571.
Running gsolv calculation for CONF1007.
Running gsolv calculation for CONF637.
Running gsolv calculation for CONF555.
Running gsolv calculation for CONF527.
Running gsolv calculation for CONF449.
Running gsolv calculation for CONF948.
Running gsolv calculation for CONF605.
Running gsolv calculation for CONF604.
Running gsolv calculation for CONF120.
Running gsolv calculation for CONF503.
Running gsolv calculation for CONF714.
Running gsolv calculation for CONF67.
Running gsolv calculation for CONF138.
Running gsolv calculation for CONF42.
Running gsolv calculation for CONF117.
Running gsolv calculation for CONF83.
Running gsolv calculation for CONF49.
Running gsolv calculation for CONF606.
Running gsolv calculation for CONF701.
Running gsolv calculation for CONF115.
Running gsolv calculation for CONF654.
Running gsolv calculation for CONF535.
Running gsolv calculation for CONF504.
Running gsolv calculation for CONF82.
Running gsolv calculation for CONF122.
Running gsolv calculation for CONF608.
Running gsolv calculation for CONF715.
Running gsolv calculation for CONF945.
Running gsolv calculation for CONF613.
Running gsolv calculation for CONF509.
Running gsolv calculation for CONF94.
Running gsolv calculation for CONF124.
Running gsolv calculation for CONF625.
Running gsolv calculation for CONF760.
Running gsolv calculation for CONF118.
Running gsolv calculation for CONF479.
Running gsolv calculation for CONF451.
Running gsolv calculation for CONF64.
Running gsolv calculation for CONF610.
Running gsolv calculation for CONF113.
Running gsolv calculation for CONF611.
Running gsolv calculation for CONF92.
Running gsolv calculation for CONF157.
Running gsolv calculation for CONF736.
Running gsolv calculation for CONF994.
Running gsolv calculation for CONF683.
Running gsolv calculation for CONF123.
Running gsolv calculation for CONF54.
Running gsolv calculation for CONF50.
Running gsolv calculation for CONF520.
Running gsolv calculation for CONF105.
Running gsolv calculation for CONF1113.
Running gsolv calculation for CONF713.
Running gsolv calculation for CONF603.
Running gsolv calculation for CONF106.
Running gsolv calculation for CONF36.
Running gsolv calculation for CONF90.
Running gsolv calculation for CONF31.
Running gsolv calculation for CONF457.
Running gsolv calculation for CONF505.
Running gsolv calculation for CONF85.
Running gsolv calculation for CONF640.
Running gsolv calculation for CONF59.
Running gsolv calculation for CONF155.
Running gsolv calculation for CONF258.
Running gsolv calculation for CONF77.
Running gsolv calculation for CONF74.
Running gsolv calculation for CONF546.
Running gsolv calculation for CONF132.
Running gsolv calculation for CONF1155.
Running gsolv calculation for CONF261.
Running gsolv calculation for CONF93.
Running gsolv calculation for CONF111.
Running gsolv calculation for CONF70.
Running gsolv calculation for CONF34.
Running gsolv calculation for CONF482.
Running gsolv calculation for CONF48.
Running gsolv calculation for CONF47.
Running gsolv calculation for CONF37.
Running gsolv calculation for CONF691.
Running gsolv calculation for CONF510.
Running gsolv calculation for CONF1074.
Running gsolv calculation for CONF79.
Running gsolv calculation for CONF33.
Running gsolv calculation for CONF9.
Running gsolv calculation for CONF25.
Running gsolv calculation for CONF125.
Running gsolv calculation for CONF1418.
Running gsolv calculation for CONF112.
Running gsolv calculation for CONF1105.
Running gsolv calculation for CONF476.
Running gsolv calculation for CONF547.
Running gsolv calculation for CONF71.
Running gsolv calculation for CONF95.
Running gsolv calculation for CONF30.
Running gsolv calculation for CONF78.
Running gsolv calculation for CONF75.
Running gsolv calculation for CONF114.
Running gsolv calculation for CONF119.
Running gsolv calculation for CONF1003.
Running gsolv calculation for CONF60.
Running gsolv calculation for CONF140.
Running gsolv calculation for CONF109.
Running gsolv calculation for CONF110.
Running gsolv calculation for CONF486.
Running gsolv calculation for CONF26.
Running gsolv calculation for CONF134.
Running gsolv calculation for CONF96.
Running gsolv calculation for CONF473.
Running gsolv calculation for CONF139.
Running gsolv calculation for CONF121.
Running gsolv calculation for CONF68.
Running gsolv calculation for CONF66.
Running gsolv calculation for CONF1129.
Running gsolv calculation for CONF144.
Running gsolv calculation for CONF103.
Running gsolv calculation for CONF313.
Running gsolv calculation for CONF126.
Running gsolv calculation for CONF952.
Running gsolv calculation for CONF107.
Running gsolv calculation for CONF615.
Running gsolv calculation for CONF946.
Running gsolv calculation for CONF1124.
Running gsolv calculation for CONF513.
Running gsolv calculation for CONF976.
Running gsolv calculation for CONF133.
Running gsolv calculation for CONF1247.
Running gsolv calculation for CONF1250.
Running gsolv calculation for CONF338.
Running gsolv calculation for CONF1222.
Running gsolv calculation for CONF325.
Running gsolv calculation for CONF1139.
Running gsolv calculation for CONF521.
Running gsolv calculation for CONF915.
Running gsolv calculation for CONF324.
Running gsolv calculation for CONF1020.
Running gsolv calculation for CONF438.
Running gsolv calculation for CONF480.
Running gsolv calculation for CONF1342.
Running gsolv calculation for CONF1043.
Running gsolv calculation for CONF62.
Running gsolv calculation for CONF484.
Running gsolv calculation for CONF327.
Running gsolv calculation for CONF4.
Running gsolv calculation for CONF218.
Running gsolv calculation for CONF131.
Running gsolv calculation for CONF211.
Running gsolv calculation for CONF232.
Running gsolv calculation for CONF129.
Running gsolv calculation for CONF57.
Running gsolv calculation for CONF1012.
Running gsolv calculation for CONF429.
Running gsolv calculation for CONF128.
Running gsolv calculation for CONF216.
Running gsolv calculation for CONF1145.
Running gsolv calculation for CONF130.
Running gsolv calculation for CONF207.
Running gsolv calculation for CONF148.
Running gsolv calculation for CONF1147.
Running gsolv calculation for CONF441.
Running gsolv calculation for CONF46.
Running gsolv calculation for CONF143.
Running gsolv calculation for CONF332.
Running gsolv calculation for CONF43.
Running gsolv calculation for CONF69.
Running gsolv calculation for CONF844.
Running gsolv calculation for CONF544.
Running gsolv calculation for CONF101.
Running gsolv calculation for CONF1009.
Running gsolv calculation for CONF1759.
Running gsolv calculation for CONF1201.
Running gsolv calculation for CONF136.
Running gsolv calculation for CONF319.
Running gsolv calculation for CONF1169.
Running gsolv calculation for CONF32.
Running gsolv calculation for CONF55.
Running gsolv calculation for CONF1187.
Running gsolv calculation for CONF1173.
Running gsolv calculation for CONF344.
Running gsolv calculation for CONF1209.
Running gsolv calculation for CONF333.
Running gsolv calculation for CONF1172.
Running gsolv calculation for CONF993.
Running gsolv calculation for CONF51.
Running gsolv calculation for CONF285.
Running gsolv calculation for CONF108.
Running gsolv calculation for CONF99.
Running gsolv calculation for CONF348.
Running gsolv calculation for CONF1010.
Running gsolv calculation for CONF1519.
Running gsolv calculation for CONF142.
Running gsolv calculation for CONF39.
Running gsolv calculation for CONF861.
Running gsolv calculation for CONF961.
Running gsolv calculation for CONF331.
Running gsolv calculation for CONF1200.
Running gsolv calculation for CONF153.
Running gsolv calculation for CONF267.
Running gsolv calculation for CONF978.
Running gsolv calculation for CONF345.
Running gsolv calculation for CONF502.
Running gsolv calculation for CONF371.
Running gsolv calculation for CONF141.
Running gsolv calculation for CONF84.
Running gsolv calculation for CONF1564.
Running gsolv calculation for CONF1128.
Running gsolv calculation for CONF221.
Running gsolv calculation for CONF804.
Running gsolv calculation for CONF1563.
Running gsolv calculation for CONF65.
Running gsolv calculation for CONF1397.
Running gsolv calculation for CONF127.
Running gsolv calculation for CONF337.
Running gsolv calculation for CONF346.
Running gsolv calculation for CONF200.
Running gsolv calculation for CONF27.
Running gsolv calculation for CONF87.
Running gsolv calculation for CONF1291.
Running gsolv calculation for CONF350.
Running gsolv calculation for CONF1135.
 WARNING  - Job for CONF87 failed. Stderr output:
[file orca_tools/Tool-GTO-Bases/basissets.cpp, line 820]: TBasisList: Unable to read number of basis sets!

[file orca_tools/Tool-GTO-Bases/basissets.cpp, line 820]: TBasisList: Unable to read number of basis sets!

[file orca_tools/Tool-GTO-Bases/basissets.cpp, line 820]: TBasisList: Unable to read number of basis sets!


Running gsolv calculation for CONF135.
Running gsolv calculation for CONF1579.
Running gsolv calculation for CONF1160.
Running gsolv calculation for CONF367.
Running gsolv calculation for CONF1279.
 WARNING  - Job for CONF267 failed. Stderr output:
[file orca_tools/Tool-GTO-Bases/basissets.cpp, line 513]: Unable to write data in TBasis::WriteElement!

 WARNING  - Job for CONF1291 failed. Stderr output:
[file orca_tools/Tool-GTO-Bases/basissets.cpp, line 820]: TBasisList: Unable to read number of basis sets!

[file orca_tools/Tool-GTO-Bases/basissets.cpp, line 820]: TBasisList: Unable to read number of basis sets!

[file orca_tools/Tool-GTO-Bases/basissets.cpp, line 820]: TBasisList: Unable to read number of basis sets!


Running gsolv calculation for CONF335.
Running gsolv calculation for CONF1097.
Running gsolv calculation for CONF215.
Running gsolv calculation for CONF341.
Running gsolv calculation for CONF339.
Running gsolv calculation for CONF991.
Running gsolv calculation for CONF152.
Running gsolv calculation for CONF235.
Running gsolv calculation for CONF972.
Running gsolv calculation for CONF1640.
Running gsolv calculation for CONF1515.
Running gsolv calculation for CONF1232.
Running gsolv calculation for CONF45.
Running gsolv calculation for CONF1795.
Running gsolv calculation for CONF1791.
Running gsolv calculation for CONF255.
Running gsolv calculation for CONF1223.
Running gsolv calculation for CONF855.
Running gsolv calculation for CONF986.
Running gsolv calculation for CONF1353.
Running gsolv calculation for CONF1277.
Running gsolv calculation for CONF297.
Running gsolv calculation for CONF857.
Running gsolv calculation for CONF239.
Running gsolv calculation for CONF1388.
Running gsolv calculation for CONF783.
Running gsolv calculation for CONF1185.
Running gsolv calculation for CONF233.
Running gsolv calculation for CONF1235.
Running gsolv calculation for CONF194.
Running gsolv calculation for CONF1654.
Running gsolv calculation for CONF104.
Running gsolv calculation for CONF262.
Running gsolv calculation for CONF1324.
Running gsolv calculation for CONF213.
Running gsolv calculation for CONF116.
Running gsolv calculation for CONF169.
Running gsolv calculation for CONF44.
Running gsolv calculation for CONF98.
Running gsolv calculation for CONF347.
Running gsolv calculation for CONF387.
Running gsolv calculation for CONF40.
Running gsolv calculation for CONF1652.
Running gsolv calculation for CONF1011.
Running gsolv calculation for CONF776.
Running gsolv calculation for CONF1082.
Running gsolv calculation for CONF1228.
Running gsolv calculation for CONF23.
Running gsolv calculation for CONF1246.
Running gsolv calculation for CONF1215.
Running gsolv calculation for CONF402.
Running gsolv calculation for CONF168.
Running gsolv calculation for CONF219.
Running gsolv calculation for CONF80.
Running gsolv calculation for CONF41.
Running gsolv calculation for CONF271.
Running gsolv calculation for CONF1068.
Running gsolv calculation for CONF199.
Running gsolv calculation for CONF1934.
Running gsolv calculation for CONF38.
Running gsolv calculation for CONF72.
Running gsolv calculation for CONF1273.
Running gsolv calculation for CONF1051.
Running gsolv calculation for CONF35.
Running gsolv calculation for CONF88.
Running gsolv calculation for CONF1055.
Running gsolv calculation for CONF947.
Running gsolv calculation for CONF980.
Running gsolv calculation for CONF1252.
Running gsolv calculation for CONF384.
Running gsolv calculation for CONF81.
Running gsolv calculation for CONF1191.
Running gsolv calculation for CONF268.
Running gsolv calculation for CONF369.
Running gsolv calculation for CONF270.
Running gsolv calculation for CONF1125.
Running gsolv calculation for CONF435.
Running gsolv calculation for CONF1522.
Running gsolv calculation for CONF205.
Running gsolv calculation for CONF204.
Running gsolv calculation for CONF295.
Running gsolv calculation for CONF73.
Running gsolv calculation for CONF1118.
Running gsolv calculation for CONF1743.
Running gsolv calculation for CONF254.
Running gsolv calculation for CONF284.
Running gsolv calculation for CONF1197.
Running gsolv calculation for CONF1467.
Running gsolv calculation for CONF24.
Running gsolv calculation for CONF1193.
Running gsolv calculation for CONF864.
Running gsolv calculation for CONF963.
Running gsolv calculation for CONF394.
Running gsolv calculation for CONF166.
Running gsolv calculation for CONF305.
Running gsolv calculation for CONF984.
Running gsolv calculation for CONF167.
Running gsolv calculation for CONF1116.
Running gsolv calculation for CONF398.
Running gsolv calculation for CONF1513.
Running gsolv calculation for CONF264.
Running gsolv calculation for CONF1239.
Running gsolv calculation for CONF1289.
Running gsolv calculation for CONF1459.
Running gsolv calculation for CONF228.
Running gsolv calculation for CONF386.
Running gsolv calculation for CONF281.
Running gsolv calculation for CONF1817.
Running gsolv calculation for CONF911.
Running gsolv calculation for CONF355.
Running gsolv calculation for CONF773.
Running gsolv calculation for CONF1622.
Running gsolv calculation for CONF1166.
Running gsolv calculation for CONF374.
Running gsolv calculation for CONF385.
Running gsolv calculation for CONF1538.
Running gsolv calculation for CONF290.
Running gsolv calculation for CONF490.
Running gsolv calculation for CONF865.
Running gsolv calculation for CONF1624.
Running gsolv calculation for CONF389.
Running gsolv calculation for CONF997.
Running gsolv calculation for CONF1663.
Running gsolv calculation for CONF426.
Running gsolv calculation for CONF897.
Running gsolv calculation for CONF234.
Running gsolv calculation for CONF1367.
Running gsolv calculation for CONF97.
Running gsolv calculation for CONF887.
Running gsolv calculation for CONF174.
Running gsolv calculation for CONF422.
Running gsolv calculation for CONF1257.
Running gsolv calculation for CONF1221.
Running gsolv calculation for CONF1730.
Running gsolv calculation for CONF410.
Running gsolv calculation for CONF877.
Running gsolv calculation for CONF448.
Running gsolv calculation for CONF176.
Running gsolv calculation for CONF359.
Running gsolv calculation for CONF1765.
Running gsolv calculation for CONF716.
Running gsolv calculation for CONF340.
Running gsolv calculation for CONF1625.
Running gsolv calculation for CONF56.
Running gsolv calculation for CONF415.
Running gsolv calculation for CONF890.
Running gsolv calculation for CONF266.
Running gsolv calculation for CONF401.
Running gsolv calculation for CONF417.
Running gsolv calculation for CONF395.
Running gsolv calculation for CONF1237.
Running gsolv calculation for CONF58.
Running gsolv calculation for CONF409.
Running gsolv calculation for CONF318.
Running gsolv calculation for CONF287.
Running gsolv calculation for CONF1266.
Running gsolv calculation for CONF933.
Running gsolv calculation for CONF883.
Running gsolv calculation for CONF1262.
Running gsolv calculation for CONF298.
Running gsolv calculation for CONF244.
Running gsolv calculation for CONF506.
Running gsolv calculation for CONF895.
Running gsolv calculation for CONF1592.
Running gsolv calculation for CONF707.
Running gsolv calculation for CONF468.
Running gsolv calculation for CONF959.
Running gsolv calculation for CONF360.
Running gsolv calculation for CONF291.
Running gsolv calculation for CONF1311.
Running gsolv calculation for CONF1476.
Running gsolv calculation for CONF1477.
Running gsolv calculation for CONF1178.
Running gsolv calculation for CONF1507.
Running gsolv calculation for CONF351.
Running gsolv calculation for CONF154.
Running gsolv calculation for CONF210.
Running gsolv calculation for CONF1137.
Running gsolv calculation for CONF1385.
Running gsolv calculation for CONF276.
Running gsolv calculation for CONF1618.
Running gsolv calculation for CONF1573.
Running gsolv calculation for CONF1261.
Running gsolv calculation for CONF1204.
Running gsolv calculation for CONF362.
Running gsolv calculation for CONF1203.
Running gsolv calculation for CONF372.
Running gsolv calculation for CONF1783.
Running gsolv calculation for CONF465.
Running gsolv calculation for CONF798.
Running gsolv calculation for CONF1738.
Running gsolv calculation for CONF411.
Running gsolv calculation for CONF322.
Running gsolv calculation for CONF1078.
Running gsolv calculation for CONF308.
Running gsolv calculation for CONF1782.
Running gsolv calculation for CONF1638.
Running gsolv calculation for CONF2101.
Running gsolv calculation for CONF1528.
Running gsolv calculation for CONF159.
Running gsolv calculation for CONF487.
Running gsolv calculation for CONF880.
Running gsolv calculation for CONF1487.
Running gsolv calculation for CONF321.
Running gsolv calculation for CONF1156.
Running gsolv calculation for CONF1740.
Running gsolv calculation for CONF528.
Running gsolv calculation for CONF1430.
Running gsolv calculation for CONF1781.
Running gsolv calculation for CONF1357.
Running gsolv calculation for CONF316.
Running gsolv calculation for CONF280.
Running gsolv calculation for CONF1281.
Running gsolv calculation for CONF208.
Running gsolv calculation for CONF1278.
Running gsolv calculation for CONF329.
Running gsolv calculation for CONF201.
Running gsolv calculation for CONF1554.
Running gsolv calculation for CONF1303.
Running gsolv calculation for CONF300.
Running gsolv calculation for CONF635.
Running gsolv calculation for CONF156.
Running gsolv calculation for CONF1120.
Running gsolv calculation for CONF581.
Running gsolv calculation for CONF1840.
Running gsolv calculation for CONF150.
Running gsolv calculation for CONF334.
Running gsolv calculation for CONF289.
Running gsolv calculation for CONF634.
Running gsolv calculation for CONF1593.
Running gsolv calculation for CONF1254.
Running gsolv calculation for CONF330.
Running gsolv calculation for CONF310.
Running gsolv calculation for CONF209.
Running gsolv calculation for CONF841.
Running gsolv calculation for CONF1585.
Running gsolv calculation for CONF574.
Running gsolv calculation for CONF1335.
Running gsolv calculation for CONF292.
Running gsolv calculation for CONF1190.
Running gsolv calculation for CONF469.
Running gsolv calculation for CONF525.
Running gsolv calculation for CONF151.
Running gsolv calculation for CONF304.
Running gsolv calculation for CONF416.
Running gsolv calculation for CONF312.
Running gsolv calculation for CONF582.
Running gsolv calculation for CONF222.
Running gsolv calculation for CONF278.
Running gsolv calculation for CONF303.
Running gsolv calculation for CONF471.
Running gsolv calculation for CONF196.
Running gsolv calculation for CONF1715.
Running gsolv calculation for CONF1127.
Running gsolv calculation for CONF361.
Running gsolv calculation for CONF731.
Running gsolv calculation for CONF526.
Running gsolv calculation for CONF717.
Running gsolv calculation for CONF1971.
Running gsolv calculation for CONF455.
Running gsolv calculation for CONF320.
Running gsolv calculation for CONF1305.
Running gsolv calculation for CONF2015.
Running gsolv calculation for CONF377.
Running gsolv calculation for CONF1406.
Running gsolv calculation for CONF1584.
Running gsolv calculation for CONF1586.
Running gsolv calculation for CONF364.
Running gsolv calculation for CONF183.
Running gsolv calculation for CONF1199.
Running gsolv calculation for CONF424.
Running gsolv calculation for CONF1835.
Running gsolv calculation for CONF1123.
Running gsolv calculation for CONF161.
Running gsolv calculation for CONF1304.
Running gsolv calculation for CONF299.
Running gsolv calculation for CONF317.
Running gsolv calculation for CONF404.
Running gsolv calculation for CONF257.
Running gsolv calculation for CONF160.
Running gsolv calculation for CONF1383.
Running gsolv calculation for CONF1307.
Running gsolv calculation for CONF1605.
Running gsolv calculation for CONF1101.
Running gsolv calculation for CONF137.
Running gsolv calculation for CONF742.
Running gsolv calculation for CONF488.
Running gsolv calculation for CONF467.
Running gsolv calculation for CONF729.
Running gsolv calculation for CONF853.
Running gsolv calculation for CONF1039.
Running gsolv calculation for CONF217.
Running gsolv calculation for CONF378.
Running gsolv calculation for CONF192.
Running gsolv calculation for CONF1384.
Running gsolv calculation for CONF1726.
Running gsolv calculation for CONF376.
Running gsolv calculation for CONF427.
Running gsolv calculation for CONF375.
Running gsolv calculation for CONF379.
Running gsolv calculation for CONF858.
Running gsolv calculation for CONF283.
Running gsolv calculation for CONF917.
Running gsolv calculation for CONF698.
Running gsolv calculation for CONF242.
Running gsolv calculation for CONF1506.
Running gsolv calculation for CONF1339.
Running gsolv calculation for CONF850.
Running gsolv calculation for CONF1341.
Running gsolv calculation for CONF381.
Running gsolv calculation for CONF1393.
Running gsolv calculation for CONF326.
Running gsolv calculation for CONF2236.
Running gsolv calculation for CONF1394.
Running gsolv calculation for CONF420.
Running gsolv calculation for CONF180.
Running gsolv calculation for CONF1505.
Running gsolv calculation for CONF149.
Running gsolv calculation for CONF52.
Running gsolv calculation for CONF53.
Running gsolv calculation for CONF1930.
Running gsolv calculation for CONF744.
Running gsolv calculation for CONF599.
Running gsolv calculation for CONF184.
Running gsolv calculation for CONF1092.
Running gsolv calculation for CONF181.
Running gsolv calculation for CONF745.
Running gsolv calculation for CONF1850.
Running gsolv calculation for CONF406.
Running gsolv calculation for CONF466.
Running gsolv calculation for CONF202.
Running gsolv calculation for CONF985.
Running gsolv calculation for CONF243.
Running gsolv calculation for CONF1326.
Running gsolv calculation for CONF250.
Running gsolv calculation for CONF542.
Running gsolv calculation for CONF349.
Running gsolv calculation for CONF750.
Running gsolv calculation for CONF1280.
Running gsolv calculation for CONF1662.
Running gsolv calculation for CONF1057.
Running gsolv calculation for CONF263.
Running gsolv calculation for CONF1533.
Running gsolv calculation for CONF185.
Running gsolv calculation for CONF1415.
Running gsolv calculation for CONF354.
Running gsolv calculation for CONF421.
Running gsolv calculation for CONF870.
Running gsolv calculation for CONF238.
Running gsolv calculation for CONF405.
Running gsolv calculation for CONF302.
Running gsolv calculation for CONF352.
Running gsolv calculation for CONF163.
Running gsolv calculation for CONF206.
Running gsolv calculation for CONF418.
Running gsolv calculation for CONF390.
Running gsolv calculation for CONF1294.
Running gsolv calculation for CONF632.
Running gsolv calculation for CONF612.
Running gsolv calculation for CONF2278.
Running gsolv calculation for CONF875.
Running gsolv calculation for CONF863.
Running gsolv calculation for CONF198.
Running gsolv calculation for CONF507.
Running gsolv calculation for CONF400.
Running gsolv calculation for CONF203.
Running gsolv calculation for CONF705.
Running gsolv calculation for CONF146.
Running gsolv calculation for CONF397.
Running gsolv calculation for CONF1830.
Running gsolv calculation for CONF494.
Running gsolv calculation for CONF598.
Running gsolv calculation for CONF1906.
Running gsolv calculation for CONF165.
Running gsolv calculation for CONF971.
Running gsolv calculation for CONF493.
Running gsolv calculation for CONF1371.
Running gsolv calculation for CONF145.
Running gsolv calculation for CONF461.
Running gsolv calculation for CONF412.
Running gsolv calculation for CONF212.
Running gsolv calculation for CONF403.
Running gsolv calculation for CONF894.
Running gsolv calculation for CONF230.
Running gsolv calculation for CONF862.
Running gsolv calculation for CONF2117.
Running gsolv calculation for CONF602.
Running gsolv calculation for CONF464.
Running gsolv calculation for CONF1549.
Running gsolv calculation for CONF1452.
Running gsolv calculation for CONF358.
Running gsolv calculation for CONF306.
Running gsolv calculation for CONF475.
Running gsolv calculation for CONF686.
Running gsolv calculation for CONF286.
Running gsolv calculation for CONF538.
Running gsolv calculation for CONF450.
Running gsolv calculation for CONF76.
Running gsolv calculation for CONF522.
Running gsolv calculation for CONF231.
Running gsolv calculation for CONF356.
Running gsolv calculation for CONF366.
Running gsolv calculation for CONF851.
Running gsolv calculation for CONF1847.
Running gsolv calculation for CONF336.
Running gsolv calculation for CONF600.
Running gsolv calculation for CONF1918.
Running gsolv calculation for CONF434.
Running gsolv calculation for CONF617.
Running gsolv calculation for CONF2192.
Running gsolv calculation for CONF459.
Running gsolv calculation for CONF1742.
Running gsolv calculation for CONF1323.
Running gsolv calculation for CONF1084.
Running gsolv calculation for CONF873.
Running gsolv calculation for CONF419.
Running gsolv calculation for CONF1911.
Running gsolv calculation for CONF251.
Running gsolv calculation for CONF1409.
Running gsolv calculation for CONF532.
Running gsolv calculation for CONF1442.
Running gsolv calculation for CONF343.
Running gsolv calculation for CONF431.
Running gsolv calculation for CONF939.
Running gsolv calculation for CONF456.
Running gsolv calculation for CONF353.
Running gsolv calculation for CONF1800.
Running gsolv calculation for CONF197.
Running gsolv calculation for CONF1420.
Running gsolv calculation for CONF423.
Running gsolv calculation for CONF725.
Running gsolv calculation for CONF460.
Running gsolv calculation for CONF433.
Running gsolv calculation for CONF472.
Running gsolv calculation for CONF498.
Running gsolv calculation for CONF1370.
Running gsolv calculation for CONF2305.
Running gsolv calculation for CONF1735.
Running gsolv calculation for CONF269.
Running gsolv calculation for CONF941.
Running gsolv calculation for CONF214.
Running gsolv calculation for CONF2371.
Running gsolv calculation for CONF1473.
Running gsolv calculation for CONF323.
Running gsolv calculation for CONF1369.
Running gsolv calculation for CONF829.
Running gsolv calculation for CONF1348.
Running gsolv calculation for CONF223.
Running gsolv calculation for CONF443.
Running gsolv calculation for CONF765.
Running gsolv calculation for CONF474.
Running gsolv calculation for CONF1368.
Running gsolv calculation for CONF1416.
Running gsolv calculation for CONF1421.
Running gsolv calculation for CONF624.
Running gsolv calculation for CONF2191.
Running gsolv calculation for CONF2262.
Running gsolv calculation for CONF173.
Running gsolv calculation for CONF1310.
Running gsolv calculation for CONF1949.
Running gsolv calculation for CONF1460.
Running gsolv calculation for CONF1614.
Running gsolv calculation for CONF147.
Running gsolv calculation for CONF274.
Running gsolv calculation for CONF1108.
Running gsolv calculation for CONF253.
Running gsolv calculation for CONF1733.
Running gsolv calculation for CONF639.
Running gsolv calculation for CONF396.
Running gsolv calculation for CONF470.
Running gsolv calculation for CONF414.
Running gsolv calculation for CONF428.
Running gsolv calculation for CONF659.
Running gsolv calculation for CONF1951.
Running gsolv calculation for CONF1870.
Running gsolv calculation for CONF363.
Running gsolv calculation for CONF626.
Running gsolv calculation for CONF368.
Running gsolv calculation for CONF996.
Running gsolv calculation for CONF643.
Running gsolv calculation for CONF452.
Running gsolv calculation for CONF1620.
Running gsolv calculation for CONF671.
Running gsolv calculation for CONF2319.
Running gsolv calculation for CONF256.
 WARNING  - Job for CONF1473 failed. Stderr output:
[file orca_tools/Tool-GTO-Bases/basissets.cpp, line 513]: Unable to write data in TBasis::WriteElement!

Running gsolv calculation for CONF818.
Running gsolv calculation for CONF1869.
Running gsolv calculation for CONF444.
Running gsolv calculation for CONF191.
Running gsolv calculation for CONF226.
Running gsolv calculation for CONF1258.
Running gsolv calculation for CONF1821.
Running gsolv calculation for CONF832.
Running gsolv calculation for CONF224.
Running gsolv calculation for CONF562.
Running gsolv calculation for CONF723.
Running gsolv calculation for CONF1732.
Running gsolv calculation for CONF1387.
Running gsolv calculation for CONF458.
Running gsolv calculation for CONF1583.
Running gsolv calculation for CONF569.
Running gsolv calculation for CONF277.
Running gsolv calculation for CONF856.
 WARNING  - Job for CONF1732 failed. Stderr output:
[file orca_tools/Tool-GTO-Bases/basissets.cpp, line 820]: TBasisList: Unable to read number of basis sets!

[file orca_tools/Tool-GTO-Bases/basissets.cpp, line 820]: TBasisList: Unable to read number of basis sets!

[file orca_tools/Tool-GTO-Bases/basissets.cpp, line 820]: TBasisList: Unable to read number of basis sets!


 WARNING  - Job for CONF458 failed. Stderr output:
[file orca_tools/Tool-GTO-Bases/basissets.cpp, line 820]: TBasisList: Unable to read number of basis sets!

[file orca_tools/Tool-GTO-Bases/basissets.cpp, line 820]: TBasisList: Unable to read number of basis sets!

[file orca_tools/Tool-GTO-Bases/basissets.cpp, line 820]: TBasisList: Unable to read number of basis sets!


Running gsolv calculation for CONF854.
Running gsolv calculation for CONF1761.
Running gsolv calculation for CONF987.
Running gsolv calculation for CONF1577.
Running gsolv calculation for CONF301.
Running gsolv calculation for CONF1006.
Running gsolv calculation for CONF998.
Running gsolv calculation for CONF697.
Running gsolv calculation for CONF393.
Running gsolv calculation for CONF392.
Running gsolv calculation for CONF1760.
Running gsolv calculation for CONF225.
Running gsolv calculation for CONF722.
Running gsolv calculation for CONF237.
Running gsolv calculation for CONF497.
Running gsolv calculation for CONF2409.
 WARNING  - Job for CONF225 failed. Stderr output:
[file orca_tools/Tool-GTO-Bases/basissets.cpp, line 820]: TBasisList: Unable to read number of basis sets!

[file orca_tools/Tool-GTO-Bases/basissets.cpp, line 820]: TBasisList: Unable to read number of basis sets!

[file orca_tools/Tool-GTO-Bases/basissets.cpp, line 820]: TBasisList: Unable to read number of basis sets!


Running gsolv calculation for CONF382.
Running gsolv calculation for CONF860.
Running gsolv calculation for CONF988.
 WARNING  - Job for CONF1006 failed. Stderr output:
[file orca_tools/Tool-GTO-Bases/basissets.cpp, line 820]: TBasisList: Unable to read number of basis sets!

[file orca_tools/Tool-GTO-Bases/basissets.cpp, line 820]: TBasisList: Unable to read number of basis sets!

[file orca_tools/Tool-GTO-Bases/basissets.cpp, line 820]: TBasisList: Unable to read number of basis sets!


 WARNING  - Job for CONF2409 failed. Stderr output:
[file orca_tools/Tool-GTO-Bases/basissets.cpp, line 820]: TBasisList: Unable to read number of basis sets!

[file orca_tools/Tool-GTO-Bases/basissets.cpp, line 820]: TBasisList: Unable to read number of basis sets!

[file orca_tools/Tool-GTO-Bases/basissets.cpp, line 820]: TBasisList: Unable to read number of basis sets!


Running gsolv calculation for CONF1763.
Running gsolv calculation for CONF808.
Running gsolv calculation for CONF275.
Running gsolv calculation for CONF1851.
Running gsolv calculation for CONF342.
Running gsolv calculation for CONF1154.
Running gsolv calculation for CONF445.
Running gsolv calculation for CONF515.
Running gsolv calculation for CONF533.
Running gsolv calculation for CONF1050.
 WARNING  - Job for CONF1154 failed. Stderr output:
[file orca_tools/Tool-GTO-Bases/basissets.cpp, line 820]: TBasisList: Unable to read number of basis sets!

[file orca_tools/Tool-GTO-Bases/basissets.cpp, line 820]: TBasisList: Unable to read number of basis sets!

[file orca_tools/Tool-GTO-Bases/basissets.cpp, line 820]: TBasisList: Unable to read number of basis sets!


 WARNING  - Job for CONF860 failed. Stderr output:
[file orca_tools/Tool-GTO-Bases/basissets.cpp, line 820]: TBasisList: Unable to read number of basis sets!

[file orca_tools/Tool-GTO-Bases/basissets.cpp, line 820]: TBasisList: Unable to read number of basis sets!

[file orca_tools/Tool-GTO-Bases/basissets.cpp, line 820]: TBasisList: Unable to read number of basis sets!


Running gsolv calculation for CONF700.
Running gsolv calculation for CONF1256.
Running gsolv calculation for CONF220.
Running gsolv calculation for CONF523.
Running gsolv calculation for CONF496.
Running gsolv calculation for CONF1819.
Running gsolv calculation for CONF189.
 WARNING  - Job for CONF523 failed. Stderr output:
[file orca_tools/Tool-GTO-Bases/basissets.cpp, line 820]: TBasisList: Unable to read number of basis sets!

[file orca_tools/Tool-GTO-Bases/basissets.cpp, line 820]: TBasisList: Unable to read number of basis sets!

[file orca_tools/Tool-GTO-Bases/basissets.cpp, line 820]: TBasisList: Unable to read number of basis sets!


Running gsolv calculation for CONF898.
Running gsolv calculation for CONF227.
 WARNING  - Job for CONF496 failed. Stderr output:
[file orca_tools/Tool-GTO-Bases/basissets.cpp, line 820]: TBasisList: Unable to read number of basis sets!

[file orca_tools/Tool-GTO-Bases/basissets.cpp, line 820]: TBasisList: Unable to read number of basis sets!

[file orca_tools/Tool-GTO-Bases/basissets.cpp, line 820]: TBasisList: Unable to read number of basis sets!


Running gsolv calculation for CONF1621.
Running gsolv calculation for CONF990.
Running gsolv calculation for CONF247.
Running gsolv calculation for CONF383.
Running gsolv calculation for CONF391.
Running gsolv calculation for CONF179.
Running gsolv calculation for CONF288.
Running gsolv calculation for CONF840.
Running gsolv calculation for CONF311.
Running gsolv calculation for CONF927.
Running gsolv calculation for CONF802.
Running gsolv calculation for CONF579.
Running gsolv calculation for CONF158.
Running gsolv calculation for CONF1589.
Running gsolv calculation for CONF388.
Running gsolv calculation for CONF661.
Running gsolv calculation for CONF795.
 WARNING  - Job for CONF189 failed. Stderr output:
[file orca_tools/Tool-GTO-Bases/basissets.cpp, line 820]: TBasisList: Unable to read number of basis sets!

[file orca_tools/Tool-GTO-Bases/basissets.cpp, line 820]: TBasisList: Unable to read number of basis sets!

[file orca_tools/Tool-GTO-Bases/basissets.cpp, line 820]: TBasisList: Unable to read number of basis sets!


Running gsolv calculation for CONF2255.
 WARNING  - Job for CONF990 failed. Stderr output:
[file orca_tools/Tool-GTO-Bases/basissets.cpp, line 820]: TBasisList: Unable to read number of basis sets!

[file orca_tools/Tool-GTO-Bases/basissets.cpp, line 820]: TBasisList: Unable to read number of basis sets!

[file orca_tools/Tool-GTO-Bases/basissets.cpp, line 820]: TBasisList: Unable to read number of basis sets!


Running gsolv calculation for CONF842.
Running gsolv calculation for CONF805.
Running gsolv calculation for CONF554.
 WARNING  - Job for CONF802 failed. Stderr output:
[file orca_tools/Tool-GTO-Bases/basissets.cpp, line 820]: TBasisList: Unable to read number of basis sets!

[file orca_tools/Tool-GTO-Bases/basissets.cpp, line 820]: TBasisList: Unable to read number of basis sets!

[file orca_tools/Tool-GTO-Bases/basissets.cpp, line 820]: TBasisList: Unable to read number of basis sets!


Running gsolv calculation for CONF236.
Running gsolv calculation for CONF2121.
Running gsolv calculation for CONF1061.
Running gsolv calculation for CONF2169.
Running gsolv calculation for CONF407.
Running gsolv calculation for CONF1780.
Running gsolv calculation for CONF1895.
Running gsolv calculation for CONF1401.
Running gsolv calculation for CONF1392.
Running gsolv calculation for CONF2197.
Running gsolv calculation for CONF595.
Running gsolv calculation for CONF2207.
Running gsolv calculation for CONF357.
Running gsolv calculation for CONF2168.
Running gsolv calculation for CONF1712.
Running gsolv calculation for CONF1777.
Running gsolv calculation for CONF1210.
Running gsolv calculation for CONF591.
Running gsolv calculation for CONF1381.
Running gsolv calculation for CONF511.
 WARNING  - Job for CONF661 failed. Stderr output:
[file orca_tools/Tool-GTO-Bases/basissets.cpp, line 820]: TBasisList: Unable to read number of basis sets!

[file orca_tools/Tool-GTO-Bases/basissets.cpp, line 820]: TBasisList: Unable to read number of basis sets!

[file orca_tools/Tool-GTO-Bases/basissets.cpp, line 820]: TBasisList: Unable to read number of basis sets!


Running gsolv calculation for CONF1380.
Running gsolv calculation for CONF1140.
 WARNING  - Job for CONF1712 failed. Stderr output:
[file orca_tools/Tool-GTO-Bases/basissets.cpp, line 820]: TBasisList: Unable to read number of basis sets!

[file orca_tools/Tool-GTO-Bases/basissets.cpp, line 820]: TBasisList: Unable to read number of basis sets!

[file orca_tools/Tool-GTO-Bases/basissets.cpp, line 820]: TBasisList: Unable to read number of basis sets!


 WARNING  - Job for CONF1392 failed. Stderr output:
[file orca_tools/Tool-GTO-Bases/basissets.cpp, line 820]: TBasisList: Unable to read number of basis sets!

[file orca_tools/Tool-GTO-Bases/basissets.cpp, line 820]: TBasisList: Unable to read number of basis sets!

[file orca_tools/Tool-GTO-Bases/basissets.cpp, line 820]: TBasisList: Unable to read number of basis sets!


Running gsolv calculation for CONF642.
Running gsolv calculation for CONF432.
 WARNING  - Job for CONF1777 failed. Stderr output:
[file orca_tools/Tool-GTO-Bases/basissets.cpp, line 820]: TBasisList: Unable to read number of basis sets!

[file orca_tools/Tool-GTO-Bases/basissets.cpp, line 820]: TBasisList: Unable to read number of basis sets!

[file orca_tools/Tool-GTO-Bases/basissets.cpp, line 820]: TBasisList: Unable to read number of basis sets!


Running gsolv calculation for CONF1316.
Running gsolv calculation for CONF241.
Running gsolv calculation for CONF530.
Running gsolv calculation for CONF1813.
Running gsolv calculation for CONF1463.
Running gsolv calculation for CONF673.
Running gsolv calculation for CONF576.
Running gsolv calculation for CONF489.
Running gsolv calculation for CONF751.
Running gsolv calculation for CONF186.
Running gsolv calculation for CONF1410.
Running gsolv calculation for CONF1374.
Running gsolv calculation for CONF549.
Running gsolv calculation for CONF1382.
Running gsolv calculation for CONF1398.
Running gsolv calculation for CONF1558.
 WARNING  - Job for CONF432 failed. Stderr output:
[file orca_tools/Tool-GTO-Bases/basissets.cpp, line 820]: TBasisList: Unable to read number of basis sets!

[file orca_tools/Tool-GTO-Bases/basissets.cpp, line 820]: TBasisList: Unable to read number of basis sets!

[file orca_tools/Tool-GTO-Bases/basissets.cpp, line 820]: TBasisList: Unable to read number of basis sets!


Running gsolv calculation for CONF719.
 WARNING  - Job for CONF1410 failed. Stderr output:
[file orca_tools/Tool-GTO-Bases/basissets.cpp, line 820]: TBasisList: Unable to read number of basis sets!

[file orca_tools/Tool-GTO-Bases/basissets.cpp, line 820]: TBasisList: Unable to read number of basis sets!

[file orca_tools/Tool-GTO-Bases/basissets.cpp, line 820]: TBasisList: Unable to read number of basis sets!


Running gsolv calculation for CONF1214.
Running gsolv calculation for CONF229.
Running gsolv calculation for CONF314.
Running gsolv calculation for CONF621.
Running gsolv calculation for CONF2133.
Running gsolv calculation for CONF2013.
Running gsolv calculation for CONF633.
Running gsolv calculation for CONF620.
Running gsolv calculation for CONF1345.
Running gsolv calculation for CONF702.
Running gsolv calculation for CONF187.
Running gsolv calculation for CONF1678.
Running gsolv calculation for CONF309.
Running gsolv calculation for CONF1896.
Running gsolv calculation for CONF550.
Running gsolv calculation for CONF749.
Running gsolv calculation for CONF408.
Running gsolv calculation for CONF647.
Running gsolv calculation for CONF514.
Running gsolv calculation for CONF1119.
Running gsolv calculation for CONF1411.
Running gsolv calculation for CONF516.
Running gsolv calculation for CONF833.
Running gsolv calculation for CONF660.
Running gsolv calculation for CONF1220.
 WARNING  - Job for CONF749 failed. Stderr output:
[file orca_tools/Tool-GTO-Bases/basissets.cpp, line 820]: TBasisList: Unable to read number of basis sets!

[file orca_tools/Tool-GTO-Bases/basissets.cpp, line 820]: TBasisList: Unable to read number of basis sets!

[file orca_tools/Tool-GTO-Bases/basissets.cpp, line 820]: TBasisList: Unable to read number of basis sets!


 WARNING  - Job for CONF1119 failed. Stderr output:
[file orca_tools/Tool-GTO-Bases/basissets.cpp, line 820]: TBasisList: Unable to read number of basis sets!

[file orca_tools/Tool-GTO-Bases/basissets.cpp, line 820]: TBasisList: Unable to read number of basis sets!

[file orca_tools/Tool-GTO-Bases/basissets.cpp, line 820]: TBasisList: Unable to read number of basis sets!

STOP no atoms

Running gsolv calculation for CONF534.
Running gsolv calculation for CONF594.
Running gsolv calculation for CONF556.
Running gsolv calculation for CONF903.
Running gsolv calculation for CONF888.
Running gsolv calculation for CONF539.
Running gsolv calculation for CONF1853.
Running gsolv calculation for CONF925.
Running gsolv calculation for CONF182.
Running gsolv calculation for CONF282.
Running gsolv calculation for CONF631.
Running gsolv calculation for CONF884.
Running gsolv calculation for CONF1096.
Running gsolv calculation for CONF1465.
Running gsolv calculation for CONF454.
Running gsolv calculation for CONF279.
Running gsolv calculation for CONF769.
Running gsolv calculation for CONF380.
Running gsolv calculation for CONF1910.
Running gsolv calculation for CONF1887.
Running gsolv calculation for CONF839.
Running gsolv calculation for CONF1683.
Running gsolv calculation for CONF195.
Running gsolv calculation for CONF1107.
Running gsolv calculation for CONF294.
Running gsolv calculation for CONF399.
Running gsolv calculation for CONF293.
Running gsolv calculation for CONF178.
Running gsolv calculation for CONF541.
Running gsolv calculation for CONF762.
Running gsolv calculation for CONF273.
Running gsolv calculation for CONF734.
Running gsolv calculation for CONF1908.
 WARNING  - Job for CONF1220 failed. Stderr output:
[file orca_tools/Tool-GTO-Bases/basissets.cpp, line 820]: TBasisList: Unable to read number of basis sets!

[file orca_tools/Tool-GTO-Bases/basissets.cpp, line 820]: TBasisList: Unable to read number of basis sets!

[file orca_tools/Tool-GTO-Bases/basissets.cpp, line 820]: TBasisList: Unable to read number of basis sets!


Running gsolv calculation for CONF1871.
Running gsolv calculation for CONF809.
Running gsolv calculation for CONF1024.
Running gsolv calculation for CONF669.
Running gsolv calculation for CONF2098.
Running gsolv calculation for CONF1811.
Running gsolv calculation for CONF1933.
 WARNING  - Job for CONF669 failed. Stderr output:
[file orca_tools/Tool-GTO-Bases/basissets.cpp, line 820]: TBasisList: Unable to read number of basis sets!

[file orca_tools/Tool-GTO-Bases/basissets.cpp, line 820]: TBasisList: Unable to read number of basis sets!

[file orca_tools/Tool-GTO-Bases/basissets.cpp, line 820]: TBasisList: Unable to read number of basis sets!


Running gsolv calculation for CONF843.
Running gsolv calculation for CONF548.
Running gsolv calculation for CONF1950.
Running gsolv calculation for CONF1376.
Running gsolv calculation for CONF597.
Running gsolv calculation for CONF1229.
Running gsolv calculation for CONF672.
Running gsolv calculation for CONF560.
Running gsolv calculation for CONF662.
Running gsolv calculation for CONF172.
Running gsolv calculation for CONF590.
Running gsolv calculation for CONF1454.
Running gsolv calculation for CONF824.
Running gsolv calculation for CONF1069.
Running gsolv calculation for CONF684.
Running gsolv calculation for CONF1205.
 WARNING  - Job for CONF662 failed. Stderr output:
[file orca_tools/Tool-GTO-Bases/basissets.cpp, line 820]: TBasisList: Unable to read number of basis sets!

[file orca_tools/Tool-GTO-Bases/basissets.cpp, line 820]: TBasisList: Unable to read number of basis sets!

[file orca_tools/Tool-GTO-Bases/basissets.cpp, line 820]: TBasisList: Unable to read number of basis sets!


Running gsolv calculation for CONF1739.
Running gsolv calculation for CONF1251.
Running gsolv calculation for CONF619.
Running gsolv calculation for CONF695.
Running gsolv calculation for CONF893.
Running gsolv calculation for CONF481.
Running gsolv calculation for CONF871.
Running gsolv calculation for CONF1905.
Running gsolv calculation for CONF1907.
Running gsolv calculation for CONF703.
Running gsolv calculation for CONF1958.
Running gsolv calculation for CONF814.
Running gsolv calculation for CONF1542.
Running gsolv calculation for CONF1722.
Running gsolv calculation for CONF767.
Running gsolv calculation for CONF830.
Running gsolv calculation for CONF1674.
Running gsolv calculation for CONF1902.
Running gsolv calculation for CONF1230.
Running gsolv calculation for CONF811.
Running gsolv calculation for CONF627.
Running gsolv calculation for CONF2204.
Running gsolv calculation for CONF501.
Running gsolv calculation for CONF1644.
Running gsolv calculation for CONF772.
Running gsolv calculation for CONF793.
Running gsolv calculation for CONF733.
Running gsolv calculation for CONF586.
Running gsolv calculation for CONF1402.
Running gsolv calculation for CONF307.
Running gsolv calculation for CONF623.
Running gsolv calculation for CONF601.
Running gsolv calculation for CONF718.
Running gsolv calculation for CONF1936.
Running gsolv calculation for CONF315.
Running gsolv calculation for CONF1876.
Running gsolv calculation for CONF949.
Running gsolv calculation for CONF593.
Running gsolv calculation for CONF803.
Running gsolv calculation for CONF499.
Running gsolv calculation for CONF668.
Running gsolv calculation for CONF1909.
Running gsolv calculation for CONF1164.
Running gsolv calculation for CONF1085.
Running gsolv calculation for CONF965.
 WARNING  - Job for CONF668 failed. Stderr output:
[file orca_tools/Tool-GTO-Bases/basissets.cpp, line 820]: TBasisList: Unable to read number of basis sets!

[file orca_tools/Tool-GTO-Bases/basissets.cpp, line 820]: TBasisList: Unable to read number of basis sets!

[file orca_tools/Tool-GTO-Bases/basissets.cpp, line 820]: TBasisList: Unable to read number of basis sets!


Running gsolv calculation for CONF592.
Running gsolv calculation for CONF440.
Running gsolv calculation for CONF413.
Running gsolv calculation for CONF1526.
Running gsolv calculation for CONF681.
Running gsolv calculation for CONF922.
Running gsolv calculation for CONF710.
Running gsolv calculation for CONF553.
Running gsolv calculation for CONF491.
Running gsolv calculation for CONF1708.
Running gsolv calculation for CONF1378.
Running gsolv calculation for CONF819.
Running gsolv calculation for CONF955.
Running gsolv calculation for CONF430.
Running gsolv calculation for CONF1263.
Running gsolv calculation for CONF551.
Running gsolv calculation for CONF924.
Running gsolv calculation for CONF1337.
Running gsolv calculation for CONF543.
Running gsolv calculation for CONF807.
Running gsolv calculation for CONF1489.
Running gsolv calculation for CONF784.
Running gsolv calculation for CONF1372.
Running gsolv calculation for CONF782.
Running gsolv calculation for CONF1293.
Running gsolv calculation for CONF1331.
Running gsolv calculation for CONF1888.
Running gsolv calculation for CONF328.
Running gsolv calculation for CONF969.
Running gsolv calculation for CONF1492.
Running gsolv calculation for CONF1364.
Running gsolv calculation for CONF788.
Running gsolv calculation for CONF918.
Running gsolv calculation for CONF2261.
Running gsolv calculation for CONF529.
Running gsolv calculation for CONF846.
Running gsolv calculation for CONF2259.
Running gsolv calculation for CONF578.
Running gsolv calculation for CONF958.
Running gsolv calculation for CONF518.
Running gsolv calculation for CONF442.
Running gsolv calculation for CONF577.
Running gsolv calculation for CONF2745.
Running gsolv calculation for CONF439.
 WARNING  - Job for CONF958 failed. Stderr output:
[file orca_tools/Tool-GTO-Bases/basissets.cpp, line 820]: TBasisList: Unable to read number of basis sets!

[file orca_tools/Tool-GTO-Bases/basissets.cpp, line 820]: TBasisList: Unable to read number of basis sets!

[file orca_tools/Tool-GTO-Bases/basissets.cpp, line 820]: TBasisList: Unable to read number of basis sets!


Running gsolv calculation for CONF1502.
Running gsolv calculation for CONF436.
Running gsolv calculation for CONF1854.
Running gsolv calculation for CONF296.
Running gsolv calculation for CONF926.
 WARNING  - Job for CONF442 failed. Stderr output:
[file orca_tools/Tool-GTO-Bases/basissets.cpp, line 820]: TBasisList: Unable to read number of basis sets!

[file orca_tools/Tool-GTO-Bases/basissets.cpp, line 820]: TBasisList: Unable to read number of basis sets!

[file orca_tools/Tool-GTO-Bases/basissets.cpp, line 820]: TBasisList: Unable to read number of basis sets!


Running gsolv calculation for CONF636.
Running gsolv calculation for CONF648.
Running gsolv calculation for CONF770.
Running gsolv calculation for CONF1363.
Running gsolv calculation for CONF817.
 WARNING  - Job for CONF2745 failed. Stderr output:
[file orca_tools/Tool-GTO-Bases/basissets.cpp, line 820]: TBasisList: Unable to read number of basis sets!

[file orca_tools/Tool-GTO-Bases/basissets.cpp, line 820]: TBasisList: Unable to read number of basis sets!

[file orca_tools/Tool-GTO-Bases/basissets.cpp, line 820]: TBasisList: Unable to read number of basis sets!


Running gsolv calculation for CONF825.
Running gsolv calculation for CONF517.
Running gsolv calculation for CONF1671.
Running gsolv calculation for CONF822.
Running gsolv calculation for CONF1943.
Running gsolv calculation for CONF1832.
Running gsolv calculation for CONF815.
Running gsolv calculation for CONF688.
Running gsolv calculation for CONF1360.
Running gsolv calculation for CONF1942.
Running gsolv calculation for CONF868.
Running gsolv calculation for CONF645.
Running gsolv calculation for CONF545.
Running gsolv calculation for CONF1946.
Running gsolv calculation for CONF495.
Running gsolv calculation for CONF1355.
Running gsolv calculation for CONF1102.
Running gsolv calculation for CONF540.
Running gsolv calculation for CONF425.
Running gsolv calculation for CONF646.
Running gsolv calculation for CONF1962.
Running gsolv calculation for CONF1875.
Running gsolv calculation for CONF869.
Running gsolv calculation for CONF900.
Running gsolv calculation for CONF693.
Running gsolv calculation for CONF1030.
Running gsolv calculation for CONF706.
Running gsolv calculation for CONF1737.
Running gsolv calculation for CONF944.
Running gsolv calculation for CONF1350.
Running gsolv calculation for CONF928.
Running gsolv calculation for CONF1531.
Running gsolv calculation for CONF1793.
Running gsolv calculation for CONF867.
Running gsolv calculation for CONF982.
Running gsolv calculation for CONF666.
Running gsolv calculation for CONF2320.
 WARNING  - Job for CONF869 failed. Stderr output:
[file orca_tools/Tool-GTO-Bases/basissets.cpp, line 820]: TBasisList: Unable to read number of basis sets!

[file orca_tools/Tool-GTO-Bases/basissets.cpp, line 820]: TBasisList: Unable to read number of basis sets!

[file orca_tools/Tool-GTO-Bases/basissets.cpp, line 820]: TBasisList: Unable to read number of basis sets!


Running gsolv calculation for CONF1255.
Running gsolv calculation for CONF1288.
Running gsolv calculation for CONF1666.
Running gsolv calculation for CONF1833.
Running gsolv calculation for CONF759.
Running gsolv calculation for CONF1602.
Running gsolv calculation for CONF1741.
Running gsolv calculation for CONF1857.
 WARNING  - Job for CONF944 failed. Stderr output:
[file orca_tools/Tool-GTO-Bases/basissets.cpp, line 820]: TBasisList: Unable to read number of basis sets!

[file orca_tools/Tool-GTO-Bases/basissets.cpp, line 820]: TBasisList: Unable to read number of basis sets!

[file orca_tools/Tool-GTO-Bases/basissets.cpp, line 820]: TBasisList: Unable to read number of basis sets!


Running gsolv calculation for CONF797.
Running gsolv calculation for CONF2054.
Running gsolv calculation for CONF685.
Running gsolv calculation for CONF670.
Running gsolv calculation for CONF879.
Running gsolv calculation for CONF500.
Running gsolv calculation for CONF1837.
Running gsolv calculation for CONF1881.
Running gsolv calculation for CONF1122.
Running gsolv calculation for CONF896.
Running gsolv calculation for CONF1982.
Running gsolv calculation for CONF957.
Running gsolv calculation for CONF1275.
Running gsolv calculation for CONF1313.
Running gsolv calculation for CONF1282.
Running gsolv calculation for CONF1224.
Running gsolv calculation for CONF889.
Running gsolv calculation for CONF1500.
Running gsolv calculation for CONF2400.
Running gsolv calculation for CONF1937.
Running gsolv calculation for CONF806.
Running gsolv calculation for CONF485.
Running gsolv calculation for CONF664.
 WARNING  - Job for CONF982 failed. Stderr output:
[file orca_tools/Tool-GTO-Bases/basissets.cpp, line 820]: TBasisList: Unable to read number of basis sets!

[file orca_tools/Tool-GTO-Bases/basissets.cpp, line 820]: TBasisList: Unable to read number of basis sets!

[file orca_tools/Tool-GTO-Bases/basissets.cpp, line 820]: TBasisList: Unable to read number of basis sets!


Running gsolv calculation for CONF2414.
Running gsolv calculation for CONF828.
 WARNING  - Job for CONF1313 failed. Stderr output:
[file orca_tools/Tool-GTO-Bases/basissets.cpp, line 820]: TBasisList: Unable to read number of basis sets!

[file orca_tools/Tool-GTO-Bases/basissets.cpp, line 820]: TBasisList: Unable to read number of basis sets!

[file orca_tools/Tool-GTO-Bases/basissets.cpp, line 820]: TBasisList: Unable to read number of basis sets!


Running gsolv calculation for CONF954.
Running gsolv calculation for CONF1356.
Running gsolv calculation for CONF1361.
Running gsolv calculation for CONF583.
Running gsolv calculation for CONF2347.
Running gsolv calculation for CONF2419.
Running gsolv calculation for CONF1787.
Running gsolv calculation for CONF2272.
Running gsolv calculation for CONF761.
Running gsolv calculation for CONF537.
Running gsolv calculation for CONF616.
Running gsolv calculation for CONF2226.
Running gsolv calculation for CONF780.
Running gsolv calculation for CONF866.
Running gsolv calculation for CONF1464.
Running gsolv calculation for CONF935.
Running gsolv calculation for CONF962.
Running gsolv calculation for CONF584.
Running gsolv calculation for CONF979.
Running gsolv calculation for CONF2318.
Running gsolv calculation for CONF1768.
Running gsolv calculation for CONF558.
Running gsolv calculation for CONF774.
 WARNING  - Job for CONF780 failed. Stderr output:
[file orca_tools/Tool-GTO-Bases/basissets.cpp, line 820]: TBasisList: Unable to read number of basis sets!

[file orca_tools/Tool-GTO-Bases/basissets.cpp, line 820]: TBasisList: Unable to read number of basis sets!

[file orca_tools/Tool-GTO-Bases/basissets.cpp, line 820]: TBasisList: Unable to read number of basis sets!


Running gsolv calculation for CONF478.
Running gsolv calculation for CONF1698.
Running gsolv calculation for CONF735.
Running gsolv calculation for CONF771.
Running gsolv calculation for CONF676.
Running gsolv calculation for CONF1920.
Running gsolv calculation for CONF557.
Running gsolv calculation for CONF1322.
Running gsolv calculation for CONF743.
Running gsolv calculation for CONF570.
Running gsolv calculation for CONF1086.
Running gsolv calculation for CONF981.
Running gsolv calculation for CONF1992.
Running gsolv calculation for CONF747.
Running gsolv calculation for CONF564.
Running gsolv calculation for CONF1064.
Running gsolv calculation for CONF1146.
Running gsolv calculation for CONF587.
Running gsolv calculation for CONF572.
Running gsolv calculation for CONF699.
Running gsolv calculation for CONF1021.
Running gsolv calculation for CONF1570.
Running gsolv calculation for CONF2432.
Running gsolv calculation for CONF1315.
Running gsolv calculation for CONF1991.
Running gsolv calculation for CONF914.
Running gsolv calculation for CONF1404.
Running gsolv calculation for CONF566.
Running gsolv calculation for CONF2029.
Running gsolv calculation for CONF563.
Running gsolv calculation for CONF766.
Running gsolv calculation for CONF1058.
Running gsolv calculation for CONF1709.
Running gsolv calculation for CONF519.
Running gsolv calculation for CONF1077.
Running gsolv calculation for CONF1343.
Running gsolv calculation for CONF960.
Running gsolv calculation for CONF912.
Running gsolv calculation for CONF1990.
Running gsolv calculation for CONF1697.
Running gsolv calculation for CONF728.
Running gsolv calculation for CONF1267.
Running gsolv calculation for CONF775.
Running gsolv calculation for CONF1808.
Running gsolv calculation for CONF874.
Running gsolv calculation for CONF1236.
Running gsolv calculation for CONF692.
Running gsolv calculation for CONF2385.
Running gsolv calculation for CONF694.
Running gsolv calculation for CONF831.
Running gsolv calculation for CONF1729.
Running gsolv calculation for CONF667.
Running gsolv calculation for CONF1025.
Running gsolv calculation for CONF588.
Running gsolv calculation for CONF589.
Running gsolv calculation for CONF1004.
Running gsolv calculation for CONF977.
Running gsolv calculation for CONF665.
Running gsolv calculation for CONF559.
Running gsolv calculation for CONF658.
Running gsolv calculation for CONF1317.
Running gsolv calculation for CONF1408.
Running gsolv calculation for CONF1142.
Running gsolv calculation for CONF810.
Running gsolv calculation for CONF1750.
Running gsolv calculation for CONF901.
Running gsolv calculation for CONF1308.
Running gsolv calculation for CONF899.
Running gsolv calculation for CONF1525.
Running gsolv calculation for CONF2025.
Running gsolv calculation for CONF2006.
Running gsolv calculation for CONF1017.
Running gsolv calculation for CONF2007.
Running gsolv calculation for CONF463.
Running gsolv calculation for CONF758.
Running gsolv calculation for CONF929.
Running gsolv calculation for CONF905.
Running gsolv calculation for CONF447.
Running gsolv calculation for CONF663.
Running gsolv calculation for CONF1923.
Running gsolv calculation for CONF462.
Running gsolv calculation for CONF656.
Running gsolv calculation for CONF942.
Running gsolv calculation for CONF1296.
Running gsolv calculation for CONF1927.
Running gsolv calculation for CONF2627.
Running gsolv calculation for CONF2335.
Running gsolv calculation for CONF1539.
Running gsolv calculation for CONF1362.
Running gsolv calculation for CONF1253.
Running gsolv calculation for CONF872.
Running gsolv calculation for CONF1469.
Running gsolv calculation for CONF477.
Running gsolv calculation for CONF727.
Running gsolv calculation for CONF768.
Running gsolv calculation for CONF904.
Running gsolv calculation for CONF641.
Running gsolv calculation for CONF787.
Running gsolv calculation for CONF859.
Running gsolv calculation for CONF453.
Running gsolv calculation for CONF680.
Running gsolv calculation for CONF709.
Running gsolv calculation for CONF790.
Running gsolv calculation for CONF2024.
Running gsolv calculation for CONF835.
Running gsolv calculation for CONF2082.
Running gsolv calculation for CONF968.
Running gsolv calculation for CONF902.
Running gsolv calculation for CONF791.
Running gsolv calculation for CONF916.
Running gsolv calculation for CONF919.
Running gsolv calculation for CONF792.
Running gsolv calculation for CONF823.
Running gsolv calculation for CONF2291.
Running gsolv calculation for CONF1536.
Running gsolv calculation for CONF983.
Running gsolv calculation for CONF826.
Running gsolv calculation for CONF483.
Running gsolv calculation for CONF847.
Running gsolv calculation for CONF524.
Running gsolv calculation for CONF1419.
Running gsolv calculation for CONF1114.
Running gsolv calculation for CONF1829.
Running gsolv calculation for CONF1798.
Running gsolv calculation for CONF891.
Running gsolv calculation for CONF1917.
Running gsolv calculation for CONF724.
Running gsolv calculation for CONF812.
Running gsolv calculation for CONF720.
Running gsolv calculation for CONF1072.
Running gsolv calculation for CONF2578.
Running gsolv calculation for CONF1993.
Running gsolv calculation for CONF748.
Running gsolv calculation for CONF849.
Running gsolv calculation for CONF1390.
Running gsolv calculation for CONF1177.
Running gsolv calculation for CONF910.
Running gsolv calculation for CONF907.
Running gsolv calculation for CONF1008.
Running gsolv calculation for CONF1301.
Running gsolv calculation for CONF1901.
Running gsolv calculation for CONF609.
Running gsolv calculation for CONF956.
Running gsolv calculation for CONF845.
Running gsolv calculation for CONF909.
Running gsolv calculation for CONF821.
Running gsolv calculation for CONF931.
Running gsolv calculation for CONF1799.
Running gsolv calculation for CONF852.
Running gsolv calculation for CONF1403.
Running gsolv calculation for CONF813.
Running gsolv calculation for CONF2003.
Running gsolv calculation for CONF913.
Running gsolv calculation for CONF1212.
Running gsolv calculation for CONF689.
Running gsolv calculation for CONF2449.
Running gsolv calculation for CONF1001.
Running gsolv calculation for CONF757.
Running gsolv calculation for CONF746.
Running gsolv calculation for CONF908.
Running gsolv calculation for CONF796.
Running gsolv calculation for CONF1445.
Running gsolv calculation for CONF607.
Running gsolv calculation for CONF974.
Running gsolv calculation for CONF1973.
Running gsolv calculation for CONF696.
Running gsolv calculation for CONF1047.
Running gsolv calculation for CONF1826.
Running gsolv calculation for CONF1438.
Running gsolv calculation for CONF930.
Running gsolv calculation for CONF756.
Running gsolv calculation for CONF989.
Running gsolv calculation for CONF967.
Running gsolv calculation for CONF752.
Running gsolv calculation for CONF975.
Running gsolv calculation for CONF2001.
Running gsolv calculation for CONF785.
Running gsolv calculation for CONF575.
Running gsolv calculation for CONF1424.
Running gsolv calculation for CONF2059.
Running gsolv calculation for CONF1428.
Running gsolv calculation for CONF763.
Running gsolv calculation for CONF995.
Running gsolv calculation for CONF1022.
Running gsolv calculation for CONF1413.
Running gsolv calculation for CONF1995.
Running gsolv calculation for CONF940.
Running gsolv calculation for CONF951.
Running gsolv calculation for CONF2332.
Running gsolv calculation for CONF837.
Running gsolv calculation for CONF999.
Running gsolv calculation for CONF1038.
Running gsolv calculation for CONF1045.
Running gsolv calculation for CONF937.
Running gsolv calculation for CONF1417.
Running gsolv calculation for CONF1071.
Running gsolv calculation for CONF1547.
Running gsolv calculation for CONF1321.
Running gsolv calculation for CONF820.
Running gsolv calculation for CONF1414.
Running gsolv calculation for CONF1015.
Running gsolv calculation for CONF921.
Running gsolv calculation for CONF1023.
Running gsolv calculation for CONF1002.
Running gsolv calculation for CONF882.
Running gsolv calculation for CONF2343.
Running gsolv calculation for CONF878.
Running gsolv calculation for CONF1013.
Running gsolv calculation for CONF1490.
Running gsolv calculation for CONF655.
Running gsolv calculation for CONF732.
Running gsolv calculation for CONF2651.
Running gsolv calculation for CONF721.
Running gsolv calculation for CONF1504.
Running gsolv calculation for CONF1036.
Running gsolv calculation for CONF2427.
Running gsolv calculation for CONF1375.
Running gsolv calculation for CONF892.
Running gsolv calculation for CONF1300.
Running gsolv calculation for CONF2458.
Running gsolv calculation for CONF657.
Running gsolv calculation for CONF1198.
Running gsolv calculation for CONF2154.
Running gsolv calculation for CONF2339.
Running gsolv calculation for CONF1088.
Running gsolv calculation for CONF2263.
Running gsolv calculation for CONF2159.
Running gsolv calculation for CONF885.
Running gsolv calculation for CONF1407.
Running gsolv calculation for CONF1405.
Running gsolv calculation for CONF786.
Running gsolv calculation for CONF1005.
Running gsolv calculation for CONF1955.
Running gsolv calculation for CONF2443.
Running gsolv calculation for CONF1213.
Running gsolv calculation for CONF1014.
Running gsolv calculation for CONF2433.
Running gsolv calculation for CONF1825.
Running gsolv calculation for CONF886.
Running gsolv calculation for CONF679.
Running gsolv calculation for CONF1351.
Running gsolv calculation for CONF906.
Running gsolv calculation for CONF1475.
Running gsolv calculation for CONF677.
Running gsolv calculation for CONF2646.
Running gsolv calculation for CONF1545.
Running gsolv calculation for CONF1032.
Running gsolv calculation for CONF1033.
Running gsolv calculation for CONF936.
Running gsolv calculation for CONF740.
Running gsolv calculation for CONF446.
Running gsolv calculation for CONF2240.
Running gsolv calculation for CONF1334.
Running gsolv calculation for CONF565.
Running gsolv calculation for CONF1034.
Running gsolv calculation for CONF2182.
Running gsolv calculation for CONF1863.
Running gsolv calculation for CONF1400.
Running gsolv calculation for CONF2690.
Running gsolv calculation for CONF1264.
Running gsolv calculation for CONF953.
Running gsolv calculation for CONF1026.
Running gsolv calculation for CONF1347.
Running gsolv calculation for CONF552.
Running gsolv calculation for CONF1805.
Running gsolv calculation for CONF2313.
Running gsolv calculation for CONF938.
Running gsolv calculation for CONF848.
Running gsolv calculation for CONF1056.
Running gsolv calculation for CONF1044.
Running gsolv calculation for CONF794.
Running gsolv calculation for CONF1929.
Running gsolv calculation for CONF1556.
Running gsolv calculation for CONF1352.
Running gsolv calculation for CONF675.
Running gsolv calculation for CONF1031.
Running gsolv calculation for CONF1081.
Running gsolv calculation for CONF2149.
Running gsolv calculation for CONF1028.
Running gsolv calculation for CONF561.
Running gsolv calculation for CONF2462.
Running gsolv calculation for CONF1211.
Running gsolv calculation for CONF1338.
Running gsolv calculation for CONF2277.
Running gsolv calculation for CONF827.
Running gsolv calculation for CONF1508.
Running gsolv calculation for CONF1466.
Running gsolv calculation for CONF738.
Running gsolv calculation for CONF1482.
Running gsolv calculation for CONF789.
Running gsolv calculation for CONF1544.
Running gsolv calculation for CONF881.
Running gsolv calculation for CONF1481.
Running gsolv calculation for CONF1286.
Running gsolv calculation for CONF816.
Running gsolv calculation for CONF2205.
Running gsolv calculation for CONF1701.
Running gsolv calculation for CONF1152.
Running gsolv calculation for CONF1541.
Running gsolv calculation for CONF2142.
Running gsolv calculation for CONF2316.
Running gsolv calculation for CONF1365.
Running gsolv calculation for CONF1141.
Running gsolv calculation for CONF755.
Running gsolv calculation for CONF1395.
Running gsolv calculation for CONF1448.
Running gsolv calculation for CONF1249.
Running gsolv calculation for CONF1100.
Running gsolv calculation for CONF2119.
Running gsolv calculation for CONF704.
Running gsolv calculation for CONF2345.
Running gsolv calculation for CONF1083.
Running gsolv calculation for CONF1600.
Running gsolv calculation for CONF1553.
Running gsolv calculation for CONF711.
Running gsolv calculation for CONF2594.
Running gsolv calculation for CONF2020.
Running gsolv calculation for CONF2173.
Running gsolv calculation for CONF708.
Running gsolv calculation for CONF2224.
Running gsolv calculation for CONF1332.
Running gsolv calculation for CONF1066.
Running gsolv calculation for CONF1597.
Running gsolv calculation for CONF1700.
Running gsolv calculation for CONF838.
Running gsolv calculation for CONF1167.
Running gsolv calculation for CONF1594.
Running gsolv calculation for CONF1557.
Running gsolv calculation for CONF2044.
Running gsolv calculation for CONF1087.
Running gsolv calculation for CONF2330.
Running gsolv calculation for CONF1162.
Running gsolv calculation for CONF2322.
Running gsolv calculation for CONF1344.
Running gsolv calculation for CONF1029.
Running gsolv calculation for CONF1027.
Running gsolv calculation for CONF1922.
Running gsolv calculation for CONF1151.
Running gsolv calculation for CONF1894.
Running gsolv calculation for CONF2555.
Running gsolv calculation for CONF1959.
Running gsolv calculation for CONF1094.
Running gsolv calculation for CONF1590.
Running gsolv calculation for CONF2070.
Running gsolv calculation for CONF1144.
Running gsolv calculation for CONF2418.
Running gsolv calculation for CONF876.
Running gsolv calculation for CONF1243.
Running gsolv calculation for CONF1240.
Running gsolv calculation for CONF778.
Running gsolv calculation for CONF1095.
Running gsolv calculation for CONF1080.
Running gsolv calculation for CONF2243.
Running gsolv calculation for CONF2156.
Running gsolv calculation for CONF1234.
Running gsolv calculation for CONF1041.
Running gsolv calculation for CONF712.
Running gsolv calculation for CONF2464.
Running gsolv calculation for CONF2016.
Running gsolv calculation for CONF1425.
Running gsolv calculation for CONF1241.
Running gsolv calculation for CONF2163.
Running gsolv calculation for CONF739.
Running gsolv calculation for CONF1060.
Running gsolv calculation for CONF1158.
Running gsolv calculation for CONF1462.
Running gsolv calculation for CONF1427.
Running gsolv calculation for CONF1433.
Running gsolv calculation for CONF2540.
Running gsolv calculation for CONF992.
Running gsolv calculation for CONF2771.
Running gsolv calculation for CONF1480.
Running gsolv calculation for CONF1298.
Running gsolv calculation for CONF2201.
Running gsolv calculation for CONF1373.
Running gsolv calculation for CONF2297.
Running gsolv calculation for CONF1104.
Running gsolv calculation for CONF1422.
Running gsolv calculation for CONF964.
Running gsolv calculation for CONF2203.
Running gsolv calculation for CONF1461.
Running gsolv calculation for CONF1132.
Running gsolv calculation for CONF2021.
Running gsolv calculation for CONF1157.
Running gsolv calculation for CONF1227.
Running gsolv calculation for CONF2178.
Running gsolv calculation for CONF2053.
Running gsolv calculation for CONF2002.
Running gsolv calculation for CONF2127.
Running gsolv calculation for CONF2468.
Running gsolv calculation for CONF1171.
Running gsolv calculation for CONF2210.
Running gsolv calculation for CONF1219.
Running gsolv calculation for CONF1218.
Running gsolv calculation for CONF1989.
Running gsolv calculation for CONF781.
Running gsolv calculation for CONF1510.
Running gsolv calculation for CONF2492.
Running gsolv calculation for CONF1189.
Running gsolv calculation for CONF2328.
 WARNING  - Job for CONF1373 failed. Stderr output:
[file orca_tools/Tool-GTO-Bases/basissets.cpp, line 820]: TBasisList: Unable to read number of basis sets!

[file orca_tools/Tool-GTO-Bases/basissets.cpp, line 820]: TBasisList: Unable to read number of basis sets!

[file orca_tools/Tool-GTO-Bases/basissets.cpp, line 820]: TBasisList: Unable to read number of basis sets!


Running gsolv calculation for CONF1983.
Running gsolv calculation for CONF1180.
 WARNING  - Job for CONF2002 failed. Stderr output:
[file orca_tools/Tool-GTO-Bases/basissets.cpp, line 820]: TBasisList: Unable to read number of basis sets!

[file orca_tools/Tool-GTO-Bases/basissets.cpp, line 820]: TBasisList: Unable to read number of basis sets!

[file orca_tools/Tool-GTO-Bases/basissets.cpp, line 820]: TBasisList: Unable to read number of basis sets!


Running gsolv calculation for CONF2387.
Running gsolv calculation for CONF1052.
Running gsolv calculation for CONF836.
Running gsolv calculation for CONF1571.
Running gsolv calculation for CONF1276.
Running gsolv calculation for CONF1580.
Running gsolv calculation for CONF1260.
Running gsolv calculation for CONF2260.
Running gsolv calculation for CONF1629.
Running gsolv calculation for CONF2091.
Running gsolv calculation for CONF1159.
Running gsolv calculation for CONF2096.
Running gsolv calculation for CONF2491.
Running gsolv calculation for CONF973.
Running gsolv calculation for CONF1067.
Running gsolv calculation for CONF1391.
Running gsolv calculation for CONF2288.
Running gsolv calculation for CONF2405.
Running gsolv calculation for CONF777.
Running gsolv calculation for CONF1596.
Running gsolv calculation for CONF1595.
Running gsolv calculation for CONF1231.
Running gsolv calculation for CONF2228.
Running gsolv calculation for CONF2300.
Running gsolv calculation for CONF1048.
Running gsolv calculation for CONF1636.
Running gsolv calculation for CONF1295.
Running gsolv calculation for CONF1496.
Running gsolv calculation for CONF1630.
Running gsolv calculation for CONF934.
Running gsolv calculation for CONF1399.
Running gsolv calculation for CONF920.
Running gsolv calculation for CONF779.
Running gsolv calculation for CONF1434.
Running gsolv calculation for CONF2615.
Running gsolv calculation for CONF2337.
Running gsolv calculation for CONF2528.
Running gsolv calculation for CONF1195.
Running gsolv calculation for CONF1265.
Running gsolv calculation for CONF970.
Running gsolv calculation for CONF1098.
Running gsolv calculation for CONF1494.
Running gsolv calculation for CONF943.
Running gsolv calculation for CONF2556.
Running gsolv calculation for CONF2035.
Running gsolv calculation for CONF2582.
Running gsolv calculation for CONF1912.
Running gsolv calculation for CONF1181.
Running gsolv calculation for CONF1892.
Running gsolv calculation for CONF1131.
Running gsolv calculation for CONF2478.
Running gsolv calculation for CONF1458.
Running gsolv calculation for CONF1472.
Running gsolv calculation for CONF1429.
Running gsolv calculation for CONF966.
Running gsolv calculation for CONF1648.
Running gsolv calculation for CONF2772.
Running gsolv calculation for CONF2220.
Running gsolv calculation for CONF1299.
Running gsolv calculation for CONF834.
Running gsolv calculation for CONF2494.
Running gsolv calculation for CONF1130.
Running gsolv calculation for CONF2381.
Running gsolv calculation for CONF1796.
Running gsolv calculation for CONF2388.
Running gsolv calculation for CONF1148.
Running gsolv calculation for CONF1914.
Running gsolv calculation for CONF1306.
Running gsolv calculation for CONF1149.
Running gsolv calculation for CONF2089.
Running gsolv calculation for CONF2200.
Running gsolv calculation for CONF2153.
Running gsolv calculation for CONF1206.
Running gsolv calculation for CONF2264.
Running gsolv calculation for CONF1396.
Running gsolv calculation for CONF2026.
Running gsolv calculation for CONF1540.
Running gsolv calculation for CONF2574.
Running gsolv calculation for CONF1271.
Running gsolv calculation for CONF2303.
Running gsolv calculation for CONF1091.
Running gsolv calculation for CONF1075.
Running gsolv calculation for CONF1283.
Running gsolv calculation for CONF1329.
Running gsolv calculation for CONF923.
Running gsolv calculation for CONF1423.
Running gsolv calculation for CONF2415.
Running gsolv calculation for CONF2479.
Running gsolv calculation for CONF1330.
Running gsolv calculation for CONF2411.
Running gsolv calculation for CONF1634.
Running gsolv calculation for CONF2485.
Running gsolv calculation for CONF2497.
Running gsolv calculation for CONF1292.
Running gsolv calculation for CONF1179.
Running gsolv calculation for CONF1940.
Running gsolv calculation for CONF1063.
Running gsolv calculation for CONF1110.
Running gsolv calculation for CONF2135.
Running gsolv calculation for CONF1314.
Running gsolv calculation for CONF1687.
Running gsolv calculation for CONF1359.
Running gsolv calculation for CONF1358.
Running gsolv calculation for CONF1432.
Running gsolv calculation for CONF2499.
Running gsolv calculation for CONF1486.
Running gsolv calculation for CONF2155.
Running gsolv calculation for CONF932.
Running gsolv calculation for CONF1049.
Running gsolv calculation for CONF1485.
Running gsolv calculation for CONF2081.
Running gsolv calculation for CONF2086.
Running gsolv calculation for CONF1377.
Running gsolv calculation for CONF1287.
Running gsolv calculation for CONF1312.
Running gsolv calculation for CONF678.
Running gsolv calculation for CONF1065.
Running gsolv calculation for CONF1270.
Running gsolv calculation for CONF1559.
Running gsolv calculation for CONF1529.
Running gsolv calculation for CONF1037.
Running gsolv calculation for CONF1441.
Running gsolv calculation for CONF1530.
Running gsolv calculation for CONF1651.
Running gsolv calculation for CONF1615.
Running gsolv calculation for CONF1274.
Running gsolv calculation for CONF2702.
Running gsolv calculation for CONF1333.
Running gsolv calculation for CONF1320.
Running gsolv calculation for CONF1062.
Running gsolv calculation for CONF2014.
Running gsolv calculation for CONF1208.
Running gsolv calculation for CONF2143.
Running gsolv calculation for CONF1174.
Running gsolv calculation for CONF1670.
Running gsolv calculation for CONF1655.
Running gsolv calculation for CONF1325.
Running gsolv calculation for CONF1106.
Running gsolv calculation for CONF1109.
Running gsolv calculation for CONF1569.
Running gsolv calculation for CONF2365.
Running gsolv calculation for CONF2017.
Running gsolv calculation for CONF2500.
Running gsolv calculation for CONF1546.
Running gsolv calculation for CONF1112.
Running gsolv calculation for CONF1939.
 WARNING  - Job for CONF1983 failed. Stderr output:
[file orca_tools/Tool-GTO-Bases/basissets.cpp, line 513]: Unable to write data in TBasis::WriteElement!

Running gsolv calculation for CONF1328.
Running gsolv calculation for CONF1872.
Running gsolv calculation for CONF682.
Running gsolv calculation for CONF1749.
Running gsolv calculation for CONF2115.
Running gsolv calculation for CONF1637.
Running gsolv calculation for CONF2244.
Running gsolv calculation for CONF2122.
Running gsolv calculation for CONF2064.
Running gsolv calculation for CONF1194.
Running gsolv calculation for CONF2609.
Running gsolv calculation for CONF2005.
Running gsolv calculation for CONF1664.
Running gsolv calculation for CONF1136.
Running gsolv calculation for CONF1444.
Running gsolv calculation for CONF1386.
Running gsolv calculation for CONF800.
Running gsolv calculation for CONF2782.
Running gsolv calculation for CONF1511.
Running gsolv calculation for CONF1548.
Running gsolv calculation for CONF2486.
Running gsolv calculation for CONF2665.
Running gsolv calculation for CONF801.
Running gsolv calculation for CONF1093.
Running gsolv calculation for CONF2788.
Running gsolv calculation for CONF1657.
Running gsolv calculation for CONF2557.
Running gsolv calculation for CONF2092.
Running gsolv calculation for CONF2659.
Running gsolv calculation for CONF2166.
Running gsolv calculation for CONF2075.
Running gsolv calculation for CONF1302.
Running gsolv calculation for CONF1336.
Running gsolv calculation for CONF1667.
Running gsolv calculation for CONF1517.
Running gsolv calculation for CONF1699.
Running gsolv calculation for CONF1349.
Running gsolv calculation for CONF1115.
Running gsolv calculation for CONF1202.
Running gsolv calculation for CONF1484.
Running gsolv calculation for CONF1754.
Running gsolv calculation for CONF2079.
Running gsolv calculation for CONF1645.
Running gsolv calculation for CONF1165.
Running gsolv calculation for CONF2179.
Running gsolv calculation for CONF1468.
Running gsolv calculation for CONF2429.
Running gsolv calculation for CONF1217.
Running gsolv calculation for CONF1498.
Running gsolv calculation for CONF2230.
Running gsolv calculation for CONF1126.
Running gsolv calculation for CONF1133.
Running gsolv calculation for CONF2170.
Running gsolv calculation for CONF950.
Running gsolv calculation for CONF1138.
Running gsolv calculation for CONF2171.
Running gsolv calculation for CONF1182.
Running gsolv calculation for CONF1161.
Running gsolv calculation for CONF2632.
Running gsolv calculation for CONF2710.
Running gsolv calculation for CONF1976.
Running gsolv calculation for CONF1804.
Running gsolv calculation for CONF2112.
Running gsolv calculation for CONF1184.
Running gsolv calculation for CONF2176.
Running gsolv calculation for CONF2455.
Running gsolv calculation for CONF1588.
Running gsolv calculation for CONF2298.
Running gsolv calculation for CONF1196.
Running gsolv calculation for CONF2148.
Running gsolv calculation for CONF1192.
Running gsolv calculation for CONF2548.
Running gsolv calculation for CONF1319.
Running gsolv calculation for CONF1327.
Running gsolv calculation for CONF1447.
Running gsolv calculation for CONF2587.
Running gsolv calculation for CONF1523.
Running gsolv calculation for CONF2099.
Running gsolv calculation for CONF2039.
Running gsolv calculation for CONF1439.
Running gsolv calculation for CONF1354.
Running gsolv calculation for CONF1792.
Running gsolv calculation for CONF1535.
Running gsolv calculation for CONF1207.
Running gsolv calculation for CONF1242.
Running gsolv calculation for CONF2165.
Running gsolv calculation for CONF799.
Running gsolv calculation for CONF1861.
Running gsolv calculation for CONF1170.
Running gsolv calculation for CONF2495.
Running gsolv calculation for CONF1524.
Running gsolv calculation for CONF2237.
Running gsolv calculation for CONF1070.
Running gsolv calculation for CONF1226.
Running gsolv calculation for CONF1574.
Running gsolv calculation for CONF2723.
Running gsolv calculation for CONF1551.
Running gsolv calculation for CONF1163.
Running gsolv calculation for CONF1661.
Running gsolv calculation for CONF2526.
Running gsolv calculation for CONF1099.
Running gsolv calculation for CONF1018.
Running gsolv calculation for CONF2467.
Running gsolv calculation for CONF2547.
Running gsolv calculation for CONF1451.
Running gsolv calculation for CONF2113.
Running gsolv calculation for CONF2885.
Running gsolv calculation for CONF2439.
Running gsolv calculation for CONF1945.
Running gsolv calculation for CONF2067.
Running gsolv calculation for CONF1016.
Running gsolv calculation for CONF1186.
Running gsolv calculation for CONF2183.
Running gsolv calculation for CONF1932.
Running gsolv calculation for CONF2225.
Running gsolv calculation for CONF1340.
Running gsolv calculation for CONF1838.
Running gsolv calculation for CONF1019.
Running gsolv calculation for CONF1111.
Running gsolv calculation for CONF1919.
Running gsolv calculation for CONF1426.
Running gsolv calculation for CONF2890.
Running gsolv calculation for CONF1509.
Running gsolv calculation for CONF2353.
Running gsolv calculation for CONF1431.
Running gsolv calculation for CONF1680.
Running gsolv calculation for CONF1346.
Running gsolv calculation for CONF2958.
Running gsolv calculation for CONF2144.
Running gsolv calculation for CONF1710.
Running gsolv calculation for CONF2444.
Running gsolv calculation for CONF1764.
Running gsolv calculation for CONF2109.
Running gsolv calculation for CONF1259.
Running gsolv calculation for CONF2128.
Running gsolv calculation for CONF1499.
Running gsolv calculation for CONF1784.
Running gsolv calculation for CONF2022.
Running gsolv calculation for CONF1770.
Running gsolv calculation for CONF1641.
Running gsolv calculation for CONF1816.
Running gsolv calculation for CONF1176.
Running gsolv calculation for CONF1856.
Running gsolv calculation for CONF1598.
Running gsolv calculation for CONF1450.
Running gsolv calculation for CONF1470.
Running gsolv calculation for CONF2047.
Running gsolv calculation for CONF1225.
Running gsolv calculation for CONF1968.
Running gsolv calculation for CONF2579.
Running gsolv calculation for CONF1153.
Running gsolv calculation for CONF1587.
Running gsolv calculation for CONF1318.
