Charm++: standalone mode (not using charmrun)
Charm++> Running in Multicore mode: 12 threads (PEs)
Charm++> Using recursive bisection (scheme 3) for topology aware partitions
Converse/Charm++ Commit ID: 
CharmLB> Load balancer assumes all CPUs are same.
Charm++> Running on 1 hosts (2 sockets x 6 cores x 1 PUs = 12-way SMP)
Charm++> cpu topology info is gathered in 0.001 seconds.
Info: Built with CUDA version 11080
Did not find +devices i,j,k,... argument, using all
Pe 9 physical rank 9 will use CUDA device of pe 8
Pe 0 physical rank 0 will use CUDA device of pe 8
Pe 2 physical rank 2 will use CUDA device of pe 8
Pe 6 physical rank 6 will use CUDA device of pe 8
Pe 11 physical rank 11 will use CUDA device of pe 8
Pe 7 physical rank 7 will use CUDA device of pe 8
Pe 1 physical rank 1 will use CUDA device of pe 8
Pe 3 physical rank 3 will use CUDA device of pe 8
Pe 10 physical rank 10 will use CUDA device of pe 8
Pe 4 physical rank 4 will use CUDA device of pe 8
Pe 5 physical rank 5 will use CUDA device of pe 8
Pe 8 physical rank 8 binding to CUDA device 0 on k105: 'Tesla V100-SXM2-32GB'  Mem: 32494MB  Rev: 7.0  PCI: 0:af:0
CharmLB> Load balancing instrumentation for communication is off.
Info: NAMD 3.0.1 for Linux-x86_64-multicore-CUDA
Info: 
Info: Please visit http://www.ks.uiuc.edu/Research/namd/
Info: for updates, documentation, and support information.
Info: 
Info: Please cite Phillips et al., J. Chem. Phys. 153:044130 (2020) doi:10.1063/5.0014475
Info: in all publications reporting results obtained with NAMD.
Info: 
Info: Based on Charm++/Converse 80000 for multicore-linux-x86_64-gcc
Info: Built Mon Oct 14 10:33:44 CDT 2024 by dhardy on athine.ks.uiuc.edu
Info: 1 NAMD  3.0.1  Linux-x86_64-multicore-CUDA  12    k105  z5358697
Info: Running on 12 processors, 1 nodes, 1 physical nodes.
Info: CPU topology information available.
Info: Charm++/Converse parallel runtime startup completed at 0.133589 s
CkLoopLib is used in SMP with simple dynamic scheduling (converse-level notification)
Info: 0 MB of memory in use based on /proc/self/stat
Info: Configuration file is prod.namd
Info: Working in the current directory /srv/scratch/z5358697/.automated/3759
TCL: Running FEP window   1: Lambda1 1.00   Lambda2 0.95   [dLambda -0.050000000000000044]
TCL: Suspending until startup complete.
Warning: The following variables were set in the
Warning: configuration file but will be ignored:
Warning:    switchdist (switching)
Warning: Option "1-4scaling" has been deprecated. Instead use "oneFourScaling".
Info: EXTENDED SYSTEM FILE   mobley_3976574_equil.xsc
Info: Tuning parameters to improve GPU-resident performance
Warning: Keeping margin at user-specified value 2
Warning: Performance might be improved by increasing margin size to >= 4
Warning: Disabling lonepair support due to incompatability with GPU-resident.
Info: Running with GPU-resident mode
Warning: Always using force tables for GPU nonbonded kernel due to unsupported config parameters.
Info: SIMULATION PARAMETERS:
Info: TIMESTEP               2
Info: NUMBER OF STEPS        0
Info: STEPS PER CYCLE        10
Info: PERIODIC CELL BASIS 1  32.5444 0 0
Info: PERIODIC CELL BASIS 2  0 33.9432 0
Info: PERIODIC CELL BASIS 3  0 0 27.4752
Info: PERIODIC CELL CENTER   0 0 0
Info: WRAPPING WATERS AROUND PERIODIC BOUNDARIES ON OUTPUT.
Info: WRAPPING ALL CLUSTERS AROUND PERIODIC BOUNDARIES ON OUTPUT.
Info: LOAD BALANCER  Centralized
Info: LOAD BALANCING STRATEGY  New Load Balancers -- DEFAULT
Info: LDB PERIOD             2000 steps
Info: FIRST LDB TIMESTEP     50
Info: LAST LDB TIMESTEP     -1
Info: LDB BACKGROUND SCALING 1
Info: HOM BACKGROUND SCALING 1
Info: PME BACKGROUND SCALING 1
Info: MIN ATOMS PER PATCH    40
Info: EMPTY PATCH LOAD       40 ATOMS
Info: VELOCITY FILE          mobley_3976574_equil.vel
Info: CENTER OF MASS MOVING INITIALLY? NO
Info: DIELECTRIC             1
Info: EXCLUDE                SCALED ONE-FOUR
Info: 1-4 ELECTROSTATICS SCALED BY 0.833333
Info: MODIFIED 1-4 VDW PARAMETERS WILL BE USED
Info: DCD FILENAME           mobley_3976574_prod.dcd
Info: DCD FREQUENCY          100000
Info: DCD FIRST STEP         100000
Info: DCD FILE WILL CONTAIN UNIT CELL DATA
Info: XST FILENAME           mobley_3976574_prod.xst
Info: XST FREQUENCY          100000
Info: NO VELOCITY DCD OUTPUT
Info: NO FORCE DCD OUTPUT
Info: OUTPUT FILENAME        mobley_3976574_prod
Info: BINARY OUTPUT FILES WILL BE USED
Info: RESTART FILENAME       mobley_3976574_prod.restart
Info: RESTART FREQUENCY      100000
Info: BINARY RESTART FILES WILL BE USED
Info: CUTOFF                 9
Info: PAIRLIST DISTANCE      11
Info: PAIRLIST SHRINK RATE   0.01
Info: PAIRLIST GROW RATE     0.01
Info: PAIRLIST TRIGGER       0.3
Info: PAIRLISTS PER CYCLE    2
Info: PAIRLISTS ENABLED
Info: MARGIN                 2
Info: HYDROGEN GROUP CUTOFF  2.5
Info: PATCH DIMENSION        15.5
Info: ENERGY OUTPUT STEPS    100000
Warning: The period of outputting energies relating to alchemical transformations (alchOutFreq = 50) is not a multiple of the period of computing energies (computeEnergies = 100000). If alchOutFreq is smaller than outputEnergies and computeEnergies is not defined, a better solution is to set computeEnergies explicitly and keep it the same as alchOutFreq. The simulation will use the greatest common divisor of computeEnergies and alchOutFreq as the period of energy evaluation.
Info: ENERGY EVALUATION STEPS    100000
Info: OUTPUT ENERGY PRECISION 4
Info: CROSSTERM ENERGY INCLUDED IN DIHEDRAL
Info: TIMING OUTPUT STEPS    1000000
Info: PRESSURE OUTPUT STEPS  100000
Info: ALCHEMICAL FEP ON
Info: FEP CURRENT LAMBDA VALUE     1
Info: FEP COMPARISON LAMBDA VALUE  0.95
Info: FEP INTRA-ALCHEMICAL NON-BONDED INTERACTIONS WILL BE RETAINED
Info: FEP INTRA-ALCHEMICAL BONDED INTERACTIONS WILL BE RETAINED
Info: FEP VDW SHIFTING COEFFICIENT 5
Info: FEP ELEC. ACTIVE FOR ANNIHILATED PARTICLES BETWEEN LAMBDA = 0 AND LAMBDA = 0.5
Info: FEP ELEC. ACTIVE FOR EXNIHILATED PARTICLES BETWEEN LAMBDA = 0.5 AND LAMBDA = 1
Info: FEP VDW ACTIVE FOR ANNIHILATED PARTICLES BETWEEN LAMBDA = 0 AND LAMBDA = 1
Info: FEP VDW ACTIVE FOR EXNIHILATED PARTICLES BETWEEN LAMBDA = 0 AND LAMBDA = 1
Info: FEP BOND ACTIVE FOR ANNIHILATED PARTICLES BETWEEN LAMBDA = 1 AND LAMBDA = 1
Info: FEP BOND ACTIVE FOR EXNIHILATED PARTICLES BETWEEN LAMBDA = 0 AND LAMBDA = 0
Info: LANGEVIN DYNAMICS ACTIVE
Info: LANGEVIN TEMPERATURE   300
Info: LANGEVIN USING BBK INTEGRATOR
Info: LANGEVIN DAMPING COEFFICIENT IS 1 INVERSE PS
Info: LANGEVIN DYNAMICS APPLIED TO HYDROGENS
Info: LANGEVIN PISTON PRESSURE CONTROL ACTIVE
Info:        TARGET PRESSURE IS 1.01325 BAR
Info:     OSCILLATION PERIOD IS 50 FS
Info:             DECAY TIME IS 25 FS
Info:     PISTON TEMPERATURE IS 300 K
Info:       PRESSURE CONTROL IS GROUP-BASED
Info:    INITIAL STRAIN RATE IS -0.000375353 -0.000375353 -0.000375353
Info:       CELL FLUCTUATION IS ISOTROPIC
Info: PARTICLE MESH EWALD (PME) ACTIVE
Info: PME TOLERANCE               1e-06
Info: PME EWALD COEFFICIENT       0.348832
Info: PME INTERPOLATION ORDER     4
Info: PME GRID DIMENSIONS         36 36 28
Info: PME MAXIMUM GRID SPACING    1
Info: PME CALCULATION WILL BE PERFORMED ON GPU
Info: FULL ELECTROSTATIC EVALUATION FREQUENCY      2
Info: USING VERLET I (r-RESPA) MTS SCHEME.
Info: C1 SPLITTING OF LONG RANGE ELECTROSTATICS
Info: PLACING ATOMS IN PATCHES BY HYDROGEN GROUPS
Info: RIGID BONDS TO HYDROGEN : ALL
Info:         ERROR TOLERANCE : 1e-08
Info:          MAX ITERATIONS : 100
Info: RIGID WATER USING SETTLE ALGORITHM
Info: RANDOM NUMBER SEED     1743645259
Info: USE HYDROGEN BONDS?    NO
Info: Using AMBER format force field!
Info: AMBER PARM FILE        mobley_3976574.prmtop
Info: COORDINATE PDB         mobley_3976574.pdb
Info: Exclusions will be read from PARM file!
Info: SCNB (VDW SCALING)     2
Info: USING ARITHMETIC MEAN TO COMBINE L-J SIGMA PARAMETERS
Info: BINARY COORDINATES     mobley_3976574_equil.coor
Info: === Start reading AMBER parm7 format file mobley_3976574.prmtop ===
Info: Complete reading ATOM_NAME with 2989 fields.
Info: Complete reading CHARGE with 2989 fields.
Info: Complete reading ATOMIC_NUMBER with 2989 fields.
Info: Complete reading MASS with 2989 fields.
Info: Complete reading ATOM_TYPE_INDEX with 2989 fields.
Info: Complete reading NUMBER_EXCLUDED_ATOMS with 2989 fields.
Info: Complete reading NONBONDED_PARM_INDEX with 36 fields.
Info: Complete reading RESIDUE_LABEL with 990 fields.
Info: Complete reading RESIDUE_POINTER with 990 fields.
Info: Complete reading BOND_FORCE_CONSTANT with 6 fields.
Info: Complete reading BOND_EQUIL_VALUE with 6 fields.
Info: Complete reading ANGLE_FORCE_CONSTANT with 5 fields.
Info: Complete reading ANGLE_EQUIL_VALUE with 5 fields.
Info: Complete reading DIHEDRAL_FORCE_CONSTANT with 3 fields.
Info: Complete reading DIHEDRAL_PERIODICITY with 3 fields.
Info: Complete reading DIHEDRAL_PHASE with 3 fields.
Info: Complete reading SCEE_SCALE_FACTOR with 3 fields.
Info: Complete reading SCNB_SCALE_FACTOR with 3 fields.
Info: Complete reading LENNARD_JONES_ACOEF with 21 fields.
Info: Complete reading LENNARD_JONES_BCOEF with 21 fields.
Info: Complete reading BONDS_INC_HYDROGEN with 8910 fields.
Info: Complete reading BONDS_WITHOUT_HYDROGEN with 63 fields.
Info: Complete reading ANGLES_INC_HYDROGEN with 24 fields.
Info: Complete reading ANGLES_WITHOUT_HYDROGEN with 128 fields.
Info: Complete reading DIHEDRALS_INC_HYDROGEN with 70 fields.
Info: Complete reading DIHEDRALS_WITHOUT_HYDROGEN with 270 fields.
Info: Complete reading EXCLUDED_ATOMS_LIST with 4067 fields.
Info: Complete reading HBOND_ACOEF with 0 fields.
Info: Complete reading HBOND_BCOEF with 0 fields.
Info: Complete reading AMBER_ATOM_TYPE with 2989 fields.
Info: Complete reading TREE_CHAIN_CLASSIFICATION with 2989 fields.
Info: Complete reading ATOMS_PER_MOLECULE with 990 fields.
Info: Complete reading BOX_DIMENSIONS with 4 fields.
Info: Complete reading RADIUS_SET with 1 fields.
Info: Complete reading RADII with 2989 fields.
Info: Complete reading SCREEN with 2989 fields.
Info: === Finish reading AMBER parm7 format file. ===
Warning: Found 989 H-H bonds.
Info: SUMMARY OF PARAMETERS:
Info: 6 BONDS
Info: 5 ANGLES
Info:   5 HARMONIC
Info:   0 COSINE-BASED
Info: 3 DIHEDRAL
Info: 0 IMPROPER
Info: 0 CROSSTERM
Info: 0 VDW
Info: 21 VDW_PAIRS
Info: 0 NBTHOLE_PAIRS
Info: Reading pdb file mobley_3976574.pdb
Info: TIME FOR READING PDB FILE: 0.0117491
Info: 
Info: To read alchdata from file: mobley_3976574.pdb
Info: To read alchflag data from column: 5
Info: ****************************
Info: STRUCTURE SUMMARY:
Info: 2989 ATOMS
Info: 2991 BONDS
Info: 38 ANGLES
Info: 68 DIHEDRALS
Info: 0 IMPROPERS
Info: 0 CROSSTERMS
Info: 3076 EXCLUSIONS
Info: 2970 RIGID BONDS
Info: ALCH: 0 ATOMS TO DISAPPEAR IN FINAL STATE
Info: ALCH: 22 ATOMS TO APPEAR IN FINAL STATE
Info: 5997 DEGREES OF FREEDOM
Info: 1008 HYDROGEN GROUPS
Info: 3 ATOMS IN LARGEST HYDROGEN GROUP
Info: 1008 MIGRATION GROUPS
Info: 3 ATOMS IN LARGEST MIGRATION GROUP
Info: TOTAL MASS = 18174.2 amu
Info: TOTAL CHARGE = -9.99793e-05 e
Info: MASS DENSITY = 0.994365 g/cm^3
Info: ATOM DENSITY = 0.0984819 atoms/A^3
Info: *****************************
Info: Reading from binary file mobley_3976574_equil.coor
Info: 
Info: Entering startup at 1.98877 s, 0 MB of memory in use
Info: Startup phase 0 took 0.0104877 s, 0 MB of memory in use
Info: ADDED 0 IMPLICIT EXCLUSIONS
Info: Startup phase 1 took 0.00103713 s, 0 MB of memory in use
Info: NONBONDED TABLE R-SQUARED SPACING: 0.0625
Info: NONBONDED TABLE SIZE: 705 POINTS
Info: INCONSISTENCY IN FAST TABLE ENERGY VS FORCE: 0.000290481 AT 0.251946
Info: INCONSISTENCY IN SCOR TABLE ENERGY VS FORCE: 0.000238233 AT 8.9687
Info: ABSOLUTE IMPRECISION IN VDWA TABLE ENERGY: 1.21169e-27 AT 8.99653
Info: ABSOLUTE IMPRECISION IN VDWA TABLE FORCE: 2.57484e-27 AT 8.99653
Info: INCONSISTENCY IN VDWA TABLE ENERGY VS FORCE: 0.0040507 AT 0.251946
Info: INCONSISTENCY IN VDWB TABLE ENERGY VS FORCE: 0.00150189 AT 0.251946
Info: Startup phase 2 took 0.000294776 s, 0 MB of memory in use
Info: Startup phase 3 took 9.9416e-05 s, 0 MB of memory in use
Info: Startup phase 4 took 0.000241867 s, 0 MB of memory in use
Info: Startup phase 5 took 9.3343e-05 s, 0 MB of memory in use
Info: REDUCING NUMBER OF PATCHES TO IMPROVE LOAD BALANCE
Info: PATCH GRID IS 4 (PERIODIC) BY 3 (PERIODIC) BY 1 (PERIODIC)
Info: PATCH GRID IS 2-AWAY BY 2-AWAY BY 1-AWAY
Info: Reading from binary file mobley_3976574_equil.vel
Info: REMOVING COM VELOCITY 0.00276086 -0.0609681 -0.0467724
Info: LARGEST PATCH (0) HAS 264 ATOMS
Info: TORUS A SIZE 1 USING 0
Info: TORUS B SIZE 1 USING 0
Info: TORUS C SIZE 1 USING 0
Info: TORUS MINIMAL MESH SIZE IS 1 BY 1 BY 1
Info: Placed 100% of base nodes on same physical node as patch
Info: Startup phase 6 took 0.0100253 s, 0 MB of memory in use
Info: Use 3D box decompostion in PME FFT.
Info: PME using 1 x 1 x 1 pencil grid for FFT and reciprocal sum.
Info: Startup phase 7 took 0.000568018 s, 0 MB of memory in use
Info: Updated CUDA force table with 4096 elements.
Info: Updated CUDA LJ table with 6 x 6 elements.
Info: Startup phase 8 took 0.00137761 s, 0 MB of memory in use
Info: Startup phase 9 took 0.000141389 s, 0 MB of memory in use
Info: Startup phase 10 took 0.000107981 s, 0 MB of memory in use
Info: Startup phase 11 took 0.00215074 s, 0 MB of memory in use
LDB: Central LB being created...
Info: Startup phase 12 took 0.00772891 s, 0 MB of memory in use
Info: CREATING 636 COMPUTE OBJECTS
Info: Found 24 unique exclusion lists needing 68 bytes
Info: useSync: 0 useProxySync: 0
Info: Startup phase 13 took 0.0172192 s, 0 MB of memory in use
Info: Startup phase 14 took 0.000151441 s, 0 MB of memory in use
Info: Startup phase 15 took 7.1546e-05 s, 0 MB of memory in use
Info: Finished startup at 2.04057 s, 0 MB of memory in use

TCL: Running for 1500000 steps
FEP: RESETTING FOR NEW FEP WINDOW LAMBDA SET TO 1 LAMBDA2 0.95
FEP: WINDOW TO HAVE 100000 STEPS OF EQUILIBRATION PRIOR TO FEP DATA COLLECTION.
FEP: USING CONSTANT TEMPERATURE OF 300 K FOR FEP CALCULATION
PRESSURE: 0 1777.81 299.856 -409.614 299.858 655.669 28.9616 -409.613 28.9563 -0.881201
GPRESSURE: 0 1833.49 431.515 -419.313 67.085 889.198 -139.651 -397.884 5.54345 -34.5609
ETITLE:      TS           BOND          ANGLE          DIHED          IMPRP               ELECT            VDW       BOUNDARY           MISC        KINETIC               TOTAL           TEMP      POTENTIAL       TOTALAVG        TEMPAVG            PRESSURE      GPRESSURE         VOLUME       PRESSAVG      GPRESSAVG
FEPTITLE:    TS          BOND2         ELECT2           VDW2

ENERGY:       0         4.5077         3.9261         3.3989         0.0000         -10867.2160      1524.0620         0.0000         0.0000      1793.2154          -7538.1059       300.9462     -9331.3213     -7538.1059       300.9462            810.8669       896.0411     30350.7448       810.8669       896.0411
FEP:          0        11.8326    -10866.8502      1524.8695

OPENING FEP ENERGY OUTPUT FILE
OPENING EXTENDED SYSTEM TRAJECTORY FILE
Info: Initial time: 12 CPUs 0.00156393 s/step 110.491 ns/day 0 MB memory
Info: Initial time: 12 CPUs 0.000462984 s/step 373.231 ns/day 0 MB memory
Info: Initial time: 12 CPUs 0.000487304 s/step 354.604 ns/day 0 MB memory
Info: Benchmark time: 12 CPUs 0.000545518 s/step 316.763 ns/day 0 MB memory
Info: Benchmark time: 12 CPUs 0.000898305 s/step 192.362 ns/day 0 MB memory
Info: Benchmark time: 12 CPUs 0.000455932 s/step 379.004 ns/day 0 MB memory
Info: Benchmark time: 12 CPUs 0.000437707 s/step 394.785 ns/day 0 MB memory
Info: Benchmark time: 12 CPUs 0.000438271 s/step 394.276 ns/day 0 MB memory
Info: Benchmark time: 12 CPUs 0.000442043 s/step 390.912 ns/day 0 MB memory
PRESSURE: 100000 718.188 -571.408 -136.617 -571.407 1241.97 -150.812 -136.623 -150.809 515.724
GPRESSURE: 100000 750.932 -219.446 -15.221 -751.731 1411.17 17.0222 -85.6514 -142.994 494.076
PRESSAVG: 100000 1248 -135.775 -273.118 -135.775 948.821 -60.9264 -273.118 -60.9264 257.422
GPRESSAVG: 100000 1292.21 106.034 -217.267 -342.323 1150.18 -61.3143 -241.767 -68.7254 229.758
ENERGY:  100000         6.6190         3.2199         5.0166         0.0000         -10812.7290      1509.5237         0.0000         0.0000      1823.1417          -7465.2081       305.9685     -9288.3498     -7501.6570       303.4573            825.2946       885.3912     30812.3948       818.0807       890.7162
FEP:     100000        14.8555    -10812.3922      1510.8775

WRITING EXTENDED SYSTEM TO RESTART FILE AT STEP 100000
OPENING COORDINATE DCD FILE
WRITING COORDINATES TO DCD FILE mobley_3976574_prod.dcd AT STEP 100000
WRITING COORDINATES TO RESTART FILE AT STEP 100000
FINISHED WRITING RESTART COORDINATES
The last position output (seq=100000) takes 0.013 seconds, 0.000 MB of memory in use
WRITING VELOCITIES TO RESTART FILE AT STEP 100000
FINISHED WRITING RESTART VELOCITIES
The last velocity output (seq=100000) takes 0.007 seconds, 0.000 MB of memory in use
PRESSURE: 200000 -970.99 488.476 -501.136 488.477 -706.83 -24.6649 -501.133 -24.6634 -292.605
GPRESSURE: 200000 -940.355 562.606 -405.683 412.363 -715.871 125.332 -362.785 -70.0767 -163.812
PRESSAVG: 200000 508.337 72.3091 -349.123 72.3091 396.937 -48.8387 -349.123 -48.8387 74.0795
GPRESSAVG: 200000 548.021 258.225 -280.072 -90.7611 528.164 0.901008 -282.107 -69.1758 98.568
ENERGY:  200000         7.8597         6.5292         7.3204         0.0000         -10687.4811      1363.5145         0.0000         0.0000      1768.2107          -7534.0466       296.7497     -9302.2573     -7512.4535       301.2215           -656.8083      -606.6793     30777.0653       326.4511       391.5843
FEP:     200000        21.7093    -10687.2930      1364.2637

WRITING EXTENDED SYSTEM TO RESTART FILE AT STEP 200000
WRITING COORDINATES TO DCD FILE mobley_3976574_prod.dcd AT STEP 200000
WRITING COORDINATES TO RESTART FILE AT STEP 200000
FINISHED WRITING RESTART COORDINATES
The last position output (seq=200000) takes 0.023 seconds, 0.000 MB of memory in use
WRITING VELOCITIES TO RESTART FILE AT STEP 200000
FINISHED WRITING RESTART VELOCITIES
The last velocity output (seq=200000) takes 0.026 seconds, 0.000 MB of memory in use
PRESSURE: 300000 -208.119 -379.559 233.112 -379.559 -255.029 -167.39 233.113 -167.39 -852.648
GPRESSURE: 300000 -96.7688 -635.606 208.364 149.18 -339.814 -197.948 324.338 -106.224 -834.671
PRESSAVG: 300000 329.223 -40.658 -203.564 -40.658 233.946 -78.4765 -203.564 -78.4765 -157.602
GPRESSAVG: 300000 386.823 34.7672 -157.963 -30.7759 311.17 -48.8113 -130.495 -78.438 -134.742
ENERGY:  300000         5.4939         7.2318         3.6630         0.0000         -10717.3034      1382.6290         0.0000         0.0000      1756.2403          -7562.0454       294.7408     -9318.2857     -7524.8515       299.6013           -438.5986      -423.7515     31179.5700       135.1887       187.7504
FEP:     300000        16.3887    -10716.8820      1383.4420

WRITING EXTENDED SYSTEM TO RESTART FILE AT STEP 300000
WRITING COORDINATES TO DCD FILE mobley_3976574_prod.dcd AT STEP 300000
WRITING COORDINATES TO RESTART FILE AT STEP 300000
FINISHED WRITING RESTART COORDINATES
The last position output (seq=300000) takes 0.019 seconds, 0.000 MB of memory in use
WRITING VELOCITIES TO RESTART FILE AT STEP 300000
FINISHED WRITING RESTART VELOCITIES
The last velocity output (seq=300000) takes 0.019 seconds, 0.000 MB of memory in use
PRESSURE: 400000 1309.13 123.666 210.474 123.664 783.459 -123.623 210.472 -123.62 -219.845
GPRESSURE: 400000 1433.93 127.069 269.595 70.6641 858.18 -124.125 75.7569 106.987 -193.532
PRESSAVG: 400000 525.204 -7.79351 -120.757 -7.79351 343.848 -87.5051 -120.757 -87.5051 -170.051
GPRESSAVG: 400000 596.244 53.2275 -72.4517 -10.4879 420.572 -63.8741 -89.2449 -41.353 -146.5
ENERGY:  400000         3.8708         7.7424         4.5032         0.0000         -10785.1350      1507.8889         0.0000         0.0000      1775.9225          -7485.2071       298.0440     -9261.1296     -7516.9226       299.2898            624.2474       699.5255     31101.6913       233.0004       290.1054
FEP:     400000        16.1164    -10784.7789      1508.5520

WRITING EXTENDED SYSTEM TO RESTART FILE AT STEP 400000
WRITING COORDINATES TO DCD FILE mobley_3976574_prod.dcd AT STEP 400000
WRITING COORDINATES TO RESTART FILE AT STEP 400000
FINISHED WRITING RESTART COORDINATES
The last position output (seq=400000) takes 0.018 seconds, 0.000 MB of memory in use
WRITING VELOCITIES TO RESTART FILE AT STEP 400000
FINISHED WRITING RESTART VELOCITIES
The last velocity output (seq=400000) takes 0.019 seconds, 0.000 MB of memory in use
PRESSURE: 500000 577.2 545.421 59.1323 545.423 217.269 -141.335 59.1331 -141.339 654.887
GPRESSURE: 500000 766.687 398.854 -155.417 518.045 303.889 -225.279 -27.9382 71.483 590.718
PRESSAVG: 500000 533.87 84.4092 -90.7753 84.4092 322.752 -96.4775 -90.7753 -96.4775 -32.5612
GPRESSAVG: 500000 624.651 110.832 -86.2793 77.6009 401.124 -90.775 -79.0271 -22.547 -23.6301
ENERGY:  500000         7.5623         5.8106         8.5078         0.0000         -10915.0465      1511.1151         0.0000         0.0000      1826.9566          -7555.0941       306.6088     -9382.0507     -7523.2845       300.5097            483.1185       553.7645     30528.0267       274.6868       334.0486
FEP:     500000        21.8807    -10914.8761      1512.5710

WRITING EXTENDED SYSTEM TO RESTART FILE AT STEP 500000
WRITING COORDINATES TO DCD FILE mobley_3976574_prod.dcd AT STEP 500000
WRITING COORDINATES TO RESTART FILE AT STEP 500000
FINISHED WRITING RESTART COORDINATES
The last position output (seq=500000) takes 0.023 seconds, 0.000 MB of memory in use
WRITING VELOCITIES TO RESTART FILE AT STEP 500000
FINISHED WRITING RESTART VELOCITIES
The last velocity output (seq=500000) takes 0.023 seconds, 0.000 MB of memory in use
PRESSURE: 600000 -639.966 -172.519 -539.315 -172.516 -381.559 -319.457 -539.323 -319.454 -1254.53
GPRESSURE: 600000 -382.286 -245.519 -879.77 -358.035 -218.81 -116.704 -575.339 -474.205 -1492.37
PRESSAVG: 600000 366.179 47.7056 -154.854 47.7056 222.136 -128.331 -154.854 -128.331 -207.128
GPRESSAVG: 600000 480.803 59.9247 -199.635 15.3672 312.562 -94.4791 -149.929 -87.0695 -233.45
ENERGY:  600000         8.6803         5.3964         5.1699         0.0000         -10723.1033      1363.6795         0.0000         0.0000      1828.7807          -7511.3965       306.9149     -9340.1772     -7521.5863       301.4247           -758.6854      -697.8218     31044.0576       127.0622       186.6385
FEP:     600000        19.2465    -10723.0050      1364.6991

WRITING EXTENDED SYSTEM TO RESTART FILE AT STEP 600000
WRITING COORDINATES TO DCD FILE mobley_3976574_prod.dcd AT STEP 600000
WRITING COORDINATES TO RESTART FILE AT STEP 600000
FINISHED WRITING RESTART COORDINATES
The last position output (seq=600000) takes 0.017 seconds, 0.000 MB of memory in use
WRITING VELOCITIES TO RESTART FILE AT STEP 600000
FINISHED WRITING RESTART VELOCITIES
PRESSURE: 700000 527.781 56.2431 100.495 56.2446 826.52 669.801 100.497 669.805 84.5099
GPRESSURE: 700000 614.737 42.7715 226.568 246.666 821.529 795.334 13.1884 535.792 271.98
PRESSAVG: 700000 386.379 48.773 -122.935 48.773 297.684 -28.5643 -122.935 -28.5643 -170.674
GPRESSAVG: 700000 497.545 57.7805 -146.36 44.2796 376.183 16.7475 -129.539 -9.21182 -170.271
ENERGY:  700000         5.3572         6.5093         2.9868         0.0000         -10865.6005      1505.9843         0.0000         0.0000      1824.8665          -7519.8964       306.2580     -9344.7629     -7521.3750       302.0289            479.6034       569.4156     30676.0565       171.1298       234.4857
FEP:     700000        14.8533    -10865.3869      1507.0500

WRITING EXTENDED SYSTEM TO RESTART FILE AT STEP 700000
WRITING COORDINATES TO DCD FILE mobley_3976574_prod.dcd AT STEP 700000
WRITING COORDINATES TO RESTART FILE AT STEP 700000
FINISHED WRITING RESTART COORDINATES
The last position output (seq=700000) takes 0.024 seconds, 0.000 MB of memory in use
WRITING VELOCITIES TO RESTART FILE AT STEP 700000
FINISHED WRITING RESTART VELOCITIES
PRESSURE: 800000 -210.311 -482.265 82.503 -482.264 -308.578 79.0226 82.4989 79.0244 463.936
GPRESSURE: 800000 -94.629 -697 145.096 39.8592 -104.986 7.19106 -111.604 77.6543 442.417
PRESSAVG: 800000 320.08 -10.2311 -100.109 -10.2311 230.321 -16.61 -100.109 -16.61 -100.161
GPRESSAVG: 800000 431.748 -26.084 -113.976 43.7884 322.72 15.6857 -127.546 0.439978 -102.195
ENERGY:  800000         2.6005         3.4295         6.2502         0.0000         -10793.9914      1435.1647         0.0000         0.0000      1773.9164          -7572.6300       297.7073     -9346.5464     -7527.0700       301.5487            -18.3175        80.9342     30776.2253       150.0801       217.4244
FEP:     800000        12.2802    -10793.7287      1435.8560

WRITING EXTENDED SYSTEM TO RESTART FILE AT STEP 800000
WRITING COORDINATES TO DCD FILE mobley_3976574_prod.dcd AT STEP 800000
WRITING COORDINATES TO RESTART FILE AT STEP 800000
FINISHED WRITING RESTART COORDINATES
The last position output (seq=800000) takes 0.018 seconds, 0.000 MB of memory in use
WRITING VELOCITIES TO RESTART FILE AT STEP 800000
FINISHED WRITING RESTART VELOCITIES
PRESSURE: 900000 500.004 130.814 -157.405 130.813 158.77 23.582 -157.404 23.5786 476.921
GPRESSURE: 900000 518.622 125.062 222.031 27.7282 270.7 -128.775 -218.667 179.779 507.793
PRESSAVG: 900000 338.073 3.87324 -105.838 3.87324 223.166 -12.5911 -105.838 -12.5911 -42.4532
GPRESSAVG: 900000 440.435 -10.9694 -80.3751 42.1824 317.518 1.23965 -136.658 18.3739 -41.1959
ENERGY:  900000         5.4228         7.2798         6.3395         0.0000         -10814.6103      1463.6210         0.0000         0.0000      1798.0977          -7533.8495       301.7655     -9331.9472     -7527.7480       301.5704            378.5648       432.3716     30906.9052       172.9286       238.9191
FEP:     900000        19.0421    -10814.3098      1464.6468

WRITING EXTENDED SYSTEM TO RESTART FILE AT STEP 900000
WRITING COORDINATES TO DCD FILE mobley_3976574_prod.dcd AT STEP 900000
WRITING COORDINATES TO RESTART FILE AT STEP 900000
FINISHED WRITING RESTART COORDINATES
The last position output (seq=900000) takes 0.020 seconds, 0.000 MB of memory in use
WRITING VELOCITIES TO RESTART FILE AT STEP 900000
FINISHED WRITING RESTART VELOCITIES
PRESSURE: 1000000 322.663 23.6913 -377.387 23.689 352.721 193.05 -377.387 193.051 342.534
GPRESSURE: 1000000 422.603 266.361 -123.207 -33.676 487.341 221.352 -429.734 111.48 496.82
PRESSAVG: 1000000 336.672 5.67468 -130.524 5.67468 234.944 6.10363 -130.524 6.10363 -7.45437
GPRESSAVG: 1000000 438.814 14.2425 -84.2688 35.2862 332.957 21.2499 -163.302 26.8381 7.71461
TIMING: 1000000  CPU: 410.856, 0.000408978/step  Wall: 417.272, 0.000417238/step, 414.152 ns/days, 0.0579498 hours remaining, 0.000000 MB of memory in use.
PERFORMANCE: 1000000  averaging 414.152 ns/day, 0.000417238 sec/step with standard deviation 0
ETITLE:      TS           BOND          ANGLE          DIHED          IMPRP               ELECT            VDW       BOUNDARY           MISC        KINETIC               TOTAL           TEMP      POTENTIAL       TOTALAVG        TEMPAVG            PRESSURE      GPRESSURE         VOLUME       PRESSAVG      GPRESSAVG
FEPTITLE:    TS          BOND2         ELECT2           VDW2

ENERGY: 1000000         5.8669         4.9019         7.0052         0.0000         -10768.4870      1474.6384         0.0000         0.0000      1840.5259          -7435.5487       308.8860     -9276.0746     -7519.3662       302.2354            339.3060       468.9213     30910.7160       188.0538       259.8284
FEP:    1000000        17.7740    -10768.0720      1475.9262

WRITING EXTENDED SYSTEM TO RESTART FILE AT STEP 1000000
WRITING COORDINATES TO DCD FILE mobley_3976574_prod.dcd AT STEP 1000000
WRITING COORDINATES TO RESTART FILE AT STEP 1000000
FINISHED WRITING RESTART COORDINATES
The last position output (seq=1000000) takes 0.029 seconds, 0.000 MB of memory in use
WRITING VELOCITIES TO RESTART FILE AT STEP 1000000
FINISHED WRITING RESTART VELOCITIES
PRESSURE: 1100000 -37.3658 217.929 -66.9681 217.928 31.394 -436.589 -66.9617 -436.586 -1571.52
GPRESSURE: 1100000 89.9297 95.7267 -325.92 228.185 -214.273 -103.178 -46.5008 -559.009 -1285.25
PRESSAVG: 1100000 305.502 23.3625 -125.228 23.3625 217.981 -30.7872 -125.228 -30.7872 -137.793
GPRESSAVG: 1100000 409.74 21.0328 -104.406 51.3611 287.354 10.8809 -153.568 -21.9825 -100.033
ENERGY: 1100000         8.3496         8.3728         7.8744         0.0000         -10603.9696      1360.8921         0.0000         0.0000      1809.1972          -7409.2835       303.6283     -9218.4807     -7510.1927       302.3515           -525.8292      -469.8661     31322.4138       128.5636       199.0205
FEP:    1100000        24.5968    -10603.5931      1362.4529

WRITING EXTENDED SYSTEM TO RESTART FILE AT STEP 1100000
WRITING COORDINATES TO DCD FILE mobley_3976574_prod.dcd AT STEP 1100000
WRITING COORDINATES TO RESTART FILE AT STEP 1100000
FINISHED WRITING RESTART COORDINATES
WRITING VELOCITIES TO RESTART FILE AT STEP 1100000
FINISHED WRITING RESTART VELOCITIES
PRESSURE: 1200000 913.226 -136.473 490.782 -136.475 1848.49 213.22 490.778 213.221 1291.26
GPRESSURE: 1200000 675.55 -314.672 116.596 -465.608 1948.48 237.633 866.164 -147.637 1618.67
PRESSAVG: 1200000 352.25 11.0673 -77.8425 11.0673 343.405 -12.0173 -77.8425 -12.0173 -27.866
GPRESSAVG: 1200000 430.187 -4.79066 -87.4062 11.5942 415.133 28.3234 -75.1273 -31.6482 32.1752
ENERGY: 1200000         7.7687         5.5318         6.2041         0.0000         -11050.8021      1585.5640         0.0000         0.0000      1814.3547          -7631.3788       304.4939     -9445.7335     -7519.5147       302.5163           1350.9907      1414.2355     30066.9031       222.5964       292.4986
FEP:    1200000        19.5046    -11050.3494      1586.4536

WRITING EXTENDED SYSTEM TO RESTART FILE AT STEP 1200000
WRITING COORDINATES TO DCD FILE mobley_3976574_prod.dcd AT STEP 1200000
WRITING COORDINATES TO RESTART FILE AT STEP 1200000
FINISHED WRITING RESTART COORDINATES
WRITING VELOCITIES TO RESTART FILE AT STEP 1200000
FINISHED WRITING RESTART VELOCITIES
PRESSURE: 1300000 -729.255 -509.27 -438.193 -509.269 -709.595 -378.823 -438.192 -378.818 442.297
GPRESSURE: 1300000 -510.806 -596.263 -941.794 -399.685 -450.396 -636.392 -336.384 -128.659 329.348
PRESSAVG: 1300000 275 -26.0996 -103.582 -26.0996 268.191 -38.2174 -103.582 -38.2174 5.71703
GPRESSAVG: 1300000 362.973 -47.0387 -148.434 -17.7829 353.31 -19.1563 -93.7885 -38.5776 53.4019
ENERGY: 1300000        10.8920         5.6215         7.9059         0.0000         -10824.7702      1461.8730         0.0000         0.0000      1797.8781          -7540.5998       301.7287     -9338.4778     -7521.0207       302.4600           -332.1842      -210.6180     30957.3547       182.9692       256.5617
FEP:    1300000        24.4194    -10824.4247      1462.5729

WRITING EXTENDED SYSTEM TO RESTART FILE AT STEP 1300000
WRITING COORDINATES TO DCD FILE mobley_3976574_prod.dcd AT STEP 1300000
WRITING COORDINATES TO RESTART FILE AT STEP 1300000
FINISHED WRITING RESTART COORDINATES
WRITING VELOCITIES TO RESTART FILE AT STEP 1300000
FINISHED WRITING RESTART VELOCITIES
PRESSURE: 1400000 32.4628 1.05221 44.7937 1.05042 -566.824 -202.928 44.7936 -202.931 397.923
GPRESSURE: 1400000 160.628 60.0374 -47.9357 -199.276 -537.924 144.65 44.4387 -272.305 448.066
PRESSAVG: 1400000 258.831 -24.2896 -93.6901 -24.2896 212.523 -49.1983 -93.6901 -49.1983 31.8641
GPRESSAVG: 1400000 349.484 -39.9003 -141.734 -29.8824 293.894 -8.23589 -84.5733 -54.1594 79.7128
ENERGY: 1400000         5.2626         3.8789         2.6901         0.0000         -10667.5901      1368.0447         0.0000         0.0000      1829.5072          -7458.2065       307.0368     -9287.7138     -7516.8331       302.7652            -45.4793        23.5902     30486.8520       167.7393       241.0303
FEP:    1400000        11.8316    -10667.5291      1368.9399

WRITING EXTENDED SYSTEM TO RESTART FILE AT STEP 1400000
WRITING COORDINATES TO DCD FILE mobley_3976574_prod.dcd AT STEP 1400000
WRITING COORDINATES TO RESTART FILE AT STEP 1400000
FINISHED WRITING RESTART COORDINATES
WRITING VELOCITIES TO RESTART FILE AT STEP 1400000
FINISHED WRITING RESTART VELOCITIES
PRESSURE: 1500000 -292.085 163.015 -852.484 163.016 45.6344 -462.106 -852.487 -462.107 -383.013
GPRESSURE: 1500000 -378.762 399.032 -1014.02 244.435 192.674 -484.156 -772.363 -192.122 -263.64
PRESSAVG: 1500000 224.398 -12.583 -141.115 -12.583 202.093 -75.005 -141.115 -75.005 5.93429
GPRESSAVG: 1500000 303.968 -12.467 -196.252 -12.7376 287.568 -37.9809 -127.56 -62.782 58.2533
ENERGY: 1500000         4.5599         6.2026         3.6718         0.0000         -10657.9973      1401.8417         0.0000         0.0000      1833.2772          -7408.4441       307.6695     -9241.7213     -7510.0588       303.0717           -209.8212      -149.9095     31063.8682       144.1418       216.5965
FEP:    1500000        14.4343    -10657.4881      1402.7291

WRITING EXTENDED SYSTEM TO RESTART FILE AT STEP 1500000
WRITING COORDINATES TO DCD FILE mobley_3976574_prod.dcd AT STEP 1500000
WRITING COORDINATES TO RESTART FILE AT STEP 1500000
FINISHED WRITING RESTART COORDINATES
WRITING VELOCITIES TO RESTART FILE AT STEP 1500000
FINISHED WRITING RESTART VELOCITIES
TCL: Running FEP window   2: Lambda1 0.95   Lambda2 0.8999999999999999 [dLambda -0.050000000000000044]
TCL: Setting parameter firsttimestep to 0
TCL: Setting parameter alchLambda to 0.95
Info: NONBONDED TABLE R-SQUARED SPACING: 0.0625
Info: NONBONDED TABLE SIZE: 705 POINTS
Info: INCONSISTENCY IN FAST TABLE ENERGY VS FORCE: 0.000290481 AT 0.251946
Info: INCONSISTENCY IN SCOR TABLE ENERGY VS FORCE: 0.000238233 AT 8.9687
Info: ABSOLUTE IMPRECISION IN VDWA TABLE ENERGY: 1.21169e-27 AT 8.99653
Info: ABSOLUTE IMPRECISION IN VDWA TABLE FORCE: 2.57484e-27 AT 8.99653
Info: INCONSISTENCY IN VDWA TABLE ENERGY VS FORCE: 0.0040507 AT 0.251946
Info: INCONSISTENCY IN VDWB TABLE ENERGY VS FORCE: 0.00150189 AT 0.251946
TCL: Setting parameter alchLambda2 to 0.8999999999999999
Info: NONBONDED TABLE R-SQUARED SPACING: 0.0625
Info: NONBONDED TABLE SIZE: 705 POINTS
Info: INCONSISTENCY IN FAST TABLE ENERGY VS FORCE: 0.000290481 AT 0.251946
Info: INCONSISTENCY IN SCOR TABLE ENERGY VS FORCE: 0.000238233 AT 8.9687
Info: ABSOLUTE IMPRECISION IN VDWA TABLE ENERGY: 1.21169e-27 AT 8.99653
Info: ABSOLUTE IMPRECISION IN VDWA TABLE FORCE: 2.57484e-27 AT 8.99653
Info: INCONSISTENCY IN VDWA TABLE ENERGY VS FORCE: 0.0040507 AT 0.251946
Info: INCONSISTENCY IN VDWB TABLE ENERGY VS FORCE: 0.00150189 AT 0.251946
TCL: Running for 1500000 steps
FEP: RESETTING FOR NEW FEP WINDOW LAMBDA SET TO 0.95 LAMBDA2 0.9
FEP: WINDOW TO HAVE 100000 STEPS OF EQUILIBRATION PRIOR TO FEP DATA COLLECTION.
FEP: USING CONSTANT TEMPERATURE OF 300 K FOR FEP CALCULATION
PRESSURE: 0 -380.245 187.659 -793.855 187.658 -18.3917 -449.457 -793.849 -449.457 -350.397
GPRESSURE: 0 -383.296 404.667 -1024.22 250.66 179.562 -480.139 -778.401 -188.34 -282.955
ETITLE:      TS           BOND          ANGLE          DIHED          IMPRP               ELECT            VDW       BOUNDARY           MISC        KINETIC               TOTAL           TEMP      POTENTIAL       TOTALAVG        TEMPAVG            PRESSURE      GPRESSURE         VOLUME       PRESSAVG      GPRESSAVG
FEPTITLE:    TS          BOND2         ELECT2           VDW2

ENERGY:       0         4.5599         6.2026         3.6718         0.0000         -10657.4868      1402.7292         0.0000         0.0000      1832.3938          -7407.9295       307.5213     -9240.3233     -7407.9295       307.5213           -249.6779      -162.2296     31063.8682      -249.6779      -162.2296
FEP:          0        14.4343    -10656.9775      1403.8805

PRESSURE: 100000 -458.17 469.87 180.84 469.868 177.459 50.684 180.842 50.6878 -150.464
GPRESSURE: 100000 -558.114 785.681 51.9039 192.264 256.308 -46.2263 292.492 311.555 113.866
PRESSAVG: 100000 152.887 25.3443 -159.491 25.3443 188.475 -88.825 -159.491 -88.825 -22.5507
GPRESSAVG: 100000 217.894 55.0487 -228.464 13.2846 279.831 -63.0033 -140.382 -48.961 42.3869
ENERGY:  100000         2.1738         6.1198         8.0745         0.0000         -10793.2368      1399.3471         0.0000         0.0000      1778.5991          -7598.9226       298.4932     -9377.5217     -7503.4261       303.0072           -143.7251       -62.6464     30386.6273      -196.7015      -112.4380
FEP:     100000        16.3681    -10792.7901      1400.1137

WRITING EXTENDED SYSTEM TO RESTART FILE AT STEP 100000
WRITING COORDINATES TO DCD FILE mobley_3976574_prod.dcd AT STEP 100000
WRITING COORDINATES TO RESTART FILE AT STEP 100000
FINISHED WRITING RESTART COORDINATES
WRITING VELOCITIES TO RESTART FILE AT STEP 100000
FINISHED WRITING RESTART VELOCITIES
PRESSURE: 200000 156.061 -5.95805 357.373 -5.95962 526.855 -380.714 357.374 -380.71 390.918
GPRESSURE: 200000 68.6572 -357.72 493.359 118.105 570.324 -587.402 387.535 -193.979 620.868
PRESSAVG: 200000 153.054 23.6967 -132.288 23.6967 206.285 -104.187 -132.288 -104.187 -0.789224
GPRESSAVG: 200000 210.039 33.3241 -190.473 18.8014 295.12 -90.6032 -112.597 -56.5935 72.8333
ENERGY:  200000         7.0448         5.3958         3.9163         0.0000         -10816.1391      1484.9351         0.0000         0.0000      1815.9491          -7498.8980       304.7614     -9314.8471     -7501.9167       303.5920            357.9445       419.9498     31045.8178       -11.8195        65.0246
FEP:     200000        16.3568    -10815.6617      1485.7924

WRITING EXTENDED SYSTEM TO RESTART FILE AT STEP 200000
WRITING COORDINATES TO DCD FILE mobley_3976574_prod.dcd AT STEP 200000
WRITING COORDINATES TO RESTART FILE AT STEP 200000
FINISHED WRITING RESTART COORDINATES
WRITING VELOCITIES TO RESTART FILE AT STEP 200000
FINISHED WRITING RESTART VELOCITIES
PRESSURE: 300000 -869.492 355.363 241.454 355.363 -759.049 104.897 241.451 104.899 174.758
GPRESSURE: 300000 -689.171 829.921 318.904 242.188 -749.174 350.39 113.702 -26.23 203.356
PRESSAVG: 300000 101.926 40.2801 -113.601 40.2801 158.018 -93.733 -113.601 -93.733 7.98813
GPRESSAVG: 300000 165.079 73.1539 -165.004 29.9708 242.905 -68.5536 -101.282 -55.0753 79.3594
ENERGY:  300000         7.2809         7.5294         5.2409         0.0000         -10822.1565      1399.8595         0.0000         0.0000      1748.4237          -7653.8221       293.4290     -9402.2459     -7539.8931       301.0512           -484.5943      -411.6629     30831.5545      -130.0132       -54.1473
FEP:     300000        20.0512    -10822.0077      1400.7556

WRITING EXTENDED SYSTEM TO RESTART FILE AT STEP 300000
WRITING COORDINATES TO DCD FILE mobley_3976574_prod.dcd AT STEP 300000
WRITING COORDINATES TO RESTART FILE AT STEP 300000
FINISHED WRITING RESTART COORDINATES
WRITING VELOCITIES TO RESTART FILE AT STEP 300000
FINISHED WRITING RESTART VELOCITIES
PRESSURE: 400000 70.4493 180.551 -3.99205 180.549 -68.7536 -299.318 -3.9884 -299.32 70.7982
GPRESSURE: 400000 313.972 483.953 126.919 -164.806 155.413 -126.704 -447.81 -445.428 -42.8135
PRESSAVG: 400000 16.5582 34.3146 -93.3198 34.3146 121.797 -110.147 -93.3198 -110.147 11.5721
GPRESSAVG: 400000 89.1028 75.7759 -137.692 18.3762 206.216 -67.9062 -103.778 -77.6239 78.9468
ENERGY:  400000         2.3385         3.6278         2.8711         0.0000         -10733.5675      1405.1858         0.0000         0.0000      1798.6465          -7520.8979       301.8576     -9319.5444     -7536.0940       301.2125             24.1647       142.1905     30579.1600       -99.1776       -14.8797
FEP:     400000         8.8373    -10733.4171      1406.3561

WRITING EXTENDED SYSTEM TO RESTART FILE AT STEP 400000
WRITING COORDINATES TO DCD FILE mobley_3976574_prod.dcd AT STEP 400000
WRITING COORDINATES TO RESTART FILE AT STEP 400000
FINISHED WRITING RESTART COORDINATES
WRITING VELOCITIES TO RESTART FILE AT STEP 400000
FINISHED WRITING RESTART VELOCITIES
PRESSURE: 500000 233.181 257.72 253.917 257.718 260.151 935.746 253.917 935.743 717.208
GPRESSURE: 500000 322.929 225.179 115.641 490.221 286.102 1092.27 204.49 813.37 705.027
PRESSAVG: 500000 -7.69214 75.7709 -73.7928 75.7709 72.7057 -55.8192 -73.7928 -55.8192 21.6463
GPRESSAVG: 500000 67.7027 98.0071 -131.149 80.4739 149.963 -14.1438 -89.271 -29.8057 89.4943
ENERGY:  500000        10.8523         4.8268         7.2432         0.0000         -10847.6940      1467.4360         0.0000         0.0000      1775.8549          -7581.4808       298.0326     -9357.3357     -7543.6585       300.6825            403.5134       438.0193     30479.1773       -15.3958        60.6034
FEP:     500000        22.9223    -10847.2943      1468.3581

WRITING EXTENDED SYSTEM TO RESTART FILE AT STEP 500000
WRITING COORDINATES TO DCD FILE mobley_3976574_prod.dcd AT STEP 500000
WRITING COORDINATES TO RESTART FILE AT STEP 500000
FINISHED WRITING RESTART COORDINATES
WRITING VELOCITIES TO RESTART FILE AT STEP 500000
FINISHED WRITING RESTART VELOCITIES
PRESSURE: 600000 1069.11 -350.463 124.803 -350.463 5.01172 -195.927 124.805 -195.925 1444.47
GPRESSURE: 600000 1242.74 -388.592 113.248 -189.411 19.1368 -354.719 163.808 188.696 1416.07
PRESSAVG: 600000 94.3127 33.8239 -42.4959 33.8239 108.298 -64.3823 -42.4959 -64.3823 108.5
GPRESSAVG: 600000 176.857 50.4472 -105.203 50.3852 186.713 -38.1463 -62.9414 -16.8671 168.488
ENERGY:  600000         7.2343         3.6392         4.8803         0.0000         -11048.8124      1596.9229         0.0000         0.0000      1779.3339          -7656.8017       298.6165     -9436.1356     -7559.8218       300.3874            839.5286       892.6496     30526.8426       106.7363       179.4672
FEP:     600000        15.7539    -11048.6999      1597.5186

WRITING EXTENDED SYSTEM TO RESTART FILE AT STEP 600000
WRITING COORDINATES TO DCD FILE mobley_3976574_prod.dcd AT STEP 600000
WRITING COORDINATES TO RESTART FILE AT STEP 600000
FINISHED WRITING RESTART COORDINATES
WRITING VELOCITIES TO RESTART FILE AT STEP 600000
FINISHED WRITING RESTART VELOCITIES
PRESSURE: 700000 222.569 -403.123 -765.479 -403.121 140.008 -353.274 -765.481 -353.276 -1.17682
GPRESSURE: 700000 371.835 -322.688 -1152.58 -759.877 362.184 183.909 -259.105 -468.147 -72.3932
PRESSAVG: 700000 115.847 32.6459 -92.4256 32.6459 128.05 -73.6766 -92.4256 -73.6766 151.073
GPRESSAVG: 700000 200.288 66.0931 -173.25 4.93233 221.813 -19.0535 -92.1135 -34.9632 206.602
ENERGY:  700000         4.9393         3.9446         4.0217         0.0000         -10669.4766      1444.7639         0.0000         0.0000      1776.1702          -7435.6369       298.0855     -9211.8071     -7544.2987       300.0996            120.4667       220.5419     31568.0133       108.4526       184.6015
FEP:     700000        12.9056    -10669.2540      1445.4824

WRITING EXTENDED SYSTEM TO RESTART FILE AT STEP 700000
WRITING COORDINATES TO DCD FILE mobley_3976574_prod.dcd AT STEP 700000
WRITING COORDINATES TO RESTART FILE AT STEP 700000
FINISHED WRITING RESTART COORDINATES
WRITING VELOCITIES TO RESTART FILE AT STEP 700000
FINISHED WRITING RESTART VELOCITIES
PRESSURE: 800000 -368.147 197.123 -288.155 197.124 371.745 794.513 -288.156 794.508 286.106
GPRESSURE: 800000 -447.331 -1.37964 -68.93 254.419 226.933 600.438 -160.665 771.546 436.868
PRESSAVG: 800000 31.9833 36.3188 -117.357 36.3188 107.464 -27.7702 -117.357 -27.7702 176.371
GPRESSAVG: 800000 106.225 59.6707 -190.176 14.1201 190.251 17.1747 -103.935 -1.73525 238.122
ENERGY:  800000         5.3203         5.4590         5.6273         0.0000         -10773.2556      1433.8130         0.0000         0.0000      1811.0567          -7511.9793       303.9404     -9323.0360     -7540.7077       300.5264             96.5681        72.1569     30809.6154       107.1321       172.1077
FEP:     800000        16.4066    -10772.9264      1434.8075

WRITING EXTENDED SYSTEM TO RESTART FILE AT STEP 800000
WRITING COORDINATES TO DCD FILE mobley_3976574_prod.dcd AT STEP 800000
WRITING COORDINATES TO RESTART FILE AT STEP 800000
FINISHED WRITING RESTART COORDINATES
WRITING VELOCITIES TO RESTART FILE AT STEP 800000
FINISHED WRITING RESTART VELOCITIES
PRESSURE: 900000 1862.22 -300.226 154.467 -300.227 872.752 780.323 154.469 780.32 491.066
GPRESSURE: 900000 1790.97 -509.047 -177.826 -138.354 1017.08 722.077 468.476 494.733 405.121
PRESSAVG: 900000 96.2341 -5.96367 -112.59 -5.96367 140.238 18.3128 -112.59 18.3128 168.18
GPRESSAVG: 900000 157.439 14.2756 -191.297 -18.6999 225.91 64.5425 -79.1139 19.4272 228.842
ENERGY:  900000         6.9500         4.5628        11.3494         0.0000         -10961.5051      1572.5671         0.0000         0.0000      1772.9970          -7593.0788       297.5530     -9366.0758     -7545.9448       300.2291           1075.3445      1071.0577     30862.1274       203.9533       262.0027
FEP:     900000        22.8622    -10961.2237      1573.6101

WRITING EXTENDED SYSTEM TO RESTART FILE AT STEP 900000
WRITING COORDINATES TO DCD FILE mobley_3976574_prod.dcd AT STEP 900000
WRITING COORDINATES TO RESTART FILE AT STEP 900000
FINISHED WRITING RESTART COORDINATES
WRITING VELOCITIES TO RESTART FILE AT STEP 900000
FINISHED WRITING RESTART VELOCITIES
PRESSURE: 1000000 254.869 -452.693 286.065 -452.695 -241.15 -344.118 286.066 -344.118 -368.52
GPRESSURE: 1000000 347.549 -247.337 526.928 -108.162 -342.793 -664.109 -126.927 -294.543 -292.946
PRESSAVG: 1000000 140.976 -19.9726 -71.3208 -19.9726 147.259 17.0796 -71.3208 17.0796 212.481
GPRESSAVG: 1000000 193.931 14.1848 -120.962 -6.20623 219.711 37.1722 -56.6933 28.4103 288.814
TIMING: 1000000  CPU: 1028.69, 0.000411947/step  Wall: 1053.69, 0.000424235/step, 407.321 ns/days, 0.0589215 hours remaining, 0.000000 MB of memory in use.
PERFORMANCE: 1000000  averaging 410.708 ns/day, 0.000420737 sec/step with standard deviation 4.9474e-06
ETITLE:      TS           BOND          ANGLE          DIHED          IMPRP               ELECT            VDW       BOUNDARY           MISC        KINETIC               TOTAL           TEMP      POTENTIAL       TOTALAVG        TEMPAVG            PRESSURE      GPRESSURE         VOLUME       PRESSAVG      GPRESSAVG
FEPTITLE:    TS          BOND2         ELECT2           VDW2

ENERGY: 1000000         6.1183         4.8119         4.6269         0.0000         -10855.0506      1474.8969         0.0000         0.0000      1763.8780          -7600.7186       296.0226     -9364.5966     -7550.9242       299.8466           -118.2672       -96.0632     30933.0849       174.6605       229.4512
FEP:    1000000        15.5571    -10854.6862      1474.6385

WRITING EXTENDED SYSTEM TO RESTART FILE AT STEP 1000000
WRITING COORDINATES TO DCD FILE mobley_3976574_prod.dcd AT STEP 1000000
WRITING COORDINATES TO RESTART FILE AT STEP 1000000
FINISHED WRITING RESTART COORDINATES
WRITING VELOCITIES TO RESTART FILE AT STEP 1000000
FINISHED WRITING RESTART VELOCITIES
PRESSURE: 1100000 224.235 317.915 -433.45 317.917 -181.748 -332.797 -433.457 -332.793 216.874
GPRESSURE: 1100000 369.883 207.231 -460.173 48.6444 -319.436 -154 -461.252 -433.027 237.183
PRESSAVG: 1100000 125.799 -6.88898 -98.0184 -6.88898 96.8452 -33.0503 -98.0184 -33.0503 219.099
GPRESSAVG: 1100000 181.688 22.4077 -155.299 -16.1073 162.663 -10.2945 -80.4154 -20.0306 287.074
ENERGY: 1100000         3.6059         3.5271         6.6855         0.0000         -10779.3017      1441.4915         0.0000         0.0000      1839.7309          -7484.2608       308.7526     -9323.9917     -7545.3689       300.5888             86.4536        95.8768     30872.7022       167.3100       218.3200
FEP:    1100000        13.8185    -10778.7716      1442.5894

WRITING EXTENDED SYSTEM TO RESTART FILE AT STEP 1100000
WRITING COORDINATES TO DCD FILE mobley_3976574_prod.dcd AT STEP 1100000
WRITING COORDINATES TO RESTART FILE AT STEP 1100000
FINISHED WRITING RESTART COORDINATES
WRITING VELOCITIES TO RESTART FILE AT STEP 1100000
FINISHED WRITING RESTART VELOCITIES
PRESSURE: 1200000 420.008 27.1603 -29.073 27.1612 1450.68 -11.9987 -29.0685 -12.0005 611.253
GPRESSURE: 1200000 635.218 -59.5551 150.928 -34.3803 1521.78 -57.1048 -192.697 154.237 682.673
PRESSAVG: 1200000 157.314 18.5823 -103.597 18.5823 184.808 -37.6016 -103.597 -37.6016 226.465
GPRESSAVG: 1200000 218.181 54.28 -155.007 -19.8193 244.001 -13.5093 -84.47 -16.2015 299.087
ENERGY: 1200000         7.4614         7.9524         4.7003         0.0000         -10942.4599      1540.4377         0.0000         0.0000      1768.7024          -7613.2057       296.8323     -9381.9081     -7550.5871       300.2998            827.3144       946.5586     30282.4573       218.0795       274.3384
FEP:    1200000        20.1141    -10942.1760      1541.4677

WRITING EXTENDED SYSTEM TO RESTART FILE AT STEP 1200000
WRITING COORDINATES TO DCD FILE mobley_3976574_prod.dcd AT STEP 1200000
WRITING COORDINATES TO RESTART FILE AT STEP 1200000
FINISHED WRITING RESTART COORDINATES
WRITING VELOCITIES TO RESTART FILE AT STEP 1200000
FINISHED WRITING RESTART VELOCITIES
PRESSURE: 1300000 11.4782 -66.5763 225.705 -66.5739 705.819 19.1319 225.709 19.1315 572.018
GPRESSURE: 1300000 274.234 -112.26 163.936 -60.9307 629.914 -134.919 455.478 389.092 562.514
PRESSAVG: 1300000 132.888 8.71295 -84.4412 8.71295 212.161 -37.8239 -84.4412 -37.8239 231.219
GPRESSAVG: 1300000 205.961 42.4139 -157.912 -24.2522 261.962 -13.8165 -50.7628 -5.73589 301.823
ENERGY: 1300000         5.7145         7.2278         3.2304         0.0000         -10753.0950      1461.4529         0.0000         0.0000      1787.4232          -7488.0462       299.9741     -9275.4694     -7546.1199       300.2766            429.7718       488.8873     30587.8929       233.2004       289.6633
FEP:    1300000        16.1727    -10752.4489      1461.6541

WRITING EXTENDED SYSTEM TO RESTART FILE AT STEP 1300000
WRITING COORDINATES TO DCD FILE mobley_3976574_prod.dcd AT STEP 1300000
WRITING COORDINATES TO RESTART FILE AT STEP 1300000
FINISHED WRITING RESTART COORDINATES
WRITING VELOCITIES TO RESTART FILE AT STEP 1300000
FINISHED WRITING RESTART VELOCITIES
PRESSURE: 1400000 -435.676 -298.789 -499.951 -298.786 -905.556 -16.8072 -499.948 -16.8045 -66.7535
GPRESSURE: 1400000 -479.599 -195.767 -651.012 -349.795 -869.752 85.4216 -391.159 -124.591 90.5701
PRESSAVG: 1400000 94.9712 -7.41079 -90.5693 -7.41079 149.247 -48.3167 -90.5693 -48.3167 210.755
GPRESSAVG: 1400000 160.851 19.3075 -184.302 -40.0582 194.107 -20.613 -48.834 -17.5394 281.51
ENERGY: 1400000         5.3712         3.2242         5.0019         0.0000         -10797.2158      1428.4126         0.0000         0.0000      1755.9547          -7599.2511       294.6929     -9355.2058     -7549.6620       299.9043           -469.3287      -419.5936     31112.9200       186.3651       242.3795
FEP:    1400000        13.5974    -10797.0873      1427.3563

WRITING EXTENDED SYSTEM TO RESTART FILE AT STEP 1400000
WRITING COORDINATES TO DCD FILE mobley_3976574_prod.dcd AT STEP 1400000
WRITING COORDINATES TO RESTART FILE AT STEP 1400000
FINISHED WRITING RESTART COORDINATES
WRITING VELOCITIES TO RESTART FILE AT STEP 1400000
FINISHED WRITING RESTART VELOCITIES
PRESSURE: 1500000 846.239 -676.963 -307.05 -676.964 381.655 -312.479 -307.048 -312.479 -201.703
GPRESSURE: 1500000 713.758 -863.624 286.224 -634.494 491.791 -168.013 -310.707 -509.996 -127.923
PRESSAVG: 1500000 139.151 -52.1554 -102.574 -52.1554 166.76 -42.1114 -102.574 -42.1114 279.246
GPRESSAVG: 1500000 192.043 -28.6601 -153.695 -83.1921 229.411 -23.8548 -62.0443 -15.0888 339.377
ENERGY: 1500000         8.9818         4.8903         4.6593         0.0000         -10891.1841      1519.3797         0.0000         0.0000      1799.8919          -7553.3811       302.0666     -9353.2730     -7549.8945       300.0395            342.0637       359.2087     31133.2518       196.0963       249.6813
FEP:    1500000        18.5314    -10891.0073      1520.1534

WRITING EXTENDED SYSTEM TO RESTART FILE AT STEP 1500000
WRITING COORDINATES TO DCD FILE mobley_3976574_prod.dcd AT STEP 1500000
WRITING COORDINATES TO RESTART FILE AT STEP 1500000
FINISHED WRITING RESTART COORDINATES
WRITING VELOCITIES TO RESTART FILE AT STEP 1500000
FINISHED WRITING RESTART VELOCITIES
TCL: Running FEP window   3: Lambda1 0.8999999999999999 Lambda2 0.8499999999999999 [dLambda -0.050000000000000044]
TCL: Setting parameter firsttimestep to 0
TCL: Setting parameter alchLambda to 0.8999999999999999
Info: NONBONDED TABLE R-SQUARED SPACING: 0.0625
Info: NONBONDED TABLE SIZE: 705 POINTS
Info: INCONSISTENCY IN FAST TABLE ENERGY VS FORCE: 0.000290481 AT 0.251946
Info: INCONSISTENCY IN SCOR TABLE ENERGY VS FORCE: 0.000238233 AT 8.9687
Info: ABSOLUTE IMPRECISION IN VDWA TABLE ENERGY: 1.21169e-27 AT 8.99653
Info: ABSOLUTE IMPRECISION IN VDWA TABLE FORCE: 2.57484e-27 AT 8.99653
Info: INCONSISTENCY IN VDWA TABLE ENERGY VS FORCE: 0.0040507 AT 0.251946
Info: INCONSISTENCY IN VDWB TABLE ENERGY VS FORCE: 0.00150189 AT 0.251946
TCL: Setting parameter alchLambda2 to 0.8499999999999999
Info: NONBONDED TABLE R-SQUARED SPACING: 0.0625
Info: NONBONDED TABLE SIZE: 705 POINTS
Info: INCONSISTENCY IN FAST TABLE ENERGY VS FORCE: 0.000290481 AT 0.251946
Info: INCONSISTENCY IN SCOR TABLE ENERGY VS FORCE: 0.000238233 AT 8.9687
Info: ABSOLUTE IMPRECISION IN VDWA TABLE ENERGY: 1.21169e-27 AT 8.99653
Info: ABSOLUTE IMPRECISION IN VDWA TABLE FORCE: 2.57484e-27 AT 8.99653
Info: INCONSISTENCY IN VDWA TABLE ENERGY VS FORCE: 0.0040507 AT 0.251946
Info: INCONSISTENCY IN VDWB TABLE ENERGY VS FORCE: 0.00150189 AT 0.251946
TCL: Running for 1500000 steps
FEP: RESETTING FOR NEW FEP WINDOW LAMBDA SET TO 0.9 LAMBDA2 0.85
FEP: WINDOW TO HAVE 100000 STEPS OF EQUILIBRATION PRIOR TO FEP DATA COLLECTION.
FEP: USING CONSTANT TEMPERATURE OF 300 K FOR FEP CALCULATION
PRESSURE: 0 788.502 -697.751 -272.911 -697.753 338.225 -357.865 -272.911 -357.867 -300.815
GPRESSURE: 0 701.713 -857.878 288.425 -630.678 470.134 -171.234 -307.136 -514.005 -130.249
ETITLE:      TS           BOND          ANGLE          DIHED          IMPRP               ELECT            VDW       BOUNDARY           MISC        KINETIC               TOTAL           TEMP      POTENTIAL       TOTALAVG        TEMPAVG            PRESSURE      GPRESSURE         VOLUME       PRESSAVG      GPRESSAVG
FEPTITLE:    TS          BOND2         ELECT2           VDW2

ENERGY:       0         8.9818         4.8903         4.6593         0.0000         -10891.0071      1520.1534         0.0000         0.0000      1799.0245          -7553.2977       301.9211     -9352.3222     -7553.2977       301.9211            275.3039       347.1993     31133.2518       275.3039       347.1993
FEP:          0        18.5314    -10890.8302      1521.2031

PRESSURE: 100000 47.4938 146.612 -50.0313 146.612 -1259.83 16.6998 -50.0283 16.7008 297.228
GPRESSURE: 100000 99.135 6.47978 -373.497 378.454 -860.977 -85.6642 -118.694 -113.653 266.557
PRESSAVG: 100000 171.753 -47.4253 -121.35 -47.4253 63.7347 -50.8898 -121.35 -50.8898 192.389
GPRESSAVG: 100000 223.848 -25.6832 -116.689 -52.5387 134.964 -16.7617 -109.825 -32.6569 248.791
ENERGY:  100000         6.5263         3.1520         3.7343         0.0000         -10817.8373      1439.9794         0.0000         0.0000      1761.9738          -7602.4715       295.7030     -9364.4453     -7577.8846       298.8121           -305.0361      -165.0950     31079.4298       -14.8661        91.0521
FEP:     100000        13.4126    -10817.6349      1441.0167

WRITING EXTENDED SYSTEM TO RESTART FILE AT STEP 100000
WRITING COORDINATES TO DCD FILE mobley_3976574_prod.dcd AT STEP 100000
WRITING COORDINATES TO RESTART FILE AT STEP 100000
FINISHED WRITING RESTART COORDINATES
WRITING VELOCITIES TO RESTART FILE AT STEP 100000
FINISHED WRITING RESTART VELOCITIES
PRESSURE: 200000 255.904 139.596 268.907 139.598 448.992 285.685 268.906 285.685 75.2942
GPRESSURE: 200000 249.036 186.95 345.39 73.4166 429.825 -235.539 534.224 235.855 116.851
PRESSAVG: 200000 182.925 -40.4979 -110.144 -40.4979 114.526 -26.459 -110.144 -26.459 176.257
GPRESSAVG: 200000 228.268 -19.3376 -97.0226 -38.9041 183.352 -35.7712 -85.3356 -7.2489 232.23
ENERGY:  200000         5.3772         5.7806         6.2959         0.0000         -10790.3071      1453.3927         0.0000         0.0000      1780.2850          -7539.1758       298.7761     -9319.4608     -7564.9817       298.8001            260.0633       265.2371     30660.5913        76.7770       149.1138
FEP:     200000        17.4536    -10789.8311      1454.1550

WRITING EXTENDED SYSTEM TO RESTART FILE AT STEP 200000
WRITING COORDINATES TO DCD FILE mobley_3976574_prod.dcd AT STEP 200000
WRITING COORDINATES TO RESTART FILE AT STEP 200000
FINISHED WRITING RESTART COORDINATES
WRITING VELOCITIES TO RESTART FILE AT STEP 200000
FINISHED WRITING RESTART VELOCITIES
PRESSURE: 300000 -35.7308 16.7851 -232.487 16.7851 -187.333 -108.014 -232.491 -108.016 -133.267
GPRESSURE: 300000 30.6572 -321.502 -56.1898 103.65 -268.549 -270.886 -105.898 -105.663 31.0625
PRESSAVG: 300000 195.742 -47.8094 -79.1445 -47.8094 102.877 -8.75447 -79.1445 -8.75447 188.745
GPRESSAVG: 300000 248.739 -55.3643 -49.1311 -45.9433 160.29 -25.1077 -52.0123 -2.92598 246.965
ENERGY:  300000         8.9317         6.7214         6.6385         0.0000         -10832.9866      1456.1559         0.0000         0.0000      1791.0385          -7563.5005       300.5808     -9354.5390     -7564.6114       299.2453           -118.7771       -68.9430     30756.4397        27.8885        94.5996
FEP:     300000        22.2917    -10832.7167      1456.6862

WRITING EXTENDED SYSTEM TO RESTART FILE AT STEP 300000
WRITING COORDINATES TO DCD FILE mobley_3976574_prod.dcd AT STEP 300000
WRITING COORDINATES TO RESTART FILE AT STEP 300000
FINISHED WRITING RESTART COORDINATES
WRITING VELOCITIES TO RESTART FILE AT STEP 300000
FINISHED WRITING RESTART VELOCITIES
PRESSURE: 400000 -118.445 -104.756 40.1075 -104.754 -676.52 -347.136 40.1101 -347.137 -816.568
GPRESSURE: 400000 -272.491 -120.999 106.437 280.439 -545.492 -416.905 -481.13 -371.472 -475.227
PRESSAVG: 400000 208.832 -62.43 -37.4465 -62.43 69.9708 -3.63849 -37.4465 -3.63849 165.436
GPRESSAVG: 400000 254.279 -81.6476 7.40166 -44.4544 124.038 -21.946 -37.1487 -12.0826 237.352
ENERGY:  400000         8.5017         3.1166         5.2482         0.0000         -10675.1821      1379.5897         0.0000         0.0000      1745.2780          -7533.4480       292.9011     -9278.7260     -7558.3787       297.9764           -537.1775      -431.0699     31209.1443       -85.1247       -10.5343
FEP:     400000        16.8664    -10674.9573      1380.5580

WRITING EXTENDED SYSTEM TO RESTART FILE AT STEP 400000
WRITING COORDINATES TO DCD FILE mobley_3976574_prod.dcd AT STEP 400000
WRITING COORDINATES TO RESTART FILE AT STEP 400000
FINISHED WRITING RESTART COORDINATES
WRITING VELOCITIES TO RESTART FILE AT STEP 400000
FINISHED WRITING RESTART VELOCITIES
PRESSURE: 500000 -489.878 187.89 -343.124 187.888 378.191 79.1906 -343.118 79.1895 -68.3335
GPRESSURE: 500000 -317.593 129.345 -162.524 541.173 386.741 344.576 -159.675 -396.146 -354.194
PRESSAVG: 500000 207.247 -76.529 -63.6445 -76.529 80.0074 -2.2134 -63.6445 -2.2134 169.543
GPRESSAVG: 500000 266.305 -114.464 -3.31975 -27.0089 130.559 -2.40592 -59.7571 -47.4677 213.949
ENERGY:  500000         4.6512         5.9851         5.0385         0.0000         -10713.8276      1408.9115         0.0000         0.0000      1797.5030          -7491.7383       301.6657     -9289.2413     -7547.2720       298.5913            -60.0068       -95.0154     30863.9675       -80.9384       -24.6145
FEP:     500000        15.6748    -10713.4022      1410.2062

WRITING EXTENDED SYSTEM TO RESTART FILE AT STEP 500000
WRITING COORDINATES TO DCD FILE mobley_3976574_prod.dcd AT STEP 500000
WRITING COORDINATES TO RESTART FILE AT STEP 500000
FINISHED WRITING RESTART COORDINATES
WRITING VELOCITIES TO RESTART FILE AT STEP 500000
FINISHED WRITING RESTART VELOCITIES
PRESSURE: 600000 366.847 -716.082 -276.283 -716.086 394.379 417.648 -276.281 417.65 763.651
GPRESSURE: 600000 315.117 -980.614 -54.5778 -212.395 615.916 556.88 -373.694 177.919 951.89
PRESSAVG: 600000 217.786 -112.035 -95.3272 -112.035 73.3836 37.7046 -95.3272 37.7046 188.179
GPRESSAVG: 600000 278.628 -145.609 -30.7166 -43.5339 132.839 54.8082 -97.8186 -28.8727 230.5
ENERGY:  600000         5.8560         4.1883         6.7182         0.0000         -10930.1301      1523.9092         0.0000         0.0000      1825.8121          -7563.6464       306.4167     -9389.4585     -7549.6112       299.7092            508.2925       627.6410     30505.6487         3.2375        68.5649
FEP:     600000        16.7625    -10929.9445      1524.0149

WRITING EXTENDED SYSTEM TO RESTART FILE AT STEP 600000
WRITING COORDINATES TO DCD FILE mobley_3976574_prod.dcd AT STEP 600000
WRITING COORDINATES TO RESTART FILE AT STEP 600000
FINISHED WRITING RESTART COORDINATES
WRITING VELOCITIES TO RESTART FILE AT STEP 600000
FINISHED WRITING RESTART VELOCITIES
PRESSURE: 700000 -587.317 -235.879 28.2314 -235.88 -337.027 463.808 28.2257 463.811 -438.791
GPRESSURE: 700000 -515.554 -48.965 110.103 -450.816 -206.249 -80.9447 -206.168 712.071 -513.094
PRESSAVG: 700000 231.895 -141.597 -105.988 -141.597 94.4847 55.6502 -105.988 55.6502 157.502
GPRESSAVG: 700000 287.309 -189.553 -41.1566 -78.1841 159.985 33.2415 -113.812 8.04229 194.677
ENERGY:  700000         9.2019         8.2995         7.7511         0.0000         -10730.5962      1351.2628         0.0000         0.0000      1803.8414          -7550.2394       302.7295     -9354.0809     -7549.6897       300.0867           -454.3786      -411.6326     30708.4892       -53.9645         8.5402
FEP:     700000        25.2525    -10730.4257      1351.8322

WRITING EXTENDED SYSTEM TO RESTART FILE AT STEP 700000
WRITING COORDINATES TO DCD FILE mobley_3976574_prod.dcd AT STEP 700000
WRITING COORDINATES TO RESTART FILE AT STEP 700000
FINISHED WRITING RESTART COORDINATES
WRITING VELOCITIES TO RESTART FILE AT STEP 700000
FINISHED WRITING RESTART VELOCITIES
PRESSURE: 800000 -1114.11 389.227 139.611 389.227 -601.787 627.49 139.618 627.491 683.959
GPRESSURE: 800000 -989.767 206.725 120.332 405.948 -884.729 634.266 248.377 630.535 851.956
PRESSAVG: 800000 172.667 -131.164 -98.8082 -131.164 67.833 101.991 -98.8082 101.991 188.16
GPRESSAVG: 800000 222.122 -203.415 -41.486 -49.6464 107.978 71.2899 -79.0027 61.8404 239.416
ENERGY:  800000         9.4593         4.0761         6.3091         0.0000         -10743.2696      1428.6439         0.0000         0.0000      1796.5123          -7498.2688       301.4995     -9294.7811     -7543.9763       300.2437           -343.9782      -340.8468     31431.5538       -86.1883       -30.2806
FEP:     800000        19.8445    -10743.0407      1429.6689

WRITING EXTENDED SYSTEM TO RESTART FILE AT STEP 800000
WRITING COORDINATES TO DCD FILE mobley_3976574_prod.dcd AT STEP 800000
WRITING COORDINATES TO RESTART FILE AT STEP 800000
FINISHED WRITING RESTART COORDINATES
WRITING VELOCITIES TO RESTART FILE AT STEP 800000
FINISHED WRITING RESTART VELOCITIES
PRESSURE: 900000 -680.025 -629.599 -188.157 -629.6 -387.91 75.7667 -188.165 75.7658 -485.86
GPRESSURE: 900000 -673.358 -228.803 -171.152 -760.8 -325.69 -14.7642 -230.27 200.21 -444.244
PRESSAVG: 900000 127.007 -175.529 -120.912 -175.529 35.4299 58.9919 -120.912 58.9919 128.007
GPRESSAVG: 900000 172.308 -226.114 -55.8256 -112.197 77.3885 15.9382 -100.741 31.1824 181.952
ENERGY:  900000         7.0225         6.5254         3.5674         0.0000         -10706.2632      1373.7621         0.0000         0.0000      1781.3368          -7534.0491       298.9526     -9315.3859     -7542.9836       300.1146           -517.9316      -481.0971     31109.0279      -129.3626       -75.3622
FEP:     900000        17.1153    -10705.6009      1374.2678

WRITING EXTENDED SYSTEM TO RESTART FILE AT STEP 900000
WRITING COORDINATES TO DCD FILE mobley_3976574_prod.dcd AT STEP 900000
WRITING COORDINATES TO RESTART FILE AT STEP 900000
FINISHED WRITING RESTART COORDINATES
WRITING VELOCITIES TO RESTART FILE AT STEP 900000
FINISHED WRITING RESTART VELOCITIES
PRESSURE: 1000000 -959.335 -158.18 155.336 -158.181 -368.087 -310.902 155.339 -310.905 -749.887
GPRESSURE: 1000000 -712.761 -342.36 -105.047 70.6439 -415.615 -356.816 255.902 -381.641 -824.306
PRESSAVG: 1000000 25.5849 -165.915 -119.386 -165.915 16.775 53.2429 -119.386 53.2429 18.2888
GPRESSAVG: 1000000 74.5327 -223.802 -66.7403 -99.1947 55.6509 15.8333 -96.136 2.6656 69.9335
TIMING: 1000000  CPU: 1646, 0.000410985/step  Wall: 1689.29, 0.000424133/step, 407.42 ns/days, 0.0589073 hours remaining, 0.000000 MB of memory in use.
PERFORMANCE: 1000000  averaging 409.606 ns/day, 0.000421869 sec/step with standard deviation 4.01028e-06
ETITLE:      TS           BOND          ANGLE          DIHED          IMPRP               ELECT            VDW       BOUNDARY           MISC        KINETIC               TOTAL           TEMP      POTENTIAL       TOTALAVG        TEMPAVG            PRESSURE      GPRESSURE         VOLUME       PRESSAVG      GPRESSAVG
FEPTITLE:    TS          BOND2         ELECT2           VDW2

ENERGY: 1000000         6.0124         4.4052         7.4863         0.0000         -10832.0572      1402.5655         0.0000         0.0000      1777.1660          -7634.4217       298.2527     -9411.5877     -7551.2961       299.9453           -692.4365      -650.8943     30966.9002      -180.5511      -127.6833
FEP:    1000000        17.9040    -10831.7290      1403.1385

WRITING EXTENDED SYSTEM TO RESTART FILE AT STEP 1000000
WRITING COORDINATES TO DCD FILE mobley_3976574_prod.dcd AT STEP 1000000
WRITING COORDINATES TO RESTART FILE AT STEP 1000000
FINISHED WRITING RESTART COORDINATES
WRITING VELOCITIES TO RESTART FILE AT STEP 1000000
FINISHED WRITING RESTART VELOCITIES
PRESSURE: 1100000 -1120.74 -275.519 -224.319 -275.52 -969.894 -31.7694 -224.321 -31.7691 -795.876
GPRESSURE: 1100000 -1054.64 -324.614 -135.155 92.3768 -855.514 33.3879 -476.264 161.694 -985.279
PRESSAVG: 1100000 -41.5803 -159.535 -92.3275 -159.535 -38.7201 69.3182 -92.3275 69.3182 -21.4462
GPRESSAVG: 1100000 3.20907 -223.899 -15.8691 -56.5821 -5.23404 8.3073 -106.994 34.1576 24.2892
ENERGY: 1100000         5.2083         6.0985         5.7608         0.0000         -10695.9411      1329.0061         0.0000         0.0000      1860.9914          -7488.8760       312.3206     -9349.8674     -7546.0944       300.9766           -962.1687      -965.1440     31300.1357      -245.6859      -197.4717
FEP:    1100000        17.0676    -10695.5080      1329.0975

WRITING EXTENDED SYSTEM TO RESTART FILE AT STEP 1100000
WRITING COORDINATES TO DCD FILE mobley_3976574_prod.dcd AT STEP 1100000
WRITING COORDINATES TO RESTART FILE AT STEP 1100000
FINISHED WRITING RESTART COORDINATES
WRITING VELOCITIES TO RESTART FILE AT STEP 1100000
FINISHED WRITING RESTART VELOCITIES
PRESSURE: 1200000 -1212.49 -137.399 -60.5762 -137.401 108.099 140.944 -60.5716 140.944 -251.076
GPRESSURE: 1200000 -1001.92 -6.61814 11.9222 -261.931 18.7586 125.059 -135.472 215.29 -231.626
PRESSAVG: 1200000 -83.7974 -176.262 -80.9483 -176.262 -51.9024 36.64 -80.9483 36.64 -48.3053
GPRESSAVG: 1200000 -24.5202 -224.161 -11.8265 -82.3995 -15.6428 -15.4617 -105.734 6.34486 -9.1355
ENERGY: 1200000         4.5107         3.8363         7.5211         0.0000         -10789.7692      1410.7154         0.0000         0.0000      1772.6703          -7590.5154       297.4982     -9363.1857     -7549.5114       300.7090           -451.8220      -404.9280     31127.0912      -261.5426      -213.4299
FEP:    1200000        15.8681    -10789.2419      1410.6402

WRITING EXTENDED SYSTEM TO RESTART FILE AT STEP 1200000
WRITING COORDINATES TO DCD FILE mobley_3976574_prod.dcd AT STEP 1200000
WRITING COORDINATES TO RESTART FILE AT STEP 1200000
FINISHED WRITING RESTART COORDINATES
WRITING VELOCITIES TO RESTART FILE AT STEP 1200000
FINISHED WRITING RESTART VELOCITIES
PRESSURE: 1300000 -680.578 -133.405 21.5799 -133.403 -347.172 102.814 21.5792 102.812 -706.43
GPRESSURE: 1300000 -720.56 -417.652 117.54 461.686 -260.667 130.776 62.124 58.1292 -584.354
PRESSAVG: 1300000 -210.937 -167.92 -87.5928 -167.92 -112.899 2.76455 -87.5928 2.76455 -108.18
GPRESSAVG: 1300000 -150.097 -219.591 2.9418 -52.3975 -79.53 -45.0267 -126.052 -15.4853 -58.6093
ENERGY: 1300000         6.2231         5.6791         2.5353         0.0000         -10801.8266      1395.7922         0.0000         0.0000      1808.1738          -7583.4231       303.4566     -9391.5970     -7551.9337       300.9053           -578.0602      -521.8603     31121.0889      -284.1510      -235.4606
FEP:    1300000        14.4374    -10801.3754      1396.2435

WRITING EXTENDED SYSTEM TO RESTART FILE AT STEP 1300000
WRITING COORDINATES TO DCD FILE mobley_3976574_prod.dcd AT STEP 1300000
WRITING COORDINATES TO RESTART FILE AT STEP 1300000
FINISHED WRITING RESTART COORDINATES
WRITING VELOCITIES TO RESTART FILE AT STEP 1300000
FINISHED WRITING RESTART VELOCITIES
PRESSURE: 1400000 278.403 194.972 -194.167 194.972 -105.248 -97.5864 -194.157 -97.5872 1392.64
GPRESSURE: 1400000 251.178 -94.5842 3.92385 593.614 234.557 49.4897 -452.003 -138.097 1250.11
PRESSAVG: 1400000 -209.76 -135.537 -111.604 -135.537 -106.104 15.0911 -111.604 15.0911 -20.1222
GPRESSAVG: 1400000 -154.915 -211.953 -23.2084 -17.3087 -50.6625 -9.34677 -142.306 -7.66302 18.5436
ENERGY: 1400000         7.3291         4.8460         4.5553         0.0000         -10879.9371      1498.7615         0.0000         0.0000      1740.5193          -7623.9258       292.1024     -9364.4452     -7556.7332       300.3184            521.9309       578.6157     30683.6037      -230.4122      -181.1889
FEP:    1400000        16.7304    -10879.4831      1498.7661

WRITING EXTENDED SYSTEM TO RESTART FILE AT STEP 1400000
WRITING COORDINATES TO DCD FILE mobley_3976574_prod.dcd AT STEP 1400000
WRITING COORDINATES TO RESTART FILE AT STEP 1400000
FINISHED WRITING RESTART COORDINATES
WRITING VELOCITIES TO RESTART FILE AT STEP 1400000
FINISHED WRITING RESTART VELOCITIES
PRESSURE: 1500000 824.368 -335.762 -273.033 -335.763 823.604 -413.695 -273.034 -413.7 469.881
GPRESSURE: 1500000 905.299 -361.26 -579.621 -127.301 971.741 -612.442 -133.796 -99.4 600.735
PRESSAVG: 1500000 -179.754 -168.221 -103.583 -168.221 -55.8359 11.0457 -103.583 11.0457 -7.4719
GPRESSAVG: 1500000 -128.145 -240.378 -29.1808 -26.106 13.8964 -32.2688 -125.933 9.01833 36.7212
ENERGY: 1500000         7.6059         4.8765         6.2590         0.0000         -10783.6191      1510.7808         0.0000         0.0000      1810.7112          -7443.3858       303.8824     -9254.0969     -7549.6490       300.5412            705.9508       825.9251     30731.7637      -171.8895      -118.2443
FEP:    1500000        18.7414    -10783.3613      1511.5463

WRITING EXTENDED SYSTEM TO RESTART FILE AT STEP 1500000
WRITING COORDINATES TO DCD FILE mobley_3976574_prod.dcd AT STEP 1500000
WRITING COORDINATES TO RESTART FILE AT STEP 1500000
FINISHED WRITING RESTART COORDINATES
WRITING VELOCITIES TO RESTART FILE AT STEP 1500000
FINISHED WRITING RESTART VELOCITIES
TCL: Running FEP window   4: Lambda1 0.8499999999999999 Lambda2 0.7999999999999998 [dLambda -0.050000000000000044]
TCL: Setting parameter firsttimestep to 0
TCL: Setting parameter alchLambda to 0.8499999999999999
Info: NONBONDED TABLE R-SQUARED SPACING: 0.0625
Info: NONBONDED TABLE SIZE: 705 POINTS
Info: INCONSISTENCY IN FAST TABLE ENERGY VS FORCE: 0.000290481 AT 0.251946
Info: INCONSISTENCY IN SCOR TABLE ENERGY VS FORCE: 0.000238233 AT 8.9687
Info: ABSOLUTE IMPRECISION IN VDWA TABLE ENERGY: 1.21169e-27 AT 8.99653
Info: ABSOLUTE IMPRECISION IN VDWA TABLE FORCE: 2.57484e-27 AT 8.99653
Info: INCONSISTENCY IN VDWA TABLE ENERGY VS FORCE: 0.0040507 AT 0.251946
Info: INCONSISTENCY IN VDWB TABLE ENERGY VS FORCE: 0.00150189 AT 0.251946
TCL: Setting parameter alchLambda2 to 0.7999999999999998
Info: NONBONDED TABLE R-SQUARED SPACING: 0.0625
Info: NONBONDED TABLE SIZE: 705 POINTS
Info: INCONSISTENCY IN FAST TABLE ENERGY VS FORCE: 0.000290481 AT 0.251946
Info: INCONSISTENCY IN SCOR TABLE ENERGY VS FORCE: 0.000238233 AT 8.9687
Info: ABSOLUTE IMPRECISION IN VDWA TABLE ENERGY: 1.21169e-27 AT 8.99653
Info: ABSOLUTE IMPRECISION IN VDWA TABLE FORCE: 2.57484e-27 AT 8.99653
Info: INCONSISTENCY IN VDWA TABLE ENERGY VS FORCE: 0.0040507 AT 0.251946
Info: INCONSISTENCY IN VDWB TABLE ENERGY VS FORCE: 0.00150189 AT 0.251946
TCL: Running for 1500000 steps
FEP: RESETTING FOR NEW FEP WINDOW LAMBDA SET TO 0.85 LAMBDA2 0.8
FEP: WINDOW TO HAVE 100000 STEPS OF EQUILIBRATION PRIOR TO FEP DATA COLLECTION.
FEP: USING CONSTANT TEMPERATURE OF 300 K FOR FEP CALCULATION
PRESSURE: 0 825.526 -313.891 -287.271 -313.89 845.338 -401.438 -287.275 -401.439 502.082
GPRESSURE: 0 889.576 -362.783 -579.47 -130.087 964.567 -613.685 -134.631 -102.261 589.532
ETITLE:      TS           BOND          ANGLE          DIHED          IMPRP               ELECT            VDW       BOUNDARY           MISC        KINETIC               TOTAL           TEMP      POTENTIAL       TOTALAVG        TEMPAVG            PRESSURE      GPRESSURE         VOLUME       PRESSAVG      GPRESSAVG
FEPTITLE:    TS          BOND2         ELECT2           VDW2

ENERGY:       0         7.6059         4.8765         6.2590         0.0000         -10783.3617      1511.5462         0.0000         0.0000      1809.8039          -7443.2703       303.7301     -9253.0741     -7443.2703       303.7301            724.3152       814.5583     30731.7637       724.3152       814.5583
FEP:          0        18.7414    -10783.1040      1512.5423

PRESSURE: 100000 733.438 -85.5448 292.966 -85.5459 689.115 -308.523 292.965 -308.52 -295.72
GPRESSURE: 100000 794.2 -152.569 365.256 87.0075 744.226 -252.137 289.874 -410.957 -172.945
PRESSAVG: 100000 -123.38 -186.222 -113.13 -186.222 -86.9384 -24.8088 -113.13 -24.8088 -56.3173
GPRESSAVG: 100000 -89.4285 -257.555 -55.6347 -23.4944 -8.24893 -65.9587 -131.31 -43.809 -4.70875
ENERGY:  100000         6.3532         2.1634         5.8680         0.0000         -10846.7088      1491.7317         0.0000         0.0000      1789.3142          -7551.2783       300.2914     -9340.5925     -7497.2743       302.0108            375.6114       455.1603     30762.2551       549.9633       634.8593
FEP:     100000        14.3845    -10846.3330      1492.7260

WRITING EXTENDED SYSTEM TO RESTART FILE AT STEP 100000
WRITING COORDINATES TO DCD FILE mobley_3976574_prod.dcd AT STEP 100000
WRITING COORDINATES TO RESTART FILE AT STEP 100000
FINISHED WRITING RESTART COORDINATES
WRITING VELOCITIES TO RESTART FILE AT STEP 100000
FINISHED WRITING RESTART VELOCITIES
PRESSURE: 200000 105.402 401.018 -1176.79 401.02 189.41 -212.227 -1176.79 -212.221 208.313
GPRESSURE: 200000 22.1426 721.212 -877.102 499.992 395.674 -310.798 -939.377 310.24 399.905
PRESSAVG: 200000 -96.3259 -151.232 -146.973 -151.232 -32.19 -34.5796 -146.973 -34.5796 -42.564
GPRESSAVG: 200000 -64.3415 -211.706 -66.9391 18.995 55.0224 -85.7697 -158.721 -22.0675 10.758
ENERGY:  200000         9.0501         5.9323         4.7573         0.0000         -10863.6518      1483.3216         0.0000         0.0000      1764.8165          -7595.7740       296.1801     -9360.5905     -7530.1075       300.0672            167.7084       272.5739     30993.5458       422.5450       514.0975
FEP:     200000        19.7397    -10863.5157      1483.9390

WRITING EXTENDED SYSTEM TO RESTART FILE AT STEP 200000
WRITING COORDINATES TO DCD FILE mobley_3976574_prod.dcd AT STEP 200000
WRITING COORDINATES TO RESTART FILE AT STEP 200000
FINISHED WRITING RESTART COORDINATES
WRITING VELOCITIES TO RESTART FILE AT STEP 200000
FINISHED WRITING RESTART VELOCITIES
PRESSURE: 300000 -21.686 -342.14 -448.169 -342.141 -319.288 1128.13 -448.167 1128.13 188.819
GPRESSURE: 300000 -48.1164 -482.276 -656.183 -536.077 -237.08 1315.7 -335.981 882.983 262.625
PRESSAVG: 300000 -139.722 -134.491 -154.029 -134.491 -67.2372 37.4509 -154.029 37.4509 -23.0379
GPRESSAVG: 300000 -102.435 -192.638 -114.059 23.9158 18.5788 -11.584 -159.984 47.5815 30.2854
ENERGY:  300000        10.2889         4.6250         4.1199         0.0000         -10716.4120      1408.0907         0.0000         0.0000      1835.2011          -7454.0864       307.9924     -9289.2875     -7511.1022       302.0485            -50.7182        -7.5237     30919.7824       304.2292       383.6922
FEP:     300000        19.0338    -10716.0259      1408.6992

WRITING EXTENDED SYSTEM TO RESTART FILE AT STEP 300000
WRITING COORDINATES TO DCD FILE mobley_3976574_prod.dcd AT STEP 300000
WRITING COORDINATES TO RESTART FILE AT STEP 300000
FINISHED WRITING RESTART COORDINATES
WRITING VELOCITIES TO RESTART FILE AT STEP 300000
FINISHED WRITING RESTART VELOCITIES
PRESSURE: 400000 493.405 412.776 -451.794 412.777 149.333 483.074 -451.795 483.076 654.953
GPRESSURE: 400000 399.47 265.377 -525.736 353.741 483.494 424.464 -283.674 438.753 603.062
PRESSAVG: 400000 -154.477 -78.9643 -162.973 -78.9643 -76.6818 79.498 -162.973 79.498 24.7505
GPRESSAVG: 400000 -117.547 -136.476 -154.768 73.1367 19.2468 18.2009 -158.811 95.2194 66.951
ENERGY:  400000         4.1395         4.1109         5.6589         0.0000         -10927.0620      1484.6830         0.0000         0.0000      1771.5608          -7656.9089       297.3120     -9428.4698     -7540.2636       301.1012            432.5636       495.3423     30400.9880       329.8961       406.0222
FEP:     400000        13.9092    -10926.5735      1485.1893

WRITING EXTENDED SYSTEM TO RESTART FILE AT STEP 400000
WRITING COORDINATES TO DCD FILE mobley_3976574_prod.dcd AT STEP 400000
WRITING COORDINATES TO RESTART FILE AT STEP 400000
FINISHED WRITING RESTART COORDINATES
WRITING VELOCITIES TO RESTART FILE AT STEP 400000
FINISHED WRITING RESTART VELOCITIES
PRESSURE: 500000 145.187 -101.766 -483.139 -101.766 269.456 349.689 -483.141 349.686 -1000.79
GPRESSURE: 500000 -82.9698 -136.423 -536.665 -168.197 385.791 247.081 -682.435 384.694 -939.159
PRESSAVG: 500000 -149.592 -91.3832 -184.628 -91.3832 -0.217509 96.1473 -184.628 96.1473 -40.1505
GPRESSAVG: 500000 -126.653 -143.621 -162.926 45.8042 81.5852 34.8381 -186.998 120.137 6.66521
ENERGY:  500000         5.4360         7.9095         4.1456         0.0000         -10713.6417      1443.8558         0.0000         0.0000      1806.0690          -7446.2258       303.1033     -9252.2948     -7524.5906       301.4349           -195.3830      -212.1124     31539.8631       242.3496       302.9998
FEP:     500000        17.4911    -10713.4011      1443.7240

WRITING EXTENDED SYSTEM TO RESTART FILE AT STEP 500000
WRITING COORDINATES TO DCD FILE mobley_3976574_prod.dcd AT STEP 500000
WRITING COORDINATES TO RESTART FILE AT STEP 500000
FINISHED WRITING RESTART COORDINATES
WRITING VELOCITIES TO RESTART FILE AT STEP 500000
FINISHED WRITING RESTART VELOCITIES
PRESSURE: 600000 -156.366 338.26 198.69 338.258 650.398 -250.085 198.692 -250.082 -454.502
GPRESSURE: 600000 44.9586 -11.5775 689.671 453.837 793.092 -180.988 52.9551 -519.501 -419.17
PRESSAVG: 600000 -170.206 -81.4503 -188.139 -81.4503 9.85279 69.3589 -188.139 69.3589 -66.6404
GPRESSAVG: 600000 -136.856 -153.547 -145.712 64.8252 99.7486 37.5657 -211.062 82.3689 -20.1359
ENERGY:  600000         4.1383         7.1477         4.2361         0.0000         -10849.0882      1449.7928         0.0000         0.0000      1855.0123          -7528.7610       311.3172     -9383.7733     -7525.1864       302.8467             13.1765       139.6267     30709.6031       209.6105       279.6608
FEP:     600000        15.5222    -10848.4951      1450.2130

WRITING EXTENDED SYSTEM TO RESTART FILE AT STEP 600000
WRITING COORDINATES TO DCD FILE mobley_3976574_prod.dcd AT STEP 600000
WRITING COORDINATES TO RESTART FILE AT STEP 600000
FINISHED WRITING RESTART COORDINATES
WRITING VELOCITIES TO RESTART FILE AT STEP 600000
FINISHED WRITING RESTART VELOCITIES
PRESSURE: 700000 621.816 138.807 -251.641 138.806 1652.39 -183.466 -251.639 -183.463 -725.908
GPRESSURE: 700000 465.391 -98.3898 -506.945 310.996 1701.69 -368.837 13.682 -158.086 -431.357
PRESSAVG: 700000 -137.328 -75.3492 -189.096 -75.3492 101.839 65.5865 -189.096 65.5865 -96.2724
GPRESSAVG: 700000 -115.12 -142.391 -168.25 75.1925 198.261 32.6682 -205.083 79.7478 -43.2569
ENERGY:  700000         8.5294         5.8276         2.9918         0.0000         -10820.9554      1482.2177         0.0000         0.0000      1835.3046          -7486.0844       308.0098     -9321.3890     -7520.2986       303.4920            516.0995       578.5755     31081.2039       247.9217       317.0251
FEP:     700000        17.3487    -10820.7694      1483.0017

WRITING EXTENDED SYSTEM TO RESTART FILE AT STEP 700000
WRITING COORDINATES TO DCD FILE mobley_3976574_prod.dcd AT STEP 700000
WRITING COORDINATES TO RESTART FILE AT STEP 700000
FINISHED WRITING RESTART COORDINATES
WRITING VELOCITIES TO RESTART FILE AT STEP 700000
FINISHED WRITING RESTART VELOCITIES
PRESSURE: 800000 -1021.95 -364.515 -215.009 -364.513 -609.01 242.859 -215.006 242.859 -1083.48
GPRESSURE: 800000 -981.37 -344.369 -245.655 -118.869 -419.081 411.645 96.5429 593.059 -1112.86
PRESSAVG: 800000 -182.504 -88.3372 -201.852 -88.3372 105.214 95.0863 -201.852 95.0863 -109.618
GPRESSAVG: 800000 -150.564 -153.56 -185.854 55.2271 204.581 74.0956 -176.199 127.974 -75.1384
ENERGY:  800000        11.0423         4.1190         3.8048         0.0000         -10829.4271      1425.1017         0.0000         0.0000      1837.6421          -7547.7172       308.4021     -9385.3594     -7523.3451       304.0376           -904.8150      -837.7698     31592.6433       119.8398       188.7146
FEP:     800000        18.9661    -10829.0000      1426.1961

WRITING EXTENDED SYSTEM TO RESTART FILE AT STEP 800000
WRITING COORDINATES TO DCD FILE mobley_3976574_prod.dcd AT STEP 800000
WRITING COORDINATES TO RESTART FILE AT STEP 800000
FINISHED WRITING RESTART COORDINATES
WRITING VELOCITIES TO RESTART FILE AT STEP 800000
FINISHED WRITING RESTART VELOCITIES
PRESSURE: 900000 -1607.36 25.9247 257.769 25.9233 -1731.17 270.056 257.77 270.058 -919.441
GPRESSURE: 900000 -1645.69 -111.084 358.614 96.0772 -1632.23 185.346 216.428 313.614 -802.072
PRESSAVG: 900000 -238.378 -96.4354 -171.808 -96.4354 -0.253354 104.63 -171.808 104.63 -152.174
GPRESSAVG: 900000 -216.969 -165.581 -159.797 32.9724 103.633 66.1342 -157.394 163.462 -97.5323
ENERGY:  900000         3.9120         3.3206         5.4661         0.0000         -10636.3312      1260.2411         0.0000         0.0000      1759.7473          -7603.6442       295.3294     -9363.3915     -7531.3750       303.1668          -1419.3235     -1359.9975     30478.9568       -34.0765        33.8434
FEP:     900000        12.6986    -10636.1796      1261.2293

WRITING EXTENDED SYSTEM TO RESTART FILE AT STEP 900000
WRITING COORDINATES TO DCD FILE mobley_3976574_prod.dcd AT STEP 900000
WRITING COORDINATES TO RESTART FILE AT STEP 900000
FINISHED WRITING RESTART COORDINATES
WRITING VELOCITIES TO RESTART FILE AT STEP 900000
FINISHED WRITING RESTART VELOCITIES
PRESSURE: 1000000 -1256.37 330.159 343.099 330.158 -733.377 117.509 343.1 117.511 -382.853
GPRESSURE: 1000000 -1254.81 262.063 -0.340993 496.63 -423.123 98.1978 614.595 -28.9159 -507.149
PRESSAVG: 1000000 -319.539 -44.1232 -140.839 -44.1232 -56.6412 89.6228 -140.839 89.6228 -209.499
GPRESSAVG: 1000000 -295.465 -103.448 -157.085 68.4236 51.6808 43.2001 -107.98 153.121 -170.484
TIMING: 1000000  CPU: 2255.63, 0.000406672/step  Wall: 2317.99, 0.00042038/step, 411.057 ns/days, 0.0583861 hours remaining, 0.000000 MB of memory in use.
PERFORMANCE: 1000000  averaging 409.968 ns/day, 0.000421496 sec/step with standard deviation 3.35795e-06
ETITLE:      TS           BOND          ANGLE          DIHED          IMPRP               ELECT            VDW       BOUNDARY           MISC        KINETIC               TOTAL           TEMP      POTENTIAL       TOTALAVG        TEMPAVG            PRESSURE      GPRESSURE         VOLUME       PRESSAVG      GPRESSAVG
FEPTITLE:    TS          BOND2         ELECT2           VDW2

ENERGY: 1000000        11.8804         5.2287         8.6903         0.0000         -10756.5398      1386.4580         0.0000         0.0000      1786.7484          -7557.5341       299.8608     -9344.2825     -7533.7531       302.8662           -790.8667      -728.3601     31328.4782      -102.8756       -35.4479
FEP:    1000000        25.7994    -10755.9115      1387.5501

WRITING EXTENDED SYSTEM TO RESTART FILE AT STEP 1000000
WRITING COORDINATES TO DCD FILE mobley_3976574_prod.dcd AT STEP 1000000
WRITING COORDINATES TO RESTART FILE AT STEP 1000000
FINISHED WRITING RESTART COORDINATES
WRITING VELOCITIES TO RESTART FILE AT STEP 1000000
FINISHED WRITING RESTART VELOCITIES
PRESSURE: 1100000 -5.34031 346.911 -400.419 346.911 417.417 387.333 -400.427 387.332 365.765
GPRESSURE: 1100000 -13.4287 325.483 497.164 221.276 400.632 511.843 -361.882 4.76468 426.086
PRESSAVG: 1100000 -290.44 -14.9836 -162.271 -14.9836 -18.9189 85.7989 -162.271 85.7989 -169.271
GPRESSAVG: 1100000 -270.359 -84.7252 -137.732 102.028 82.0249 72.8395 -115.765 117.755 -123.525
ENERGY: 1100000         4.1818         6.9382         6.0277         0.0000         -10828.4336      1473.9070         0.0000         0.0000      1787.2001          -7550.1788       299.9366     -9337.3789     -7535.1219       302.6221            259.2807       271.0966     31151.8731       -72.6959        -9.9025
FEP:    1100000        17.1477    -10828.2213      1474.7265

WRITING EXTENDED SYSTEM TO RESTART FILE AT STEP 1100000
WRITING COORDINATES TO DCD FILE mobley_3976574_prod.dcd AT STEP 1100000
WRITING COORDINATES TO RESTART FILE AT STEP 1100000
FINISHED WRITING RESTART COORDINATES
WRITING VELOCITIES TO RESTART FILE AT STEP 1100000
FINISHED WRITING RESTART VELOCITIES
PRESSURE: 1200000 727.084 -135.298 -281.159 -135.296 221.54 -92.2952 -281.156 -92.2945 1405.4
GPRESSURE: 1200000 620.092 -436.9 -47.5036 76.331 541.408 -37.1821 -382.047 -80.4232 1373.2
PRESSAVG: 1200000 -198.381 -41.2098 -183.31 -41.2098 22.2474 49.8096 -183.31 49.8096 -133.199
GPRESSAVG: 1200000 -189.866 -116.906 -146.124 85.5474 153.332 39.2671 -147.286 82.2075 -97.4631
ENERGY: 1200000         4.8807         3.4696         4.4583         0.0000         -10897.0781      1524.2296         0.0000         0.0000      1789.0980          -7570.9419       300.2552     -9360.0399     -7537.8773       302.4400            784.6734       844.8997     30627.6419        -6.7445        55.8515
FEP:    1200000        12.8086    -10896.6954      1524.9126

WRITING EXTENDED SYSTEM TO RESTART FILE AT STEP 1200000
WRITING COORDINATES TO DCD FILE mobley_3976574_prod.dcd AT STEP 1200000
WRITING COORDINATES TO RESTART FILE AT STEP 1200000
FINISHED WRITING RESTART COORDINATES
WRITING VELOCITIES TO RESTART FILE AT STEP 1200000
FINISHED WRITING RESTART VELOCITIES
PRESSURE: 1300000 -476.498 -74.993 -325.529 -74.9934 -496.728 -51.5332 -325.529 -51.5381 -183.827
GPRESSURE: 1300000 -437.338 34.8619 -338.712 -173.458 -265.538 -278.578 -137.113 -24.2606 -77.0995
PRESSAVG: 1300000 -188.204 -13.4794 -190.178 -13.4794 16.8065 43.4444 -190.178 43.4444 -118.097
GPRESSAVG: 1300000 -178.065 -103.723 -154.502 114.914 156.339 26.0764 -142.629 70.984 -79.1059
ENERGY: 1300000         6.8107         6.7716         8.2398         0.0000         -10793.9568      1443.6141         0.0000         0.0000      1764.3219          -7564.1988       296.0971     -9328.5207     -7539.7574       301.9870           -385.6843      -259.9919     31121.2262       -33.8116        33.2913
FEP:    1300000        21.8221    -10793.4687      1444.3236

WRITING EXTENDED SYSTEM TO RESTART FILE AT STEP 1300000
WRITING COORDINATES TO DCD FILE mobley_3976574_prod.dcd AT STEP 1300000
WRITING COORDINATES TO RESTART FILE AT STEP 1300000
FINISHED WRITING RESTART COORDINATES
WRITING VELOCITIES TO RESTART FILE AT STEP 1300000
FINISHED WRITING RESTART VELOCITIES
PRESSURE: 1400000 -625.277 383.505 579.08 383.506 310.812 90.6245 579.078 90.6307 -60.2525
GPRESSURE: 1400000 -661.697 502.805 513.562 315.965 387.517 -244.679 461.23 325.521 -97.8549
PRESSAVG: 1400000 -171.501 13.6049 -168.991 13.6049 50.7515 63.5212 -168.991 63.5212 -83.6157
GPRESSAVG: 1400000 -175.511 -61.4649 -123.572 127.181 196.496 31.6832 -132.362 106.342 -42.7833
ENERGY: 1400000         6.9492         4.4957         3.6764         0.0000         -10838.8823      1462.7724         0.0000         0.0000      1830.1361          -7530.8525       307.1424     -9360.9886     -7539.1638       302.3307           -124.9058      -124.0117     31025.9879       -39.8845        22.8044
FEP:    1400000        15.1212    -10838.4652      1463.0890

WRITING EXTENDED SYSTEM TO RESTART FILE AT STEP 1400000
WRITING COORDINATES TO DCD FILE mobley_3976574_prod.dcd AT STEP 1400000
WRITING COORDINATES TO RESTART FILE AT STEP 1400000
FINISHED WRITING RESTART COORDINATES
WRITING VELOCITIES TO RESTART FILE AT STEP 1400000
FINISHED WRITING RESTART VELOCITIES
PRESSURE: 1500000 820.91 -284.408 -161.513 -284.408 688.863 459.11 -161.509 459.111 373.495
GPRESSURE: 1500000 719.003 -370.193 -239.952 -243.684 962.235 490.885 -724.326 633.146 525.88
PRESSAVG: 1500000 -74.4191 13.1605 -165.851 13.1605 133.689 88.0652 -165.851 88.0652 -25.1471
GPRESSAVG: 1500000 -86.8294 -63.7439 -128.812 110.378 287.383 54.5581 -144.765 129.915 32.7747
ENERGY: 1500000         8.0830         5.8177         4.6595         0.0000         -10793.3990      1535.2217         0.0000         0.0000      1824.1567          -7415.4603       306.1389     -9239.6170     -7531.4323       302.5687            627.7562       735.7061     30808.2242         1.8430        67.3608
FEP:    1500000        18.5602    -10793.1419      1535.6837

WRITING EXTENDED SYSTEM TO RESTART FILE AT STEP 1500000
WRITING COORDINATES TO DCD FILE mobley_3976574_prod.dcd AT STEP 1500000
WRITING COORDINATES TO RESTART FILE AT STEP 1500000
FINISHED WRITING RESTART COORDINATES
WRITING VELOCITIES TO RESTART FILE AT STEP 1500000
FINISHED WRITING RESTART VELOCITIES
TCL: Running FEP window   5: Lambda1 0.7999999999999998 Lambda2 0.7499999999999998 [dLambda -0.050000000000000044]
TCL: Setting parameter firsttimestep to 0
TCL: Setting parameter alchLambda to 0.7999999999999998
Info: NONBONDED TABLE R-SQUARED SPACING: 0.0625
Info: NONBONDED TABLE SIZE: 705 POINTS
Info: INCONSISTENCY IN FAST TABLE ENERGY VS FORCE: 0.000290481 AT 0.251946
Info: INCONSISTENCY IN SCOR TABLE ENERGY VS FORCE: 0.000238233 AT 8.9687
Info: ABSOLUTE IMPRECISION IN VDWA TABLE ENERGY: 1.21169e-27 AT 8.99653
Info: ABSOLUTE IMPRECISION IN VDWA TABLE FORCE: 2.57484e-27 AT 8.99653
Info: INCONSISTENCY IN VDWA TABLE ENERGY VS FORCE: 0.0040507 AT 0.251946
Info: INCONSISTENCY IN VDWB TABLE ENERGY VS FORCE: 0.00150189 AT 0.251946
TCL: Setting parameter alchLambda2 to 0.7499999999999998
Info: NONBONDED TABLE R-SQUARED SPACING: 0.0625
Info: NONBONDED TABLE SIZE: 705 POINTS
Info: INCONSISTENCY IN FAST TABLE ENERGY VS FORCE: 0.000290481 AT 0.251946
Info: INCONSISTENCY IN SCOR TABLE ENERGY VS FORCE: 0.000238233 AT 8.9687
Info: ABSOLUTE IMPRECISION IN VDWA TABLE ENERGY: 1.21169e-27 AT 8.99653
Info: ABSOLUTE IMPRECISION IN VDWA TABLE FORCE: 2.57484e-27 AT 8.99653
Info: INCONSISTENCY IN VDWA TABLE ENERGY VS FORCE: 0.0040507 AT 0.251946
Info: INCONSISTENCY IN VDWB TABLE ENERGY VS FORCE: 0.00150189 AT 0.251946
TCL: Running for 1500000 steps
FEP: RESETTING FOR NEW FEP WINDOW LAMBDA SET TO 0.8 LAMBDA2 0.75
FEP: WINDOW TO HAVE 100000 STEPS OF EQUILIBRATION PRIOR TO FEP DATA COLLECTION.
FEP: USING CONSTANT TEMPERATURE OF 300 K FOR FEP CALCULATION
PRESSURE: 0 892.478 -260.676 -235.274 -260.678 632.243 470.045 -235.277 470.04 370.68
GPRESSURE: 0 713.717 -375.826 -243.554 -249.045 942.08 483.802 -727.487 625.044 509.119
ETITLE:      TS           BOND          ANGLE          DIHED          IMPRP               ELECT            VDW       BOUNDARY           MISC        KINETIC               TOTAL           TEMP      POTENTIAL       TOTALAVG        TEMPAVG            PRESSURE      GPRESSURE         VOLUME       PRESSAVG      GPRESSAVG
FEPTITLE:    TS          BOND2         ELECT2           VDW2

ENERGY:       0         8.0830         5.8177         4.6595         0.0000         -10793.1426      1535.6838         0.0000         0.0000      1823.2878          -7415.6108       305.9930     -9238.8986     -7415.6108       305.9930            631.8004       721.6388     30808.2242       631.8004       721.6388
FEP:          0        18.5602    -10792.8855      1536.4456

PRESSURE: 100000 -369.679 280.728 -64.5676 280.726 524.055 -158.699 -64.57 -158.7 -674.199
GPRESSURE: 100000 -103.593 54.9168 -28.5673 261.545 570.218 -223.898 -176.193 -259.024 -686.754
PRESSAVG: 100000 46.3742 27.7031 -178.893 27.7031 203.458 91.4445 -178.893 91.4445 7.55224
GPRESSAVG: 100000 29.8006 -58.5759 -148.891 101.015 375.094 54.7615 -186.282 134.545 64.6919
ENERGY:  100000         7.8117         4.2392         5.5086         0.0000         -10869.7275      1463.1761         0.0000         0.0000      1767.0651          -7621.9267       296.5575     -9388.9918     -7518.7687       301.2753           -173.2743       -73.3761     30818.7081       229.2631       324.1313
FEP:     100000        17.5596    -10869.3613      1462.8610

WRITING EXTENDED SYSTEM TO RESTART FILE AT STEP 100000
WRITING COORDINATES TO DCD FILE mobley_3976574_prod.dcd AT STEP 100000
WRITING COORDINATES TO RESTART FILE AT STEP 100000
FINISHED WRITING RESTART COORDINATES
WRITING VELOCITIES TO RESTART FILE AT STEP 100000
FINISHED WRITING RESTART VELOCITIES
PRESSURE: 200000 -86.492 -43.8314 68.0396 -43.8327 -385.771 -279.24 68.0394 -279.242 87.652
GPRESSURE: 200000 122.352 112.03 7.80098 128.103 -445.329 -372.607 79.5911 -488.898 218.002
PRESSAVG: 200000 28.1294 15.7628 -165.784 15.7628 189.432 82.3617 -165.784 82.3617 -57.697
GPRESSAVG: 200000 23.3593 -48.2452 -148.697 77.7392 341.1 33.6567 -159.702 117.005 13.0864
ENERGY:  200000         3.6679         4.7334         4.9845         0.0000         -10834.8703      1459.8175         0.0000         0.0000      1748.6115          -7613.0555       293.4605     -9361.6670     -7550.1976       298.6703           -128.2036       -34.9915     31022.3619       110.1075       204.4237
FEP:     200000        13.3858    -10834.8237      1460.5284

WRITING EXTENDED SYSTEM TO RESTART FILE AT STEP 200000
WRITING COORDINATES TO DCD FILE mobley_3976574_prod.dcd AT STEP 200000
WRITING COORDINATES TO RESTART FILE AT STEP 200000
FINISHED WRITING RESTART COORDINATES
WRITING VELOCITIES TO RESTART FILE AT STEP 200000
FINISHED WRITING RESTART VELOCITIES
PRESSURE: 300000 -434.447 282.928 81.2557 282.927 -83.2795 198.289 81.2547 198.289 -461.898
GPRESSURE: 300000 -337.022 33.6609 28.2377 781.28 -144.737 339.488 279.191 201.084 -366.052
PRESSAVG: 300000 -34.8113 46.6974 -148.069 46.6974 144.088 112.961 -148.069 112.961 -104.286
GPRESSAVG: 300000 -38.7567 -28.4991 -118.304 123.168 285.276 81.2532 -139.053 132.029 -35.2529
ENERGY:  300000         6.8987         6.4935         8.0618         0.0000         -10628.3626      1357.6507         0.0000         0.0000      1809.1980          -7440.0600       303.6284     -9249.2580     -7522.6632       299.9099           -326.5417      -282.6037     30850.0797         0.9452        82.6669
FEP:     300000        21.4539    -10627.8738      1358.2341

WRITING EXTENDED SYSTEM TO RESTART FILE AT STEP 300000
WRITING COORDINATES TO DCD FILE mobley_3976574_prod.dcd AT STEP 300000
WRITING COORDINATES TO RESTART FILE AT STEP 300000
FINISHED WRITING RESTART COORDINATES
WRITING VELOCITIES TO RESTART FILE AT STEP 300000
FINISHED WRITING RESTART VELOCITIES
PRESSURE: 400000 -1169.34 -358.713 -129.409 -358.712 -613.863 461.014 -129.408 461.007 -505.074
GPRESSURE: 400000 -1083.82 -215.86 -39.4596 -437.071 -587.522 177.491 -456.223 218.137 -442.152
PRESSAVG: 400000 -134.555 44.4563 -140.176 44.4563 71.1276 156.083 -140.176 156.083 -154.644
GPRESSAVG: 400000 -137.426 -21.153 -91.3035 107.819 207.671 120.812 -155.132 148.049 -86.8371
ENERGY:  400000         6.7499         2.8855         4.2177         0.0000         -10519.2260      1298.2611         0.0000         0.0000      1770.2120          -7436.8999       297.0856     -9207.1119     -7505.5106       299.3450           -762.7606      -704.4967     30695.0271      -151.7959       -74.7659
FEP:     400000        13.8530    -10519.0258      1298.7343

WRITING EXTENDED SYSTEM TO RESTART FILE AT STEP 400000
WRITING COORDINATES TO DCD FILE mobley_3976574_prod.dcd AT STEP 400000
WRITING COORDINATES TO RESTART FILE AT STEP 400000
FINISHED WRITING RESTART COORDINATES
WRITING VELOCITIES TO RESTART FILE AT STEP 400000
FINISHED WRITING RESTART VELOCITIES
PRESSURE: 500000 51.4771 142.084 378.248 142.085 462.481 15.0216 378.248 15.0236 -463.477
GPRESSURE: 500000 98.6185 461.739 201.268 96.2477 568.673 69.4918 535.305 -136.968 -289.476
PRESSAVG: 500000 -168.653 55.8378 -135.912 55.8378 59.7959 172.261 -135.912 172.261 -163.032
GPRESSAVG: 500000 -172.205 9.56243 -99.5029 108.281 198.894 136.893 -142.861 161.748 -92.6637
ENERGY:  500000         8.9080         5.8917         8.2815         0.0000         -10866.1115      1465.8592         0.0000         0.0000      1810.4010          -7566.7701       303.8303     -9377.1710     -7515.7205       300.0926             16.8271       125.9384     30624.4534      -123.6921       -41.3151
FEP:     500000        23.0812    -10866.1293      1466.7012

WRITING EXTENDED SYSTEM TO RESTART FILE AT STEP 500000
WRITING COORDINATES TO DCD FILE mobley_3976574_prod.dcd AT STEP 500000
WRITING COORDINATES TO RESTART FILE AT STEP 500000
FINISHED WRITING RESTART COORDINATES
WRITING VELOCITIES TO RESTART FILE AT STEP 500000
FINISHED WRITING RESTART VELOCITIES
PRESSURE: 600000 -2.27223 98.7767 -292.846 98.7781 -510.957 304.239 -292.845 304.242 -496.333
GPRESSURE: 600000 -34.5095 41.9179 -318.514 333.798 -518.44 213.146 -104.961 215.335 -457.509
PRESSAVG: 600000 -174.037 40.7257 -91.7143 40.7257 24.7776 198.084 -91.7143 198.084 -198.264
GPRESSAVG: 600000 -175.038 -24.4023 -71.5735 99.9713 153.188 163.091 -101.14 157.003 -135.534
ENERGY:  600000         8.5906         4.7121         6.3448         0.0000         -10731.7733      1438.3574         0.0000         0.0000      1778.3065          -7495.4619       298.4441     -9273.7684     -7512.8264       299.8571           -336.5208      -336.8196     31464.7162      -154.0962       -83.5301
FEP:     600000        19.6475    -10731.4385      1438.8593

WRITING EXTENDED SYSTEM TO RESTART FILE AT STEP 600000
WRITING COORDINATES TO DCD FILE mobley_3976574_prod.dcd AT STEP 600000
WRITING COORDINATES TO RESTART FILE AT STEP 600000
FINISHED WRITING RESTART COORDINATES
WRITING VELOCITIES TO RESTART FILE AT STEP 600000
FINISHED WRITING RESTART VELOCITIES
PRESSURE: 700000 260.114 -60.7604 -262.204 -60.7589 -1205.22 1.04624 -262.205 1.05044 -449.334
GPRESSURE: 700000 381.884 -293.379 -441.038 376.785 -1239.5 -143.967 10.8226 -125.314 -199.236
PRESSAVG: 700000 -159.947 54.7948 -82.4162 54.7948 -19.5191 141.73 -82.4162 141.73 -230.172
GPRESSAVG: 700000 -153.538 -14.9574 -60.8163 145.614 103.067 90.1072 -83.7999 106.588 -158.628
ENERGY:  700000         9.2073         5.3758         8.3629         0.0000         -10785.6385      1413.7355         0.0000         0.0000      1824.2407          -7524.7162       306.1530     -9348.9569     -7514.3126       300.6441           -464.8139      -352.2857     31228.2837      -192.9359      -117.1245
FEP:     700000        22.9460    -10785.4082      1415.0404

WRITING EXTENDED SYSTEM TO RESTART FILE AT STEP 700000
WRITING COORDINATES TO DCD FILE mobley_3976574_prod.dcd AT STEP 700000
WRITING COORDINATES TO RESTART FILE AT STEP 700000
FINISHED WRITING RESTART COORDINATES
WRITING VELOCITIES TO RESTART FILE AT STEP 700000
FINISHED WRITING RESTART VELOCITIES
PRESSURE: 800000 1143.67 -288.373 168.132 -288.375 1308.48 294.156 168.133 294.157 908.043
GPRESSURE: 800000 1071.5 -325.896 20.9448 -424.187 1512.78 552.326 -145.204 347.029 1000.8
PRESSAVG: 800000 -127.433 19.7373 -51.4198 19.7373 38.4385 132.284 -51.4198 132.284 -217.517
GPRESSAVG: 800000 -119.936 -44.521 -33.4823 106.718 154.531 96.5004 -76.8764 102.002 -138.74
ENERGY:  800000         6.1357         5.6328         4.4487         0.0000         -10890.8125      1569.2139         0.0000         0.0000      1769.0173          -7536.3641       296.8851     -9305.3814     -7516.7628       300.2264           1120.0660      1195.0297     30750.6450       -47.0468        28.6704
FEP:     800000        16.2172    -10890.5277      1569.5506

WRITING EXTENDED SYSTEM TO RESTART FILE AT STEP 800000
WRITING COORDINATES TO DCD FILE mobley_3976574_prod.dcd AT STEP 800000
WRITING COORDINATES TO RESTART FILE AT STEP 800000
FINISHED WRITING RESTART COORDINATES
WRITING VELOCITIES TO RESTART FILE AT STEP 800000
FINISHED WRITING RESTART VELOCITIES
PRESSURE: 900000 -894.926 333.952 149.513 333.952 -569.971 435.161 149.51 435.155 -401.547
GPRESSURE: 900000 -837.282 184.456 286.335 321.261 -364.847 439.528 205.577 57.542 -402.671
PRESSAVG: 900000 -179.439 41.5232 -19.7873 41.5232 -3.53283 136.557 -19.7873 136.557 -187.555
GPRESSAVG: 900000 -157.652 -28.4771 7.66771 131.191 116.999 106.123 -32.4758 85.6442 -111.916
ENERGY:  900000         6.9764         4.0445         5.9779         0.0000         -10734.9838      1379.0980         0.0000         0.0000      1812.0048          -7526.8822       304.0995     -9338.8870     -7517.7747       300.6137           -622.1477      -534.9332     31015.2575      -104.5569       -27.6900
FEP:     900000        16.9988    -10734.6456      1380.1959

WRITING EXTENDED SYSTEM TO RESTART FILE AT STEP 900000
WRITING COORDINATES TO DCD FILE mobley_3976574_prod.dcd AT STEP 900000
WRITING COORDINATES TO RESTART FILE AT STEP 900000
FINISHED WRITING RESTART COORDINATES
WRITING VELOCITIES TO RESTART FILE AT STEP 900000
FINISHED WRITING RESTART VELOCITIES
PRESSURE: 1000000 -792.689 515.578 -522.166 515.58 561.889 -264.637 -522.169 -264.634 155.258
GPRESSURE: 1000000 -1033.92 475.292 -532.355 444.837 741.634 -490.348 -528.975 47.6891 308.128
PRESSAVG: 1000000 -211.255 50.3893 -55.8304 50.3893 -7.95827 135.83 -55.8304 135.83 -157.067
GPRESSAVG: 1000000 -211.596 -4.1336 -53.4336 130.741 114.426 90.6547 -61.5723 114.004 -75.5511
TIMING: 1000000  CPU: 2865.81, 0.00040674/step  Wall: 2950.66, 0.000421626/step, 409.842 ns/days, 0.0585592 hours remaining, 0.000000 MB of memory in use.
PERFORMANCE: 1000000  averaging 409.943 ns/day, 0.000421522 sec/step with standard deviation 2.90865e-06
ETITLE:      TS           BOND          ANGLE          DIHED          IMPRP               ELECT            VDW       BOUNDARY           MISC        KINETIC               TOTAL           TEMP      POTENTIAL       TOTALAVG        TEMPAVG            PRESSURE      GPRESSURE         VOLUME       PRESSAVG      GPRESSAVG
FEPTITLE:    TS          BOND2         ELECT2           VDW2

ENERGY: 1000000         8.5739         6.1917         6.7911         0.0000         -10875.1275      1471.7611         0.0000         0.0000      1798.1977          -7583.6120       301.7823     -9381.8097     -7523.7599       300.7199            -25.1806         5.2803     30843.7654       -97.3409       -24.6927
FEP:    1000000        21.5567    -10874.7415      1472.2009

WRITING EXTENDED SYSTEM TO RESTART FILE AT STEP 1000000
WRITING COORDINATES TO DCD FILE mobley_3976574_prod.dcd AT STEP 1000000
WRITING COORDINATES TO RESTART FILE AT STEP 1000000
FINISHED WRITING RESTART COORDINATES
WRITING VELOCITIES TO RESTART FILE AT STEP 1000000
FINISHED WRITING RESTART VELOCITIES
PRESSURE: 1100000 660.529 -494.002 266.379 -494.002 1213.83 -126.59 266.376 -126.588 1167
GPRESSURE: 1100000 712.145 -284.931 265.062 -296.397 1034.83 -492.348 335.703 3.03133 1429.34
PRESSAVG: 1100000 -209.32 18.7489 -29.9296 18.7489 -29.8862 138.673 -29.9296 138.673 -62.4216
GPRESSAVG: 1100000 -199.258 -13.4607 -14.8332 100.371 81.0832 84.4791 -45.4713 122.06 17.4838
ENERGY: 1100000         4.9582         3.6109         6.5673         0.0000         -10863.4006      1529.2145         0.0000         0.0000      1792.1454          -7526.9042       300.7666     -9319.0496     -7524.0220       300.7238           1013.7861      1058.7726     30397.5653        -4.7470        65.5961
FEP:    1100000        15.1364    -10862.9930      1530.5230

WRITING EXTENDED SYSTEM TO RESTART FILE AT STEP 1100000
WRITING COORDINATES TO DCD FILE mobley_3976574_prod.dcd AT STEP 1100000
WRITING COORDINATES TO RESTART FILE AT STEP 1100000
FINISHED WRITING RESTART COORDINATES
WRITING VELOCITIES TO RESTART FILE AT STEP 1100000
FINISHED WRITING RESTART VELOCITIES
PRESSURE: 1200000 374.444 -407.025 364.142 -407.026 1266.71 -816.053 364.138 -816.05 414.002
GPRESSURE: 1200000 452.238 -479.526 457.962 -416.443 1087.12 -902.799 147.769 -863.287 545.158
PRESSAVG: 1200000 -139.5 16.6233 -0.972381 16.6233 63.9 85.728 -0.972381 85.728 12.4527
GPRESSAVG: 1200000 -127.578 -20.2185 20.3476 85.4925 156.393 18.7569 -42.91 49.2423 100.385
ENERGY: 1200000         6.0334         4.7092         5.2674         0.0000         -10845.1451      1539.3091         0.0000         0.0000      1774.5074          -7515.3186       297.8065     -9289.8260     -7523.3525       300.4994            685.0534       694.8377     31145.0855        48.3146       113.9993
FEP:    1200000        16.0100    -10845.0216      1540.3283

WRITING EXTENDED SYSTEM TO RESTART FILE AT STEP 1200000
WRITING COORDINATES TO DCD FILE mobley_3976574_prod.dcd AT STEP 1200000
WRITING COORDINATES TO RESTART FILE AT STEP 1200000
FINISHED WRITING RESTART COORDINATES
WRITING VELOCITIES TO RESTART FILE AT STEP 1200000
FINISHED WRITING RESTART VELOCITIES
PRESSURE: 1300000 -653.582 349.433 -294.725 349.432 -593.248 219.099 -294.723 219.097 -630.238
GPRESSURE: 1300000 -506.117 572.114 -363.853 134.722 -903.404 255.448 -485.438 347.92 -337.222
PRESSAVG: 1300000 -91.8106 32.7987 -28.597 32.7987 120.796 83.18 -28.597 83.18 26.9128
GPRESSAVG: 1300000 -70.5991 13.9414 -15.7757 87.4247 192.834 22.262 -78.0033 50.9576 123.627
ENERGY: 1300000         5.2445         2.6043         7.4158         0.0000         -10756.1914      1367.1326         0.0000         0.0000      1742.7549          -7631.0394       292.4776     -9373.7943     -7531.0444       299.9264           -625.6891      -582.2477     30712.4116         0.1715        64.2674
FEP:    1300000        15.2645    -10755.7946      1367.7227

WRITING EXTENDED SYSTEM TO RESTART FILE AT STEP 1300000
WRITING COORDINATES TO DCD FILE mobley_3976574_prod.dcd AT STEP 1300000
WRITING COORDINATES TO RESTART FILE AT STEP 1300000
FINISHED WRITING RESTART COORDINATES
WRITING VELOCITIES TO RESTART FILE AT STEP 1300000
FINISHED WRITING RESTART VELOCITIES
PRESSURE: 1400000 -901.896 105.009 12.2719 105.009 -448.553 856.059 12.2703 856.056 -323.964
GPRESSURE: 1400000 -760.935 246.915 78.8578 -54.7819 -573.563 748.64 246.085 526.765 -374.613
PRESSAVG: 1400000 -74.0869 21.5412 -45.1385 21.5412 135.037 120.107 -45.1385 120.107 29.8572
GPRESSAVG: 1400000 -45.9055 13.184 -11.8158 59.8542 185.312 54.7841 -96.4289 78.7417 130.254
ENERGY: 1400000         8.8630         6.9566         4.0062         0.0000         -10762.0125      1387.8226         0.0000         0.0000      1713.4448          -7640.9194       287.5587     -9354.3641     -7538.3694       299.1019           -558.1379      -569.7039     31192.9804       -37.0492        22.0026
FEP:    1400000        19.8257    -10761.6919      1388.7809

WRITING EXTENDED SYSTEM TO RESTART FILE AT STEP 1400000
WRITING COORDINATES TO DCD FILE mobley_3976574_prod.dcd AT STEP 1400000
WRITING COORDINATES TO RESTART FILE AT STEP 1400000
FINISHED WRITING RESTART COORDINATES
WRITING VELOCITIES TO RESTART FILE AT STEP 1400000
FINISHED WRITING RESTART VELOCITIES
PRESSURE: 1500000 458.03 202.528 172.145 202.53 1748.66 308.448 172.141 308.453 417.404
GPRESSURE: 1500000 771.122 344.718 12.7671 256.717 1708.39 650.051 1.76335 -224.528 593.324
PRESSAVG: 1500000 -50.9184 14.3222 -16.5101 14.3222 201.599 116.163 -16.5101 116.163 32.4392
GPRESSAVG: 1500000 -6.67791 14.1457 -36.0356 61.6262 250.7 61.6945 -78.2466 67.277 138.616
ENERGY: 1500000         2.5956         4.3273         7.3860         0.0000         -10892.0094      1542.9794         0.0000         0.0000      1740.1191          -7594.6018       292.0353     -9334.7210     -7541.8839       298.6602            874.6976      1024.2802     30632.5816        19.9350        84.6450
FEP:    1500000        14.3090    -10891.4345      1543.6788

WRITING EXTENDED SYSTEM TO RESTART FILE AT STEP 1500000
WRITING COORDINATES TO DCD FILE mobley_3976574_prod.dcd AT STEP 1500000
WRITING COORDINATES TO RESTART FILE AT STEP 1500000
FINISHED WRITING RESTART COORDINATES
WRITING VELOCITIES TO RESTART FILE AT STEP 1500000
FINISHED WRITING RESTART VELOCITIES
TCL: Running FEP window   6: Lambda1 0.7499999999999998 Lambda2 0.6999999999999997 [dLambda -0.050000000000000044]
TCL: Setting parameter firsttimestep to 0
TCL: Setting parameter alchLambda to 0.7499999999999998
Info: NONBONDED TABLE R-SQUARED SPACING: 0.0625
Info: NONBONDED TABLE SIZE: 705 POINTS
Info: INCONSISTENCY IN FAST TABLE ENERGY VS FORCE: 0.000290481 AT 0.251946
Info: INCONSISTENCY IN SCOR TABLE ENERGY VS FORCE: 0.000238233 AT 8.9687
Info: ABSOLUTE IMPRECISION IN VDWA TABLE ENERGY: 1.21169e-27 AT 8.99653
Info: ABSOLUTE IMPRECISION IN VDWA TABLE FORCE: 2.57484e-27 AT 8.99653
Info: INCONSISTENCY IN VDWA TABLE ENERGY VS FORCE: 0.0040507 AT 0.251946
Info: INCONSISTENCY IN VDWB TABLE ENERGY VS FORCE: 0.00150189 AT 0.251946
TCL: Setting parameter alchLambda2 to 0.6999999999999997
Info: NONBONDED TABLE R-SQUARED SPACING: 0.0625
Info: NONBONDED TABLE SIZE: 705 POINTS
Info: INCONSISTENCY IN FAST TABLE ENERGY VS FORCE: 0.000290481 AT 0.251946
Info: INCONSISTENCY IN SCOR TABLE ENERGY VS FORCE: 0.000238233 AT 8.9687
Info: ABSOLUTE IMPRECISION IN VDWA TABLE ENERGY: 1.21169e-27 AT 8.99653
Info: ABSOLUTE IMPRECISION IN VDWA TABLE FORCE: 2.57484e-27 AT 8.99653
Info: INCONSISTENCY IN VDWA TABLE ENERGY VS FORCE: 0.0040507 AT 0.251946
Info: INCONSISTENCY IN VDWB TABLE ENERGY VS FORCE: 0.00150189 AT 0.251946
TCL: Running for 1500000 steps
FEP: RESETTING FOR NEW FEP WINDOW LAMBDA SET TO 0.75 LAMBDA2 0.7
FEP: WINDOW TO HAVE 100000 STEPS OF EQUILIBRATION PRIOR TO FEP DATA COLLECTION.
FEP: USING CONSTANT TEMPERATURE OF 300 K FOR FEP CALCULATION
PRESSURE: 0 550.128 194.366 163.236 194.367 1752.22 249.053 163.236 249.049 438.241
GPRESSURE: 0 761.768 344.075 10.1583 255.797 1701.86 646.446 -2.40534 -228.004 577.432
ETITLE:      TS           BOND          ANGLE          DIHED          IMPRP               ELECT            VDW       BOUNDARY           MISC        KINETIC               TOTAL           TEMP      POTENTIAL       TOTALAVG        TEMPAVG            PRESSURE      GPRESSURE         VOLUME       PRESSAVG      GPRESSAVG
FEPTITLE:    TS          BOND2         ELECT2           VDW2

ENERGY:       0         2.5956         4.3273         7.3860         0.0000         -10891.4348      1543.6787         0.0000         0.0000      1739.2668          -7594.1804       291.8922     -9333.4472     -7594.1804       291.8922            913.5304      1013.6858     30632.5816       913.5304      1013.6858
FEP:          0        14.3090    -10890.8600      1544.5939

PRESSURE: 100000 -458.431 -218.856 477.563 -218.858 -709.789 209.847 477.564 209.856 -820.616
GPRESSURE: 100000 -193.5 -376.885 422.436 -194.623 -605.542 21.2664 356.235 182.745 -915.159
PRESSAVG: 100000 -58.8629 23.6121 45.8641 23.6121 267.48 146.3 45.8641 146.3 -47.758
GPRESSAVG: 100000 12.5978 32.6071 4.9049 69.5412 291.723 110.868 -34.5971 70.2483 56.9245
ENERGY:  100000         4.3598         3.2055         7.0218         0.0000         -10799.3631      1397.6371         0.0000         0.0000      1727.1789          -7659.9601       289.8636     -9387.1390     -7627.0702       290.8779           -662.9455      -571.4004     30781.6776       125.2925       221.1427
FEP:     100000        14.5870    -10799.0904      1398.4173

WRITING EXTENDED SYSTEM TO RESTART FILE AT STEP 100000
WRITING COORDINATES TO DCD FILE mobley_3976574_prod.dcd AT STEP 100000
WRITING COORDINATES TO RESTART FILE AT STEP 100000
FINISHED WRITING RESTART COORDINATES
WRITING VELOCITIES TO RESTART FILE AT STEP 100000
FINISHED WRITING RESTART VELOCITIES
PRESSURE: 200000 304.745 -90.8879 173.953 -90.8849 512.576 229.083 173.95 229.086 -392.483
GPRESSURE: 200000 450.687 -118.565 103.424 -95.2515 338.192 137.848 3.12018 247.585 -281.263
PRESSAVG: 200000 -12.3618 -0.10743 25.6077 -0.10743 277.568 153.223 25.6077 153.223 -64.3695
GPRESSAVG: 200000 68.217 1.53868 -15.602 48.9804 289.256 129.994 -57.5026 66.3515 47.7541
ENERGY:  200000        11.6002         4.6085         6.0473         0.0000         -10692.7372      1421.5975         0.0000         0.0000      1827.3555          -7421.5283       306.6757     -9248.8837     -7558.5562       296.1438            141.6125       169.2054     30855.7858       130.7325       203.8303
FEP:     200000        22.2560    -10692.6233      1422.7175

WRITING EXTENDED SYSTEM TO RESTART FILE AT STEP 200000
WRITING COORDINATES TO DCD FILE mobley_3976574_prod.dcd AT STEP 200000
WRITING COORDINATES TO RESTART FILE AT STEP 200000
FINISHED WRITING RESTART COORDINATES
WRITING VELOCITIES TO RESTART FILE AT STEP 200000
FINISHED WRITING RESTART VELOCITIES
PRESSURE: 300000 -234.616 -551.624 193.224 -551.621 20.4026 14.4331 193.226 14.4303 -448.628
GPRESSURE: 300000 -154.215 -533.526 219.182 -404.506 75.9414 186.242 -207.34 98.8375 -474.835
PRESSAVG: 300000 -65.1381 -13.4681 43.3445 -13.4681 244.145 130.989 43.3445 130.989 -105.476
GPRESSAVG: 300000 24.5561 -6.62798 7.35471 40.9392 244.942 114.762 -31.6533 39.6361 -2.28163
ENERGY:  300000         4.7162         2.6529         5.2276         0.0000         -10590.3970      1372.9035         0.0000         0.0000      1823.1413          -7381.7555       305.9685     -9204.8968     -7514.3561       298.6000           -220.9470      -184.3695     30764.9005        42.8126       106.7803
FEP:     300000        12.5967    -10590.2110      1373.3571

WRITING EXTENDED SYSTEM TO RESTART FILE AT STEP 300000
WRITING COORDINATES TO DCD FILE mobley_3976574_prod.dcd AT STEP 300000
WRITING COORDINATES TO RESTART FILE AT STEP 300000
FINISHED WRITING RESTART COORDINATES
WRITING VELOCITIES TO RESTART FILE AT STEP 300000
FINISHED WRITING RESTART VELOCITIES
PRESSURE: 400000 355.654 382.033 -448.147 382.028 275.437 -50.1961 -448.142 -50.1963 520.348
GPRESSURE: 400000 452.508 532.802 -478.938 108.499 413.029 -20.0908 -450.888 93.6155 553.828
PRESSAVG: 400000 -91.9792 18.6672 32.7012 18.6672 226.305 104.977 32.7012 104.977 -97.9923
GPRESSAVG: 400000 11.4956 38.8034 -4.41445 58.8164 218.489 89.5677 -17.8233 13.0647 -0.0461677
ENERGY:  400000         7.0031         4.0427         6.2654         0.0000         -10788.5398      1465.3678         0.0000         0.0000      1824.6486          -7481.2122       306.2214     -9305.8609     -7507.7273       300.1243            383.8129       473.1218     30763.0989       111.0127       180.0486
FEP:     400000        17.3112    -10788.4957      1465.1202

WRITING EXTENDED SYSTEM TO RESTART FILE AT STEP 400000
WRITING COORDINATES TO DCD FILE mobley_3976574_prod.dcd AT STEP 400000
WRITING COORDINATES TO RESTART FILE AT STEP 400000
FINISHED WRITING RESTART COORDINATES
WRITING VELOCITIES TO RESTART FILE AT STEP 400000
FINISHED WRITING RESTART VELOCITIES
PRESSURE: 500000 -878.141 206.123 -285.294 206.121 -109.098 519.975 -285.291 519.971 -368.196
GPRESSURE: 500000 -668.235 741.6 -319.968 37.7742 -276.15 461.217 -107.315 89.6639 -293.473
PRESSAVG: 500000 -117.402 14.937 21.6651 14.937 194.647 138.911 21.6651 138.911 -82.6922
GPRESSAVG: 500000 -16.7365 73.1376 -18.9845 47.6279 176.171 123.823 -14.3794 30.499 19.6179
ENERGY:  500000         5.9931         2.0695         7.1211         0.0000         -10628.9932      1369.5798         0.0000         0.0000      1815.5333          -7428.6962       304.6917     -9244.2295     -7494.5554       300.8855           -451.8120      -412.6193     31372.0227        17.2086        81.2706
FEP:     500000        15.1838    -10629.1017      1370.3406

WRITING EXTENDED SYSTEM TO RESTART FILE AT STEP 500000
WRITING COORDINATES TO DCD FILE mobley_3976574_prod.dcd AT STEP 500000
WRITING COORDINATES TO RESTART FILE AT STEP 500000
FINISHED WRITING RESTART COORDINATES
WRITING VELOCITIES TO RESTART FILE AT STEP 500000
FINISHED WRITING RESTART VELOCITIES
PRESSURE: 600000 754.932 858.785 -476.991 858.785 -1016.64 19.8657 -476.998 19.8729 397.238
GPRESSURE: 600000 662.515 546.239 -444.249 1079.94 -981.217 441.434 -302.795 29.7481 723.147
PRESSAVG: 600000 -75.3311 60.0679 -5.58675 60.0679 163.104 153.866 -5.58675 153.866 -67.2129
GPRESSAVG: 600000 10.2716 94.848 -41.587 95.2198 149.376 164.525 -33.4987 56.4314 44.8751
ENERGY:  600000         4.9710         7.8802         7.1617         0.0000         -10831.3485      1457.6885         0.0000         0.0000      1826.2244          -7527.4228       306.4859     -9353.6472     -7499.2508       301.6856             45.1763       134.8150     30589.2483        21.2039        88.9198
FEP:     600000        20.0129    -10831.2232      1458.8266

WRITING EXTENDED SYSTEM TO RESTART FILE AT STEP 600000
WRITING COORDINATES TO DCD FILE mobley_3976574_prod.dcd AT STEP 600000
WRITING COORDINATES TO RESTART FILE AT STEP 600000
FINISHED WRITING RESTART COORDINATES
WRITING VELOCITIES TO RESTART FILE AT STEP 600000
FINISHED WRITING RESTART VELOCITIES
PRESSURE: 700000 -80.1239 -314.832 -18.5489 -314.832 302.587 61.5711 -18.5532 61.5731 493.81
GPRESSURE: 700000 81.139 -763.261 39.413 102.572 373.618 -283.871 66.2983 -33.0829 560.148
PRESSAVG: 700000 -57.615 30.1799 -10.5772 30.1799 182.397 147.031 -10.5772 147.031 -19.4275
GPRESSAVG: 700000 31.1797 55.0019 -41.0282 61.2845 175.294 133.358 -44.1434 44.723 91.1852
ENERGY:  700000         7.3757         4.6884         7.7772         0.0000         -10799.3020      1462.8149         0.0000         0.0000      1825.8403          -7490.8054       306.4214     -9316.6458     -7498.1951       302.2775            238.7575       338.3016     30860.3644        48.3981       120.0926
FEP:     700000        19.8413    -10799.1794      1463.3980

WRITING EXTENDED SYSTEM TO RESTART FILE AT STEP 700000
WRITING COORDINATES TO DCD FILE mobley_3976574_prod.dcd AT STEP 700000
WRITING COORDINATES TO RESTART FILE AT STEP 700000
FINISHED WRITING RESTART COORDINATES
WRITING VELOCITIES TO RESTART FILE AT STEP 700000
FINISHED WRITING RESTART VELOCITIES
PRESSURE: 800000 158.871 291.047 570.304 291.046 54.7763 415.998 570.307 415.996 -388.642
GPRESSURE: 800000 315.98 -26.2986 747.626 220.916 211.183 364.409 522.946 515.498 -423.558
PRESSAVG: 800000 8.79582 62.6678 24.4086 62.6678 215.829 144.78 24.4086 144.78 -13.6059
GPRESSAVG: 800000 101.169 64.48 -1.67395 94.1838 215.229 142.703 4.81506 59.5911 92.1148
ENERGY:  800000         3.3309         3.7956         4.6601         0.0000         -10669.7348      1432.2691         0.0000         0.0000      1779.6429          -7446.0363       298.6683     -9225.6791     -7492.3997       301.8765            -58.3317        34.5349     31303.2851        36.5393       110.5862
FEP:     800000        11.7865    -10669.2382      1432.6656

WRITING EXTENDED SYSTEM TO RESTART FILE AT STEP 800000
WRITING COORDINATES TO DCD FILE mobley_3976574_prod.dcd AT STEP 800000
WRITING COORDINATES TO RESTART FILE AT STEP 800000
FINISHED WRITING RESTART COORDINATES
WRITING VELOCITIES TO RESTART FILE AT STEP 800000
FINISHED WRITING RESTART VELOCITIES
PRESSURE: 900000 -212.123 -451.381 -57.241 -451.382 361.739 -642.885 -57.2397 -642.885 -317.369
GPRESSURE: 900000 -329.452 -288.296 -197.735 -424.322 489.966 -627.94 380.656 -544.172 -202.866
PRESSAVG: 900000 -4.38416 32.9945 2.63419 32.9945 210.792 111.885 2.63419 111.885 -6.30051
GPRESSAVG: 900000 79.766 26.9783 -21.6241 68.1554 211.294 107.832 -2.91734 39.2309 96.4454
ENERGY:  900000        10.3888         7.0820         7.1835         0.0000         -10741.1853      1420.7790         0.0000         0.0000      1829.9092          -7465.8430       307.1043     -9295.7521     -7489.7440       302.3993            -55.9175       -14.1174     30890.9548        27.2936        98.1158
FEP:     900000        24.6542    -10741.0677      1421.7724

WRITING EXTENDED SYSTEM TO RESTART FILE AT STEP 900000
WRITING COORDINATES TO DCD FILE mobley_3976574_prod.dcd AT STEP 900000
WRITING COORDINATES TO RESTART FILE AT STEP 900000
FINISHED WRITING RESTART COORDINATES
WRITING VELOCITIES TO RESTART FILE AT STEP 900000
FINISHED WRITING RESTART VELOCITIES
PRESSURE: 1000000 474.085 486.793 -430.938 486.792 -341.633 271.239 -430.938 271.24 583.192
GPRESSURE: 1000000 581.979 441.383 -533.481 567.484 -424.161 61.4751 -352.853 -31.5269 704.45
PRESSAVG: 1000000 19.4337 52.3952 -4.27046 52.3952 219.258 110.234 -4.27046 110.234 47.6758
GPRESSAVG: 1000000 110.59 46.9515 -32.3724 79.8396 216.008 100.248 -15.3119 26.8878 154.543
TIMING: 1000000  CPU: 3475.73, 0.000406212/step  Wall: 3583.48, 0.000422253/step, 409.234 ns/days, 0.0586462 hours remaining, 0.000000 MB of memory in use.
PERFORMANCE: 1000000  averaging 409.824 ns/day, 0.000421644 sec/step with standard deviation 2.6186e-06
ETITLE:      TS           BOND          ANGLE          DIHED          IMPRP               ELECT            VDW       BOUNDARY           MISC        KINETIC               TOTAL           TEMP      POTENTIAL       TOTALAVG        TEMPAVG            PRESSURE      GPRESSURE         VOLUME       PRESSAVG      GPRESSAVG
FEPTITLE:    TS          BOND2         ELECT2           VDW2

ENERGY: 1000000         3.3320         4.2564         4.6822         0.0000         -10742.8873      1441.4840         0.0000         0.0000      1833.0926          -7456.0400       307.6385     -9289.1327     -7486.6800       302.8756            238.5478       287.4226     30980.4555        46.4985       115.3255
FEP:    1000000        12.2706    -10742.5907      1442.1228

WRITING EXTENDED SYSTEM TO RESTART FILE AT STEP 1000000
WRITING COORDINATES TO DCD FILE mobley_3976574_prod.dcd AT STEP 1000000
WRITING COORDINATES TO RESTART FILE AT STEP 1000000
FINISHED WRITING RESTART COORDINATES
WRITING VELOCITIES TO RESTART FILE AT STEP 1000000
FINISHED WRITING RESTART VELOCITIES
PRESSURE: 1100000 -1096.48 396.197 -437.103 396.198 -542.545 474.873 -437.098 474.877 173.706
GPRESSURE: 1100000 -934.361 249.981 -275.559 408.186 -389.537 274.837 -751.076 -35.8025 75.5176
PRESSAVG: 1100000 -48.396 75.2431 -13.0151 75.2431 252.392 133.926 -13.0151 133.926 78.8278
GPRESSAVG: 1100000 44.7781 74.1196 -24.0984 81.4097 258.506 121.188 -53.4068 31.3634 168.281
ENERGY: 1100000        12.3251         3.8832         6.1795         0.0000         -10655.2239      1386.8808         0.0000         0.0000      1806.9713          -7438.9840       303.2547     -9245.9553     -7482.7053       302.9072           -488.4399      -416.1267     31145.6568         1.9203        71.0378
FEP:    1100000        22.3878    -10655.2444      1387.4054

WRITING EXTENDED SYSTEM TO RESTART FILE AT STEP 1100000
WRITING COORDINATES TO DCD FILE mobley_3976574_prod.dcd AT STEP 1100000
WRITING COORDINATES TO RESTART FILE AT STEP 1100000
FINISHED WRITING RESTART COORDINATES
WRITING VELOCITIES TO RESTART FILE AT STEP 1100000
FINISHED WRITING RESTART VELOCITIES
PRESSURE: 1200000 -604.556 329.156 282.621 329.152 -46.7167 -17.8583 282.624 -17.8599 62.6332
GPRESSURE: 1200000 -607.075 229.481 -108.001 65.0802 19.7371 -264.481 460.305 103.77 160.81
PRESSAVG: 1200000 -135.807 106.119 -7.29053 106.119 184.632 118.325 -7.29053 118.325 36.5573
GPRESSAVG: 1200000 -39.1507 101.888 -30.5457 105.873 183.854 80.3481 -23.1314 19.2005 126.281
ENERGY: 1200000         5.5970        10.7420         2.4069         0.0000         -10836.7523      1444.9859         0.0000         0.0000      1787.2254          -7585.7951       299.9409     -9373.0204     -7490.6353       302.6790           -196.2131      -142.1759     30653.3107       -13.3207        54.6368
FEP:    1200000        18.7460    -10836.4541      1446.0220

WRITING EXTENDED SYSTEM TO RESTART FILE AT STEP 1200000
WRITING COORDINATES TO DCD FILE mobley_3976574_prod.dcd AT STEP 1200000
WRITING COORDINATES TO RESTART FILE AT STEP 1200000
FINISHED WRITING RESTART COORDINATES
WRITING VELOCITIES TO RESTART FILE AT STEP 1200000
FINISHED WRITING RESTART VELOCITIES
PRESSURE: 1300000 -52.4819 -257.598 -59.9217 -257.597 -1131.49 -57.8533 -59.9283 -57.8477 -866.268
GPRESSURE: 1300000 -38.4892 -412.359 -25.2626 -183.789 -1112.68 -77.1063 -29.3572 -5.71157 -735.565
PRESSAVG: 1300000 -93.6851 76.5419 -17.7624 76.5419 156.556 93.6748 -17.7624 93.6748 13.3212
GPRESSAVG: 1300000 0.788933 72.0476 -46.1256 80.6205 146.462 54.5164 -34.8781 16.0378 109.637
ENERGY: 1300000         6.9096         3.6982         7.9280         0.0000         -10715.7363      1391.8872         0.0000         0.0000      1808.0753          -7497.2381       303.4400     -9305.3134     -7491.1070       302.7334           -683.4118      -628.9116     31363.5241       -61.1844         5.8119
FEP:    1300000        18.5357    -10715.5422      1392.6940

WRITING EXTENDED SYSTEM TO RESTART FILE AT STEP 1300000
WRITING COORDINATES TO DCD FILE mobley_3976574_prod.dcd AT STEP 1300000
WRITING COORDINATES TO RESTART FILE AT STEP 1300000
FINISHED WRITING RESTART COORDINATES
WRITING VELOCITIES TO RESTART FILE AT STEP 1300000
FINISHED WRITING RESTART VELOCITIES
PRESSURE: 1400000 544.148 -23.294 -196.063 -23.2973 297.153 -193.49 -196.064 -193.492 -39.1
GPRESSURE: 1400000 394.336 -294.853 163.311 129.857 370.849 -283.969 -426.862 -202.976 192.792
PRESSAVG: 1400000 -26.8433 49.5981 -1.45717 49.5981 143.319 97.2319 -1.45717 97.2319 3.60328
GPRESSAVG: 1400000 72.2017 33.5404 -11.3423 64.8716 127.923 64.8354 -29.7724 3.50454 103.87
ENERGY: 1400000         6.9663         6.9140         3.6485         0.0000         -10897.5173      1490.3831         0.0000         0.0000      1781.6030          -7608.0023       298.9973     -9389.6054     -7498.9000       302.4843            267.4003       319.3257     30521.9608       -39.2787        26.7128
FEP:    1400000        17.5288    -10897.2131      1491.3369

WRITING EXTENDED SYSTEM TO RESTART FILE AT STEP 1400000
WRITING COORDINATES TO DCD FILE mobley_3976574_prod.dcd AT STEP 1400000
WRITING COORDINATES TO RESTART FILE AT STEP 1400000
FINISHED WRITING RESTART COORDINATES
WRITING VELOCITIES TO RESTART FILE AT STEP 1400000
FINISHED WRITING RESTART VELOCITIES
PRESSURE: 1500000 794.593 -14.6506 367.887 -14.6525 18.0714 498.837 367.885 498.831 -102.217
GPRESSURE: 1500000 635.783 -78.3678 140.11 -273.728 -42.7833 146.147 513.751 484.111 118.715
PRESSAVG: 1500000 -20.1401 73.5655 3.61828 73.5655 83.5313 128.503 3.61828 128.503 -59.8574
GPRESSAVG: 1500000 68.3836 43.8686 -17.5899 66.0051 74.0423 96.7601 -20.87 27.5585 38.3386
ENERGY: 1500000         9.4960         2.2573         5.2620         0.0000         -10678.1723      1428.2573         0.0000         0.0000      1772.8823          -7460.0176       297.5337     -9232.8999     -7496.4698       302.1749            236.8156       237.2382     30846.5295       -22.0228        39.8706
FEP:    1500000        17.0152    -10677.8297      1429.0434

WRITING EXTENDED SYSTEM TO RESTART FILE AT STEP 1500000
WRITING COORDINATES TO DCD FILE mobley_3976574_prod.dcd AT STEP 1500000
WRITING COORDINATES TO RESTART FILE AT STEP 1500000
FINISHED WRITING RESTART COORDINATES
WRITING VELOCITIES TO RESTART FILE AT STEP 1500000
FINISHED WRITING RESTART VELOCITIES
TCL: Running FEP window   7: Lambda1 0.6999999999999997 Lambda2 0.6499999999999997 [dLambda -0.050000000000000044]
TCL: Setting parameter firsttimestep to 0
TCL: Setting parameter alchLambda to 0.6999999999999997
Info: NONBONDED TABLE R-SQUARED SPACING: 0.0625
Info: NONBONDED TABLE SIZE: 705 POINTS
Info: INCONSISTENCY IN FAST TABLE ENERGY VS FORCE: 0.000290481 AT 0.251946
Info: INCONSISTENCY IN SCOR TABLE ENERGY VS FORCE: 0.000238233 AT 8.9687
Info: ABSOLUTE IMPRECISION IN VDWA TABLE ENERGY: 1.21169e-27 AT 8.99653
Info: ABSOLUTE IMPRECISION IN VDWA TABLE FORCE: 2.57484e-27 AT 8.99653
Info: INCONSISTENCY IN VDWA TABLE ENERGY VS FORCE: 0.0040507 AT 0.251946
Info: INCONSISTENCY IN VDWB TABLE ENERGY VS FORCE: 0.00150189 AT 0.251946
TCL: Setting parameter alchLambda2 to 0.6499999999999997
Info: NONBONDED TABLE R-SQUARED SPACING: 0.0625
Info: NONBONDED TABLE SIZE: 705 POINTS
Info: INCONSISTENCY IN FAST TABLE ENERGY VS FORCE: 0.000290481 AT 0.251946
Info: INCONSISTENCY IN SCOR TABLE ENERGY VS FORCE: 0.000238233 AT 8.9687
Info: ABSOLUTE IMPRECISION IN VDWA TABLE ENERGY: 1.21169e-27 AT 8.99653
Info: ABSOLUTE IMPRECISION IN VDWA TABLE FORCE: 2.57484e-27 AT 8.99653
Info: INCONSISTENCY IN VDWA TABLE ENERGY VS FORCE: 0.0040507 AT 0.251946
Info: INCONSISTENCY IN VDWB TABLE ENERGY VS FORCE: 0.00150189 AT 0.251946
TCL: Running for 1500000 steps
FEP: RESETTING FOR NEW FEP WINDOW LAMBDA SET TO 0.7 LAMBDA2 0.65
FEP: WINDOW TO HAVE 100000 STEPS OF EQUILIBRATION PRIOR TO FEP DATA COLLECTION.
FEP: USING CONSTANT TEMPERATURE OF 300 K FOR FEP CALCULATION
PRESSURE: 0 681.401 26.2558 363.893 26.2532 -30.5506 454.416 363.891 454.416 -200.42
GPRESSURE: 0 630.618 -74.323 137.936 -271.162 -48.5332 148.148 511.699 485.8 110.824
ETITLE:      TS           BOND          ANGLE          DIHED          IMPRP               ELECT            VDW       BOUNDARY           MISC        KINETIC               TOTAL           TEMP      POTENTIAL       TOTALAVG        TEMPAVG            PRESSURE      GPRESSURE         VOLUME       PRESSAVG      GPRESSAVG
FEPTITLE:    TS          BOND2         ELECT2           VDW2

ENERGY:       0         9.4959         2.2573         5.2620         0.0000         -10677.8310      1429.0435         0.0000         0.0000      1771.9891          -7459.7831       297.3839     -9231.7723     -7459.7831       297.3839            150.1437       230.9696     30846.5295       150.1437       230.9696
FEP:          0        17.0152    -10677.4883      1430.0209

PRESSURE: 100000 -506.139 -86.0468 18.1579 -86.0485 -67.4404 -437.328 18.1568 -437.334 -170.102
GPRESSURE: 100000 -621.199 -201.848 -78.9052 -63.8868 175.011 -550.594 -149.774 -245.041 -193.093
PRESSAVG: 100000 2.57995 73.4555 19.2499 73.4555 44.9584 159.205 19.2499 159.205 -67.5717
GPRESSAVG: 100000 71.5486 25.4306 -19.3438 63.3387 71.1805 109.005 14.1097 65.3648 23.8283
ENERGY:  100000         7.5200         5.9995         3.8435         0.0000         -10651.1216      1385.9405         0.0000         0.0000      1771.8914          -7475.9266       297.3675     -9247.8180     -7467.8549       297.3757           -247.8937      -213.0933     31371.0322       -48.8750         8.9381
FEP:     100000        17.3630    -10650.8264      1386.4442

WRITING EXTENDED SYSTEM TO RESTART FILE AT STEP 100000
WRITING COORDINATES TO DCD FILE mobley_3976574_prod.dcd AT STEP 100000
WRITING COORDINATES TO RESTART FILE AT STEP 100000
FINISHED WRITING RESTART COORDINATES
WRITING VELOCITIES TO RESTART FILE AT STEP 100000
FINISHED WRITING RESTART VELOCITIES
PRESSURE: 200000 48.5948 112.301 -26.5379 112.301 813.339 -108.638 -26.5406 -108.64 225.313
GPRESSURE: 200000 137.632 -94.0026 -116.337 -4.10995 832.776 -112.703 2.69858 -129.869 302.448
PRESSAVG: 200000 50.1045 73.8201 17.3094 73.8201 108.053 110.97 17.3094 110.97 -40.1079
GPRESSAVG: 200000 116.477 8.38473 -29.1035 65.8723 141.497 65.9383 1.94037 32.5331 57.6813
ENERGY:  200000         4.9466         4.4137         6.1496         0.0000         -10926.1842      1498.1199         0.0000         0.0000      1771.9860          -7640.5685       297.3833     -9412.5545     -7525.4261       297.3782            362.4155       424.2852     30578.7773        88.2219       147.3871
FEP:     200000        15.5098    -10925.9618      1498.7205

WRITING EXTENDED SYSTEM TO RESTART FILE AT STEP 200000
WRITING COORDINATES TO DCD FILE mobley_3976574_prod.dcd AT STEP 200000
WRITING COORDINATES TO RESTART FILE AT STEP 200000
FINISHED WRITING RESTART COORDINATES
WRITING VELOCITIES TO RESTART FILE AT STEP 200000
FINISHED WRITING RESTART VELOCITIES
PRESSURE: 300000 1099.42 604.17 20.1216 604.17 167.26 -638.457 20.1271 -638.458 641.63
GPRESSURE: 300000 828.233 432.948 -55.0074 558.517 549.473 -325.251 -78.6643 -679.012 539.633
PRESSAVG: 300000 82.1739 93.9021 9.70866 93.9021 28.9831 63.6242 9.70866 63.6242 -28.8966
GPRESSAVG: 300000 119.332 12.7962 -32.4922 80.9623 83.5514 17.1732 -2.08101 9.80887 54.9968
ENERGY:  300000         4.4023         8.7000         6.6042         0.0000         -10817.0813      1511.7938         0.0000         0.0000      1816.5400          -7469.0411       304.8606     -9285.5811     -7511.3298       299.2488            636.1024       639.1132     30809.2853       225.1920       270.3187
FEP:     300000        19.7065    -10816.8436      1512.5664

WRITING EXTENDED SYSTEM TO RESTART FILE AT STEP 300000
WRITING COORDINATES TO DCD FILE mobley_3976574_prod.dcd AT STEP 300000
WRITING COORDINATES TO RESTART FILE AT STEP 300000
FINISHED WRITING RESTART COORDINATES
WRITING VELOCITIES TO RESTART FILE AT STEP 300000
FINISHED WRITING RESTART VELOCITIES
PRESSURE: 400000 -454.089 -85.5091 285.923 -85.5066 87.3331 596.747 285.921 596.75 -1201.48
GPRESSURE: 400000 -581.925 96.2864 437.684 -341.786 215.891 964.11 73.8665 21.5572 -1212.97
PRESSAVG: 400000 31.9631 79.9084 15.8429 79.9084 -54.2614 81.0093 15.8429 81.0093 -110.882
GPRESSAVG: 400000 52.1478 0.406778 -11.1159 51.0832 9.25309 33.0564 1.73258 22.2869 -34.5232
ENERGY:  400000         6.1332         5.0018         6.9337         0.0000         -10752.6219      1397.3249         0.0000         0.0000      1735.6826          -7601.5457       291.2907     -9337.2283     -7529.3730       297.6572           -522.7438      -526.3342     31044.7266        75.6048       110.9881
FEP:     400000        18.0687    -10752.4839      1397.8772

WRITING EXTENDED SYSTEM TO RESTART FILE AT STEP 400000
WRITING COORDINATES TO DCD FILE mobley_3976574_prod.dcd AT STEP 400000
WRITING COORDINATES TO RESTART FILE AT STEP 400000
FINISHED WRITING RESTART COORDINATES
WRITING VELOCITIES TO RESTART FILE AT STEP 400000
FINISHED WRITING RESTART VELOCITIES
PRESSURE: 500000 140.864 157.399 602.074 157.399 -55.8753 -276.717 602.071 -276.718 27.549
GPRESSURE: 500000 292.612 49.7711 445.174 -99.5629 -331.618 -266.468 779.951 -377.073 209.812
PRESSAVG: 500000 61.9279 98.7212 22.0683 98.7212 -21.5657 56.6806 22.0683 56.6806 -68.4742
GPRESSAVG: 500000 76.4535 21.7396 -9.97905 55.8362 22.9493 18.6697 22.9184 -5.704 21.7253
ENERGY:  500000         5.6684         3.9212         7.0720         0.0000         -10797.6499      1467.4259         0.0000         0.0000      1808.2835          -7505.2789       303.4750     -9313.5624     -7525.3573       298.6268             37.5127        56.9354     30952.9404        69.2561       101.9793
FEP:     500000        16.6616    -10797.0539      1468.4179

WRITING EXTENDED SYSTEM TO RESTART FILE AT STEP 500000
WRITING COORDINATES TO DCD FILE mobley_3976574_prod.dcd AT STEP 500000
WRITING COORDINATES TO RESTART FILE AT STEP 500000
FINISHED WRITING RESTART COORDINATES
WRITING VELOCITIES TO RESTART FILE AT STEP 500000
FINISHED WRITING RESTART VELOCITIES
PRESSURE: 600000 135.987 144.555 -396.699 144.556 190.1 87.8769 -396.708 87.8742 301.791
GPRESSURE: 600000 279.949 384.255 -371.627 -31.7463 305.704 -81.9023 -367.404 127.551 132.436
PRESSAVG: 600000 53.49 110.493 -6.4646 110.493 -37.6895 49.62 -6.4646 49.62 -33.7604
GPRESSAVG: 600000 67.9166 46.8805 -33.7316 59.0115 21.3249 7.68219 4.39221 -11.7057 42.4103
ENERGY:  600000         6.0612         3.9923         6.7172         0.0000         -10659.3551      1450.8286         0.0000         0.0000      1742.1840          -7449.5717       292.3818     -9191.7557     -7514.5308       297.7347            209.2928       239.3631     31483.6069        89.2614       121.6056
FEP:     600000        16.7708    -10659.1333      1451.8561

WRITING EXTENDED SYSTEM TO RESTART FILE AT STEP 600000
WRITING COORDINATES TO DCD FILE mobley_3976574_prod.dcd AT STEP 600000
WRITING COORDINATES TO RESTART FILE AT STEP 600000
FINISHED WRITING RESTART COORDINATES
WRITING VELOCITIES TO RESTART FILE AT STEP 600000
FINISHED WRITING RESTART VELOCITIES
PRESSURE: 700000 -485.697 -123.084 -327.974 -123.084 -177.517 92.8548 -327.977 92.8548 -31.0115
GPRESSURE: 700000 -396.036 -314.701 -364.454 1.88185 -119.472 -88.2311 -150.973 21.4852 -147.547
PRESSAVG: 700000 40.9359 131.92 -32.5247 131.92 -47.5855 53.5412 -32.5247 53.5412 -12.8796
GPRESSAVG: 700000 55.8256 57.8218 -62.9134 79.3309 11.5542 -6.04147 7.21056 -15.5734 58.7746
ENERGY:  700000         5.4637         6.1288        11.8825         0.0000         -10715.3057      1389.0349         0.0000         0.0000      1798.7656          -7504.0302       301.8776     -9302.7958     -7513.2182       298.2525           -231.4084      -221.0184     30651.4861        49.1777        78.7776
FEP:     700000        23.4750    -10714.8185      1389.5061

WRITING EXTENDED SYSTEM TO RESTART FILE AT STEP 700000
WRITING COORDINATES TO DCD FILE mobley_3976574_prod.dcd AT STEP 700000
WRITING COORDINATES TO RESTART FILE AT STEP 700000
FINISHED WRITING RESTART COORDINATES
WRITING VELOCITIES TO RESTART FILE AT STEP 700000
FINISHED WRITING RESTART VELOCITIES
PRESSURE: 800000 574.099 -49.4587 361.216 -49.4631 331.527 -109.708 361.212 -109.708 37.7171
GPRESSURE: 800000 358.587 -247.642 659.747 -136.924 528.695 70.3575 259.509 -159.53 316.606
PRESSAVG: 800000 51.8581 110.346 7.94297 110.346 -44.7809 50.5657 7.94297 50.5657 -37.0111
GPRESSAVG: 800000 51.1295 18.7996 -5.97921 67.0598 17.3375 -1.51906 42.7304 -28.2306 46.9135
ENERGY:  800000         6.0768         4.4949         4.8764         0.0000         -10892.7393      1499.1122         0.0000         0.0000      1787.3149          -7590.8641       299.9559     -9378.1791     -7521.8455       298.4418            314.4477       401.2959     30386.6963        78.6521       114.6129
FEP:     800000        15.4481    -10892.2600      1499.4305

WRITING EXTENDED SYSTEM TO RESTART FILE AT STEP 800000
WRITING COORDINATES TO DCD FILE mobley_3976574_prod.dcd AT STEP 800000
WRITING COORDINATES TO RESTART FILE AT STEP 800000
FINISHED WRITING RESTART COORDINATES
WRITING VELOCITIES TO RESTART FILE AT STEP 800000
FINISHED WRITING RESTART VELOCITIES
PRESSURE: 900000 -636.59 185.738 -178.707 185.738 369.226 -22.7339 -178.709 -22.7346 308.492
GPRESSURE: 900000 -494.729 278.723 -324.436 304.359 384.92 -106.36 -231.291 106.539 266.868
PRESSAVG: 900000 63.9357 109.326 13.2721 109.326 -20.8647 23.4304 13.2721 23.4304 -3.17674
GPRESSAVG: 900000 59.8048 -4.3442 -6.20261 80.389 50.391 -29.8979 36.5316 -27.3869 74.9306
ENERGY:  900000         3.9573         3.4009         3.0010         0.0000         -10817.8099      1473.8278         0.0000         0.0000      1736.1522          -7597.4706       291.3695     -9333.6228     -7529.4081       297.7346             13.7093        52.3530     31126.9672        72.1578       108.3869
FEP:     900000        10.3592    -10817.6852      1474.5147

WRITING EXTENDED SYSTEM TO RESTART FILE AT STEP 900000
WRITING COORDINATES TO DCD FILE mobley_3976574_prod.dcd AT STEP 900000
WRITING COORDINATES TO RESTART FILE AT STEP 900000
FINISHED WRITING RESTART COORDINATES
WRITING VELOCITIES TO RESTART FILE AT STEP 900000
FINISHED WRITING RESTART VELOCITIES
PRESSURE: 1000000 -224.509 -279.498 125.156 -279.499 138.396 94.5709 125.157 94.5693 317.543
GPRESSURE: 1000000 -389.26 71.2201 302.589 -316.1 348.669 496.213 4.74039 27.2246 319.245
PRESSAVG: 1000000 14.9636 52.4122 43.3798 52.4122 36.8871 27.1652 43.3798 27.1652 -7.16148
GPRESSAVG: 1000000 7.21608 -28.0951 31.1393 10.5869 116.885 -27.159 51.9083 -27.513 54.7355
TIMING: 1000000  CPU: 4084.92, 0.000406031/step  Wall: 4246.93, 0.000444081/step, 389.118 ns/days, 0.0616779 hours remaining, 0.000000 MB of memory in use.
PERFORMANCE: 1000000  averaging 406.732 ns/day, 0.000424849 sec/step with standard deviation 8.81073e-06
ETITLE:      TS           BOND          ANGLE          DIHED          IMPRP               ELECT            VDW       BOUNDARY           MISC        KINETIC               TOTAL           TEMP      POTENTIAL       TOTALAVG        TEMPAVG            PRESSURE      GPRESSURE         VOLUME       PRESSAVG      GPRESSAVG
FEPTITLE:    TS          BOND2         ELECT2           VDW2

ENERGY: 1000000         7.4497         8.3174         3.6487         0.0000         -10873.3016      1494.3772         0.0000         0.0000      1752.3617          -7607.1469       294.0899     -9359.5086     -7536.4752       297.4032             77.1433        92.8849     30631.0958        72.6110       106.9777
FEP:    1000000        19.4158    -10872.9543      1495.3277

WRITING EXTENDED SYSTEM TO RESTART FILE AT STEP 1000000
WRITING COORDINATES TO DCD FILE mobley_3976574_prod.dcd AT STEP 1000000
WRITING COORDINATES TO RESTART FILE AT STEP 1000000
FINISHED WRITING RESTART COORDINATES
WRITING VELOCITIES TO RESTART FILE AT STEP 1000000
FINISHED WRITING RESTART VELOCITIES
PRESSURE: 1100000 -423.79 304.163 158.833 304.166 -1428.76 -686.384 158.831 -686.38 -419.792
GPRESSURE: 1100000 -361.024 421.886 46.7912 51.978 -1550.99 -699.784 307.996 -538.299 -268.992
PRESSAVG: 1100000 -2.21965 83.3621 52.2491 83.3621 -49.68 -10.2325 52.2491 -10.2325 -52.8416
GPRESSAVG: 1100000 -14.8921 31.1622 31.5082 8.05719 20.6547 -47.9546 63.9932 -52.7738 13.2785
ENERGY: 1100000         4.7010         3.9098         4.1761         0.0000         -10617.5342      1370.7189         0.0000         0.0000      1764.6132          -7469.4152       296.1460     -9234.0284     -7530.8869       297.2985           -757.4462      -727.0029     31532.1230         3.4396        37.4793
FEP:    1100000        12.7869    -10617.3665      1371.3259

WRITING EXTENDED SYSTEM TO RESTART FILE AT STEP 1100000
WRITING COORDINATES TO DCD FILE mobley_3976574_prod.dcd AT STEP 1100000
WRITING COORDINATES TO RESTART FILE AT STEP 1100000
FINISHED WRITING RESTART COORDINATES
WRITING VELOCITIES TO RESTART FILE AT STEP 1100000
FINISHED WRITING RESTART VELOCITIES
PRESSURE: 1200000 -586.849 822.35 -25.2117 822.349 229.069 -162.698 -25.2082 -162.7 -483.31
GPRESSURE: 1200000 -558.37 1032.08 -113.656 711.119 343.822 -472.527 -43.8215 204.492 -468.604
PRESSAVG: 1200000 -39.5057 109.927 22.4733 109.927 -40.9654 -39.1673 22.4733 -39.1673 -57.575
GPRESSAVG: 1200000 -58.6096 84.081 -11.5559 32.5673 27.2867 -89.8015 35.6548 -68.3242 11.0262
ENERGY: 1200000        10.4748         3.6245         5.8212         0.0000         -10726.0182      1406.1647         0.0000         0.0000      1757.1659          -7542.7671       294.8961     -9299.9330     -7531.8008       297.1137           -280.3635      -227.7175     30511.7941       -18.3914        17.0795
FEP:    1200000        19.9205    -10725.4590      1406.5059

WRITING EXTENDED SYSTEM TO RESTART FILE AT STEP 1200000
WRITING COORDINATES TO DCD FILE mobley_3976574_prod.dcd AT STEP 1200000
WRITING COORDINATES TO RESTART FILE AT STEP 1200000
FINISHED WRITING RESTART COORDINATES
WRITING VELOCITIES TO RESTART FILE AT STEP 1200000
FINISHED WRITING RESTART VELOCITIES
PRESSURE: 1300000 211.16 -176.338 392.583 -176.337 -211.386 -35.4724 392.585 -35.4748 -205.577
GPRESSURE: 1300000 182.685 -711.247 319.268 188.671 -156.519 -11.5523 692.904 -167.736 -243.171
PRESSAVG: 1300000 -18.3415 123.679 44.9645 123.679 -69.6216 -8.79679 44.9645 -8.79679 -51.9854
GPRESSAVG: 1300000 -33.0027 62.9334 14.2942 63.217 -5.03756 -58.982 51.2672 -49.5024 9.01094
ENERGY: 1300000         9.9919         3.4587         5.4375         0.0000         -10823.2817      1445.4135         0.0000         0.0000      1746.9974          -7611.9828       293.1896     -9358.9802     -7537.5280       296.8334            -68.6009       -72.3349     30628.6955       -21.9778        10.6928
FEP:    1300000        18.8881    -10823.2785      1446.4434

WRITING EXTENDED SYSTEM TO RESTART FILE AT STEP 1300000
WRITING COORDINATES TO DCD FILE mobley_3976574_prod.dcd AT STEP 1300000
WRITING COORDINATES TO RESTART FILE AT STEP 1300000
FINISHED WRITING RESTART COORDINATES
WRITING VELOCITIES TO RESTART FILE AT STEP 1300000
FINISHED WRITING RESTART VELOCITIES
PRESSURE: 1400000 206.022 -69.9623 387.157 -69.9629 757.709 -146.886 387.155 -146.89 868
GPRESSURE: 1400000 358.161 40.0236 454.13 110.767 858.087 -19.4164 215.353 -0.676181 908.55
PRESSAVG: 1400000 -31.7447 95.8417 85.8692 95.8417 -14.6545 -29.7033 85.8692 -29.7033 -37.745
GPRESSAVG: 1400000 -44.1936 42.8654 63.6748 40.3811 59.0749 -63.0266 79.6775 -47.9598 19.2159
ENERGY: 1400000         9.2564         6.8166         5.4049         0.0000         -10919.5075      1541.2622         0.0000         0.0000      1752.0503          -7604.7171       294.0376     -9356.7674     -7542.0073       296.6470            610.5769       708.2661     30493.1295        20.1925        57.1977
FEP:    1400000        21.4779    -10919.3905      1541.9851

WRITING EXTENDED SYSTEM TO RESTART FILE AT STEP 1400000
WRITING COORDINATES TO DCD FILE mobley_3976574_prod.dcd AT STEP 1400000
WRITING COORDINATES TO RESTART FILE AT STEP 1400000
FINISHED WRITING RESTART COORDINATES
WRITING VELOCITIES TO RESTART FILE AT STEP 1400000
FINISHED WRITING RESTART VELOCITIES
PRESSURE: 1500000 -950.939 -236.656 -49.792 -236.656 -657.924 136.924 -49.7887 136.921 -946.621
GPRESSURE: 1500000 -754.064 125.937 -111.842 -528.396 -757.416 477.776 -39.3312 -87.8544 -798.587
PRESSAVG: 1500000 -24.4676 64.199 105.235 64.199 -20.4235 -46.6011 105.235 -46.6011 -93.7613
GPRESSAVG: 1500000 -35.1787 36.6632 71.8606 -6.44796 40.6809 -52.8797 115.265 -50.5624 -24.4893
ENERGY: 1500000         5.3093         7.6363         5.9443         0.0000         -10611.3329      1315.9050         0.0000         0.0000      1795.5029          -7481.0351       301.3300     -9276.5380     -7538.1966       296.9397           -851.8279      -770.0223     30631.8369       -34.3088         5.4964
FEP:    1500000        18.8899    -10610.9393      1316.0446

WRITING EXTENDED SYSTEM TO RESTART FILE AT STEP 1500000
WRITING COORDINATES TO DCD FILE mobley_3976574_prod.dcd AT STEP 1500000
WRITING COORDINATES TO RESTART FILE AT STEP 1500000
FINISHED WRITING RESTART COORDINATES
WRITING VELOCITIES TO RESTART FILE AT STEP 1500000
FINISHED WRITING RESTART VELOCITIES
TCL: Running FEP window   8: Lambda1 0.6499999999999997 Lambda2 0.5999999999999996 [dLambda -0.050000000000000044]
TCL: Setting parameter firsttimestep to 0
TCL: Setting parameter alchLambda to 0.6499999999999997
Info: NONBONDED TABLE R-SQUARED SPACING: 0.0625
Info: NONBONDED TABLE SIZE: 705 POINTS
Info: INCONSISTENCY IN FAST TABLE ENERGY VS FORCE: 0.000290481 AT 0.251946
Info: INCONSISTENCY IN SCOR TABLE ENERGY VS FORCE: 0.000238233 AT 8.9687
Info: ABSOLUTE IMPRECISION IN VDWA TABLE ENERGY: 1.21169e-27 AT 8.99653
Info: ABSOLUTE IMPRECISION IN VDWA TABLE FORCE: 2.57484e-27 AT 8.99653
Info: INCONSISTENCY IN VDWA TABLE ENERGY VS FORCE: 0.0040507 AT 0.251946
Info: INCONSISTENCY IN VDWB TABLE ENERGY VS FORCE: 0.00150189 AT 0.251946
TCL: Setting parameter alchLambda2 to 0.5999999999999996
Info: NONBONDED TABLE R-SQUARED SPACING: 0.0625
Info: NONBONDED TABLE SIZE: 705 POINTS
Info: INCONSISTENCY IN FAST TABLE ENERGY VS FORCE: 0.000290481 AT 0.251946
Info: INCONSISTENCY IN SCOR TABLE ENERGY VS FORCE: 0.000238233 AT 8.9687
Info: ABSOLUTE IMPRECISION IN VDWA TABLE ENERGY: 1.21169e-27 AT 8.99653
Info: ABSOLUTE IMPRECISION IN VDWA TABLE FORCE: 2.57484e-27 AT 8.99653
Info: INCONSISTENCY IN VDWA TABLE ENERGY VS FORCE: 0.0040507 AT 0.251946
Info: INCONSISTENCY IN VDWB TABLE ENERGY VS FORCE: 0.00150189 AT 0.251946
TCL: Running for 1500000 steps
FEP: RESETTING FOR NEW FEP WINDOW LAMBDA SET TO 0.65 LAMBDA2 0.6
FEP: WINDOW TO HAVE 100000 STEPS OF EQUILIBRATION PRIOR TO FEP DATA COLLECTION.
FEP: USING CONSTANT TEMPERATURE OF 300 K FOR FEP CALCULATION
PRESSURE: 0 -983.05 -202.355 -83.5934 -202.353 -729.522 162.479 -83.5891 162.481 -916.331
GPRESSURE: 0 -770.156 131.849 -117.035 -521.3 -782.954 480.201 -44.9445 -86.2756 -810.336
ETITLE:      TS           BOND          ANGLE          DIHED          IMPRP               ELECT            VDW       BOUNDARY           MISC        KINETIC               TOTAL           TEMP      POTENTIAL       TOTALAVG        TEMPAVG            PRESSURE      GPRESSURE         VOLUME       PRESSAVG      GPRESSAVG
FEPTITLE:    TS          BOND2         ELECT2           VDW2

ENERGY:       0         5.3093         7.6363         5.9443         0.0000         -10610.9406      1316.0446         0.0000         0.0000      1794.6097          -7481.3964       301.1801     -9276.0061     -7481.3964       301.1801           -876.3011      -787.8151     30631.8369      -876.3011      -787.8151
FEP:          0        18.8899    -10610.5468      1316.5973

PRESSURE: 100000 1670.17 235.325 -259.375 235.323 214.005 -82.6652 -259.374 -82.667 -873.192
GPRESSURE: 100000 1365.19 358.83 -254.472 177.504 149.88 -546.201 -538.146 388.565 -354.339
PRESSAVG: 100000 42.7405 62.2697 76.9517 62.2697 12.7107 -38.825 76.9517 -38.825 -143.056
GPRESSAVG: 100000 26.8514 70.3411 59.9484 -17.7023 63.6745 -39.1003 64.5628 -40.3509 -53.9853
ENERGY:  100000         4.4325         5.1609         4.6762         0.0000         -10719.5780      1457.3789         0.0000         0.0000      1812.8122          -7435.1173       304.2350     -9247.9295     -7458.2568       302.7076            336.9953       386.9120     31171.3861      -269.6529      -200.4516
FEP:     100000        14.2696    -10719.4374      1458.3956

WRITING EXTENDED SYSTEM TO RESTART FILE AT STEP 100000
WRITING COORDINATES TO DCD FILE mobley_3976574_prod.dcd AT STEP 100000
WRITING COORDINATES TO RESTART FILE AT STEP 100000
FINISHED WRITING RESTART COORDINATES
WRITING VELOCITIES TO RESTART FILE AT STEP 100000
FINISHED WRITING RESTART VELOCITIES
PRESSURE: 200000 544.275 -14.9885 -150.338 -14.9829 103.045 -74.11 -150.339 -74.1092 877.695
GPRESSURE: 200000 557.487 -130.618 -305.938 -128.399 137.213 140.528 -48.8166 -88.0471 883.395
PRESSAVG: 200000 42.7468 62.6854 79.2379 62.6854 3.00533 -32.8558 79.2379 -32.8558 -97.216
GPRESSAVG: 200000 35.009 78.5528 36.486 -30.6151 51.9927 -17.8754 83.4651 -34.6044 -19.4552
ENERGY:  200000        12.6588         4.5092         5.9429         0.0000         -10858.8411      1513.7424         0.0000         0.0000      1777.4964          -7544.4915       298.3081     -9321.9879     -7487.0017       301.2411            508.3381       526.0316     30612.3972       -10.3226        41.7095
FEP:     200000        23.1109    -10858.4440      1513.8564

WRITING EXTENDED SYSTEM TO RESTART FILE AT STEP 200000
WRITING COORDINATES TO DCD FILE mobley_3976574_prod.dcd AT STEP 200000
WRITING COORDINATES TO RESTART FILE AT STEP 200000
FINISHED WRITING RESTART COORDINATES
WRITING VELOCITIES TO RESTART FILE AT STEP 200000
FINISHED WRITING RESTART VELOCITIES
PRESSURE: 300000 179.744 5.08491 -56.0911 5.08638 -176.197 -611.63 -56.091 -611.634 -811.023
GPRESSURE: 300000 241.349 24.7746 -134.358 -86.5574 -238.269 -640.427 51.7867 -822.448 -729.965
PRESSAVG: 300000 12.0044 63.6724 58.0391 63.6724 -6.7081 -88.3791 58.0391 -88.3791 -132.656
GPRESSAVG: 300000 15.2873 83.7099 22.7626 -21.2566 42.2184 -57.2041 60.3669 -99.9324 -61.8892
ENERGY:  300000         6.9594         3.0702         6.4085         0.0000         -10651.0060      1387.0921         0.0000         0.0000      1831.9212          -7415.5547       307.4419     -9247.4759     -7469.1400       302.7913           -269.1588      -242.2952     31074.7180       -75.0316       -29.2917
FEP:     300000        16.4380    -10650.9464      1387.5118

WRITING EXTENDED SYSTEM TO RESTART FILE AT STEP 300000
WRITING COORDINATES TO DCD FILE mobley_3976574_prod.dcd AT STEP 300000
WRITING COORDINATES TO RESTART FILE AT STEP 300000
FINISHED WRITING RESTART COORDINATES
WRITING VELOCITIES TO RESTART FILE AT STEP 300000
FINISHED WRITING RESTART VELOCITIES
PRESSURE: 400000 802.485 -2.33047 -22.5275 -2.33097 322.053 65.0725 -22.5284 65.0736 27.9161
GPRESSURE: 400000 886.046 -35.3069 -52.775 -17.4136 533.283 9.82436 -324.21 183.041 31.8925
PRESSAVG: 400000 18.0585 62.2432 38.7181 62.2432 10.9221 -107.846 38.7181 -107.846 -121.239
GPRESSAVG: 400000 28.0587 85.6607 13.227 -8.56923 71.3092 -64.1203 18.5715 -115.07 -65.8358
ENERGY:  400000         5.5204         5.1518         5.4392         0.0000         -10874.7680      1470.4837         0.0000         0.0000      1823.5548          -7564.6181       306.0379     -9388.1729     -7488.2356       303.4406            384.1512       483.7405     30209.2866        16.8050        73.3148
FEP:     400000        16.1113    -10874.3266      1471.2402

WRITING EXTENDED SYSTEM TO RESTART FILE AT STEP 400000
WRITING COORDINATES TO DCD FILE mobley_3976574_prod.dcd AT STEP 400000
WRITING COORDINATES TO RESTART FILE AT STEP 400000
FINISHED WRITING RESTART COORDINATES
WRITING VELOCITIES TO RESTART FILE AT STEP 400000
FINISHED WRITING RESTART VELOCITIES
PRESSURE: 500000 -547.954 -14.8246 141.416 -14.8266 -722.739 -89.6623 141.42 -89.6655 -232.485
GPRESSURE: 500000 -323.754 -118.367 -62.8462 1.18303 -645.87 197.018 132.827 -126.45 -397.529
PRESSAVG: 500000 15.9677 65.8043 44.8813 65.8043 -21.8428 -90.4628 44.8813 -90.4628 -124.359
GPRESSAVG: 500000 42.931 89.8348 14.03 -5.31574 30.2651 -26.7397 32.7015 -109.141 -76.0576
ENERGY:  500000         8.9623         3.8359         4.9580         0.0000         -10713.4793      1394.3249         0.0000         0.0000      1810.2700          -7491.1281       303.8083     -9301.3981     -7488.7177       303.5019           -501.0595      -455.7176     31010.9765       -69.5058       -14.8573
FEP:     500000        17.7563    -10713.2475      1394.4483

WRITING EXTENDED SYSTEM TO RESTART FILE AT STEP 500000
WRITING COORDINATES TO DCD FILE mobley_3976574_prod.dcd AT STEP 500000
WRITING COORDINATES TO RESTART FILE AT STEP 500000
FINISHED WRITING RESTART COORDINATES
WRITING VELOCITIES TO RESTART FILE AT STEP 500000
FINISHED WRITING RESTART VELOCITIES
PRESSURE: 600000 -615.706 -261.125 293.183 -261.124 -627.068 476.658 293.184 476.657 -326.699
GPRESSURE: 600000 -563.563 -335.752 -127.979 -405.954 -545.002 739.064 473.33 437.494 -251.096
PRESSAVG: 600000 -17.2473 47.133 60.8675 47.133 -93.8632 -61.1979 60.8675 -61.1979 -151.959
GPRESSAVG: 600000 7.87122 77.7473 13.4479 -25.408 -38.6238 15.8486 56.2331 -80.7727 -103.735
ENERGY:  600000         7.4891         3.5033         6.5984         0.0000         -10696.4089      1382.1298         0.0000         0.0000      1751.6050          -7545.0833       293.9629     -9296.6883     -7496.7699       302.1392           -523.1576      -453.2203     30844.5729      -134.3132       -77.4806
FEP:     600000        17.5908    -10696.1982      1382.9930

WRITING EXTENDED SYSTEM TO RESTART FILE AT STEP 600000
WRITING COORDINATES TO DCD FILE mobley_3976574_prod.dcd AT STEP 600000
WRITING COORDINATES TO RESTART FILE AT STEP 600000
FINISHED WRITING RESTART COORDINATES
WRITING VELOCITIES TO RESTART FILE AT STEP 600000
FINISHED WRITING RESTART VELOCITIES
PRESSURE: 700000 -428.928 -237.044 -420.196 -237.043 -283.887 -159.334 -420.194 -159.334 351.256
GPRESSURE: 700000 -329.998 -390.867 -577.456 -50.3777 -250.553 -63.1393 -627.213 -194.204 241.586
PRESSAVG: 700000 -93.6646 5.07234 38.8515 5.07234 -116.421 -37.2417 38.8515 -37.2417 -166.478
GPRESSAVG: 700000 -50.0404 36.5566 -12.6746 -55.8527 -78.6251 28.9542 28.8056 -56.5322 -118.637
ENERGY:  700000         7.4451         8.7390         4.5159         0.0000         -10766.0096      1456.4737         0.0000         0.0000      1834.6697          -7454.1661       307.9032     -9288.8358     -7491.4445       302.8597           -120.5199      -112.9887     31388.4789      -132.5890       -81.9191
FEP:     700000        20.7000    -10766.0053      1457.3714

WRITING EXTENDED SYSTEM TO RESTART FILE AT STEP 700000
WRITING COORDINATES TO DCD FILE mobley_3976574_prod.dcd AT STEP 700000
WRITING COORDINATES TO RESTART FILE AT STEP 700000
FINISHED WRITING RESTART COORDINATES
WRITING VELOCITIES TO RESTART FILE AT STEP 700000
FINISHED WRITING RESTART VELOCITIES
PRESSURE: 800000 147.461 342.808 525.201 342.81 605.707 -399.974 525.203 -399.974 129.898
GPRESSURE: 800000 263.937 212.652 349.625 210.224 526.213 -97.5141 775.899 -816.343 253.614
PRESSAVG: 800000 -63.5871 26.4882 50.8155 26.4882 -90.5019 -87.078 50.8155 -87.078 -99.9092
GPRESSAVG: 800000 -7.74728 42.3749 -17.0776 -28.2522 -63.109 -24.127 63.9073 -98.4272 -45.3081
ENERGY:  800000         5.0582         4.0562         4.8673         0.0000         -10846.2659      1521.7412         0.0000         0.0000      1747.5398          -7563.0033       293.2806     -9310.5430     -7499.3954       301.7953            294.3552       347.9213     31324.9271       -85.1508       -34.1590
FEP:     800000        13.9816    -10845.6551      1521.8243

WRITING EXTENDED SYSTEM TO RESTART FILE AT STEP 800000
WRITING COORDINATES TO DCD FILE mobley_3976574_prod.dcd AT STEP 800000
WRITING COORDINATES TO RESTART FILE AT STEP 800000
FINISHED WRITING RESTART COORDINATES
WRITING VELOCITIES TO RESTART FILE AT STEP 800000
FINISHED WRITING RESTART VELOCITIES
PRESSURE: 900000 -48.6562 203.38 -251.448 203.382 608.609 -45.1849 -251.449 -45.1834 596.49
GPRESSURE: 900000 -12.8638 140.173 -92.9794 428.874 784.794 -38.481 -387.507 -2.97362 362.584
PRESSAVG: 900000 -73.0631 28.7873 8.13956 28.7873 -57.2776 -75.5012 8.13956 -75.5012 -71.4622
GPRESSAVG: 900000 -23.0211 46.895 -43.9852 -1.83031 -7.28835 -12.7277 5.53435 -79.7223 -37.6695
ENERGY:  900000         4.3790         4.3279         6.9951         0.0000         -10797.0843      1490.7863         0.0000         0.0000      1776.3041          -7514.2919       298.1080     -9290.5960     -7500.8851       301.4266            385.4809       378.1716     30843.8574       -38.0876         7.0740
FEP:     900000        15.7020    -10796.6799      1490.5201

WRITING EXTENDED SYSTEM TO RESTART FILE AT STEP 900000
WRITING COORDINATES TO DCD FILE mobley_3976574_prod.dcd AT STEP 900000
WRITING COORDINATES TO RESTART FILE AT STEP 900000
FINISHED WRITING RESTART COORDINATES
WRITING VELOCITIES TO RESTART FILE AT STEP 900000
FINISHED WRITING RESTART VELOCITIES
PRESSURE: 1000000 -2.52869 -646.648 466.011 -646.646 -181.957 -170.32 466.017 -170.325 138.819
GPRESSURE: 1000000 -49.0778 -471.346 359.429 -783.793 -82.1503 183.569 459.65 -626.766 260.085
PRESSAVG: 1000000 -79.9889 -10.7728 51.2758 -10.7728 -75.8805 -88.4112 51.2758 -88.4112 -79.6108
GPRESSAVG: 1000000 -39.4725 4.11498 -7.43238 -39.4326 -26.681 0.545884 46.887 -117.438 -31.2871
TIMING: 1000000  CPU: 4694.93, 0.000406734/step  Wall: 4915.47, 0.000446298/step, 387.185 ns/days, 0.0619859 hours remaining, 0.000000 MB of memory in use.
PERFORMANCE: 1000000  averaging 404.182 ns/day, 0.00042753 sec/step with standard deviation 1.11376e-05
ETITLE:      TS           BOND          ANGLE          DIHED          IMPRP               ELECT            VDW       BOUNDARY           MISC        KINETIC               TOTAL           TEMP      POTENTIAL       TOTALAVG        TEMPAVG            PRESSURE      GPRESSURE         VOLUME       PRESSAVG      GPRESSAVG
FEPTITLE:    TS          BOND2         ELECT2           VDW2

ENERGY: 1000000         7.5811         3.4180         5.8384         0.0000         -10723.4061      1458.5395         0.0000         0.0000      1740.9396          -7507.0897       292.1730     -9248.0292     -7501.4491       300.5854            -15.2221        42.9522     31296.4985       -36.0089        10.3357
FEP:    1000000        16.8374    -10723.0157      1459.8078

WRITING EXTENDED SYSTEM TO RESTART FILE AT STEP 1000000
WRITING COORDINATES TO DCD FILE mobley_3976574_prod.dcd AT STEP 1000000
WRITING COORDINATES TO RESTART FILE AT STEP 1000000
FINISHED WRITING RESTART COORDINATES
WRITING VELOCITIES TO RESTART FILE AT STEP 1000000
FINISHED WRITING RESTART VELOCITIES
PRESSURE: 1100000 747.807 -88.4658 7.95373 -88.4666 573.694 -151.509 7.95555 -151.514 620.752
GPRESSURE: 1100000 869.479 286.482 197.537 -294.225 471.969 16.6285 379.019 -78.8646 821.484
PRESSAVG: 1100000 -18.3137 -9.0419 68.0724 -9.0419 -38.3199 -100.63 68.0724 -100.63 -47.0226
GPRESSAVG: 1100000 23.8033 34.1741 20.6672 -54.238 2.89101 5.78887 73.3866 -122.456 17.1645
ENERGY: 1100000         6.0303         6.8259         5.7663         0.0000         -10820.4710      1528.6245         0.0000         0.0000      1791.2717          -7481.9522       300.6200     -9273.2239     -7499.8244       300.5883            647.4178       720.9775     31130.3833        20.9433        69.5558
FEP:    1100000        18.6226    -10820.0962      1528.6018

WRITING EXTENDED SYSTEM TO RESTART FILE AT STEP 1100000
WRITING COORDINATES TO DCD FILE mobley_3976574_prod.dcd AT STEP 1100000
WRITING COORDINATES TO RESTART FILE AT STEP 1100000
FINISHED WRITING RESTART COORDINATES
WRITING VELOCITIES TO RESTART FILE AT STEP 1100000
FINISHED WRITING RESTART VELOCITIES
PRESSURE: 1200000 -117.132 26.0319 559.092 26.0318 228.158 305.479 559.088 305.48 310.217
GPRESSURE: 1200000 -202.577 25.0035 825.977 -76.7754 487.482 49.9164 172.684 487.559 369.606
PRESSAVG: 1200000 -52.8752 -5.26716 77.9662 -5.26716 -43.4884 -79.8702 77.9662 -79.8702 -33.3976
GPRESSAVG: 1200000 -4.25486 47.8064 28.9787 -51.2306 0.830352 4.76681 69.0454 -90.1011 19.8145
ENERGY: 1200000         6.0968         2.7887         5.9294         0.0000         -10919.2696      1530.3347         0.0000         0.0000      1789.2092          -7584.9108       300.2738     -9374.1200     -7506.3695       300.5641            140.4143       218.1702     31433.0328        30.1334        80.9877
FEP:    1200000        14.8149    -10919.0469      1531.0373

WRITING EXTENDED SYSTEM TO RESTART FILE AT STEP 1200000
WRITING COORDINATES TO DCD FILE mobley_3976574_prod.dcd AT STEP 1200000
WRITING COORDINATES TO RESTART FILE AT STEP 1200000
FINISHED WRITING RESTART COORDINATES
WRITING VELOCITIES TO RESTART FILE AT STEP 1200000
FINISHED WRITING RESTART VELOCITIES
PRESSURE: 1300000 -955.688 205.776 -472.188 205.775 -566.829 -138.742 -472.189 -138.737 650.055
GPRESSURE: 1300000 -907.349 -184.8 -549.775 553.971 -422.938 -68.103 -166.469 -104.068 619.217
PRESSAVG: 1300000 -68.8302 -4.26527 63.2922 -4.26527 -90.2912 -85.6704 63.2922 -85.6704 -16.3194
GPRESSAVG: 1300000 -24.8859 24.6302 17.7117 -38.75 -39.5626 6.67968 72.2865 -100.631 37.4319
ENERGY: 1300000         5.5626         6.8071         5.7839         0.0000         -10704.0991      1406.6286         0.0000         0.0000      1808.8287          -7470.4882       303.5665     -9279.3169     -7503.8065       300.7785           -290.8208      -237.0236     31133.4811         7.2081        58.2726
FEP:    1300000        18.1536    -10703.8043      1407.9519

WRITING EXTENDED SYSTEM TO RESTART FILE AT STEP 1300000
WRITING COORDINATES TO DCD FILE mobley_3976574_prod.dcd AT STEP 1300000
WRITING COORDINATES TO RESTART FILE AT STEP 1300000
FINISHED WRITING RESTART COORDINATES
WRITING VELOCITIES TO RESTART FILE AT STEP 1300000
FINISHED WRITING RESTART VELOCITIES
PRESSURE: 1400000 603.32 575.013 133.936 575.011 298.696 779.359 133.938 779.354 222.982
GPRESSURE: 1400000 819.736 741.75 71.9905 345.893 217.845 1010.26 382.476 368.732 227.997
PRESSAVG: 1400000 -27.4387 38.4603 63.7313 38.4603 -82.2762 -51.4312 63.7313 -51.4312 -21.0475
GPRESSAVG: 1400000 35.5639 58.1567 6.18181 -5.65036 -46.1038 32.3819 91.1733 -83.5561 32.8695
ENERGY: 1400000         2.5515         3.1699         3.0655         0.0000         -10771.9538      1459.8917         0.0000         0.0000      1741.5844          -7561.6907       292.2812     -9303.2751     -7507.6655       300.2120            374.9994       421.8595     30434.8588        31.7275        82.5117
FEP:    1400000         8.7869    -10771.7365      1460.7333

WRITING EXTENDED SYSTEM TO RESTART FILE AT STEP 1400000
WRITING COORDINATES TO DCD FILE mobley_3976574_prod.dcd AT STEP 1400000
WRITING COORDINATES TO RESTART FILE AT STEP 1400000
FINISHED WRITING RESTART COORDINATES
WRITING VELOCITIES TO RESTART FILE AT STEP 1400000
FINISHED WRITING RESTART VELOCITIES
PRESSURE: 1500000 866.21 -109.513 431.591 -109.516 933.091 158.896 431.599 158.9 146.179
GPRESSURE: 1500000 862.528 -392.171 508.961 -325.411 1180 330.773 468.457 331.172 274.12
PRESSAVG: 1500000 37.0613 17.7762 77.3697 17.7762 35.8162 -9.16714 77.3697 -9.16714 7.25107
GPRESSAVG: 1500000 96.7415 17.4538 29.2903 -24.5198 90.4458 83.9097 99.1964 -40.0826 60.0251
ENERGY: 1500000         7.1465         7.3700         8.6959         0.0000         -10828.1839      1497.1754         0.0000         0.0000      1835.9134          -7471.8827       308.1119     -9307.7961     -7505.4291       300.7058            648.4935       772.2152     30403.7883        70.2754       125.6182
FEP:    1500000        23.2124    -10828.2233      1497.6167

WRITING EXTENDED SYSTEM TO RESTART FILE AT STEP 1500000
WRITING COORDINATES TO DCD FILE mobley_3976574_prod.dcd AT STEP 1500000
WRITING COORDINATES TO RESTART FILE AT STEP 1500000
FINISHED WRITING RESTART COORDINATES
WRITING VELOCITIES TO RESTART FILE AT STEP 1500000
FINISHED WRITING RESTART VELOCITIES
TCL: Running FEP window   9: Lambda1 0.5999999999999996 Lambda2 0.5499999999999996 [dLambda -0.050000000000000044]
TCL: Setting parameter firsttimestep to 0
TCL: Setting parameter alchLambda to 0.5999999999999996
Info: NONBONDED TABLE R-SQUARED SPACING: 0.0625
Info: NONBONDED TABLE SIZE: 705 POINTS
Info: INCONSISTENCY IN FAST TABLE ENERGY VS FORCE: 0.000290481 AT 0.251946
Info: INCONSISTENCY IN SCOR TABLE ENERGY VS FORCE: 0.000238233 AT 8.9687
Info: ABSOLUTE IMPRECISION IN VDWA TABLE ENERGY: 1.21169e-27 AT 8.99653
Info: ABSOLUTE IMPRECISION IN VDWA TABLE FORCE: 2.57484e-27 AT 8.99653
Info: INCONSISTENCY IN VDWA TABLE ENERGY VS FORCE: 0.0040507 AT 0.251946
Info: INCONSISTENCY IN VDWB TABLE ENERGY VS FORCE: 0.00150189 AT 0.251946
TCL: Setting parameter alchLambda2 to 0.5499999999999996
Info: NONBONDED TABLE R-SQUARED SPACING: 0.0625
Info: NONBONDED TABLE SIZE: 705 POINTS
Info: INCONSISTENCY IN FAST TABLE ENERGY VS FORCE: 0.000290481 AT 0.251946
Info: INCONSISTENCY IN SCOR TABLE ENERGY VS FORCE: 0.000238233 AT 8.9687
Info: ABSOLUTE IMPRECISION IN VDWA TABLE ENERGY: 1.21169e-27 AT 8.99653
Info: ABSOLUTE IMPRECISION IN VDWA TABLE FORCE: 2.57484e-27 AT 8.99653
Info: INCONSISTENCY IN VDWA TABLE ENERGY VS FORCE: 0.0040507 AT 0.251946
Info: INCONSISTENCY IN VDWB TABLE ENERGY VS FORCE: 0.00150189 AT 0.251946
TCL: Running for 1500000 steps
FEP: RESETTING FOR NEW FEP WINDOW LAMBDA SET TO 0.6 LAMBDA2 0.55
FEP: WINDOW TO HAVE 100000 STEPS OF EQUILIBRATION PRIOR TO FEP DATA COLLECTION.
FEP: USING CONSTANT TEMPERATURE OF 300 K FOR FEP CALCULATION
PRESSURE: 0 874.38 -115.625 436.933 -115.625 999.727 207.87 436.932 207.869 135.233
GPRESSURE: 0 854.796 -393.961 512.815 -327.274 1176.4 328.296 471.917 329.237 241.541
ETITLE:      TS           BOND          ANGLE          DIHED          IMPRP               ELECT            VDW       BOUNDARY           MISC        KINETIC               TOTAL           TEMP      POTENTIAL       TOTALAVG        TEMPAVG            PRESSURE      GPRESSURE         VOLUME       PRESSAVG      GPRESSAVG
FEPTITLE:    TS          BOND2         ELECT2           VDW2

ENERGY:       0         7.1464         7.3700         8.6959         0.0000         -10828.2243      1497.6169         0.0000         0.0000      1835.0553          -7472.3396       307.9679     -9307.3949     -7472.3396       307.9679            669.7803       757.5779     30403.7883       669.7803       757.5779
FEP:          0        23.2124    -10828.2636      1498.3894

PRESSURE: 100000 -591.987 -251.826 -104.234 -251.83 -1648.55 -398.578 -104.233 -398.582 -112.763
GPRESSURE: 100000 -543.565 -143.324 -56.2248 -281.982 -1462.86 -304.205 -42.498 -13.6799 -257.763
PRESSAVG: 100000 69.9654 -32.8971 75.6358 -32.8971 2.49112 -8.79402 75.6358 -8.79402 42.8189
GPRESSAVG: 100000 131.087 -25.4519 41.8392 -99.9721 66.7575 109.318 88.2132 -26.1425 94.8027
ENERGY:  100000         6.2312         6.5094         1.9631         0.0000         -10763.7972      1384.9345         0.0000         0.0000      1784.2231          -7579.9359       299.4370     -9364.1590     -7526.1378       303.7025           -784.4323      -754.7293     31013.3744       -57.3260         1.4243
FEP:     100000        14.7037    -10763.8494      1385.8398

WRITING EXTENDED SYSTEM TO RESTART FILE AT STEP 100000
WRITING COORDINATES TO DCD FILE mobley_3976574_prod.dcd AT STEP 100000
WRITING COORDINATES TO RESTART FILE AT STEP 100000
FINISHED WRITING RESTART COORDINATES
WRITING VELOCITIES TO RESTART FILE AT STEP 100000
FINISHED WRITING RESTART VELOCITIES
PRESSURE: 200000 458.605 -438.511 302.841 -438.513 -1054.74 -581.817 302.842 -581.814 325.129
GPRESSURE: 200000 427.958 -509.538 325.997 -559.64 -891.75 -624.969 137.049 -409.054 414.23
PRESSAVG: 200000 82.5946 -51.3246 71.4202 -51.3246 -88.1314 -30.5402 71.4202 -30.5402 15.6754
GPRESSAVG: 200000 134.577 -52.93 35.4325 -133.492 -20.7344 79.0406 84.298 -46.5614 70.0868
ENERGY:  200000         4.8474         4.0878         5.9397         0.0000         -10737.1511      1431.5857         0.0000         0.0000      1759.5408          -7531.1495       295.2947     -9290.6904     -7527.8083       300.8999            -90.3360       -16.5205     30880.2035       -68.3293        -4.5573
FEP:     200000        14.8750    -10736.8525      1432.1619

WRITING EXTENDED SYSTEM TO RESTART FILE AT STEP 200000
WRITING COORDINATES TO DCD FILE mobley_3976574_prod.dcd AT STEP 200000
WRITING COORDINATES TO RESTART FILE AT STEP 200000
FINISHED WRITING RESTART COORDINATES
WRITING VELOCITIES TO RESTART FILE AT STEP 200000
FINISHED WRITING RESTART VELOCITIES
PRESSURE: 300000 1107.49 -482.248 295.871 -482.25 95.7803 41.5955 295.872 41.5965 189.361
GPRESSURE: 300000 1179.61 -212.344 262.396 -537.511 199.627 -94.4275 177.042 3.42872 109.964
PRESSAVG: 300000 185.516 -63.6043 88.7032 -63.6043 -50.4462 -35.3065 88.7032 -35.3065 72.4745
GPRESSAVG: 300000 231.261 -69.844 54.1444 -133.948 27.1178 50.4305 95.1166 -41.9972 115.514
ENERGY:  300000         3.8906         4.5205         3.1095         0.0000         -10967.3624      1506.8628         0.0000         0.0000      1787.5297          -7661.4493       299.9920     -9448.9791     -7561.2186       300.6729            464.2118       496.3998     30335.2864        64.8059       120.6820
FEP:     300000        11.5206    -10967.1530      1507.4544

WRITING EXTENDED SYSTEM TO RESTART FILE AT STEP 300000
WRITING COORDINATES TO DCD FILE mobley_3976574_prod.dcd AT STEP 300000
WRITING COORDINATES TO RESTART FILE AT STEP 300000
FINISHED WRITING RESTART COORDINATES
WRITING VELOCITIES TO RESTART FILE AT STEP 300000
FINISHED WRITING RESTART VELOCITIES
PRESSURE: 400000 -849.832 -382.046 -381.396 -382.046 -665.943 234.203 -381.395 234.2 -304.724
GPRESSURE: 400000 -704.81 -408.52 -541.921 -540.563 -574.286 176.027 -269.745 121.91 -387.553
PRESSAVG: 400000 192.177 -72.589 73.813 -72.589 -47.2672 -31.7205 73.813 -31.7205 103.055
GPRESSAVG: 400000 234.528 -96.8625 32.9001 -134.911 37.5512 35.2218 83.8766 -31.588 136.653
ENERGY:  400000         8.3425         3.3864         4.5713         0.0000         -10888.2721      1417.7560         0.0000         0.0000      1806.9706          -7647.2453       303.2546     -9454.2159     -7578.4239       301.1892           -606.8331      -555.5499     30505.6732       -69.5219       -14.5644
FEP:     400000        16.3002    -10888.1950      1419.0641

WRITING EXTENDED SYSTEM TO RESTART FILE AT STEP 400000
WRITING COORDINATES TO DCD FILE mobley_3976574_prod.dcd AT STEP 400000
WRITING COORDINATES TO RESTART FILE AT STEP 400000
FINISHED WRITING RESTART COORDINATES
WRITING VELOCITIES TO RESTART FILE AT STEP 400000
FINISHED WRITING RESTART VELOCITIES
PRESSURE: 500000 -233.142 -70.208 14.0669 -70.2105 -477.543 143.576 14.0685 143.58 -1515.94
GPRESSURE: 500000 -264.615 -178.828 -29.9431 -38.278 -434.299 235.412 246.526 113.911 -1514.21
PRESSAVG: 500000 97.0113 -87.8656 87.4851 -87.8656 -81.8446 -20.4082 87.4851 -20.4082 70.9172
GPRESSAVG: 500000 153.038 -123.745 44.1266 -145.7 8.34219 74.3024 123.11 -45.3207 78.66
ENERGY:  500000        10.3268         6.1575         8.2370         0.0000         -10660.8133      1378.7107         0.0000         0.0000      1769.5034          -7487.8779       296.9667     -9257.3813     -7563.3329       300.4855           -742.2096      -737.7070     31104.1285      -181.6365      -135.0882
FEP:     500000        24.7213    -10660.2665      1378.7751

WRITING EXTENDED SYSTEM TO RESTART FILE AT STEP 500000
WRITING COORDINATES TO DCD FILE mobley_3976574_prod.dcd AT STEP 500000
WRITING COORDINATES TO RESTART FILE AT STEP 500000
FINISHED WRITING RESTART COORDINATES
WRITING VELOCITIES TO RESTART FILE AT STEP 500000
FINISHED WRITING RESTART VELOCITIES
PRESSURE: 600000 -928.836 -84.8458 320.468 -84.8479 -933.067 119.059 320.47 119.059 -1281.64
GPRESSURE: 600000 -1095.98 -295.15 468.429 -44.5173 -664.252 286 289.904 -137.751 -1353.23
PRESSAVG: 600000 23.3558 -91.3589 111.026 -91.3589 -133.65 -10.7498 111.026 -10.7498 -37.0495
GPRESSAVG: 600000 70.364 -131.972 82.8449 -141.506 -31.7311 81.576 140.046 -47.8059 -33.1711
ENERGY:  600000         7.1174         5.0422         7.2666         0.0000         -10703.0865      1345.2387         0.0000         0.0000      1837.3898          -7501.0318       308.3597     -9338.4216     -7554.4328       301.6104          -1047.8480     -1037.8216     31172.5027      -305.3810      -264.0501
FEP:     600000        19.4262    -10703.1078      1345.8653

WRITING EXTENDED SYSTEM TO RESTART FILE AT STEP 600000
WRITING COORDINATES TO DCD FILE mobley_3976574_prod.dcd AT STEP 600000
WRITING COORDINATES TO RESTART FILE AT STEP 600000
FINISHED WRITING RESTART COORDINATES
WRITING VELOCITIES TO RESTART FILE AT STEP 600000
FINISHED WRITING RESTART VELOCITIES
PRESSURE: 700000 -1189.89 245.051 -323.489 245.053 -1013.57 47.8301 -323.488 47.8278 -433.449
GPRESSURE: 700000 -1088.76 324.109 -255.16 79.1932 -783.258 -134.463 -171.478 -1.2679 -415.533
PRESSAVG: 700000 -45.1257 -79.3606 97.6557 -79.3606 -175.519 22.2233 97.6557 22.2233 -18.1708
GPRESSAVG: 700000 3.85883 -117.005 76.8048 -133.219 -58.9805 106.874 128.883 -6.74687 -17.4495
ENERGY:  700000         9.0420         4.3564         6.4091         0.0000         -10806.5964      1400.4203         0.0000         0.0000      1764.3579          -7622.0107       296.1032     -9386.3687     -7562.8800       300.9220           -878.9695      -762.5152     30771.6078      -377.0796      -326.3582
FEP:     700000        19.8075    -10806.6408      1401.0456

WRITING EXTENDED SYSTEM TO RESTART FILE AT STEP 700000
WRITING COORDINATES TO DCD FILE mobley_3976574_prod.dcd AT STEP 700000
WRITING COORDINATES TO RESTART FILE AT STEP 700000
FINISHED WRITING RESTART COORDINATES
WRITING VELOCITIES TO RESTART FILE AT STEP 700000
FINISHED WRITING RESTART VELOCITIES
PRESSURE: 800000 -373.473 -363.861 -222.981 -363.86 540.508 -345.055 -222.976 -345.058 -190.576
GPRESSURE: 800000 -245.209 -280.788 -77.8147 -392.979 452.816 -568.635 -301.482 -306.2 -227.036
PRESSAVG: 800000 -103.924 -97.437 87.6333 -97.437 -164.596 1.71673 87.6333 1.71673 -29.0954
GPRESSAVG: 800000 -52.7039 -129.279 75.5528 -151.997 -63.0039 77.9513 130.019 -31.2089 -30.3959
ENERGY:  800000        10.7137         5.9853         6.2401         0.0000         -10703.9813      1453.4120         0.0000         0.0000      1796.6586          -7430.9717       301.5240     -9227.6303     -7548.2235       300.9889             -7.8469        -6.4764     31322.8449      -336.0537      -290.8158
FEP:     800000        22.9390    -10703.4981      1453.0324

WRITING EXTENDED SYSTEM TO RESTART FILE AT STEP 800000
WRITING COORDINATES TO DCD FILE mobley_3976574_prod.dcd AT STEP 800000
WRITING COORDINATES TO RESTART FILE AT STEP 800000
FINISHED WRITING RESTART COORDINATES
WRITING VELOCITIES TO RESTART FILE AT STEP 800000
FINISHED WRITING RESTART VELOCITIES
PRESSURE: 900000 -1056.44 303.429 84.2717 303.428 -1505.98 -111.79 84.2679 -111.786 -1106.06
GPRESSURE: 900000 -1104.52 477.2 470.998 -86.5816 -1474.45 -203.594 -237.829 213.964 -1187.71
PRESSAVG: 900000 -129.348 -81.5243 84.7757 -81.5243 -203.758 0.610718 84.7757 0.610718 -72.7739
GPRESSAVG: 900000 -91.7424 -99.5009 102.245 -156.385 -104.433 57.9207 111.487 -14.1882 -69.905
ENERGY:  900000         9.3897         2.9634         8.3528         0.0000         -10604.6319      1328.6246         0.0000         0.0000      1709.8492          -7545.4522       286.9552     -9255.3014     -7547.9464       299.5855          -1222.8238     -1255.5617     31513.8099      -424.7307      -387.2904
FEP:     900000        20.7059    -10604.3533      1329.0779

WRITING EXTENDED SYSTEM TO RESTART FILE AT STEP 900000
WRITING COORDINATES TO DCD FILE mobley_3976574_prod.dcd AT STEP 900000
WRITING COORDINATES TO RESTART FILE AT STEP 900000
FINISHED WRITING RESTART COORDINATES
WRITING VELOCITIES TO RESTART FILE AT STEP 900000
FINISHED WRITING RESTART VELOCITIES
PRESSURE: 1000000 -1439.64 -37.705 87.658 -37.7067 -665.615 522.192 87.6603 522.194 -721.829
GPRESSURE: 1000000 -1345.55 -309.481 -31.8606 -35.3947 -628.035 712.262 82.993 387.29 -524.948
PRESSAVG: 1000000 -170.544 -70.3534 74.4995 -70.3534 -205.686 2.88756 74.4995 2.88756 -92.5305
GPRESSAVG: 1000000 -130.842 -98.1874 107.051 -137.857 -108.585 56.5806 91.9698 -16.6984 -83.5976
TIMING: 1000000  CPU: 5305.61, 0.000406821/step  Wall: 5586.44, 0.000447936/step, 385.77 ns/days, 0.0622133 hours remaining, 0.000000 MB of memory in use.
PERFORMANCE: 1000000  averaging 402.05 ns/day, 0.000429798 sec/step with standard deviation 1.24421e-05
ETITLE:      TS           BOND          ANGLE          DIHED          IMPRP               ELECT            VDW       BOUNDARY           MISC        KINETIC               TOTAL           TEMP      POTENTIAL       TOTALAVG        TEMPAVG            PRESSURE      GPRESSURE         VOLUME       PRESSAVG      GPRESSAVG
FEPTITLE:    TS          BOND2         ELECT2           VDW2

ENERGY: 1000000        10.0339         6.8236        10.0519         0.0000         -10698.8794      1334.0455         0.0000         0.0000      1816.6730          -7521.2514       304.8829     -9337.9244     -7545.5196       300.0671           -942.3610      -832.8431     31124.6225      -471.7880      -427.7952
FEP:    1000000        26.9094    -10698.6348      1334.0563

WRITING EXTENDED SYSTEM TO RESTART FILE AT STEP 1000000
WRITING COORDINATES TO DCD FILE mobley_3976574_prod.dcd AT STEP 1000000
WRITING COORDINATES TO RESTART FILE AT STEP 1000000
FINISHED WRITING RESTART COORDINATES
WRITING VELOCITIES TO RESTART FILE AT STEP 1000000
FINISHED WRITING RESTART VELOCITIES
PRESSURE: 1100000 -564.936 -278.869 -468.697 -278.869 -1658.6 -344.094 -468.694 -344.095 -279.507
GPRESSURE: 1100000 -609.916 -389.192 -514.35 -53.874 -1414 -204.729 -469.795 -217.48 -131.002
PRESSAVG: 1100000 -177.345 -72.4448 72.0745 -72.4448 -274.421 -6.35047 72.0745 -6.35047 -124.069
GPRESSAVG: 1100000 -144.838 -98.1037 110.206 -138.032 -166.757 49.5011 99.8407 -17.8623 -102.227
ENERGY: 1100000         8.2433         1.9526         7.1977         0.0000         -10623.7273      1366.7892         0.0000         0.0000      1835.2787          -7404.2659       308.0054     -9239.5446     -7533.7484       300.7286           -834.3481      -718.3073     31345.1971      -502.0014      -452.0045
FEP:    1100000        17.3935    -10623.5456      1367.2525

WRITING EXTENDED SYSTEM TO RESTART FILE AT STEP 1100000
WRITING COORDINATES TO DCD FILE mobley_3976574_prod.dcd AT STEP 1100000
WRITING COORDINATES TO RESTART FILE AT STEP 1100000
FINISHED WRITING RESTART COORDINATES
WRITING VELOCITIES TO RESTART FILE AT STEP 1100000
FINISHED WRITING RESTART VELOCITIES
PRESSURE: 1200000 -353.261 42.323 -12.7803 42.3222 -1008.34 497.202 -12.7778 497.205 -279.062
GPRESSURE: 1200000 -385.327 39.5151 17.371 168.593 -823.427 620.806 -17.1178 308.386 -110.373
PRESSAVG: 1200000 -202.381 -87.4692 45.1754 -87.4692 -355.124 38.5085 45.1754 38.5085 -144.517
GPRESSAVG: 1200000 -177.301 -106.761 93.5936 -140.114 -234.239 85.4171 60.1899 38.3742 -120.426
ENERGY: 1200000        10.3345         5.9198         4.0018         0.0000         -10724.3085      1425.1532         0.0000         0.0000      1759.7034          -7519.1958       295.3220     -9278.8991     -7532.6290       300.3127           -546.8891      -439.7087     31254.7446      -505.4543      -451.0587
FEP:    1200000        20.2561    -10724.2231      1425.7059

WRITING EXTENDED SYSTEM TO RESTART FILE AT STEP 1200000
WRITING COORDINATES TO DCD FILE mobley_3976574_prod.dcd AT STEP 1200000
WRITING COORDINATES TO RESTART FILE AT STEP 1200000
FINISHED WRITING RESTART COORDINATES
WRITING VELOCITIES TO RESTART FILE AT STEP 1200000
FINISHED WRITING RESTART VELOCITIES
PRESSURE: 1300000 -660.708 -205.071 78.2241 -205.07 -267.116 239.19 78.2239 239.192 -308.582
GPRESSURE: 1300000 -359.14 -145.401 308.111 -43.5232 -279.283 418.364 8.4868 125.234 -340.488
PRESSAVG: 1300000 -232.984 -107.892 61.6591 -107.892 -398.91 52.7273 61.6591 52.7273 -189.77
GPRESSAVG: 1300000 -194.615 -121.039 113.648 -163.734 -287.443 108.259 79.9895 44.7846 -155.58
ENERGY: 1300000         4.0082         3.1974         4.9310         0.0000         -10695.9595      1405.1975         0.0000         0.0000      1830.8469          -7447.7785       307.2616     -9278.6254     -7526.5683       300.8091           -412.1357      -326.3038     31580.8866      -498.7886      -442.1476
FEP:    1300000        12.1366    -10695.7116      1405.9109

WRITING EXTENDED SYSTEM TO RESTART FILE AT STEP 1300000
WRITING COORDINATES TO DCD FILE mobley_3976574_prod.dcd AT STEP 1300000
WRITING COORDINATES TO RESTART FILE AT STEP 1300000
FINISHED WRITING RESTART COORDINATES
WRITING VELOCITIES TO RESTART FILE AT STEP 1300000
FINISHED WRITING RESTART VELOCITIES
PRESSURE: 1400000 -485.809 -469.317 24.0369 -469.318 -104.182 401.249 24.0376 401.253 606.46
GPRESSURE: 1400000 -559.517 -333.58 -76.6595 -219.493 -39.2154 326.377 153.967 500.421 689.333
PRESSAVG: 1400000 -257.148 -99.0254 39.5601 -99.0254 -395.021 81.3062 39.5601 81.3062 -166.388
GPRESSAVG: 1400000 -220.136 -114.151 91.8437 -135.519 -285.296 115.4 64.7054 101.144 -134.118
ENERGY: 1400000         6.9721         3.6724         5.9089         0.0000         -10771.4016      1443.6746         0.0000         0.0000      1810.0829          -7501.0907       303.7769     -9311.1736     -7524.8698       301.0069              5.4897        30.2003     30774.8820      -465.1701      -410.6578
FEP:    1400000        16.5533    -10771.3829      1443.1485

WRITING EXTENDED SYSTEM TO RESTART FILE AT STEP 1400000
WRITING COORDINATES TO DCD FILE mobley_3976574_prod.dcd AT STEP 1400000
WRITING COORDINATES TO RESTART FILE AT STEP 1400000
FINISHED WRITING RESTART COORDINATES
WRITING VELOCITIES TO RESTART FILE AT STEP 1400000
FINISHED WRITING RESTART VELOCITIES
PRESSURE: 1500000 -1063.4 230.499 363.901 230.501 -280.679 -675.282 363.902 -675.28 -315.881
GPRESSURE: 1500000 -842.925 324.904 421.343 196.829 -426.568 -538.419 429.073 -709.164 -292.852
PRESSAVG: 1500000 -347.708 -83.077 57.3574 -83.077 -437.74 55.1179 57.3574 55.1179 -213.22
GPRESSAVG: 1500000 -305.757 -112.23 103.034 -110.966 -330.223 87.6473 67.2081 69.629 -189.834
ENERGY: 1500000        10.6824         6.6199         8.8576         0.0000         -10742.8983      1397.5716         0.0000         0.0000      1781.4827          -7537.6841       298.9771     -9319.1668     -7525.6706       300.8801           -553.3203      -520.7815     31268.9915      -470.6795      -417.5405
FEP:    1500000        26.1599    -10742.3116      1398.3390

WRITING EXTENDED SYSTEM TO RESTART FILE AT STEP 1500000
WRITING COORDINATES TO DCD FILE mobley_3976574_prod.dcd AT STEP 1500000
WRITING COORDINATES TO RESTART FILE AT STEP 1500000
FINISHED WRITING RESTART COORDINATES
WRITING VELOCITIES TO RESTART FILE AT STEP 1500000
FINISHED WRITING RESTART VELOCITIES
TCL: Running FEP window  10: Lambda1 0.5499999999999996 Lambda2 0.4999999999999996 [dLambda -0.04999999999999999]
TCL: Setting parameter firsttimestep to 0
TCL: Setting parameter alchLambda to 0.5499999999999996
Info: NONBONDED TABLE R-SQUARED SPACING: 0.0625
Info: NONBONDED TABLE SIZE: 705 POINTS
Info: INCONSISTENCY IN FAST TABLE ENERGY VS FORCE: 0.000290481 AT 0.251946
Info: INCONSISTENCY IN SCOR TABLE ENERGY VS FORCE: 0.000238233 AT 8.9687
Info: ABSOLUTE IMPRECISION IN VDWA TABLE ENERGY: 1.21169e-27 AT 8.99653
Info: ABSOLUTE IMPRECISION IN VDWA TABLE FORCE: 2.57484e-27 AT 8.99653
Info: INCONSISTENCY IN VDWA TABLE ENERGY VS FORCE: 0.0040507 AT 0.251946
Info: INCONSISTENCY IN VDWB TABLE ENERGY VS FORCE: 0.00150189 AT 0.251946
TCL: Setting parameter alchLambda2 to 0.4999999999999996
Info: NONBONDED TABLE R-SQUARED SPACING: 0.0625
Info: NONBONDED TABLE SIZE: 705 POINTS
Info: INCONSISTENCY IN FAST TABLE ENERGY VS FORCE: 0.000290481 AT 0.251946
Info: INCONSISTENCY IN SCOR TABLE ENERGY VS FORCE: 0.000238233 AT 8.9687
Info: ABSOLUTE IMPRECISION IN VDWA TABLE ENERGY: 1.21169e-27 AT 8.99653
Info: ABSOLUTE IMPRECISION IN VDWA TABLE FORCE: 2.57484e-27 AT 8.99653
Info: INCONSISTENCY IN VDWA TABLE ENERGY VS FORCE: 0.0040507 AT 0.251946
Info: INCONSISTENCY IN VDWB TABLE ENERGY VS FORCE: 0.00150189 AT 0.251946
TCL: Running for 1500000 steps
FEP: RESETTING FOR NEW FEP WINDOW LAMBDA SET TO 0.55 LAMBDA2 0.5
FEP: WINDOW TO HAVE 100000 STEPS OF EQUILIBRATION PRIOR TO FEP DATA COLLECTION.
FEP: USING CONSTANT TEMPERATURE OF 300 K FOR FEP CALCULATION
PRESSURE: 0 -1081.36 212.597 387.571 212.595 -383.076 -691.852 387.572 -691.856 -378.27
GPRESSURE: 0 -842.286 329.573 420.293 201.071 -435.61 -540.1 427.428 -710.753 -291.246
ETITLE:      TS           BOND          ANGLE          DIHED          IMPRP               ELECT            VDW       BOUNDARY           MISC        KINETIC               TOTAL           TEMP      POTENTIAL       TOTALAVG        TEMPAVG            PRESSURE      GPRESSURE         VOLUME       PRESSAVG      GPRESSAVG
FEPTITLE:    TS          BOND2         ELECT2           VDW2

ENERGY:       0        10.6824         6.6199         8.8576         0.0000         -10742.3121      1398.3391         0.0000         0.0000      1780.6280          -7537.1851       298.8337     -9317.8131     -7537.1851       298.8337           -614.2348      -523.0473     31268.9915      -614.2348      -523.0473
FEP:          0        26.1599    -10741.7253      1399.2568

PRESSURE: 100000 232.468 -171.051 -416.263 -171.052 5.71041 -17.3859 -416.265 -17.3847 -264.333
GPRESSURE: 100000 177.967 -144.605 -216.557 -454.656 43.2446 121.425 -713.472 291.261 64.1835
PRESSAVG: 100000 -336.511 -92.5902 51.5778 -92.5902 -439.675 11.3188 51.5778 11.3188 -293.364
GPRESSAVG: 100000 -283.476 -94.9917 99.4107 -147.505 -353.068 67.6229 52.5951 29.4798 -250.629
ENERGY:  100000         5.8413         4.2838         3.8649         0.0000         -10829.3742      1498.3833         0.0000         0.0000      1785.1780          -7531.8229       299.5973     -9317.0009     -7534.5040       299.2155             -8.7180        95.1317     30964.0112      -311.4764      -213.9578
FEP:     100000        13.9900    -10829.2287      1499.0083

WRITING EXTENDED SYSTEM TO RESTART FILE AT STEP 100000
WRITING COORDINATES TO DCD FILE mobley_3976574_prod.dcd AT STEP 100000
WRITING COORDINATES TO RESTART FILE AT STEP 100000
FINISHED WRITING RESTART COORDINATES
WRITING VELOCITIES TO RESTART FILE AT STEP 100000
FINISHED WRITING RESTART VELOCITIES
PRESSURE: 200000 502.251 -258.769 777.172 -258.766 1337.68 -99.9445 777.171 -99.9433 162.6
GPRESSURE: 200000 494.181 -332.64 649.065 -167.911 1428.48 -210.845 967.818 -47.8985 136.912
PRESSAVG: 200000 -341.565 -134.279 83.7395 -134.279 -387.726 -32.6461 83.7395 -32.6461 -296.383
GPRESSAVG: 200000 -299.754 -148.711 128.264 -173.195 -292.537 6.56786 81.8622 8.64831 -255.183
ENERGY:  200000         7.0285         3.7656         3.2577         0.0000         -10762.9802      1487.9082         0.0000         0.0000      1748.0950          -7512.9253       293.3738     -9261.0203     -7527.3111       297.2683            667.5098       686.5248     30540.7437        14.8524        86.2031
FEP:     200000        14.0518    -10763.3240      1488.2883

WRITING EXTENDED SYSTEM TO RESTART FILE AT STEP 200000
WRITING COORDINATES TO DCD FILE mobley_3976574_prod.dcd AT STEP 200000
WRITING COORDINATES TO RESTART FILE AT STEP 200000
FINISHED WRITING RESTART COORDINATES
WRITING VELOCITIES TO RESTART FILE AT STEP 200000
FINISHED WRITING RESTART VELOCITIES
PRESSURE: 300000 -1350.82 -278.364 -595.132 -278.365 -986.678 -243.219 -595.131 -243.217 -503.312
GPRESSURE: 300000 -1370.92 -81.1948 -565.287 -70.1587 -682.111 -144.263 -606.186 -211.908 -779.166
PRESSAVG: 300000 -452.417 -142.722 32.403 -142.722 -483.714 -52.7519 32.403 -52.7519 -328.857
GPRESSAVG: 300000 -411.426 -133.162 74.552 -160.432 -385.642 -17.1839 28.1301 -18.5057 -307.847
ENERGY:  300000        12.8199         3.6578         7.5832         0.0000         -10691.2863      1369.8448         0.0000         0.0000      1778.7822          -7518.5985       298.5239     -9297.3807     -7525.1329       297.5822           -946.9383      -944.0641     31420.6261      -225.5953      -171.3637
FEP:     300000        24.0609    -10691.1594      1370.4683

WRITING EXTENDED SYSTEM TO RESTART FILE AT STEP 300000
WRITING COORDINATES TO DCD FILE mobley_3976574_prod.dcd AT STEP 300000
WRITING COORDINATES TO RESTART FILE AT STEP 300000
FINISHED WRITING RESTART COORDINATES
WRITING VELOCITIES TO RESTART FILE AT STEP 300000
FINISHED WRITING RESTART VELOCITIES
PRESSURE: 400000 90.068 -440.618 116.355 -440.618 -266.396 222.43 116.354 222.427 -25.1297
GPRESSURE: 400000 160.201 -329.233 -61.9033 -311.017 -130.302 -72.3859 -78.5049 22.9359 -240.221
PRESSAVG: 400000 -491.632 -158.971 16.3741 -158.971 -547.02 -52.024 16.3741 -52.024 -336.875
GPRESSAVG: 400000 -446.156 -129.926 45.8161 -159.62 -450.977 -37.218 0.608987 -33.8208 -331.935
ENERGY:  400000         6.5235         5.5908         6.5975         0.0000         -10829.4313      1454.9446         0.0000         0.0000      1788.0282          -7567.7467       300.0756     -9355.7749     -7533.6557       298.0809            -67.1525       -70.1074     30885.4931      -193.9068      -151.1124
FEP:     400000        18.7118    -10829.2091      1455.5510

WRITING EXTENDED SYSTEM TO RESTART FILE AT STEP 400000
WRITING COORDINATES TO DCD FILE mobley_3976574_prod.dcd AT STEP 400000
WRITING COORDINATES TO RESTART FILE AT STEP 400000
FINISHED WRITING RESTART COORDINATES
WRITING VELOCITIES TO RESTART FILE AT STEP 400000
FINISHED WRITING RESTART VELOCITIES
PRESSURE: 500000 -469.323 180.45 118.796 180.449 3.99377 380.764 118.793 380.766 -757.352
GPRESSURE: 500000 -291.341 -58.2206 -101.017 336.01 43.3069 251.032 -2.37607 281.598 -822.889
PRESSAVG: 500000 -485.499 -137.357 27.5254 -137.357 -464.393 -13.0566 27.5254 -13.0566 -369.105
GPRESSAVG: 500000 -433.545 -125.671 43.5765 -128.72 -375.669 -9.45622 2.61509 -19.0569 -360.191
ENERGY:  500000         5.5480         4.6190         3.6821         0.0000         -10639.7924      1397.3422         0.0000         0.0000      1756.6107          -7471.9904       294.8030     -9228.6011     -7523.3781       297.5345           -407.5603      -356.9745     31290.8404      -229.5157      -185.4228
FEP:     500000        13.8491    -10639.5730      1397.8255

WRITING EXTENDED SYSTEM TO RESTART FILE AT STEP 500000
WRITING COORDINATES TO DCD FILE mobley_3976574_prod.dcd AT STEP 500000
WRITING COORDINATES TO RESTART FILE AT STEP 500000
FINISHED WRITING RESTART COORDINATES
WRITING VELOCITIES TO RESTART FILE AT STEP 500000
FINISHED WRITING RESTART VELOCITIES
PRESSURE: 600000 823.423 298.322 132.827 298.324 791.926 -197.291 132.825 -197.29 -198.19
GPRESSURE: 600000 769.957 410.78 254.477 367.305 797.897 -155.905 -53.9505 -205.129 -132.578
PRESSAVG: 600000 -467.258 -100.515 19.0246 -100.515 -372.06 6.16964 19.0246 6.16964 -395.271
GPRESSAVG: 600000 -416.445 -79.6549 40.0005 -82.3728 -291.186 13.997 -6.9349 -8.86067 -387.532
ENERGY:  600000         2.7109         5.3469         5.1253         0.0000         -10871.9761      1497.6248         0.0000         0.0000      1798.8997          -7562.2684       301.9001     -9361.1681     -7528.9339       298.1582            472.3867       478.4253     30542.0133      -129.2439       -90.5873
FEP:     600000        13.1832    -10871.9435      1498.1522

WRITING EXTENDED SYSTEM TO RESTART FILE AT STEP 600000
WRITING COORDINATES TO DCD FILE mobley_3976574_prod.dcd AT STEP 600000
WRITING COORDINATES TO RESTART FILE AT STEP 600000
FINISHED WRITING RESTART COORDINATES
WRITING VELOCITIES TO RESTART FILE AT STEP 600000
FINISHED WRITING RESTART VELOCITIES
PRESSURE: 700000 -202.483 -160.655 665.142 -160.657 222.985 -58.3627 665.142 -58.3583 524.754
GPRESSURE: 700000 -37.2325 -450.36 567.756 -368.225 150.895 180.29 462.199 -306.282 665.496
PRESSAVG: 700000 -532.757 -84.4357 37.488 -84.4357 -365.7 1.1719 37.488 1.1719 -378.501
GPRESSAVG: 700000 -477.287 -91.5557 55.2685 -73.9085 -293.623 27.7328 7.32297 -24.3462 -359.755
ENERGY:  700000         4.3016         4.5968         3.0468         0.0000         -10857.7892      1502.6151         0.0000         0.0000      1791.8926          -7551.3362       300.7242     -9343.2288     -7531.7342       298.4789            181.7520       259.7195     31041.4024       -90.3694       -46.7990
FEP:     700000        11.9453    -10857.8963      1503.7501

WRITING EXTENDED SYSTEM TO RESTART FILE AT STEP 700000
WRITING COORDINATES TO DCD FILE mobley_3976574_prod.dcd AT STEP 700000
WRITING COORDINATES TO RESTART FILE AT STEP 700000
FINISHED WRITING RESTART COORDINATES
WRITING VELOCITIES TO RESTART FILE AT STEP 700000
FINISHED WRITING RESTART VELOCITIES
PRESSURE: 800000 -129.443 93.8908 107.014 93.8897 -548.63 -77.1794 107.01 -77.1745 472.051
GPRESSURE: 800000 26.9862 174.808 47.851 -182.612 -551.914 -2.3246 -6.76941 279.697 372.64
PRESSAVG: 800000 -496.738 -60.6389 61.9083 -60.6389 -359.834 -14.3968 61.9083 -14.3968 -339.662
GPRESSAVG: 800000 -440.697 -62.3892 84.7571 -56.011 -292.504 18.8152 20.4718 -16.4568 -321.746
ENERGY:  800000         7.9463         6.6619         2.3056         0.0000         -10742.0595      1422.2851         0.0000         0.0000      1798.9985          -7503.8622       301.9167     -9302.8607     -7528.6373       298.8609            -68.6740       -50.7628     30529.2733       -87.9588       -47.2394
FEP:     800000        16.9138    -10741.7685      1421.5337

WRITING EXTENDED SYSTEM TO RESTART FILE AT STEP 800000
WRITING COORDINATES TO DCD FILE mobley_3976574_prod.dcd AT STEP 800000
WRITING COORDINATES TO RESTART FILE AT STEP 800000
FINISHED WRITING RESTART COORDINATES
WRITING VELOCITIES TO RESTART FILE AT STEP 800000
FINISHED WRITING RESTART VELOCITIES
PRESSURE: 900000 428.905 -312.671 25.9292 -312.668 -27.9203 218.466 25.9296 218.468 165.889
GPRESSURE: 900000 347.011 -235.203 -120.394 -473.221 58.6825 77.0543 47.1359 125.514 108.075
PRESSAVG: 900000 -463.635 -72.7618 62.5013 -72.7618 -337.353 -10.6524 62.5013 -10.6524 -255.571
GPRESSAVG: 900000 -410.116 -65.208 80.2345 -77.7581 -267.855 10.8973 10.5022 -15.8767 -240.632
ENERGY:  900000         6.0385         4.3178         7.2119         0.0000         -10847.2141      1478.8609         0.0000         0.0000      1758.3862          -7592.3988       295.1009     -9350.7850     -7535.0135       298.4849            188.9579       171.2559     30536.9549       -60.2672       -25.3899
FEP:     900000        17.5682    -10847.2893      1479.2315

WRITING EXTENDED SYSTEM TO RESTART FILE AT STEP 900000
WRITING COORDINATES TO DCD FILE mobley_3976574_prod.dcd AT STEP 900000
WRITING COORDINATES TO RESTART FILE AT STEP 900000
FINISHED WRITING RESTART COORDINATES
WRITING VELOCITIES TO RESTART FILE AT STEP 900000
FINISHED WRITING RESTART VELOCITIES
PRESSURE: 1000000 178.632 575.838 234.522 575.836 590.227 206.629 234.522 206.624 -30.7017
GPRESSURE: 1000000 182.539 630.607 348.045 332.622 650.783 140.198 -113.531 86.9808 160.511
PRESSAVG: 1000000 -408.262 -39.7277 58.2039 -39.7277 -261.188 -6.27418 58.2039 -6.27418 -193.024
GPRESSAVG: 1000000 -346.19 -18.9202 74.2153 -58.9012 -202.104 3.60725 -9.66949 -4.6401 -164.945
TIMING: 1000000  CPU: 5915.41, 0.000406028/step  Wall: 6267.08, 0.000452995/step, 381.461 ns/days, 0.062916 hours remaining, 0.000000 MB of memory in use.
PERFORMANCE: 1000000  averaging 399.891 ns/day, 0.000432117 sec/step with standard deviation 1.38354e-05
ETITLE:      TS           BOND          ANGLE          DIHED          IMPRP               ELECT            VDW       BOUNDARY           MISC        KINETIC               TOTAL           TEMP      POTENTIAL       TOTALAVG        TEMPAVG            PRESSURE      GPRESSURE         VOLUME       PRESSAVG      GPRESSAVG
FEPTITLE:    TS          BOND2         ELECT2           VDW2

ENERGY: 1000000         5.1884         3.2865         5.1229         0.0000         -10702.3656      1429.7742         0.0000         0.0000      1794.5185          -7464.4751       301.1649     -9258.9936     -7528.6009       298.7285            246.0525       331.2776     30782.3414       -32.4199         7.0344
FEP:    1000000        13.5978    -10702.2506      1430.2966

WRITING EXTENDED SYSTEM TO RESTART FILE AT STEP 1000000
WRITING COORDINATES TO DCD FILE mobley_3976574_prod.dcd AT STEP 1000000
WRITING COORDINATES TO RESTART FILE AT STEP 1000000
FINISHED WRITING RESTART COORDINATES
WRITING VELOCITIES TO RESTART FILE AT STEP 1000000
FINISHED WRITING RESTART VELOCITIES
PRESSURE: 1100000 299.684 88.384 147.861 88.3853 734.441 133.175 147.86 133.172 367.335
GPRESSURE: 1100000 292.651 -185.812 -54.9425 121.061 894.907 382.447 351.479 100.959 465.33
PRESSAVG: 1100000 -333.783 -47.561 81.7713 -47.561 -173.787 -2.007 81.7713 -2.007 -152.985
GPRESSAVG: 1100000 -277.119 -44.4162 84.2262 -56.8078 -118.195 29.4527 16.4783 0.471265 -120.901
ENERGY: 1100000         4.7519         4.0022         6.4855         0.0000         -10818.4894      1524.6198         0.0000         0.0000      1697.2480          -7581.3820       284.8404     -9278.6300     -7532.9993       297.5712            467.1534       550.9629     30882.7838         9.2112        52.3618
FEP:    1100000        15.2396    -10818.2954      1525.3925

WRITING EXTENDED SYSTEM TO RESTART FILE AT STEP 1100000
WRITING COORDINATES TO DCD FILE mobley_3976574_prod.dcd AT STEP 1100000
WRITING COORDINATES TO RESTART FILE AT STEP 1100000
FINISHED WRITING RESTART COORDINATES
WRITING VELOCITIES TO RESTART FILE AT STEP 1100000
FINISHED WRITING RESTART VELOCITIES
PRESSURE: 1200000 901.671 446.289 234.24 446.291 989.034 -83.4905 234.242 -83.4909 899.149
GPRESSURE: 1200000 1089.96 443.409 266.589 -42.9191 1099.94 -113.054 170.963 -203.921 880.609
PRESSAVG: 1200000 -270.026 -7.05347 104.632 -7.05347 -151.361 11.0714 104.632 11.0714 -98.4983
GPRESSAVG: 1200000 -210.361 -8.20635 101.446 -39.3048 -85.8393 52.2318 40.1006 5.58521 -65.5192
ENERGY: 1200000         8.2703         5.5301         7.5917         0.0000         -10915.0765      1585.8421         0.0000         0.0000      1810.0697          -7497.7726       303.7747     -9307.8423     -7530.2896       298.0484            929.9513      1023.5002     30628.3537        80.0373       127.0648
FEP:    1200000        21.3921    -10915.1163      1586.2781

WRITING EXTENDED SYSTEM TO RESTART FILE AT STEP 1200000
WRITING COORDINATES TO DCD FILE mobley_3976574_prod.dcd AT STEP 1200000
WRITING COORDINATES TO RESTART FILE AT STEP 1200000
FINISHED WRITING RESTART COORDINATES
WRITING VELOCITIES TO RESTART FILE AT STEP 1200000
FINISHED WRITING RESTART VELOCITIES
PRESSURE: 1300000 513.49 -52.5657 218.208 -52.5679 671.73 29.8446 218.204 29.8475 -306.121
GPRESSURE: 1300000 552.386 67.5724 498.017 90.3309 430.061 -30.835 -62.2689 333.258 -57.2324
PRESSAVG: 1300000 -191.53 -24.8533 111.329 -24.8533 -42.4758 18.153 111.329 18.153 -58.5015
GPRESSAVG: 1300000 -127.516 -28.6877 102.797 -30.4592 9.38624 60.8697 48.8786 11.5499 -8.99524
ENERGY: 1300000         7.4873         3.9842         6.7741         0.0000         -10869.6969      1524.6748         0.0000         0.0000      1753.4664          -7573.3101       294.2753     -9326.7765     -7533.3625       297.7789            293.0329       308.4048     30848.7022        95.2513       140.0176
FEP:    1300000        18.2456    -10869.6051      1524.9113

WRITING EXTENDED SYSTEM TO RESTART FILE AT STEP 1300000
WRITING COORDINATES TO DCD FILE mobley_3976574_prod.dcd AT STEP 1300000
WRITING COORDINATES TO RESTART FILE AT STEP 1300000
FINISHED WRITING RESTART COORDINATES
WRITING VELOCITIES TO RESTART FILE AT STEP 1300000
FINISHED WRITING RESTART VELOCITIES
PRESSURE: 1400000 -656.158 -57.953 -133.103 -57.9515 82.2101 -106.547 -133.095 -106.552 -357.67
GPRESSURE: 1400000 -570.992 120.266 -593.011 107.312 20.0595 -66.2568 146.825 6.37032 -218.354
PRESSAVG: 1400000 -152.356 -25.8655 100.291 -25.8655 -5.08451 -13.2843 100.291 -13.2843 -40.2936
GPRESSAVG: 1400000 -88.7879 -7.20037 74.7399 -23.3238 41.791 21.9438 52.0702 -7.49605 6.33443
ENERGY: 1400000         9.1348         5.0923         6.4240         0.0000         -10790.0090      1432.4720         0.0000         0.0000      1774.1408          -7562.7450       297.7450     -9336.8858     -7535.3213       297.7766           -310.5395      -256.4290     31104.7986        68.1986       113.5878
FEP:    1400000        20.6512    -10789.9262      1432.7590

WRITING EXTENDED SYSTEM TO RESTART FILE AT STEP 1400000
WRITING COORDINATES TO DCD FILE mobley_3976574_prod.dcd AT STEP 1400000
WRITING COORDINATES TO RESTART FILE AT STEP 1400000
FINISHED WRITING RESTART COORDINATES
WRITING VELOCITIES TO RESTART FILE AT STEP 1400000
FINISHED WRITING RESTART VELOCITIES
PRESSURE: 1500000 -53.3139 -550.75 -255.039 -550.748 393.99 436.083 -255.033 436.086 -105.349
GPRESSURE: 1500000 -17.2493 -675.418 -256.043 -676.433 437.723 -44.402 -692.672 691.552 -148.877
PRESSAVG: 1500000 -126.774 -39.4595 110.974 -39.4595 97.5451 25.7248 110.974 25.7248 -31.5857
GPRESSAVG: 1500000 -59.1545 -21.5117 87.6553 -54.4518 134.377 29.9601 40.9263 37.9555 5.44066
ENERGY: 1500000         6.0786         3.2819         6.8038         0.0000         -10709.9172      1437.8063         0.0000         0.0000      1820.9991          -7434.9475       305.6090     -9255.9466     -7529.0479       298.2661             78.4424        90.5320     31077.8975        68.8388       112.1469
FEP:    1500000        16.1643    -10709.6078      1438.5009

WRITING EXTENDED SYSTEM TO RESTART FILE AT STEP 1500000
WRITING COORDINATES TO DCD FILE mobley_3976574_prod.dcd AT STEP 1500000
WRITING COORDINATES TO RESTART FILE AT STEP 1500000
FINISHED WRITING RESTART COORDINATES
WRITING VELOCITIES TO RESTART FILE AT STEP 1500000
FINISHED WRITING RESTART VELOCITIES
TCL: Running FEP window  11: Lambda1 0.4999999999999996 Lambda2 0.4499999999999996 [dLambda -0.04999999999999999]
TCL: Setting parameter firsttimestep to 0
TCL: Setting parameter alchLambda to 0.4999999999999996
Info: NONBONDED TABLE R-SQUARED SPACING: 0.0625
Info: NONBONDED TABLE SIZE: 705 POINTS
Info: INCONSISTENCY IN FAST TABLE ENERGY VS FORCE: 0.000290481 AT 0.251946
Info: INCONSISTENCY IN SCOR TABLE ENERGY VS FORCE: 0.000238233 AT 8.9687
Info: ABSOLUTE IMPRECISION IN VDWA TABLE ENERGY: 1.21169e-27 AT 8.99653
Info: ABSOLUTE IMPRECISION IN VDWA TABLE FORCE: 2.57484e-27 AT 8.99653
Info: INCONSISTENCY IN VDWA TABLE ENERGY VS FORCE: 0.0040507 AT 0.251946
Info: INCONSISTENCY IN VDWB TABLE ENERGY VS FORCE: 0.00150189 AT 0.251946
TCL: Setting parameter alchLambda2 to 0.4499999999999996
Info: NONBONDED TABLE R-SQUARED SPACING: 0.0625
Info: NONBONDED TABLE SIZE: 705 POINTS
Info: INCONSISTENCY IN FAST TABLE ENERGY VS FORCE: 0.000290481 AT 0.251946
Info: INCONSISTENCY IN SCOR TABLE ENERGY VS FORCE: 0.000238233 AT 8.9687
Info: ABSOLUTE IMPRECISION IN VDWA TABLE ENERGY: 1.21169e-27 AT 8.99653
Info: ABSOLUTE IMPRECISION IN VDWA TABLE FORCE: 2.57484e-27 AT 8.99653
Info: INCONSISTENCY IN VDWA TABLE ENERGY VS FORCE: 0.0040507 AT 0.251946
Info: INCONSISTENCY IN VDWB TABLE ENERGY VS FORCE: 0.00150189 AT 0.251946
TCL: Running for 1500000 steps
FEP: RESETTING FOR NEW FEP WINDOW LAMBDA SET TO 0.5 LAMBDA2 0.45
FEP: WINDOW TO HAVE 100000 STEPS OF EQUILIBRATION PRIOR TO FEP DATA COLLECTION.
FEP: USING CONSTANT TEMPERATURE OF 300 K FOR FEP CALCULATION
PRESSURE: 0 -149.771 -501.323 -256.943 -501.324 313.921 459.692 -256.943 459.691 -172.134
GPRESSURE: 0 -20.9679 -669.78 -252.393 -669.504 424.032 -45.3244 -687.496 690.306 -150.717
ETITLE:      TS           BOND          ANGLE          DIHED          IMPRP               ELECT            VDW       BOUNDARY           MISC        KINETIC               TOTAL           TEMP      POTENTIAL       TOTALAVG        TEMPAVG            PRESSURE      GPRESSURE         VOLUME       PRESSAVG      GPRESSAVG
FEPTITLE:    TS          BOND2         ELECT2           VDW2

ENERGY:       0         6.0786         3.2819         6.8038         0.0000         -10709.6089      1438.5006         0.0000         0.0000      1820.0997          -7434.8442       305.4580     -9254.9439     -7434.8442       305.4580             -2.6612        84.1156     31077.8975        -2.6612        84.1156
FEP:          0        16.1643    -10709.6089      1439.4522

PRESSURE: 100000 429.319 172.228 117.78 172.23 892.339 211.599 117.781 211.599 792.489
GPRESSURE: 100000 364.476 57.5935 423.874 148.721 981.71 12.0519 -105.462 349.305 899.938
PRESSAVG: 100000 -62.0986 -47.7768 100.744 -47.7768 221.631 22.4694 100.744 22.4694 28.8142
GPRESSAVG: 100000 -4.75579 -46.8267 79.9552 -86.7444 259.8 -23.662 1.70998 68.2551 65.4447
ENERGY:  100000         5.4976         5.1992         5.6313         0.0000         -10836.1277      1535.5031         0.0000         0.0000      1800.5666          -7483.7298       302.1799     -9284.2964     -7459.2870       303.8189            704.7156       748.7080     30637.8235       351.0272       416.4118
FEP:     100000        16.3281    -10836.1277      1535.7848

WRITING EXTENDED SYSTEM TO RESTART FILE AT STEP 100000
WRITING COORDINATES TO DCD FILE mobley_3976574_prod.dcd AT STEP 100000
WRITING COORDINATES TO RESTART FILE AT STEP 100000
FINISHED WRITING RESTART COORDINATES
WRITING VELOCITIES TO RESTART FILE AT STEP 100000
FINISHED WRITING RESTART VELOCITIES
PRESSURE: 200000 45.9151 277.513 -421.695 277.513 -459.323 105.35 -421.696 105.347 -1152.94
GPRESSURE: 200000 -85.8408 8.39391 -713.233 471.253 -394.97 187.012 -628.088 127.73 -976.353
PRESSAVG: 200000 -35.5124 -10.4352 78.4573 -10.4352 203.874 7.67416 78.4573 7.67416 -59.1559
GPRESSAVG: 200000 18.928 -29.728 48.1265 -52.2071 242.012 -30.6302 -37.3928 49.6205 -17.8396
ENERGY:  200000         7.1198         4.8948         6.3701         0.0000         -10703.5639      1384.3203         0.0000         0.0000      1772.6871          -7528.1718       297.5010     -9300.8590     -7482.2486       301.7130           -522.1163      -485.7213     30729.5835        59.9794       115.7008
FEP:     200000        18.3847    -10703.5639      1384.7721

WRITING EXTENDED SYSTEM TO RESTART FILE AT STEP 200000
WRITING COORDINATES TO DCD FILE mobley_3976574_prod.dcd AT STEP 200000
WRITING COORDINATES TO RESTART FILE AT STEP 200000
FINISHED WRITING RESTART COORDINATES
WRITING VELOCITIES TO RESTART FILE AT STEP 200000
FINISHED WRITING RESTART VELOCITIES
PRESSURE: 300000 326.433 241.386 513.018 241.384 771.31 24.7496 513.018 24.749 628.588
GPRESSURE: 300000 378.519 653.446 133.341 298.368 606.096 157.241 790.937 -146.955 772.186
PRESSAVG: 300000 33.9793 -9.89108 85.9131 -9.89108 256.474 42.6756 85.9131 42.6756 -11.9324
GPRESSAVG: 300000 80.0002 -13.3009 33.7264 -47.1301 293.645 4.1528 -19.2996 77.7309 35.4123
ENERGY:  300000         6.6623         4.1869         7.8222         0.0000         -10831.8535      1510.2064         0.0000         0.0000      1839.4888          -7463.4868       308.7120     -9302.9757     -7477.5582       303.4627            575.4437       585.6005     30786.7914       188.8455       233.1757
FEP:     300000        18.6715    -10831.8535      1510.4019

WRITING EXTENDED SYSTEM TO RESTART FILE AT STEP 300000
WRITING COORDINATES TO DCD FILE mobley_3976574_prod.dcd AT STEP 300000
WRITING COORDINATES TO RESTART FILE AT STEP 300000
FINISHED WRITING RESTART COORDINATES
WRITING VELOCITIES TO RESTART FILE AT STEP 300000
FINISHED WRITING RESTART VELOCITIES
PRESSURE: 400000 -1482.47 -598.217 -478.621 -598.215 -270.845 -85.3488 -478.622 -85.347 -225.604
GPRESSURE: 400000 -1261.76 -551.619 -642.455 -502.26 -263.742 -91.7194 -505.825 -24.0606 -291.705
PRESSAVG: 400000 13.9236 -50.4316 42.6034 -50.4316 262.085 73.001 42.6034 73.001 -4.29916
GPRESSAVG: 400000 59.0264 -57.3605 -19.411 -82.2967 302.239 26.5718 -65.9622 112.066 35.3894
ENERGY:  400000         5.8823         8.0192         3.9785         0.0000         -10871.2170      1438.0510         0.0000         0.0000      1750.7472          -7664.5388       293.8189     -9415.2860     -7514.9543       301.5340           -659.6406      -605.7361     30911.4283        19.1482        65.3933
FEP:     400000        17.8800    -10871.2170      1439.2561

WRITING EXTENDED SYSTEM TO RESTART FILE AT STEP 400000
WRITING COORDINATES TO DCD FILE mobley_3976574_prod.dcd AT STEP 400000
WRITING COORDINATES TO RESTART FILE AT STEP 400000
FINISHED WRITING RESTART COORDINATES
WRITING VELOCITIES TO RESTART FILE AT STEP 400000
FINISHED WRITING RESTART VELOCITIES
PRESSURE: 500000 9.91593 -56.086 -125.518 -56.0873 434.751 -290.768 -125.521 -290.77 665.578
GPRESSURE: 500000 -17.6414 -475.192 182.081 2.34156 576.489 -729.294 -8.13664 -276.047 716.953
PRESSAVG: 500000 2.79599 -44.6834 57.1406 -44.6834 283.537 59.3317 57.1406 59.3317 42.1964
GPRESSAVG: 500000 49.246 -73.8898 0.520918 -59.4468 328.901 -15.9642 -30.6954 83.7001 68.0279
ENERGY:  500000         6.4609         5.1040         6.6005         0.0000         -10870.9396      1507.3157         0.0000         0.0000      1715.4707          -7629.9879       287.8987     -9345.4586     -7534.1266       299.2614            370.0818       425.2671     31119.7763        77.6372       125.3723
FEP:     500000        18.1654    -10870.9396      1507.8561

WRITING EXTENDED SYSTEM TO RESTART FILE AT STEP 500000
WRITING COORDINATES TO DCD FILE mobley_3976574_prod.dcd AT STEP 500000
WRITING COORDINATES TO RESTART FILE AT STEP 500000
FINISHED WRITING RESTART COORDINATES
WRITING VELOCITIES TO RESTART FILE AT STEP 500000
FINISHED WRITING RESTART VELOCITIES
PRESSURE: 600000 542.141 -189.696 -128.037 -189.695 -781.252 -85.2787 -128.042 -85.2787 -901.542
GPRESSURE: 600000 444.714 66.5802 -140.153 -575.609 -596.556 -49.4994 -313.498 -147.631 -834.671
PRESSAVG: 600000 4.79047 -41.2298 11.88 -41.2298 177.591 60.065 11.88 60.065 -11.0107
GPRESSAVG: 600000 46.7727 -53.9287 -38.94 -79.8317 227.649 -7.89689 -94.7613 78.7135 19.4487
ENERGY:  600000         6.2707         2.5677         4.3830         0.0000         -10664.7915      1394.0932         0.0000         0.0000      1803.9939          -7453.4831       302.7550     -9257.4769     -7522.6061       299.7605           -380.2176      -328.8375     30988.1301        12.2293        60.4852
FEP:     600000        13.2214    -10664.7915      1395.2828

WRITING EXTENDED SYSTEM TO RESTART FILE AT STEP 600000
WRITING COORDINATES TO DCD FILE mobley_3976574_prod.dcd AT STEP 600000
WRITING COORDINATES TO RESTART FILE AT STEP 600000
FINISHED WRITING RESTART COORDINATES
WRITING VELOCITIES TO RESTART FILE AT STEP 600000
FINISHED WRITING RESTART VELOCITIES
PRESSURE: 700000 91.2904 -606.932 264.774 -606.931 192.125 -345.042 264.774 -345.045 879.085
GPRESSURE: 700000 241.327 -507.759 61.4308 -605.228 314.94 -93.366 515.486 -574.485 954.932
PRESSAVG: 700000 76.8962 -57.6581 54.8752 -57.6581 236.531 54.9736 54.8752 54.9736 58.1091
GPRESSAVG: 700000 127.385 -75.2569 -7.60407 -106.585 277.502 -5.35205 -38.6777 60.5847 106.154
ENERGY:  700000         6.2788         3.9357         5.0514         0.0000         -10915.1567      1519.8609         0.0000         0.0000      1758.7787          -7621.2511       295.1668     -9380.0299     -7534.9367       299.1863            387.4998       503.7331     30407.3020        59.1382       115.8912
FEP:     700000        15.2659    -10915.1567      1520.2530

WRITING EXTENDED SYSTEM TO RESTART FILE AT STEP 700000
WRITING COORDINATES TO DCD FILE mobley_3976574_prod.dcd AT STEP 700000
WRITING COORDINATES TO RESTART FILE AT STEP 700000
FINISHED WRITING RESTART COORDINATES
WRITING VELOCITIES TO RESTART FILE AT STEP 700000
FINISHED WRITING RESTART VELOCITIES
PRESSURE: 800000 115.901 419.638 -134.437 419.638 112.897 62.198 -134.44 62.2027 661.723
GPRESSURE: 800000 -4.29667 409.273 133.41 270.538 158.579 -201.204 -85.8309 -249.093 905.129
PRESSAVG: 800000 78.1878 -14.6453 42.3355 -14.6453 255.496 46.9623 42.3355 46.9623 92.4518
GPRESSAVG: 800000 119.16 -38.3317 2.16161 -77.5074 291.946 -11.793 -39.044 46.9833 163.421
ENERGY:  800000         6.1966         2.6734         5.2064         0.0000         -10836.8154      1503.9636         0.0000         0.0000      1804.4953          -7514.2802       302.8392     -9318.7755     -7532.6415       299.5922            296.8405       353.1370     31186.1315        85.5495       142.2518
FEP:     800000        14.0764    -10836.8154      1504.4735

WRITING EXTENDED SYSTEM TO RESTART FILE AT STEP 800000
WRITING COORDINATES TO DCD FILE mobley_3976574_prod.dcd AT STEP 800000
WRITING COORDINATES TO RESTART FILE AT STEP 800000
FINISHED WRITING RESTART COORDINATES
WRITING VELOCITIES TO RESTART FILE AT STEP 800000
FINISHED WRITING RESTART VELOCITIES
PRESSURE: 900000 703.773 -134.057 -257.641 -134.057 293.291 221.397 -257.65 221.397 1228.89
GPRESSURE: 900000 726.044 -43.9756 -585.987 -229.78 376.2 398.631 -146.698 180.347 1226.4
PRESSAVG: 900000 136.843 -30.3706 23.5133 -30.3706 269.96 38.9939 23.5133 38.9939 191.764
GPRESSAVG: 900000 170.029 -37.6194 -22.0869 -105.797 308.59 -4.41299 -46.2601 41.9207 265.886
ENERGY:  900000        10.4952         5.3678         4.1560         0.0000         -10864.8385      1523.0152         0.0000         0.0000      1870.5772          -7451.2270       313.9294     -9321.8042     -7524.5001       301.0259            741.9858       776.2156     30446.0703       151.1932       205.6482
FEP:     900000        20.0190    -10864.8385      1524.3324

WRITING EXTENDED SYSTEM TO RESTART FILE AT STEP 900000
WRITING COORDINATES TO DCD FILE mobley_3976574_prod.dcd AT STEP 900000
WRITING COORDINATES TO RESTART FILE AT STEP 900000
FINISHED WRITING RESTART COORDINATES
WRITING VELOCITIES TO RESTART FILE AT STEP 900000
FINISHED WRITING RESTART VELOCITIES
PRESSURE: 1000000 -246.788 -1024.08 -81.7812 -1024.08 1022.7 415.528 -81.7857 415.53 -52.2958
GPRESSURE: 1000000 29.5507 -799.303 -207.403 -1243.71 1085.27 -20.3373 -121.068 783.125 -258.679
PRESSAVG: 1000000 83.3321 -96.4908 12.7828 -96.4908 281.499 69.6349 12.7828 69.6349 199.059
GPRESSAVG: 1000000 133.009 -98.1236 -45.1809 -186.348 322.959 2.3654 -49.616 91.3334 259.581
TIMING: 1000000  CPU: 6524.92, 0.000406599/step  Wall: 6963.98, 0.000467149/step, 369.903 ns/days, 0.0648819 hours remaining, 0.000000 MB of memory in use.
PERFORMANCE: 1000000  averaging 396.966 ns/day, 0.000435302 sec/step with standard deviation 1.68476e-05
ETITLE:      TS           BOND          ANGLE          DIHED          IMPRP               ELECT            VDW       BOUNDARY           MISC        KINETIC               TOTAL           TEMP      POTENTIAL       TOTALAVG        TEMPAVG            PRESSURE      GPRESSURE         VOLUME       PRESSAVG      GPRESSAVG
FEPTITLE:    TS          BOND2         ELECT2           VDW2

ENERGY: 1000000         7.5218         5.8512         5.3995         0.0000         -10833.4323      1476.3778         0.0000         0.0000      1736.6433          -7601.6387       291.4519     -9338.2820     -7531.5127       300.1555            241.2050       285.3791     30459.4485       159.3761       212.8965
FEP:    1000000        18.7725    -10833.4323      1477.3791

WRITING EXTENDED SYSTEM TO RESTART FILE AT STEP 1000000
WRITING COORDINATES TO DCD FILE mobley_3976574_prod.dcd AT STEP 1000000
WRITING COORDINATES TO RESTART FILE AT STEP 1000000
FINISHED WRITING RESTART COORDINATES
WRITING VELOCITIES TO RESTART FILE AT STEP 1000000
FINISHED WRITING RESTART VELOCITIES
PRESSURE: 1100000 -198.212 -301.229 609.274 -301.231 -186.278 -116.627 609.277 -116.626 272.292
GPRESSURE: 1100000 -70.5832 -619.361 432.616 -82.3485 -196.971 154.397 774.442 147.37 375.264
PRESSAVG: 1100000 83.5457 -103.52 9.98952 -103.52 261.036 66.7215 9.98952 66.7215 186.436
GPRESSAVG: 1100000 131.341 -106.574 -51.9378 -172.054 305.566 1.07078 -34.0038 114.016 245.069
ENERGY: 1100000         6.4127         2.6594         6.5598         0.0000         -10757.1815      1455.5093         0.0000         0.0000      1783.6609          -7502.3794       299.3427     -9286.0403     -7529.0849       300.0878            -37.3992        35.9031     31033.9603       142.9781       198.1470
FEP:    1100000        15.6319    -10757.1815      1455.7770

WRITING EXTENDED SYSTEM TO RESTART FILE AT STEP 1100000
WRITING COORDINATES TO DCD FILE mobley_3976574_prod.dcd AT STEP 1100000
WRITING COORDINATES TO RESTART FILE AT STEP 1100000
FINISHED WRITING RESTART COORDINATES
WRITING VELOCITIES TO RESTART FILE AT STEP 1100000
FINISHED WRITING RESTART VELOCITIES
PRESSURE: 1200000 -612.871 328.54 -63.2878 328.536 -351.568 -449.115 -63.2881 -449.114 -689.518
GPRESSURE: 1200000 -431.425 543.578 -150.915 64.4554 -538.724 -409.805 204.885 -415.696 -742.637
PRESSAVG: 1200000 59.3743 -91.7872 1.47461 -91.7872 270.889 48.1245 1.47461 48.1245 128.357
GPRESSAVG: 1200000 108.421 -88.1352 -61.8761 -159.7 306.225 -19.3033 -23.4211 79.2464 189.305
ENERGY: 1200000         5.5620         3.6583         6.4827         0.0000         -10654.9529      1355.4455         0.0000         0.0000      1760.9385          -7522.8660       295.5293     -9283.8045     -7528.6065       299.7371           -551.3188      -570.9285     30317.3465        89.5707       138.9874
FEP:    1200000        15.7030    -10654.9529      1356.1548

WRITING EXTENDED SYSTEM TO RESTART FILE AT STEP 1200000
WRITING COORDINATES TO DCD FILE mobley_3976574_prod.dcd AT STEP 1200000
WRITING COORDINATES TO RESTART FILE AT STEP 1200000
FINISHED WRITING RESTART COORDINATES
WRITING VELOCITIES TO RESTART FILE AT STEP 1200000
FINISHED WRITING RESTART VELOCITIES
PRESSURE: 1300000 -1143.65 -324.059 -7.575 -324.061 -34.2519 -245.989 -7.57559 -245.981 -606.286
GPRESSURE: 1300000 -923.189 -276.253 -119.311 -59.9814 -113.772 -118.058 9.56106 -482.497 -551.94
PRESSAVG: 1300000 -19.2537 -92.3568 -0.200648 -92.3568 270.572 24.9021 -0.200648 24.9021 89.7484
GPRESSAVG: 1300000 44.9108 -90.1876 -61.822 -139.038 297.602 -29.0589 -25.2998 48.8458 156.304
ENERGY: 1300000         8.9816         3.8169         8.7761         0.0000         -10764.1441      1378.8643         0.0000         0.0000      1778.3879          -7585.3172       298.4577     -9363.7052     -7532.6573       299.6458           -594.7309      -529.6337     30362.6950        40.6920        91.2287
FEP:    1300000        21.5745    -10764.1441      1379.4676

WRITING EXTENDED SYSTEM TO RESTART FILE AT STEP 1300000
WRITING COORDINATES TO DCD FILE mobley_3976574_prod.dcd AT STEP 1300000
WRITING COORDINATES TO RESTART FILE AT STEP 1300000
FINISHED WRITING RESTART COORDINATES
WRITING VELOCITIES TO RESTART FILE AT STEP 1300000
FINISHED WRITING RESTART VELOCITIES
PRESSURE: 1400000 178.913 -564.707 -786.824 -564.71 418.177 -125.338 -786.82 -125.335 41.5246
GPRESSURE: 1400000 142.538 -463.224 -566.842 -877.471 425.968 -1.70187 -786.664 -26.4998 50.0942
PRESSAVG: 1400000 -19.2397 -149.384 -51.2677 -149.384 261.97 8.30412 -51.2677 8.30412 93.3598
GPRESSAVG: 1400000 42.9107 -144.879 -107.566 -199.543 286.362 -36.1539 -58.9565 43.1718 150.784
ENERGY: 1400000         6.8328         8.8693         4.1244         0.0000         -10714.1987      1459.8155         0.0000         0.0000      1780.7260          -7453.8307       298.8501     -9234.5566     -7527.4022       299.5927            212.8716       206.1998     30967.4800        52.1706        98.8935
FEP:    1400000        19.8265    -10714.1987      1460.0756

WRITING EXTENDED SYSTEM TO RESTART FILE AT STEP 1400000
WRITING COORDINATES TO DCD FILE mobley_3976574_prod.dcd AT STEP 1400000
WRITING COORDINATES TO RESTART FILE AT STEP 1400000
FINISHED WRITING RESTART COORDINATES
WRITING VELOCITIES TO RESTART FILE AT STEP 1400000
FINISHED WRITING RESTART VELOCITIES
PRESSURE: 1500000 -1099.27 20.4492 -554.002 20.4516 -37.149 -444.823 -553.997 -444.824 -469.62
GPRESSURE: 1500000 -1090.45 198.321 -316.153 316.131 123.3 -738.344 -352.697 -206.019 -344.606
PRESSAVG: 1500000 -89.1873 -152.781 -86.3606 -152.781 223.39 -20.5956 -86.3606 -20.5956 51.512
GPRESSAVG: 1500000 -26.2444 -125.673 -120.627 -189.79 247.781 -92.1934 -94.1653 27.8229 110.287
ENERGY: 1500000         6.3636         6.7693         4.4022         0.0000         -10698.7424      1399.4604         0.0000         0.0000      1766.7238          -7515.0232       296.5002     -9281.7470     -7526.6285       299.3994           -535.3455      -437.2527     30962.7371        15.4509        65.3843
FEP:    1500000        17.5350    -10698.7424      1400.5322

WRITING EXTENDED SYSTEM TO RESTART FILE AT STEP 1500000
WRITING COORDINATES TO DCD FILE mobley_3976574_prod.dcd AT STEP 1500000
WRITING COORDINATES TO RESTART FILE AT STEP 1500000
FINISHED WRITING RESTART COORDINATES
WRITING VELOCITIES TO RESTART FILE AT STEP 1500000
FINISHED WRITING RESTART VELOCITIES
TCL: Running FEP window  12: Lambda1 0.4499999999999996 Lambda2 0.39999999999999963 [dLambda -0.04999999999999999]
TCL: Setting parameter firsttimestep to 0
TCL: Setting parameter alchLambda to 0.4499999999999996
Info: NONBONDED TABLE R-SQUARED SPACING: 0.0625
Info: NONBONDED TABLE SIZE: 705 POINTS
Info: INCONSISTENCY IN FAST TABLE ENERGY VS FORCE: 0.000290481 AT 0.251946
Info: INCONSISTENCY IN SCOR TABLE ENERGY VS FORCE: 0.000238233 AT 8.9687
Info: ABSOLUTE IMPRECISION IN VDWA TABLE ENERGY: 1.21169e-27 AT 8.99653
Info: ABSOLUTE IMPRECISION IN VDWA TABLE FORCE: 2.57484e-27 AT 8.99653
Info: INCONSISTENCY IN VDWA TABLE ENERGY VS FORCE: 0.0040507 AT 0.251946
Info: INCONSISTENCY IN VDWB TABLE ENERGY VS FORCE: 0.00150189 AT 0.251946
TCL: Setting parameter alchLambda2 to 0.39999999999999963
Info: NONBONDED TABLE R-SQUARED SPACING: 0.0625
Info: NONBONDED TABLE SIZE: 705 POINTS
Info: INCONSISTENCY IN FAST TABLE ENERGY VS FORCE: 0.000290481 AT 0.251946
Info: INCONSISTENCY IN SCOR TABLE ENERGY VS FORCE: 0.000238233 AT 8.9687
Info: ABSOLUTE IMPRECISION IN VDWA TABLE ENERGY: 1.21169e-27 AT 8.99653
Info: ABSOLUTE IMPRECISION IN VDWA TABLE FORCE: 2.57484e-27 AT 8.99653
Info: INCONSISTENCY IN VDWA TABLE ENERGY VS FORCE: 0.0040507 AT 0.251946
Info: INCONSISTENCY IN VDWB TABLE ENERGY VS FORCE: 0.00150189 AT 0.251946
TCL: Running for 1500000 steps
FEP: RESETTING FOR NEW FEP WINDOW LAMBDA SET TO 0.45 LAMBDA2 0.4
FEP: WINDOW TO HAVE 100000 STEPS OF EQUILIBRATION PRIOR TO FEP DATA COLLECTION.
FEP: USING CONSTANT TEMPERATURE OF 300 K FOR FEP CALCULATION
PRESSURE: 0 -1090.48 34.2282 -515.912 34.2269 -55.0879 -410.318 -515.914 -410.316 -472.914
GPRESSURE: 0 -1090.46 199.624 -319.321 317.491 119.245 -737.984 -355.754 -205.754 -348.734
ETITLE:      TS           BOND          ANGLE          DIHED          IMPRP               ELECT            VDW       BOUNDARY           MISC        KINETIC               TOTAL           TEMP      POTENTIAL       TOTALAVG        TEMPAVG            PRESSURE      GPRESSURE         VOLUME       PRESSAVG      GPRESSAVG
FEPTITLE:    TS          BOND2         ELECT2           VDW2

ENERGY:       0         6.3636         6.7693         4.4022         0.0000         -10698.7415      1400.5318         0.0000         0.0000      1765.8602          -7514.8145       296.3553     -9280.6747     -7514.8145       296.3553           -539.4953      -439.9821     30962.7371      -539.4953      -439.9821
FEP:          0        17.5350    -10698.7415      1401.7052

PRESSURE: 100000 -349.882 25.6203 -173.361 25.6224 204.846 -172.519 -173.362 -172.523 -412.842
GPRESSURE: 100000 -462.272 -116.741 236.825 287.387 374.697 109.691 -440.617 -281.001 -344.247
PRESSAVG: 100000 -231.964 -169.474 -143.447 -169.474 147.84 -47.0554 -143.447 -47.0554 -22.4272
GPRESSAVG: 100000 -185.998 -147.077 -162.982 -161.916 195.978 -116.414 -139.419 -2.98173 34.4689
ENERGY:  100000         9.0181         4.7137         6.9677         0.0000         -10905.6381      1476.6003         0.0000         0.0000      1828.8121          -7579.5262       306.9202     -9408.3383     -7547.1704       301.6377           -185.9593      -143.9404     30677.7505      -362.7273      -291.9612
FEP:     100000        20.6995    -10905.6381      1477.0038

WRITING EXTENDED SYSTEM TO RESTART FILE AT STEP 100000
WRITING COORDINATES TO DCD FILE mobley_3976574_prod.dcd AT STEP 100000
WRITING COORDINATES TO RESTART FILE AT STEP 100000
FINISHED WRITING RESTART COORDINATES
WRITING VELOCITIES TO RESTART FILE AT STEP 100000
FINISHED WRITING RESTART VELOCITIES
PRESSURE: 200000 608.73 4.17555 190.809 4.17686 -16.0492 -187.259 190.808 -187.262 -897.712
GPRESSURE: 200000 888.597 -367.803 -365.822 294.231 -17.6719 -469.287 -77.866 -25.0762 -883.033
PRESSAVG: 200000 -168.719 -166.368 -127.252 -166.368 142.927 -51.0909 -127.252 -51.0909 -49.4293
GPRESSAVG: 200000 -113.018 -171.481 -151.623 -152.57 194.092 -136.565 -150.653 -4.55406 1.23498
ENERGY:  200000         6.1228         3.5458         9.4418         0.0000         -10802.0588      1462.6336         0.0000         0.0000      1761.6023          -7558.7126       295.6407     -9320.3148     -7551.0178       299.6387           -101.6773        -4.0360     30493.4272      -275.7106      -195.9862
FEP:     200000        19.1104    -10802.0588      1463.0573

WRITING EXTENDED SYSTEM TO RESTART FILE AT STEP 200000
WRITING COORDINATES TO DCD FILE mobley_3976574_prod.dcd AT STEP 200000
WRITING COORDINATES TO RESTART FILE AT STEP 200000
FINISHED WRITING RESTART COORDINATES
WRITING VELOCITIES TO RESTART FILE AT STEP 200000
FINISHED WRITING RESTART VELOCITIES
PRESSURE: 300000 -772.979 -132.078 -91.3219 -132.077 414.536 356.167 -91.3235 356.169 -102.887
GPRESSURE: 300000 -611.494 200.649 -102.219 -278.363 267.094 13.2093 -99.7373 583.745 4.80887
PRESSAVG: 300000 -204.702 -145.434 -119.066 -145.434 143.954 -55.0868 -119.066 -55.0868 -49.3062
GPRESSAVG: 300000 -142.731 -127.678 -143.931 -132.667 185.56 -133.685 -121.006 -9.94442 8.9193
ENERGY:  300000        12.4941         5.8013         6.1791         0.0000         -10828.1146      1482.0978         0.0000         0.0000      1744.3151          -7577.2273       292.7395     -9321.5424     -7557.5701       297.9139           -153.7767      -113.1971     31380.9969      -245.2272      -175.2889
FEP:     300000        24.4744    -10828.1146      1482.9163

WRITING EXTENDED SYSTEM TO RESTART FILE AT STEP 300000
WRITING COORDINATES TO DCD FILE mobley_3976574_prod.dcd AT STEP 300000
WRITING COORDINATES TO RESTART FILE AT STEP 300000
FINISHED WRITING RESTART COORDINATES
WRITING VELOCITIES TO RESTART FILE AT STEP 300000
FINISHED WRITING RESTART VELOCITIES
PRESSURE: 400000 -1001.66 212.436 -511.498 212.437 -754.213 -530.571 -511.496 -530.575 -488.13
GPRESSURE: 400000 -788.437 217.029 -513.105 135.901 -711.752 -241.536 -731.556 -786.122 -337.834
PRESSAVG: 400000 -247.297 -109.746 -131.794 -109.746 90.5477 -104.6 -131.794 -104.6 -65.106
GPRESSAVG: 400000 -181.104 -83.3371 -156.967 -92.3966 128.771 -143.495 -123.209 -83.7658 -0.436548
ENERGY:  400000         9.9275         3.2255         8.6784         0.0000         -10759.9792      1411.2530         0.0000         0.0000      1790.8058          -7536.0890       300.5418     -9326.8948     -7553.2739       298.4395           -748.0002      -612.6741     30942.7930      -345.7818      -262.7659
FEP:     400000        21.8314    -10759.9792      1412.0840

WRITING EXTENDED SYSTEM TO RESTART FILE AT STEP 400000
WRITING COORDINATES TO DCD FILE mobley_3976574_prod.dcd AT STEP 400000
WRITING COORDINATES TO RESTART FILE AT STEP 400000
FINISHED WRITING RESTART COORDINATES
WRITING VELOCITIES TO RESTART FILE AT STEP 400000
FINISHED WRITING RESTART VELOCITIES
PRESSURE: 500000 631.636 -376.575 -36.2442 -376.575 422.837 520.503 -36.2443 520.505 409.79
GPRESSURE: 500000 679.014 -130.33 212.903 -463.008 575.944 484.001 -309.993 317.893 418.89
PRESSAVG: 500000 -237.181 -137.187 -139.495 -137.187 67.0726 -89.1548 -139.495 -89.1548 -84.241
GPRESSAVG: 500000 -165.377 -92.7333 -167.516 -122.983 108.483 -119.898 -133.436 -85.3364 -24.489
ENERGY:  500000         6.3616         1.5109         4.3093         0.0000         -10890.9202      1513.5895         0.0000         0.0000      1841.4681          -7523.6808       309.0442     -9365.1490     -7548.3417       300.2069            488.0876       557.9492     30522.8365      -206.8035      -125.9801
FEP:     500000        12.1817    -10890.9202      1513.9739

WRITING EXTENDED SYSTEM TO RESTART FILE AT STEP 500000
WRITING COORDINATES TO DCD FILE mobley_3976574_prod.dcd AT STEP 500000
WRITING COORDINATES TO RESTART FILE AT STEP 500000
FINISHED WRITING RESTART COORDINATES
WRITING VELOCITIES TO RESTART FILE AT STEP 500000
FINISHED WRITING RESTART VELOCITIES
PRESSURE: 600000 -976.992 -154.3 -169.909 -154.299 -1021.01 -119.737 -169.906 -119.735 18.8293
GPRESSURE: 600000 -871.961 11.8788 -102.512 -127.228 -789.164 -471.292 -210.123 -194.547 -66.8588
PRESSAVG: 600000 -288.326 -158.777 -126.905 -158.777 38.9882 -100.409 -126.905 -100.409 -25.6524
GPRESSAVG: 600000 -204.683 -92.559 -136.98 -152.907 88.7733 -152.813 -112.538 -101.45 20.9857
ENERGY:  600000         4.1094         7.1773         3.4121         0.0000         -10719.3204      1387.6333         0.0000         0.0000      1788.3183          -7528.6700       300.1243     -9316.9883     -7545.5315       300.1951           -659.7247      -575.9945     30934.7330      -271.5066      -190.2679
FEP:     600000        14.6988    -10719.3204      1388.4005

WRITING EXTENDED SYSTEM TO RESTART FILE AT STEP 600000
WRITING COORDINATES TO DCD FILE mobley_3976574_prod.dcd AT STEP 600000
WRITING COORDINATES TO RESTART FILE AT STEP 600000
FINISHED WRITING RESTART COORDINATES
WRITING VELOCITIES TO RESTART FILE AT STEP 600000
FINISHED WRITING RESTART VELOCITIES
PRESSURE: 700000 194.191 -25.2152 -170.998 -25.2162 -215.002 -179.235 -170.994 -179.233 793.579
GPRESSURE: 700000 176.101 -23.9677 113.495 -189.968 -41.0075 60.4611 -105.033 -152.064 752.844
PRESSAVG: 700000 -294.938 -172.107 -161.106 -172.107 -10.3274 -110.608 -161.106 -110.608 -17.4029
GPRESSAVG: 700000 -214.804 -126.43 -137.972 -177.324 56.4181 -157.652 -157.336 -101.706 20.0186
ENERGY:  700000         7.0291         5.3598         6.9132         0.0000         -10772.8674      1508.2250         0.0000         0.0000      1788.8071          -7456.5331       300.2063     -9245.3402     -7534.4067       300.1965            257.5895       295.9790     31154.9869      -205.3696      -129.4870
FEP:     700000        19.3022    -10772.8674      1508.5373

WRITING EXTENDED SYSTEM TO RESTART FILE AT STEP 700000
WRITING COORDINATES TO DCD FILE mobley_3976574_prod.dcd AT STEP 700000
WRITING COORDINATES TO RESTART FILE AT STEP 700000
FINISHED WRITING RESTART COORDINATES
WRITING VELOCITIES TO RESTART FILE AT STEP 700000
FINISHED WRITING RESTART VELOCITIES
PRESSURE: 800000 -22.5441 400.709 -324.498 400.707 186.259 44.632 -324.5 44.6349 -17.6792
GPRESSURE: 800000 92.8001 455.334 -426.494 497.091 227.001 238.569 -159.661 402.377 94.3653
PRESSAVG: 800000 -221.942 -122.161 -153.4 -122.161 12.5278 -104.109 -153.4 -104.109 -7.00661
GPRESSAVG: 800000 -147.076 -76.0821 -127.174 -127.356 80.9553 -141.137 -140.028 -80.3838 39.3222
ENERGY:  800000         6.9287         5.0131         5.7568         0.0000         -10821.2220      1470.4256         0.0000         0.0000      1825.0149          -7508.0829       306.2829     -9333.0977     -7531.4818       300.8728             48.6784       138.0556     30680.4674      -177.1420       -99.7600
FEP:     800000        17.6987    -10821.2220      1470.1533

WRITING EXTENDED SYSTEM TO RESTART FILE AT STEP 800000
WRITING COORDINATES TO DCD FILE mobley_3976574_prod.dcd AT STEP 800000
WRITING COORDINATES TO RESTART FILE AT STEP 800000
FINISHED WRITING RESTART COORDINATES
WRITING VELOCITIES TO RESTART FILE AT STEP 800000
FINISHED WRITING RESTART VELOCITIES
PRESSURE: 900000 -717.203 -114.606 -58.7302 -114.606 382.137 -600.887 -58.7307 -600.886 -331.747
GPRESSURE: 900000 -483.692 -568.061 -418.762 162.897 520.29 -901.869 300.29 -593.309 -318.552
PRESSAVG: 900000 -258.298 -125.087 -150.061 -125.087 9.89708 -119.615 -150.061 -119.615 -56.8729
GPRESSAVG: 900000 -170.379 -80.7256 -157.216 -119.329 78.1453 -149.766 -124.607 -96.2468 -12.4531
ENERGY:  900000        10.1393         3.6292         6.9612         0.0000         -10719.8765      1436.5648         0.0000         0.0000      1750.7878          -7511.7942       293.8258     -9262.5821     -7529.5131       300.1681           -222.2710       -93.9846     30912.3889      -181.6549       -99.1825
FEP:     900000        20.7297    -10719.8765      1436.6560

WRITING EXTENDED SYSTEM TO RESTART FILE AT STEP 900000
WRITING COORDINATES TO DCD FILE mobley_3976574_prod.dcd AT STEP 900000
WRITING COORDINATES TO RESTART FILE AT STEP 900000
FINISHED WRITING RESTART COORDINATES
WRITING VELOCITIES TO RESTART FILE AT STEP 900000
FINISHED WRITING RESTART VELOCITIES
PRESSURE: 1000000 -465.621 356.607 -14.2911 356.607 -757.908 -501.956 -14.2857 -501.955 -39.1262
GPRESSURE: 1000000 -626.097 263.716 -252.882 502.634 -570.769 -851.201 -39.1167 -173.776 217.663
PRESSAVG: 1000000 -308.686 -97.7719 -144.373 -97.7719 11.0643 -140.449 -144.373 -140.449 -13.7521
GPRESSAVG: 1000000 -223.919 -70.8688 -162.852 -65.4165 79.4347 -189.851 -110.888 -97.5541 40.1636
TIMING: 1000000  CPU: 7134.69, 0.000406696/step  Wall: 7657.46, 0.000466791/step, 370.187 ns/days, 0.0648321 hours remaining, 0.000000 MB of memory in use.
PERFORMANCE: 1000000  averaging 394.587 ns/day, 0.000437926 sec/step with standard deviation 1.84572e-05
ETITLE:      TS           BOND          ANGLE          DIHED          IMPRP               ELECT            VDW       BOUNDARY           MISC        KINETIC               TOTAL           TEMP      POTENTIAL       TOTALAVG        TEMPAVG            PRESSURE      GPRESSURE         VOLUME       PRESSAVG      GPRESSAVG
FEPTITLE:    TS          BOND2         ELECT2           VDW2

ENERGY: 1000000         2.8518         5.8984         4.6776         0.0000         -10762.1707      1407.9028         0.0000         0.0000      1734.9976          -7605.8424       291.1758     -9340.8401     -7536.4521       299.3506           -420.8851      -326.4009     30974.8428      -203.4031      -119.8387
FEP:    1000000        13.4278    -10762.1707      1408.7764

WRITING EXTENDED SYSTEM TO RESTART FILE AT STEP 1000000
WRITING COORDINATES TO DCD FILE mobley_3976574_prod.dcd AT STEP 1000000
WRITING COORDINATES TO RESTART FILE AT STEP 1000000
FINISHED WRITING RESTART COORDINATES
WRITING VELOCITIES TO RESTART FILE AT STEP 1000000
FINISHED WRITING RESTART VELOCITIES
PRESSURE: 1100000 -39.5037 -7.3419 -74.7305 -7.345 -1101.06 -626.623 -74.7343 -626.618 -518.182
GPRESSURE: 1100000 155.964 276.954 428.579 -63.5836 -1104.43 -582.361 -157.609 -383.225 -591.616
PRESSAVG: 1100000 -315.226 -67.7926 -161.348 -67.7926 -53.5952 -154.527 -161.348 -154.527 -83.6155
GPRESSAVG: 1100000 -228.187 -31.6331 -144.495 -38.3343 8.46621 -214.301 -144.542 -87.9911 -37.1638
ENERGY: 1100000         8.0016         4.9747         4.4485         0.0000         -10726.1201      1403.3136         0.0000         0.0000      1767.9466          -7537.4353       296.7054     -9305.3818     -7536.5340       299.1302           -552.9170      -513.3604     31185.3394      -232.5293      -152.6322
FEP:    1100000        17.4247    -10726.1201      1404.2036

WRITING EXTENDED SYSTEM TO RESTART FILE AT STEP 1100000
WRITING COORDINATES TO DCD FILE mobley_3976574_prod.dcd AT STEP 1100000
WRITING COORDINATES TO RESTART FILE AT STEP 1100000
FINISHED WRITING RESTART COORDINATES
WRITING VELOCITIES TO RESTART FILE AT STEP 1100000
FINISHED WRITING RESTART VELOCITIES
PRESSURE: 1200000 -653.858 -583.64 416.79 -583.64 1144.23 -31.505 416.791 -31.501 128.824
GPRESSURE: 1200000 -449.616 -434.767 396.115 -472.937 991.4 55.2882 550.491 106.2 392.966
PRESSAVG: 1200000 -353.714 -117.957 -133.787 -117.957 -2.02848 -159.212 -133.787 -159.212 -110.26
GPRESSAVG: 1200000 -250.453 -73.8351 -131.36 -75.5081 50.1073 -201.476 -112.726 -70.2265 -62.7719
ENERGY: 1200000         6.6420         4.8817         4.1505         0.0000         -10783.9363      1469.8955         0.0000         0.0000      1815.5630          -7482.8036       304.6966     -9298.3665     -7532.4009       299.5584            206.3992       311.5833     30671.9338      -198.7655      -116.9233
FEP:    1200000        15.6743    -10783.9363      1470.3998

WRITING EXTENDED SYSTEM TO RESTART FILE AT STEP 1200000
WRITING COORDINATES TO DCD FILE mobley_3976574_prod.dcd AT STEP 1200000
WRITING COORDINATES TO RESTART FILE AT STEP 1200000
FINISHED WRITING RESTART COORDINATES
WRITING VELOCITIES TO RESTART FILE AT STEP 1200000
FINISHED WRITING RESTART VELOCITIES
PRESSURE: 1300000 311.437 -184.82 778.414 -184.822 195.994 -298.235 778.411 -298.228 -754.822
GPRESSURE: 1300000 217.59 -36.3329 844.168 -431.957 103.367 -41.3042 644.5 -558.814 -464.492
PRESSAVG: 1300000 -373.331 -120.495 -81.9835 -120.495 -6.89333 -185.194 -81.9835 -185.194 -209.446
GPRESSAVG: 1300000 -275.876 -73.453 -59.852 -85.6169 36.4656 -223.473 -73.1663 -107.184 -147.317
ENERGY: 1300000         4.2719         2.9014         4.1891         0.0000         -10706.5079      1421.3518         0.0000         0.0000      1786.9870          -7486.8067       299.9009     -9273.7937     -7529.1442       299.5828            -82.4636       -47.8454     30827.9471      -190.4582      -111.9892
FEP:    1300000        11.3624    -10706.5079      1422.4017

WRITING EXTENDED SYSTEM TO RESTART FILE AT STEP 1300000
WRITING COORDINATES TO DCD FILE mobley_3976574_prod.dcd AT STEP 1300000
WRITING COORDINATES TO RESTART FILE AT STEP 1300000
FINISHED WRITING RESTART COORDINATES
WRITING VELOCITIES TO RESTART FILE AT STEP 1300000
FINISHED WRITING RESTART VELOCITIES
PRESSURE: 1400000 -645.036 131.356 -169.025 131.359 21.1343 228.925 -169.023 228.923 -1117.85
GPRESSURE: 1400000 -491.154 -14.4695 -3.86985 316.082 10.8551 79.1467 -203.912 277.314 -941.951
PRESSAVG: 1400000 -393.243 -62.7228 -86.3453 -62.7228 -56.9715 -194.524 -86.3453 -194.524 -262.724
GPRESSAVG: 1400000 -301.911 -34.2113 -49.6754 -7.62732 -17.2549 -218.499 -77.3085 -132.475 -181.48
ENERGY: 1400000         9.2380         3.0610         5.2460         0.0000         -10734.8757      1390.7717         0.0000         0.0000      1773.9288          -7552.6302       297.7094     -9326.5591     -7530.7099       299.4579           -580.5830      -474.0834     30554.4314      -216.4666      -136.1288
FEP:    1400000        17.5450    -10734.8757      1390.8689

WRITING EXTENDED SYSTEM TO RESTART FILE AT STEP 1400000
WRITING COORDINATES TO DCD FILE mobley_3976574_prod.dcd AT STEP 1400000
WRITING COORDINATES TO RESTART FILE AT STEP 1400000
FINISHED WRITING RESTART COORDINATES
WRITING VELOCITIES TO RESTART FILE AT STEP 1400000
FINISHED WRITING RESTART VELOCITIES
PRESSURE: 1500000 686.89 285.367 -607.486 285.368 -271.286 715.319 -607.485 715.317 -163.887
GPRESSURE: 1500000 646.669 216.415 -627.847 421.031 -63.896 833.642 -495.023 770.89 -29.4292
PRESSAVG: 1500000 -348.988 -33.3929 -147.183 -33.3929 -61.2219 -152.927 -147.183 -152.927 -284.533
GPRESSAVG: 1500000 -266.049 7.57752 -102.699 17.5417 -10.6012 -184.537 -140.782 -101.299 -201.715
ENERGY: 1500000         5.8233         6.7972         3.9100         0.0000         -10745.7512      1464.8767         0.0000         0.0000      1770.9108          -7493.4332       297.2029     -9264.3440     -7528.3801       299.3170             83.9057       184.4481     31265.8585      -197.6933      -116.0927
FEP:    1500000        16.5305    -10745.7512      1465.5106

WRITING EXTENDED SYSTEM TO RESTART FILE AT STEP 1500000
WRITING COORDINATES TO DCD FILE mobley_3976574_prod.dcd AT STEP 1500000
WRITING COORDINATES TO RESTART FILE AT STEP 1500000
FINISHED WRITING RESTART COORDINATES
WRITING VELOCITIES TO RESTART FILE AT STEP 1500000
FINISHED WRITING RESTART VELOCITIES
TCL: Running FEP window  13: Lambda1 0.39999999999999963 Lambda2 0.34999999999999964 [dLambda -0.04999999999999999]
TCL: Setting parameter firsttimestep to 0
TCL: Setting parameter alchLambda to 0.39999999999999963
Info: NONBONDED TABLE R-SQUARED SPACING: 0.0625
Info: NONBONDED TABLE SIZE: 705 POINTS
Info: INCONSISTENCY IN FAST TABLE ENERGY VS FORCE: 0.000290481 AT 0.251946
Info: INCONSISTENCY IN SCOR TABLE ENERGY VS FORCE: 0.000238233 AT 8.9687
Info: ABSOLUTE IMPRECISION IN VDWA TABLE ENERGY: 1.21169e-27 AT 8.99653
Info: ABSOLUTE IMPRECISION IN VDWA TABLE FORCE: 2.57484e-27 AT 8.99653
Info: INCONSISTENCY IN VDWA TABLE ENERGY VS FORCE: 0.0040507 AT 0.251946
Info: INCONSISTENCY IN VDWB TABLE ENERGY VS FORCE: 0.00150189 AT 0.251946
TCL: Setting parameter alchLambda2 to 0.34999999999999964
Info: NONBONDED TABLE R-SQUARED SPACING: 0.0625
Info: NONBONDED TABLE SIZE: 705 POINTS
Info: INCONSISTENCY IN FAST TABLE ENERGY VS FORCE: 0.000290481 AT 0.251946
Info: INCONSISTENCY IN SCOR TABLE ENERGY VS FORCE: 0.000238233 AT 8.9687
Info: ABSOLUTE IMPRECISION IN VDWA TABLE ENERGY: 1.21169e-27 AT 8.99653
Info: ABSOLUTE IMPRECISION IN VDWA TABLE FORCE: 2.57484e-27 AT 8.99653
Info: INCONSISTENCY IN VDWA TABLE ENERGY VS FORCE: 0.0040507 AT 0.251946
Info: INCONSISTENCY IN VDWB TABLE ENERGY VS FORCE: 0.00150189 AT 0.251946
TCL: Running for 1500000 steps
FEP: RESETTING FOR NEW FEP WINDOW LAMBDA SET TO 0.4 LAMBDA2 0.35
FEP: WINDOW TO HAVE 100000 STEPS OF EQUILIBRATION PRIOR TO FEP DATA COLLECTION.
FEP: USING CONSTANT TEMPERATURE OF 300 K FOR FEP CALCULATION
PRESSURE: 0 715.196 289.306 -548.645 289.308 -216.648 707.239 -548.644 707.234 -209.574
GPRESSURE: 0 645.101 217.366 -627.443 421.928 -67.604 832.682 -494.59 770.017 -28.4125
ETITLE:      TS           BOND          ANGLE          DIHED          IMPRP               ELECT            VDW       BOUNDARY           MISC        KINETIC               TOTAL           TEMP      POTENTIAL       TOTALAVG        TEMPAVG            PRESSURE      GPRESSURE         VOLUME       PRESSAVG      GPRESSAVG
FEPTITLE:    TS          BOND2         ELECT2           VDW2

ENERGY:       0         5.8233         6.7972         3.9100         0.0000         -10745.7510      1465.5106         0.0000         0.0000      1770.0284          -7493.6815       297.0548     -9263.7099     -7493.6815       297.0548             96.3246       183.0284     31265.8585        96.3246       183.0284
FEP:          0        16.5305    -10745.7510      1466.3036

PRESSURE: 100000 -1280.46 -484.526 -480.359 -484.526 -1786.64 -279.301 -480.367 -279.295 -900.048
GPRESSURE: 100000 -1137.39 -339.704 -506.424 -797.119 -1859.55 -267.915 -303.945 -329.608 -847.12
PRESSAVG: 100000 -289.425 -43.3776 -195.091 -43.3776 -142.095 -96.7751 -195.091 -96.7751 -275.224
GPRESSAVG: 100000 -222.933 -11.9056 -145.881 -1.44161 -74.3341 -129.905 -191.431 -34.3689 -180.763
ENERGY:  100000         5.0310         5.5817         3.5765         0.0000         -10718.8862      1305.5804         0.0000         0.0000      1780.9295          -7618.1870       298.8843     -9399.1166     -7555.9343       297.9695          -1322.3819     -1281.3542     30554.4630      -613.0287      -549.1629
FEP:     100000        14.1892    -10718.8862      1305.7790

WRITING EXTENDED SYSTEM TO RESTART FILE AT STEP 100000
WRITING COORDINATES TO DCD FILE mobley_3976574_prod.dcd AT STEP 100000
WRITING COORDINATES TO RESTART FILE AT STEP 100000
FINISHED WRITING RESTART COORDINATES
WRITING VELOCITIES TO RESTART FILE AT STEP 100000
FINISHED WRITING RESTART VELOCITIES
PRESSURE: 200000 -401.283 233.807 -19.3966 233.806 -923.455 365.783 -19.3959 365.781 -1394.76
GPRESSURE: 200000 -413.92 697.475 77.9343 113.906 -825.296 350.882 -402.766 232.272 -1262.63
PRESSAVG: 200000 -318.434 -3.45179 -156.72 -3.45179 -209.177 -72.2193 -156.72 -72.2193 -347.038
GPRESSAVG: 200000 -250.755 46.1293 -113.642 48.1272 -136.897 -112.276 -172.236 -21.4303 -246.399
ENERGY:  200000        12.5793         6.0975         6.6580         0.0000         -10739.8461      1375.3619         0.0000         0.0000      1809.0032          -7530.1462       303.5957     -9339.1494     -7547.3383       299.8449           -906.4989      -833.9482     30597.7029      -710.8521      -644.0914
FEP:     200000        25.3348    -10739.8461      1375.6832

WRITING EXTENDED SYSTEM TO RESTART FILE AT STEP 200000
WRITING COORDINATES TO DCD FILE mobley_3976574_prod.dcd AT STEP 200000
WRITING COORDINATES TO RESTART FILE AT STEP 200000
FINISHED WRITING RESTART COORDINATES
WRITING VELOCITIES TO RESTART FILE AT STEP 200000
FINISHED WRITING RESTART VELOCITIES
PRESSURE: 300000 289.352 179.758 -151.587 179.756 865.203 127.782 -151.589 127.78 193.712
GPRESSURE: 300000 438.471 -19.2334 -163.77 127.764 758.616 133.494 -193.38 97.143 235.485
PRESSAVG: 300000 -249.003 4.51343 -136.599 4.51343 -164.059 -43.5891 -136.599 -43.5891 -313.871
GPRESSAVG: 300000 -174.309 35.2515 -106.023 38.7089 -105.132 -68.6841 -164.27 -6.27222 -217.394
ENERGY:  300000         4.0172         5.3731         6.3235         0.0000         -10773.0671      1486.4174         0.0000         0.0000      1812.1086          -7458.8272       304.1169     -9270.9358     -7525.2105       300.9129            449.4222       477.5237     30815.3722      -420.7835      -363.6876
FEP:     300000        15.7139    -10773.0671      1486.3507

WRITING EXTENDED SYSTEM TO RESTART FILE AT STEP 300000
WRITING COORDINATES TO DCD FILE mobley_3976574_prod.dcd AT STEP 300000
WRITING COORDINATES TO RESTART FILE AT STEP 300000
FINISHED WRITING RESTART COORDINATES
WRITING VELOCITIES TO RESTART FILE AT STEP 300000
FINISHED WRITING RESTART VELOCITIES
PRESSURE: 400000 -1254.3 326.603 -511.336 326.599 -254.317 -572.333 -511.34 -572.33 822.078
GPRESSURE: 400000 -1304.44 630.119 -436.659 217.16 -183.441 -1119.91 -576.253 -244.483 986.019
PRESSAVG: 400000 -257.194 19.1321 -136.371 19.1321 -174.021 -51.6898 -136.371 -51.6898 -249.122
GPRESSAVG: 400000 -185.009 56.7763 -111.889 33.6924 -120.266 -87.7804 -175.295 -8.20866 -150.657
ENERGY:  400000         5.7530         6.4269         4.1426         0.0000         -10701.7727      1393.2430         0.0000         0.0000      1749.7449          -7542.4623       293.6507     -9292.2073     -7528.6609       299.4605           -228.8471      -167.2885     30624.7280      -382.3962      -324.4078
FEP:     400000        16.3225    -10701.7727      1394.0486

WRITING EXTENDED SYSTEM TO RESTART FILE AT STEP 400000
WRITING COORDINATES TO DCD FILE mobley_3976574_prod.dcd AT STEP 400000
WRITING COORDINATES TO RESTART FILE AT STEP 400000
FINISHED WRITING RESTART COORDINATES
WRITING VELOCITIES TO RESTART FILE AT STEP 400000
FINISHED WRITING RESTART VELOCITIES
PRESSURE: 500000 -957.038 87.3634 279.55 87.3649 -212.728 -303.388 279.555 -303.386 -302.236
GPRESSURE: 500000 -1054.04 -18.5258 547.223 505.792 36.4807 -353.021 154.577 -170.035 -265.317
PRESSAVG: 500000 -287.552 22.2192 -113.725 22.2192 -194.9 -58.233 -113.725 -58.233 -243.591
GPRESSAVG: 500000 -214.597 61.6871 -96.3696 44.6126 -137.177 -110.916 -145.535 -2.6604 -146.71
ENERGY:  500000         9.4187         4.3972         4.7571         0.0000         -10773.6894      1405.5601         0.0000         0.0000      1792.3096          -7557.2467       300.7941     -9349.5563     -7533.4252       299.6828           -490.6675      -427.6263     31280.9671      -400.4414      -341.6109
FEP:     500000        18.5729    -10773.6894      1406.6160

WRITING EXTENDED SYSTEM TO RESTART FILE AT STEP 500000
WRITING COORDINATES TO DCD FILE mobley_3976574_prod.dcd AT STEP 500000
WRITING COORDINATES TO RESTART FILE AT STEP 500000
FINISHED WRITING RESTART COORDINATES
WRITING VELOCITIES TO RESTART FILE AT STEP 500000
FINISHED WRITING RESTART VELOCITIES
PRESSURE: 600000 564.588 -1.83368 -319.683 -1.83337 1130.07 -119.423 -319.682 -119.424 555.25
GPRESSURE: 600000 634.157 17.4897 -226.345 32.1116 1290.29 -47.1785 -479.777 459.116 622.892
PRESSAVG: 600000 -289.759 21.9187 -139.249 21.9187 -137.593 -54.841 -139.249 -54.841 -170.943
GPRESSAVG: 600000 -227.319 80.9517 -89.3957 31.5066 -71.7784 -89.8106 -165.631 21.5492 -71.4139
ENERGY:  600000         5.2691         4.9307         2.9021         0.0000         -10994.1481      1574.0200         0.0000         0.0000      1761.1176          -7645.9086       295.5593     -9407.0263     -7549.4942       299.0937            749.9706       849.1140     30484.9339      -236.0968      -171.5073
FEP:     600000        13.1019    -10994.1481      1573.9060

WRITING EXTENDED SYSTEM TO RESTART FILE AT STEP 600000
WRITING COORDINATES TO DCD FILE mobley_3976574_prod.dcd AT STEP 600000
WRITING COORDINATES TO RESTART FILE AT STEP 600000
FINISHED WRITING RESTART COORDINATES
WRITING VELOCITIES TO RESTART FILE AT STEP 600000
FINISHED WRITING RESTART VELOCITIES
PRESSURE: 700000 -1560.02 -85.2143 -386.92 -85.2154 -727.803 -45.3141 -386.924 -45.3127 -698.905
GPRESSURE: 700000 -1461.27 -112.24 -64.6455 171.188 -777.841 -149.642 -518.874 -333.63 -555.625
PRESSAVG: 700000 -329.111 24.2618 -154.029 24.2618 -194.71 -74.9151 -154.029 -74.9151 -200.744
GPRESSAVG: 700000 -269.808 65.3073 -87.5171 53.9842 -124.025 -97.9531 -186.588 -24.3195 -99.4356
ENERGY:  700000         7.5276         6.8503         4.1820         0.0000         -10669.3240      1356.6719         0.0000         0.0000      1757.1943          -7536.8979       294.9009     -9294.0922     -7547.9197       298.5696           -995.5749      -931.5802     31105.0049      -331.0316      -266.5164
FEP:     700000        18.5598    -10669.3240      1357.5301

WRITING EXTENDED SYSTEM TO RESTART FILE AT STEP 700000
WRITING COORDINATES TO DCD FILE mobley_3976574_prod.dcd AT STEP 700000
WRITING COORDINATES TO RESTART FILE AT STEP 700000
FINISHED WRITING RESTART COORDINATES
WRITING VELOCITIES TO RESTART FILE AT STEP 700000
FINISHED WRITING RESTART VELOCITIES
PRESSURE: 800000 -376.888 -418.575 -170.793 -418.578 -1020.98 -272.457 -170.795 -272.448 -609.91
GPRESSURE: 800000 -299.546 -434.338 267.3 -281.414 -958.417 -57.7196 -270.051 -308.247 -421.055
PRESSAVG: 800000 -297.873 -7.289 -136.994 -7.289 -208.049 -62.0088 -136.994 -62.0088 -206.833
GPRESSAVG: 800000 -245.364 32.7389 -48.4968 33.1185 -136.358 -88.7623 -163.512 -0.425781 -103.597
ENERGY:  800000         5.0663         4.1405         5.3931         0.0000         -10660.6330      1361.6742         0.0000         0.0000      1807.4955          -7476.8633       303.3427     -9284.3588     -7540.0245       299.1000           -669.2586      -559.6724     31014.4996      -368.6124      -299.0893
FEP:     800000        14.5999    -10660.6330      1362.2129

WRITING EXTENDED SYSTEM TO RESTART FILE AT STEP 800000
WRITING COORDINATES TO DCD FILE mobley_3976574_prod.dcd AT STEP 800000
WRITING COORDINATES TO RESTART FILE AT STEP 800000
FINISHED WRITING RESTART COORDINATES
WRITING VELOCITIES TO RESTART FILE AT STEP 800000
FINISHED WRITING RESTART VELOCITIES
PRESSURE: 900000 -272.915 -159.834 -701.433 -159.834 -685.001 167.008 -701.426 167.002 -596.711
GPRESSURE: 900000 -236.515 89.634 -529.16 -325.894 -328.886 170.606 -684.291 77.6543 -572.206
PRESSAVG: 900000 -343.1 3.54803 -170.253 3.54803 -263.44 -79.6839 -170.253 -79.6839 -257.158
GPRESSAVG: 900000 -291.14 43.7371 -85.5999 39.9742 -181.6 -104.432 -182.227 -12.4377 -153.151
ENERGY:  900000         7.7500         4.9595         6.7879         0.0000         -10745.1774      1420.9496         0.0000         0.0000      1814.4897          -7490.2406       304.5165     -9304.7304     -7535.0461       299.6416           -518.2091      -379.2025     31190.3756      -383.5721      -307.1006
FEP:     900000        19.4974    -10745.1774      1421.2302

WRITING EXTENDED SYSTEM TO RESTART FILE AT STEP 900000
WRITING COORDINATES TO DCD FILE mobley_3976574_prod.dcd AT STEP 900000
WRITING COORDINATES TO RESTART FILE AT STEP 900000
FINISHED WRITING RESTART COORDINATES
WRITING VELOCITIES TO RESTART FILE AT STEP 900000
FINISHED WRITING RESTART VELOCITIES
PRESSURE: 1000000 -378.785 -84.6106 -300.973 -84.6088 -202.622 -559.105 -300.976 -559.103 -326.833
GPRESSURE: 1000000 -217.505 -81.9007 -84.4254 16.6481 -28.6125 -849.452 -558.993 -511.879 -278.698
PRESSAVG: 1000000 -313.19 7.03254 -176.807 7.03254 -222.521 -101.652 -176.807 -101.652 -274.441
GPRESSAVG: 1000000 -258.417 39.0481 -84.6956 47.168 -143.572 -123.34 -199.671 -28.3044 -163.743
TIMING: 1000000  CPU: 7745.19, 0.000407189/step  Wall: 8347.1, 0.000461389/step, 374.522 ns/days, 0.0640818 hours remaining, 0.000000 MB of memory in use.
PERFORMANCE: 1000000  averaging 392.967 ns/day, 0.000439731 sec/step with standard deviation 1.88315e-05
ETITLE:      TS           BOND          ANGLE          DIHED          IMPRP               ELECT            VDW       BOUNDARY           MISC        KINETIC               TOTAL           TEMP      POTENTIAL       TOTALAVG        TEMPAVG            PRESSURE      GPRESSURE         VOLUME       PRESSAVG      GPRESSAVG
FEPTITLE:    TS          BOND2         ELECT2           VDW2

ENERGY: 1000000        10.5948         4.0186         5.3474         0.0000         -10792.9348      1413.6173         0.0000         0.0000      1809.3197          -7550.0371       303.6488     -9359.3567     -7536.4090       300.0059           -302.7469      -174.9387     30231.8589      -376.2243      -295.0859
FEP:    1000000        19.9608    -10792.9348      1413.9499

WRITING EXTENDED SYSTEM TO RESTART FILE AT STEP 1000000
WRITING COORDINATES TO DCD FILE mobley_3976574_prod.dcd AT STEP 1000000
WRITING COORDINATES TO RESTART FILE AT STEP 1000000
FINISHED WRITING RESTART COORDINATES
WRITING VELOCITIES TO RESTART FILE AT STEP 1000000
FINISHED WRITING RESTART VELOCITIES
PRESSURE: 1100000 -2078.6 -173.501 26.5197 -173.502 -922.59 16.897 26.5184 16.8991 -1000.62
GPRESSURE: 1100000 -1814.47 53.6392 116.889 -281.239 -948.252 -277.243 -41.7122 40.1773 -1039.34
PRESSAVG: 1100000 -426.829 -0.381761 -166.931 -0.381761 -257.9 -91.8457 -166.931 -91.8457 -364.151
GPRESSAVG: 1100000 -357.946 42.9285 -84.5259 42.6045 -188.935 -140.225 -196.505 -18.6923 -253.353
ENERGY: 1100000         9.1365         3.5105         3.2973         0.0000         -10661.9125      1361.0937         0.0000         0.0000      1840.9030          -7443.9715       308.9493     -9284.8745     -7528.7058       300.7512          -1333.9353     -1267.3550     31661.3463      -456.0336      -376.1083
FEP:    1100000        15.9443    -10661.9125      1361.3938

WRITING EXTENDED SYSTEM TO RESTART FILE AT STEP 1100000
WRITING COORDINATES TO DCD FILE mobley_3976574_prod.dcd AT STEP 1100000
WRITING COORDINATES TO RESTART FILE AT STEP 1100000
FINISHED WRITING RESTART COORDINATES
WRITING VELOCITIES TO RESTART FILE AT STEP 1100000
FINISHED WRITING RESTART VELOCITIES
PRESSURE: 1200000 1334.22 154.982 325.016 154.983 -174.57 148.408 325.012 148.402 1321.5
GPRESSURE: 1200000 1305.97 37.963 663.025 66.9181 -51.1545 468.074 538.191 -121.78 1365.05
PRESSAVG: 1200000 -358.991 -12.668 -134.455 -12.668 -275.942 -86.6573 -134.455 -86.6573 -297.192
GPRESSAVG: 1200000 -297.288 22.0599 -30.05 21.0959 -202.842 -128.75 -161.612 -44.9002 -189.819
ENERGY: 1200000         9.7553         9.7017         5.0388         0.0000         -11063.3095      1586.9118         0.0000         0.0000      1807.0401          -7644.8619       303.2663     -9451.9020     -7537.6409       300.9447            827.0486       873.2867     30431.3104      -357.3349      -280.0010
FEP:    1200000        24.4957    -11063.3095      1587.8771

WRITING EXTENDED SYSTEM TO RESTART FILE AT STEP 1200000
WRITING COORDINATES TO DCD FILE mobley_3976574_prod.dcd AT STEP 1200000
WRITING COORDINATES TO RESTART FILE AT STEP 1200000
FINISHED WRITING RESTART COORDINATES
WRITING VELOCITIES TO RESTART FILE AT STEP 1200000
FINISHED WRITING RESTART VELOCITIES
PRESSURE: 1300000 876.486 183.676 340.045 183.677 587.914 -518.063 340.035 -518.061 -242.844
GPRESSURE: 1300000 1057 183.674 50.0641 -121.743 267.275 -373.443 505.102 -420.767 -53.2251
PRESSAVG: 1300000 -279.307 2.24619 -114.517 2.24619 -265.653 -82.5161 -114.517 -82.5161 -292.747
GPRESSAVG: 1300000 -220.253 59.6467 -6.60867 6.86386 -215.493 -102.329 -151.372 -36.2731 -176.552
ENERGY: 1300000         5.6161         2.0482         7.5743         0.0000         -10821.5921      1499.1877         0.0000         0.0000      1753.5431          -7553.6227       294.2882     -9307.1658     -7538.7825       300.4692            407.1855       423.6829     30667.6337      -302.7263      -229.7379
FEP:    1300000        15.2386    -10821.5921      1499.8770

WRITING EXTENDED SYSTEM TO RESTART FILE AT STEP 1300000
WRITING COORDINATES TO DCD FILE mobley_3976574_prod.dcd AT STEP 1300000
WRITING COORDINATES TO RESTART FILE AT STEP 1300000
FINISHED WRITING RESTART COORDINATES
WRITING VELOCITIES TO RESTART FILE AT STEP 1300000
FINISHED WRITING RESTART VELOCITIES
PRESSURE: 1400000 1063.93 -134.622 486.918 -134.624 115.389 31.0748 486.921 31.0713 247.304
GPRESSURE: 1400000 1239.73 -108.732 402.16 -136.871 73.6872 -235.952 590.899 -182.966 393.414
PRESSAVG: 1400000 -202.83 -22.3154 -89.4568 -22.3154 -221.988 -55.8647 -89.4568 -55.8647 -278.425
GPRESSAVG: 1400000 -126.961 41.0243 26.1434 -25.1114 -183.27 -71.5663 -119.871 -36.7326 -167.765
ENERGY: 1400000         6.0103         5.8573         6.3364         0.0000         -10884.6244      1529.5091         0.0000         0.0000      1720.5109          -7616.4003       288.7445     -9336.9112     -7543.9570       299.6875            475.5407       568.9454     30745.2820      -250.8419      -176.4923
FEP:    1400000        18.2040    -10884.6244      1530.1196

WRITING EXTENDED SYSTEM TO RESTART FILE AT STEP 1400000
WRITING COORDINATES TO DCD FILE mobley_3976574_prod.dcd AT STEP 1400000
WRITING COORDINATES TO RESTART FILE AT STEP 1400000
FINISHED WRITING RESTART COORDINATES
WRITING VELOCITIES TO RESTART FILE AT STEP 1400000
FINISHED WRITING RESTART VELOCITIES
PRESSURE: 1500000 39.8639 315.489 401.439 315.49 473.004 -239.766 401.439 -239.765 -72.3972
GPRESSURE: 1500000 137.716 322.885 57.704 345.549 398.257 -10.7673 169.051 -489.916 123.199
PRESSAVG: 1500000 -198.861 -6.17361 -65.6481 -6.17361 -143.285 -36.5221 -65.6481 -36.5221 -256.136
GPRESSAVG: 1500000 -127.874 43.3208 7.59967 -4.65474 -108.136 -42.9867 -103.538 -42.0672 -132.024
ENERGY: 1500000         3.6215         4.3332         4.0972         0.0000         -10803.5772      1481.2637         0.0000         0.0000      1793.9974          -7516.2642       301.0774     -9310.2616     -7542.2262       299.7744            146.8235       219.7237     30670.1385      -225.9878      -151.7288
FEP:    1500000        12.0519    -10803.5772      1481.8283

WRITING EXTENDED SYSTEM TO RESTART FILE AT STEP 1500000
WRITING COORDINATES TO DCD FILE mobley_3976574_prod.dcd AT STEP 1500000
WRITING COORDINATES TO RESTART FILE AT STEP 1500000
FINISHED WRITING RESTART COORDINATES
WRITING VELOCITIES TO RESTART FILE AT STEP 1500000
FINISHED WRITING RESTART VELOCITIES
TCL: Running FEP window  14: Lambda1 0.34999999999999964 Lambda2 0.29999999999999966 [dLambda -0.04999999999999999]
TCL: Setting parameter firsttimestep to 0
TCL: Setting parameter alchLambda to 0.34999999999999964
Info: NONBONDED TABLE R-SQUARED SPACING: 0.0625
Info: NONBONDED TABLE SIZE: 705 POINTS
Info: INCONSISTENCY IN FAST TABLE ENERGY VS FORCE: 0.000290481 AT 0.251946
Info: INCONSISTENCY IN SCOR TABLE ENERGY VS FORCE: 0.000238233 AT 8.9687
Info: ABSOLUTE IMPRECISION IN VDWA TABLE ENERGY: 1.21169e-27 AT 8.99653
Info: ABSOLUTE IMPRECISION IN VDWA TABLE FORCE: 2.57484e-27 AT 8.99653
Info: INCONSISTENCY IN VDWA TABLE ENERGY VS FORCE: 0.0040507 AT 0.251946
Info: INCONSISTENCY IN VDWB TABLE ENERGY VS FORCE: 0.00150189 AT 0.251946
TCL: Setting parameter alchLambda2 to 0.29999999999999966
Info: NONBONDED TABLE R-SQUARED SPACING: 0.0625
Info: NONBONDED TABLE SIZE: 705 POINTS
Info: INCONSISTENCY IN FAST TABLE ENERGY VS FORCE: 0.000290481 AT 0.251946
Info: INCONSISTENCY IN SCOR TABLE ENERGY VS FORCE: 0.000238233 AT 8.9687
Info: ABSOLUTE IMPRECISION IN VDWA TABLE ENERGY: 1.21169e-27 AT 8.99653
Info: ABSOLUTE IMPRECISION IN VDWA TABLE FORCE: 2.57484e-27 AT 8.99653
Info: INCONSISTENCY IN VDWA TABLE ENERGY VS FORCE: 0.0040507 AT 0.251946
Info: INCONSISTENCY IN VDWB TABLE ENERGY VS FORCE: 0.00150189 AT 0.251946
TCL: Running for 1500000 steps
FEP: RESETTING FOR NEW FEP WINDOW LAMBDA SET TO 0.35 LAMBDA2 0.3
FEP: WINDOW TO HAVE 100000 STEPS OF EQUILIBRATION PRIOR TO FEP DATA COLLECTION.
FEP: USING CONSTANT TEMPERATURE OF 300 K FOR FEP CALCULATION
PRESSURE: 0 14.615 266.907 367.39 266.909 472.377 -284.595 367.387 -284.594 -129.915
GPRESSURE: 0 125.825 322.711 68.5485 345.291 392.971 -11.7816 179.833 -490.995 110.911
ETITLE:      TS           BOND          ANGLE          DIHED          IMPRP               ELECT            VDW       BOUNDARY           MISC        KINETIC               TOTAL           TEMP      POTENTIAL       TOTALAVG        TEMPAVG            PRESSURE      GPRESSURE         VOLUME       PRESSAVG      GPRESSAVG
FEPTITLE:    TS          BOND2         ELECT2           VDW2

ENERGY:       0         3.6215         4.3332         4.0972         0.0000         -10803.5784      1481.8282         0.0000         0.0000      1793.0892          -7516.6091       300.9250     -9309.6983     -7516.6091       300.9250            119.0257       209.9022     30670.1385       119.0257       209.9022
FEP:          0        12.0519    -10803.5784      1482.6841

PRESSURE: 100000 80.7802 -60.2788 191.95 -60.2789 -596.726 -247.488 191.953 -247.489 -276.231
GPRESSURE: 100000 -5.82286 49.4332 248.424 -32.2776 -685.304 -532.589 87.8676 -170.162 75.7028
PRESSAVG: 100000 -176.97 42.5809 -97.4413 42.5809 -216.513 -46.6397 -97.4413 -46.6397 -245.143
GPRESSAVG: 100000 -110.272 85.483 -38.5658 56.2406 -177.491 -70.9044 -149.902 -52.4943 -119.117
ENERGY:  100000         6.6091         4.7835         9.7417         0.0000         -10700.6385      1437.3939         0.0000         0.0000      1819.1550          -7422.9553       305.2995     -9242.1103     -7469.7822       303.1122           -264.0589      -205.1414     31299.4678       -72.5166         2.3804
FEP:     100000        21.1343    -10700.6385      1437.8354

WRITING EXTENDED SYSTEM TO RESTART FILE AT STEP 100000
WRITING COORDINATES TO DCD FILE mobley_3976574_prod.dcd AT STEP 100000
WRITING COORDINATES TO RESTART FILE AT STEP 100000
FINISHED WRITING RESTART COORDINATES
WRITING VELOCITIES TO RESTART FILE AT STEP 100000
FINISHED WRITING RESTART VELOCITIES
PRESSURE: 200000 93.1045 141.953 -336.825 141.949 -288.33 492.566 -336.829 492.568 440.722
GPRESSURE: 200000 406.999 163.596 -381.139 415.036 -338.727 547.195 -75.7469 576.209 460.316
PRESSAVG: 200000 -140.063 43.1105 -105.832 43.1105 -231.987 -33.4575 -105.832 -33.4575 -167.215
GPRESSAVG: 200000 -65.3648 94.3862 -57.4293 61.1883 -194.97 -47.5019 -143.494 -37.5496 -49.0035
ENERGY:  200000         4.1436         3.4830         4.1140         0.0000         -10944.6614      1509.6215         0.0000         0.0000      1799.2704          -7624.0290       301.9623     -9423.2993     -7521.1978       302.7289             81.8321       176.1959     31031.1484       -21.0670        60.3189
FEP:     200000        11.7405    -10944.6614      1509.8559

WRITING EXTENDED SYSTEM TO RESTART FILE AT STEP 200000
WRITING COORDINATES TO DCD FILE mobley_3976574_prod.dcd AT STEP 200000
WRITING COORDINATES TO RESTART FILE AT STEP 200000
FINISHED WRITING RESTART COORDINATES
WRITING VELOCITIES TO RESTART FILE AT STEP 200000
FINISHED WRITING RESTART VELOCITIES
PRESSURE: 300000 -21.3 -48.4474 306.488 -48.4488 -1613.55 116.855 306.485 116.858 -546.199
GPRESSURE: 300000 78.9369 -292.927 299 -119.77 -1216.14 -293.639 267.652 151.306 -608.138
PRESSAVG: 300000 -175.473 26.4196 -60.1331 26.4196 -299.1 -63.3804 -60.1331 -63.3804 -186.331
GPRESSAVG: 300000 -93.7514 68.9191 -11.087 34.1483 -252.582 -103.866 -105.36 -68.5288 -77.939
ENERGY:  300000         7.7535         3.2406         6.0322         0.0000         -10632.1363      1372.5175         0.0000         0.0000      1789.8901          -7452.7024       300.3881     -9242.5924     -7504.0739       302.1437           -727.0172      -581.7807     31226.3853      -197.5546      -100.2060
FEP:     300000        17.0263    -10632.1363      1373.3440

WRITING EXTENDED SYSTEM TO RESTART FILE AT STEP 300000
WRITING COORDINATES TO DCD FILE mobley_3976574_prod.dcd AT STEP 300000
WRITING COORDINATES TO RESTART FILE AT STEP 300000
FINISHED WRITING RESTART COORDINATES
WRITING VELOCITIES TO RESTART FILE AT STEP 300000
FINISHED WRITING RESTART VELOCITIES
PRESSURE: 400000 441.695 -425.316 317.487 -425.316 1111.18 -73.8604 317.483 -73.8657 -48.3205
GPRESSURE: 400000 355.526 -632.856 333.766 -486.77 1197.22 202.978 98.9974 -322.905 210.513
PRESSAVG: 400000 -189.148 -9.31161 -16.8268 -9.31161 -232.709 -102.435 -16.8268 -102.435 -178.268
GPRESSAVG: 400000 -108.23 26.408 36.9735 -11.2866 -189.341 -135.351 -75.6809 -123.175 -65.9927
ENERGY:  400000         4.6695         3.1919         4.5647         0.0000         -10841.6116      1490.2707         0.0000         0.0000      1808.4971          -7530.4176       303.5108     -9338.9146     -7509.3427       302.4171            501.5172       587.7518     30341.7060       -57.7402        37.3856
FEP:     400000        12.4262    -10841.6116      1490.5835

WRITING EXTENDED SYSTEM TO RESTART FILE AT STEP 400000
WRITING COORDINATES TO DCD FILE mobley_3976574_prod.dcd AT STEP 400000
WRITING COORDINATES TO RESTART FILE AT STEP 400000
FINISHED WRITING RESTART COORDINATES
WRITING VELOCITIES TO RESTART FILE AT STEP 400000
FINISHED WRITING RESTART VELOCITIES
PRESSURE: 500000 407.209 -92.2268 -329.986 -92.2254 752.034 54.7066 -329.989 54.713 909.441
GPRESSURE: 500000 517.379 165.2 -370.391 -200.611 861.675 -143.925 -322.45 169.399 871.56
PRESSAVG: 500000 -104.765 10.3034 -9.30789 10.3034 -105.775 -85.7351 -9.30789 -85.7351 -87.7934
GPRESSAVG: 500000 -25.4917 51.6532 43.7751 18.5388 -53.28 -129.152 -76.6062 -98.2246 19.9413
ENERGY:  500000         5.4392         4.3090         7.7741         0.0000         -10844.3176      1534.8865         0.0000         0.0000      1798.0335          -7493.8753       301.7548     -9291.9088     -7506.7648       302.3067            689.5611       750.2047     31019.4778        66.8100       156.1888
FEP:     500000        17.5223    -10844.3176      1534.7930

WRITING EXTENDED SYSTEM TO RESTART FILE AT STEP 500000
WRITING COORDINATES TO DCD FILE mobley_3976574_prod.dcd AT STEP 500000
WRITING COORDINATES TO RESTART FILE AT STEP 500000
FINISHED WRITING RESTART COORDINATES
WRITING VELOCITIES TO RESTART FILE AT STEP 500000
FINISHED WRITING RESTART VELOCITIES
PRESSURE: 600000 -139.824 302.695 16.4013 302.695 -495.675 2.84353 16.4041 2.838 -772.952
GPRESSURE: 600000 -245.98 517.835 7.26569 405.332 -636.074 87.7366 52.1798 -107.631 -357.943
PRESSAVG: 600000 -91.6916 13.7479 -7.51789 13.7479 -84.386 -103.882 -7.51789 -103.882 -56.7031
GPRESSAVG: 600000 -17.0947 42.6712 40.2417 33.1101 -43.8189 -142.309 -53.8589 -115.22 65.1756
ENERGY:  600000         5.5194         3.3476         7.4764         0.0000         -10867.7459      1435.9650         0.0000         0.0000      1768.1500          -7647.2875       296.7396     -9415.4375     -7526.8394       301.5114           -469.4838      -413.3326     30910.3127        -9.8034        74.8286
FEP:     600000        16.3434    -10867.7459      1436.5780

WRITING EXTENDED SYSTEM TO RESTART FILE AT STEP 600000
WRITING COORDINATES TO DCD FILE mobley_3976574_prod.dcd AT STEP 600000
WRITING COORDINATES TO RESTART FILE AT STEP 600000
FINISHED WRITING RESTART COORDINATES
WRITING VELOCITIES TO RESTART FILE AT STEP 600000
FINISHED WRITING RESTART VELOCITIES
PRESSURE: 700000 -1134.87 -51.2175 -262.245 -51.2196 -1686.91 123.619 -262.245 123.619 -1295.16
GPRESSURE: 700000 -1060.66 -150.738 -36.3422 200.587 -1653 106.999 -530.269 -115.859 -1085.54
PRESSAVG: 700000 -162.903 2.19914 -13.0507 2.19914 -211.992 -104.09 -13.0507 -104.09 -131.147
GPRESSAVG: 700000 -92.0512 36.096 46.6131 36.7512 -164.4 -143.634 -70.7033 -125.87 -0.8757
ENERGY:  700000         8.0772         4.3984         8.4496         0.0000         -10598.4113      1305.6695         0.0000         0.0000      1760.8992          -7510.9173       295.5227     -9271.8165     -7524.8492       300.7628          -1372.3116     -1266.4001     31071.1429      -180.1169       -92.8250
FEP:     700000        20.9253    -10598.4113      1305.8345

WRITING EXTENDED SYSTEM TO RESTART FILE AT STEP 700000
WRITING COORDINATES TO DCD FILE mobley_3976574_prod.dcd AT STEP 700000
WRITING COORDINATES TO RESTART FILE AT STEP 700000
FINISHED WRITING RESTART COORDINATES
WRITING VELOCITIES TO RESTART FILE AT STEP 700000
FINISHED WRITING RESTART VELOCITIES
PRESSURE: 800000 104.748 118.079 -35.2836 118.081 -408.636 358.035 -35.2802 358.033 248.031
GPRESSURE: 800000 132.186 18.3059 156.923 230.484 -493.76 418.939 65.0301 242.986 493.647
PRESSAVG: 800000 -94.9502 -8.22679 10.7523 -8.22679 -219.708 -57.5721 10.7523 -57.5721 -159.849
GPRESSAVG: 800000 -20.2197 5.50537 76.2921 37.4174 -179.916 -66.6912 -38.6392 -101.496 -25.4943
ENERGY:  800000         6.2032        10.0707         9.4163         0.0000         -10779.2895      1438.7298         0.0000         0.0000      1744.0948          -7570.7746       292.7025     -9314.8694     -7529.9520       299.8672            -18.6191        44.0242     30406.2452      -162.1727       -77.6195
FEP:     800000        25.6903    -10779.2895      1439.6004

WRITING EXTENDED SYSTEM TO RESTART FILE AT STEP 800000
WRITING COORDINATES TO DCD FILE mobley_3976574_prod.dcd AT STEP 800000
WRITING COORDINATES TO RESTART FILE AT STEP 800000
FINISHED WRITING RESTART COORDINATES
WRITING VELOCITIES TO RESTART FILE AT STEP 800000
FINISHED WRITING RESTART VELOCITIES
PRESSURE: 900000 -1016.76 792.25 784.352 792.253 -665.636 16.5418 784.353 16.5404 410.272
GPRESSURE: 900000 -1027.43 583.125 848.821 908.254 -706.968 14.1297 510.671 27.8869 540.375
PRESSAVG: 900000 -97.9365 27.0176 35.9922 27.0176 -242.353 -41.5758 35.9922 -41.5758 -124.224
GPRESSAVG: 900000 -18.8889 35.5879 91.372 57.5405 -217.088 -48.3337 -20.8345 -91.6003 14.7903
ENERGY:  900000         5.0720         7.7167         5.7713         0.0000         -10787.7503      1400.3086         0.0000         0.0000      1775.1838          -7593.6978       297.9200     -9368.8816     -7536.3266       299.6725           -424.0427      -398.0064     30504.7650      -188.3597      -109.6582
FEP:     900000        18.5600    -10787.7503      1401.3202

WRITING EXTENDED SYSTEM TO RESTART FILE AT STEP 900000
WRITING COORDINATES TO DCD FILE mobley_3976574_prod.dcd AT STEP 900000
WRITING COORDINATES TO RESTART FILE AT STEP 900000
FINISHED WRITING RESTART COORDINATES
WRITING VELOCITIES TO RESTART FILE AT STEP 900000
FINISHED WRITING RESTART VELOCITIES
PRESSURE: 1000000 642.922 -295.071 -824.687 -295.073 -566.932 -749.5 -824.683 -749.504 95.0056
GPRESSURE: 1000000 591.97 -549.197 -321.297 -438.242 -55.9803 -471.69 -1116.25 -765.202 101.933
PRESSAVG: 1000000 -94.0198 12.3556 10.7422 12.3556 -327.203 -73.0799 10.7422 -73.0799 -147.236
GPRESSAVG: 1000000 -20.9982 7.25358 86.6244 34.0228 -284.402 -69.5593 -52.6582 -152.816 -11.2577
TIMING: 1000000  CPU: 8355.71, 0.000406829/step  Wall: 9133.75, 0.000550622/step, 313.827 ns/days, 0.0764753 hours remaining, 0.000000 MB of memory in use.
PERFORMANCE: 1000000  averaging 386.014 ns/day, 0.000447652 sec/step with standard deviation 3.47231e-05
ETITLE:      TS           BOND          ANGLE          DIHED          IMPRP               ELECT            VDW       BOUNDARY           MISC        KINETIC               TOTAL           TEMP      POTENTIAL       TOTALAVG        TEMPAVG            PRESSURE      GPRESSURE         VOLUME       PRESSAVG      GPRESSAVG
FEPTITLE:    TS          BOND2         ELECT2           VDW2

ENERGY: 1000000         3.2615         4.0853         4.9469         0.0000         -10743.8268      1439.5424         0.0000         0.0000      1855.4110          -7436.5796       311.3841     -9291.9906     -7527.2587       300.7372             56.9986       212.6411     30946.8461      -166.0544       -80.3583
FEP:    1000000        12.2938    -10743.8268      1440.0880

WRITING EXTENDED SYSTEM TO RESTART FILE AT STEP 1000000
WRITING COORDINATES TO DCD FILE mobley_3976574_prod.dcd AT STEP 1000000
WRITING COORDINATES TO RESTART FILE AT STEP 1000000
FINISHED WRITING RESTART COORDINATES
WRITING VELOCITIES TO RESTART FILE AT STEP 1000000
FINISHED WRITING RESTART VELOCITIES
PRESSURE: 1100000 -941.952 -137.492 239.834 -137.49 -688.322 60.1922 239.838 60.1878 -511.777
GPRESSURE: 1100000 -878.075 31.7353 429.692 106.153 -346.535 -55.2596 -378.502 -97.1537 -720.326
PRESSAVG: 1100000 -63.1165 9.74191 42.0803 9.74191 -325.229 -67.8048 42.0803 -67.8048 -137.879
GPRESSAVG: 1100000 8.16177 14.4523 111.341 30.7711 -262.837 -64.8402 -45.6396 -140.992 -19.4927
ENERGY: 1100000         6.4516         4.0577         7.0361         0.0000         -10846.4292      1415.4856         0.0000         0.0000      1791.2754          -7622.1227       300.6206     -9413.3981     -7535.1640       300.7275           -714.0170      -648.3119     31227.3442      -211.7180      -127.6878
FEP:    1100000        17.5455    -10846.4292      1416.1838

WRITING EXTENDED SYSTEM TO RESTART FILE AT STEP 1100000
WRITING COORDINATES TO DCD FILE mobley_3976574_prod.dcd AT STEP 1100000
WRITING COORDINATES TO RESTART FILE AT STEP 1100000
FINISHED WRITING RESTART COORDINATES
WRITING VELOCITIES TO RESTART FILE AT STEP 1100000
FINISHED WRITING RESTART VELOCITIES
PRESSURE: 1200000 -304.821 -388.094 -43.6589 -388.097 -179.903 272.755 -43.6596 272.755 -193.426
GPRESSURE: 1200000 -187.224 -572.489 -262.212 -180.044 -79.632 48.6218 -173.033 567.826 -164.074
PRESSAVG: 1200000 -59.5132 11.266 48.4371 11.266 -283.176 -40.5447 48.4371 -40.5447 -117.055
GPRESSAVG: 1200000 13.7779 7.54479 84.8657 35.8395 -218.897 -59.5231 -40.7887 -97.1887 -6.64364
ENERGY: 1200000         7.2345         6.5366         6.2623         0.0000         -10808.1699      1440.3807         0.0000         0.0000      1767.3458          -7580.4099       296.6046     -9347.7558     -7538.6445       300.4103           -226.0503      -143.6431     30280.7466      -212.8205      -128.9151
FEP:    1200000        20.0334    -10808.1699      1440.8795

WRITING EXTENDED SYSTEM TO RESTART FILE AT STEP 1200000
WRITING COORDINATES TO DCD FILE mobley_3976574_prod.dcd AT STEP 1200000
WRITING COORDINATES TO RESTART FILE AT STEP 1200000
FINISHED WRITING RESTART COORDINATES
WRITING VELOCITIES TO RESTART FILE AT STEP 1200000
FINISHED WRITING RESTART VELOCITIES
PRESSURE: 1300000 865.241 -7.90504 -49.0584 -7.90516 -340.798 85.0428 -49.057 85.0418 684.355
GPRESSURE: 1300000 628.227 52.3734 -36.5757 13.6982 12.1959 -82.6552 -128.198 71.6174 753.807
PRESSAVG: 1300000 -2.60538 18.8624 81.0555 18.8624 -265.965 -44.6427 81.0555 -44.6427 -53.0018
GPRESSAVG: 1300000 57.015 5.68176 109.495 52.8191 -201.843 -72.1862 -12.984 -97.4906 59.657
ENERGY: 1300000         8.2393         4.6452         7.4969         0.0000         -10882.7236      1515.3788         0.0000         0.0000      1804.4873          -7542.4760       302.8379     -9346.9633     -7538.9181       300.5837            402.9328       464.7432     30781.4356      -168.8381       -86.5109
FEP:    1300000        20.3815    -10882.7236      1515.7119

WRITING EXTENDED SYSTEM TO RESTART FILE AT STEP 1300000
WRITING COORDINATES TO DCD FILE mobley_3976574_prod.dcd AT STEP 1300000
WRITING COORDINATES TO RESTART FILE AT STEP 1300000
FINISHED WRITING RESTART COORDINATES
WRITING VELOCITIES TO RESTART FILE AT STEP 1300000
FINISHED WRITING RESTART VELOCITIES
FATAL ERROR: Error on writing to file rf.fepout: Disk quota exceeded
[8] Stack Traceback:
  [8:0] namd3 0x11031a8 CmiAbortHelper(char const*, char const*, char const*, int, int)
  [8:1] namd3 0x11032ad 
  [8:2] namd3 0x7b77c9 
  [8:3] namd3 0x7b7e09 NAMD_write(int, char const*, unsigned long, char const*)
  [8:4] namd3 0xaa4c37 ofstream_namd::flush()
  [8:5] namd3 0xa45777 Controller::outputFepEnergy(int)
  [8:6] namd3 0xa50684 Controller::printStep(int, NodeReduction*)
  [8:7] namd3 0xc3c7dd Sequencer::integrate_CUDA_SOA(int)
  [8:8] namd3 0xc3da2a Sequencer::algorithm()
  [8:9] namd3 0x10c4d05 CthStartThread
  [8:10] namd3 0x10c4f4f make_fcontext
[8] Stack Traceback:
  [8:0] namd3 0x110207e 
  [8:1] namd3 0x110311e LrtsAbort(char const*)
  [8:2] namd3 0x11031b0 CmiAbortHelper(char const*, char const*, char const*, int, int)
  [8:3] namd3 0x11032ad 
  [8:4] namd3 0x7b77c9 
  [8:5] namd3 0x7b7e09 NAMD_write(int, char const*, unsigned long, char const*)
  [8:6] namd3 0xaa4c37 ofstream_namd::flush()
  [8:7] namd3 0xa45777 Controller::outputFepEnergy(int)
  [8:8] namd3 0xa50684 Controller::printStep(int, NodeReduction*)
  [8:9] namd3 0xc3c7dd Sequencer::integrate_CUDA_SOA(int)
  [8:10] namd3 0xc3da2a Sequencer::algorithm()
  [8:11] namd3 0x10c4d05 CthStartThread
  [8:12] namd3 0x10c4f4f make_fcontext
