Charm++: standalone mode (not using charmrun)
Charm++> Running in Multicore mode: 12 threads (PEs)
Charm++> Using recursive bisection (scheme 3) for topology aware partitions
Converse/Charm++ Commit ID: 
CharmLB> Load balancer assumes all CPUs are same.
Charm++> Running on 1 hosts (2 sockets x 6 cores x 1 PUs = 12-way SMP)
Charm++> cpu topology info is gathered in 0.001 seconds.
Info: Built with CUDA version 11080
Did not find +devices i,j,k,... argument, using all
Pe 11 physical rank 11 will use CUDA device of pe 8
Pe 6 physical rank 6 will use CUDA device of pe 8
Pe 0 physical rank 0 will use CUDA device of pe 8
Pe 7 physical rank 7 will use CUDA device of pe 8
Pe 2 physical rank 2 will use CUDA device of pe 8
Pe 3 physical rank 3 will use CUDA device of pe 8
Pe 4 physical rank 4 will use CUDA device of pe 8
Pe 10 physical rank 10 will use CUDA device of pe 8
Pe 5 physical rank 5 will use CUDA device of pe 8
Pe 9 physical rank 9 will use CUDA device of pe 8
Pe 1 physical rank 1 will use CUDA device of pe 8
Pe 8 physical rank 8 binding to CUDA device 0 on k105: 'Tesla V100-SXM2-32GB'  Mem: 32494MB  Rev: 7.0  PCI: 0:3b:0
CharmLB> Load balancing instrumentation for communication is off.
Info: NAMD 3.0.1 for Linux-x86_64-multicore-CUDA
Info: 
Info: Please visit http://www.ks.uiuc.edu/Research/namd/
Info: for updates, documentation, and support information.
Info: 
Info: Please cite Phillips et al., J. Chem. Phys. 153:044130 (2020) doi:10.1063/5.0014475
Info: in all publications reporting results obtained with NAMD.
Info: 
Info: Based on Charm++/Converse 80000 for multicore-linux-x86_64-gcc
Info: Built Mon Oct 14 10:33:44 CDT 2024 by dhardy on athine.ks.uiuc.edu
Info: 1 NAMD  3.0.1  Linux-x86_64-multicore-CUDA  12    k105  z5358697
Info: Running on 12 processors, 1 nodes, 1 physical nodes.
Info: CPU topology information available.
Info: Charm++/Converse parallel runtime startup completed at 0.132368 s
CkLoopLib is used in SMP with simple dynamic scheduling (converse-level notification)
Info: 0 MB of memory in use based on /proc/self/stat
Info: Configuration file is prod.namd
Info: Working in the current directory /srv/scratch/z5358697/.automated/3765
TCL: Running FEP window   1: Lambda1 1.00   Lambda2 0.95   [dLambda -0.050000000000000044]
TCL: Suspending until startup complete.
Warning: The following variables were set in the
Warning: configuration file but will be ignored:
Warning:    switchdist (switching)
Warning: Option "1-4scaling" has been deprecated. Instead use "oneFourScaling".
Info: EXTENDED SYSTEM FILE   mobley_5371840_equil.xsc
Info: Tuning parameters to improve GPU-resident performance
Warning: Keeping margin at user-specified value 2
Warning: Performance might be improved by increasing margin size to >= 4
Warning: Disabling lonepair support due to incompatability with GPU-resident.
Info: Running with GPU-resident mode
Warning: Always using force tables for GPU nonbonded kernel due to unsupported config parameters.
Info: SIMULATION PARAMETERS:
Info: TIMESTEP               2
Info: NUMBER OF STEPS        0
Info: STEPS PER CYCLE        10
Info: PERIODIC CELL BASIS 1  32.8194 0 0
Info: PERIODIC CELL BASIS 2  0 33.4398 0
Info: PERIODIC CELL BASIS 3  0 0 27.7073
Info: PERIODIC CELL CENTER   0 0 0
Info: WRAPPING WATERS AROUND PERIODIC BOUNDARIES ON OUTPUT.
Info: WRAPPING ALL CLUSTERS AROUND PERIODIC BOUNDARIES ON OUTPUT.
Info: LOAD BALANCER  Centralized
Info: LOAD BALANCING STRATEGY  New Load Balancers -- DEFAULT
Info: LDB PERIOD             2000 steps
Info: FIRST LDB TIMESTEP     50
Info: LAST LDB TIMESTEP     -1
Info: LDB BACKGROUND SCALING 1
Info: HOM BACKGROUND SCALING 1
Info: PME BACKGROUND SCALING 1
Info: MIN ATOMS PER PATCH    40
Info: EMPTY PATCH LOAD       40 ATOMS
Info: VELOCITY FILE          mobley_5371840_equil.vel
Info: CENTER OF MASS MOVING INITIALLY? NO
Info: DIELECTRIC             1
Info: EXCLUDE                SCALED ONE-FOUR
Info: 1-4 ELECTROSTATICS SCALED BY 0.833333
Info: MODIFIED 1-4 VDW PARAMETERS WILL BE USED
Info: DCD FILENAME           mobley_5371840_prod.dcd
Info: DCD FREQUENCY          100000
Info: DCD FIRST STEP         100000
Info: DCD FILE WILL CONTAIN UNIT CELL DATA
Info: XST FILENAME           mobley_5371840_prod.xst
Info: XST FREQUENCY          100000
Info: NO VELOCITY DCD OUTPUT
Info: NO FORCE DCD OUTPUT
Info: OUTPUT FILENAME        mobley_5371840_prod
Info: BINARY OUTPUT FILES WILL BE USED
Info: RESTART FILENAME       mobley_5371840_prod.restart
Info: RESTART FREQUENCY      100000
Info: BINARY RESTART FILES WILL BE USED
Info: CUTOFF                 9
Info: PAIRLIST DISTANCE      11
Info: PAIRLIST SHRINK RATE   0.01
Info: PAIRLIST GROW RATE     0.01
Info: PAIRLIST TRIGGER       0.3
Info: PAIRLISTS PER CYCLE    2
Info: PAIRLISTS ENABLED
Info: MARGIN                 2
Info: HYDROGEN GROUP CUTOFF  2.5
Info: PATCH DIMENSION        15.5
Info: ENERGY OUTPUT STEPS    100000
Warning: The period of outputting energies relating to alchemical transformations (alchOutFreq = 50) is not a multiple of the period of computing energies (computeEnergies = 100000). If alchOutFreq is smaller than outputEnergies and computeEnergies is not defined, a better solution is to set computeEnergies explicitly and keep it the same as alchOutFreq. The simulation will use the greatest common divisor of computeEnergies and alchOutFreq as the period of energy evaluation.
Info: ENERGY EVALUATION STEPS    100000
Info: OUTPUT ENERGY PRECISION 4
Info: CROSSTERM ENERGY INCLUDED IN DIHEDRAL
Info: TIMING OUTPUT STEPS    1000000
Info: PRESSURE OUTPUT STEPS  100000
Info: ALCHEMICAL FEP ON
Info: FEP CURRENT LAMBDA VALUE     1
Info: FEP COMPARISON LAMBDA VALUE  0.95
Info: FEP INTRA-ALCHEMICAL NON-BONDED INTERACTIONS WILL BE RETAINED
Info: FEP INTRA-ALCHEMICAL BONDED INTERACTIONS WILL BE RETAINED
Info: FEP VDW SHIFTING COEFFICIENT 5
Info: FEP ELEC. ACTIVE FOR ANNIHILATED PARTICLES BETWEEN LAMBDA = 0 AND LAMBDA = 0.5
Info: FEP ELEC. ACTIVE FOR EXNIHILATED PARTICLES BETWEEN LAMBDA = 0.5 AND LAMBDA = 1
Info: FEP VDW ACTIVE FOR ANNIHILATED PARTICLES BETWEEN LAMBDA = 0 AND LAMBDA = 1
Info: FEP VDW ACTIVE FOR EXNIHILATED PARTICLES BETWEEN LAMBDA = 0 AND LAMBDA = 1
Info: FEP BOND ACTIVE FOR ANNIHILATED PARTICLES BETWEEN LAMBDA = 1 AND LAMBDA = 1
Info: FEP BOND ACTIVE FOR EXNIHILATED PARTICLES BETWEEN LAMBDA = 0 AND LAMBDA = 0
Info: LANGEVIN DYNAMICS ACTIVE
Info: LANGEVIN TEMPERATURE   300
Info: LANGEVIN USING BBK INTEGRATOR
Info: LANGEVIN DAMPING COEFFICIENT IS 1 INVERSE PS
Info: LANGEVIN DYNAMICS APPLIED TO HYDROGENS
Info: LANGEVIN PISTON PRESSURE CONTROL ACTIVE
Info:        TARGET PRESSURE IS 1.01325 BAR
Info:     OSCILLATION PERIOD IS 50 FS
Info:             DECAY TIME IS 25 FS
Info:     PISTON TEMPERATURE IS 300 K
Info:       PRESSURE CONTROL IS GROUP-BASED
Info:    INITIAL STRAIN RATE IS -0.000592969 -0.000592969 -0.000592969
Info:       CELL FLUCTUATION IS ISOTROPIC
Info: PARTICLE MESH EWALD (PME) ACTIVE
Info: PME TOLERANCE               1e-06
Info: PME EWALD COEFFICIENT       0.348832
Info: PME INTERPOLATION ORDER     4
Info: PME GRID DIMENSIONS         36 36 28
Info: PME MAXIMUM GRID SPACING    1
Info: PME CALCULATION WILL BE PERFORMED ON GPU
Info: FULL ELECTROSTATIC EVALUATION FREQUENCY      2
Info: USING VERLET I (r-RESPA) MTS SCHEME.
Info: C1 SPLITTING OF LONG RANGE ELECTROSTATICS
Info: PLACING ATOMS IN PATCHES BY HYDROGEN GROUPS
Info: RIGID BONDS TO HYDROGEN : ALL
Info:         ERROR TOLERANCE : 1e-08
Info:          MAX ITERATIONS : 100
Info: RIGID WATER USING SETTLE ALGORITHM
Info: RANDOM NUMBER SEED     1743648359
Info: USE HYDROGEN BONDS?    NO
Info: Using AMBER format force field!
Info: AMBER PARM FILE        mobley_5371840.prmtop
Info: COORDINATE PDB         mobley_5371840.pdb
Info: Exclusions will be read from PARM file!
Info: SCNB (VDW SCALING)     2
Info: USING ARITHMETIC MEAN TO COMBINE L-J SIGMA PARAMETERS
Info: BINARY COORDINATES     mobley_5371840_equil.coor
Info: === Start reading AMBER parm7 format file mobley_5371840.prmtop ===
Info: Complete reading ATOM_NAME with 2977 fields.
Info: Complete reading CHARGE with 2977 fields.
Info: Complete reading ATOMIC_NUMBER with 2977 fields.
Info: Complete reading MASS with 2977 fields.
Info: Complete reading ATOM_TYPE_INDEX with 2977 fields.
Info: Complete reading NUMBER_EXCLUDED_ATOMS with 2977 fields.
Info: Complete reading NONBONDED_PARM_INDEX with 36 fields.
Info: Complete reading RESIDUE_LABEL with 986 fields.
Info: Complete reading RESIDUE_POINTER with 986 fields.
Info: Complete reading BOND_FORCE_CONSTANT with 6 fields.
Info: Complete reading BOND_EQUIL_VALUE with 6 fields.
Info: Complete reading ANGLE_FORCE_CONSTANT with 5 fields.
Info: Complete reading ANGLE_EQUIL_VALUE with 5 fields.
Info: Complete reading DIHEDRAL_FORCE_CONSTANT with 3 fields.
Info: Complete reading DIHEDRAL_PERIODICITY with 3 fields.
Info: Complete reading DIHEDRAL_PHASE with 3 fields.
Info: Complete reading SCEE_SCALE_FACTOR with 3 fields.
Info: Complete reading SCNB_SCALE_FACTOR with 3 fields.
Info: Complete reading LENNARD_JONES_ACOEF with 21 fields.
Info: Complete reading LENNARD_JONES_BCOEF with 21 fields.
Info: Complete reading BONDS_INC_HYDROGEN with 8886 fields.
Info: Complete reading BONDS_WITHOUT_HYDROGEN with 51 fields.
Info: Complete reading ANGLES_INC_HYDROGEN with 56 fields.
Info: Complete reading ANGLES_WITHOUT_HYDROGEN with 96 fields.
Info: Complete reading DIHEDRALS_INC_HYDROGEN with 155 fields.
Info: Complete reading DIHEDRALS_WITHOUT_HYDROGEN with 185 fields.
Info: Complete reading EXCLUDED_ATOMS_LIST with 4053 fields.
Info: Complete reading HBOND_ACOEF with 0 fields.
Info: Complete reading HBOND_BCOEF with 0 fields.
Info: Complete reading AMBER_ATOM_TYPE with 2977 fields.
Info: Complete reading TREE_CHAIN_CLASSIFICATION with 2977 fields.
Info: Complete reading ATOMS_PER_MOLECULE with 986 fields.
Info: Complete reading BOX_DIMENSIONS with 4 fields.
Info: Complete reading RADIUS_SET with 1 fields.
Info: Complete reading RADII with 2977 fields.
Info: Complete reading SCREEN with 2977 fields.
Info: === Finish reading AMBER parm7 format file. ===
Warning: Found 985 H-H bonds.
Info: SUMMARY OF PARAMETERS:
Info: 6 BONDS
Info: 5 ANGLES
Info:   5 HARMONIC
Info:   0 COSINE-BASED
Info: 3 DIHEDRAL
Info: 0 IMPROPER
Info: 0 CROSSTERM
Info: 0 VDW
Info: 21 VDW_PAIRS
Info: 0 NBTHOLE_PAIRS
Info: Reading pdb file mobley_5371840.pdb
Info: TIME FOR READING PDB FILE: 0.00849633
Info: 
Info: To read alchdata from file: mobley_5371840.pdb
Info: To read alchflag data from column: 5
Info: ****************************
Info: STRUCTURE SUMMARY:
Info: 2977 ATOMS
Info: 2979 BONDS
Info: 38 ANGLES
Info: 68 DIHEDRALS
Info: 0 IMPROPERS
Info: 0 CROSSTERMS
Info: 3064 EXCLUSIONS
Info: 2962 RIGID BONDS
Info: ALCH: 0 ATOMS TO DISAPPEAR IN FINAL STATE
Info: ALCH: 22 ATOMS TO APPEAR IN FINAL STATE
Info: 5969 DEGREES OF FREEDOM
Info: 1000 HYDROGEN GROUPS
Info: 3 ATOMS IN LARGEST HYDROGEN GROUP
Info: 1000 MIGRATION GROUPS
Info: 3 ATOMS IN LARGEST MIGRATION GROUP
Info: TOTAL MASS = 17964.4 amu
Info: TOTAL CHARGE = -0.000200002 e
Info: MASS DENSITY = 0.981031 g/cm^3
Info: ATOM DENSITY = 0.0979016 atoms/A^3
Info: *****************************
Info: Reading from binary file mobley_5371840_equil.coor
Info: 
Info: Entering startup at 2.25331 s, 0 MB of memory in use
Info: Startup phase 0 took 0.000133172 s, 0 MB of memory in use
Info: ADDED 0 IMPLICIT EXCLUSIONS
Info: Startup phase 1 took 0.00109651 s, 0 MB of memory in use
Info: NONBONDED TABLE R-SQUARED SPACING: 0.0625
Info: NONBONDED TABLE SIZE: 705 POINTS
Info: INCONSISTENCY IN FAST TABLE ENERGY VS FORCE: 0.000290481 AT 0.251946
Info: INCONSISTENCY IN SCOR TABLE ENERGY VS FORCE: 0.000238233 AT 8.9687
Info: ABSOLUTE IMPRECISION IN VDWA TABLE ENERGY: 1.21169e-27 AT 8.99653
Info: ABSOLUTE IMPRECISION IN VDWA TABLE FORCE: 2.57484e-27 AT 8.99653
Info: INCONSISTENCY IN VDWA TABLE ENERGY VS FORCE: 0.0040507 AT 0.251946
Info: INCONSISTENCY IN VDWB TABLE ENERGY VS FORCE: 0.00150189 AT 0.251946
Info: Startup phase 2 took 0.000306713 s, 0 MB of memory in use
Info: Startup phase 3 took 8.2688e-05 s, 0 MB of memory in use
Info: Startup phase 4 took 0.000183801 s, 0 MB of memory in use
Info: Startup phase 5 took 7.5658e-05 s, 0 MB of memory in use
Info: REDUCING NUMBER OF PATCHES TO IMPROVE LOAD BALANCE
Info: PATCH GRID IS 4 (PERIODIC) BY 3 (PERIODIC) BY 1 (PERIODIC)
Info: PATCH GRID IS 2-AWAY BY 2-AWAY BY 1-AWAY
Info: Reading from binary file mobley_5371840_equil.vel
Info: REMOVING COM VELOCITY -0.177757 0.0749879 0.0546275
Info: LARGEST PATCH (7) HAS 264 ATOMS
Info: TORUS A SIZE 1 USING 0
Info: TORUS B SIZE 1 USING 0
Info: TORUS C SIZE 1 USING 0
Info: TORUS MINIMAL MESH SIZE IS 1 BY 1 BY 1
Info: Placed 100% of base nodes on same physical node as patch
Info: Startup phase 6 took 0.00573731 s, 0 MB of memory in use
Info: Use 3D box decompostion in PME FFT.
Info: PME using 1 x 1 x 1 pencil grid for FFT and reciprocal sum.
Info: Startup phase 7 took 0.000402008 s, 0 MB of memory in use
Info: Updated CUDA force table with 4096 elements.
Info: Updated CUDA LJ table with 6 x 6 elements.
Info: Startup phase 8 took 0.00122071 s, 0 MB of memory in use
Info: Startup phase 9 took 0.000117116 s, 0 MB of memory in use
Info: Startup phase 10 took 8.7313e-05 s, 0 MB of memory in use
Info: Startup phase 11 took 0.00216357 s, 0 MB of memory in use
LDB: Central LB being created...
Info: Startup phase 12 took 0.00813689 s, 0 MB of memory in use
Info: CREATING 636 COMPUTE OBJECTS
Info: Found 23 unique exclusion lists needing 68 bytes
Info: useSync: 0 useProxySync: 0
Info: Startup phase 13 took 0.018309 s, 0 MB of memory in use
Info: Startup phase 14 took 0.000163314 s, 0 MB of memory in use
Info: Startup phase 15 took 6.4096e-05 s, 0 MB of memory in use
Info: Finished startup at 2.29159 s, 0 MB of memory in use

TCL: Running for 1500000 steps
FEP: RESETTING FOR NEW FEP WINDOW LAMBDA SET TO 1 LAMBDA2 0.95
FEP: WINDOW TO HAVE 100000 STEPS OF EQUILIBRATION PRIOR TO FEP DATA COLLECTION.
FEP: USING CONSTANT TEMPERATURE OF 300 K FOR FEP CALCULATION
PRESSURE: 0 186.072 -53.3897 -47.2177 -53.3909 481.583 160.194 -47.2129 160.191 -250.4
GPRESSURE: 0 351.249 -6.18187 -237.197 -572.766 590.608 426.82 343.353 -200.372 -231.104
ETITLE:      TS           BOND          ANGLE          DIHED          IMPRP               ELECT            VDW       BOUNDARY           MISC        KINETIC               TOTAL           TEMP      POTENTIAL       TOTALAVG        TEMPAVG            PRESSURE      GPRESSURE         VOLUME       PRESSAVG      GPRESSAVG
FEPTITLE:    TS          BOND2         ELECT2           VDW2

ENERGY:       0         5.9105         7.1813         4.4083         0.0000         -10749.7792      1446.7594         0.0000         0.0000      1819.9428          -7465.5768       306.8644     -9285.5196     -7465.5768       306.8644            139.0851       236.9175     30408.0837       139.0851       236.9175
FEP:          0        17.5001    -10749.2403      1447.3687

OPENING FEP ENERGY OUTPUT FILE
OPENING EXTENDED SYSTEM TRAJECTORY FILE
Info: Initial time: 12 CPUs 0.000741464 s/step 233.053 ns/day 0 MB memory
Info: Initial time: 12 CPUs 0.000471765 s/step 366.284 ns/day 0 MB memory
Info: Initial time: 12 CPUs 0.000457668 s/step 377.566 ns/day 0 MB memory
Info: Benchmark time: 12 CPUs 0.000455167 s/step 379.641 ns/day 0 MB memory
Info: Benchmark time: 12 CPUs 0.000457069 s/step 378.061 ns/day 0 MB memory
Info: Benchmark time: 12 CPUs 0.000464689 s/step 371.862 ns/day 0 MB memory
Info: Benchmark time: 12 CPUs 0.000455041 s/step 379.746 ns/day 0 MB memory
Info: Benchmark time: 12 CPUs 0.000459315 s/step 376.212 ns/day 0 MB memory
Info: Benchmark time: 12 CPUs 0.000460002 s/step 375.651 ns/day 0 MB memory
PRESSURE: 100000 992.081 -55.7127 -490.641 -55.7114 697.109 191.202 -490.642 191.205 -665.214
GPRESSURE: 100000 1129.86 219.699 -753.251 189.269 847.907 -316.624 -153.414 388.492 -494.167
PRESSAVG: 100000 589.077 -54.5511 -268.927 -54.5511 589.346 175.698 -268.927 175.698 -457.807
GPRESSAVG: 100000 740.555 106.759 -495.224 -191.748 719.257 55.0983 94.9695 94.06 -362.636
ENERGY:  100000         4.4493         1.9370         5.6126         0.0000         -10766.7350      1443.3830         0.0000         0.0000      1822.7589          -7488.5942       307.3393     -9311.3531     -7477.0855       307.1018            341.3253       494.5336     30404.2684       240.2052       365.7256
FEP:     100000        11.9989    -10765.6245      1443.6383

WRITING EXTENDED SYSTEM TO RESTART FILE AT STEP 100000
OPENING COORDINATE DCD FILE
WRITING COORDINATES TO DCD FILE mobley_5371840_prod.dcd AT STEP 100000
WRITING COORDINATES TO RESTART FILE AT STEP 100000
FINISHED WRITING RESTART COORDINATES
The last position output (seq=100000) takes 0.014 seconds, 0.000 MB of memory in use
WRITING VELOCITIES TO RESTART FILE AT STEP 100000
FINISHED WRITING RESTART VELOCITIES
The last velocity output (seq=100000) takes 0.009 seconds, 0.000 MB of memory in use
PRESSURE: 200000 -79.2277 -179.501 247.566 -179.501 -194.56 285.038 247.564 285.037 -995.373
GPRESSURE: 200000 -161.022 -53.6376 342.538 -171.302 -167.005 215.718 195.357 284.148 -819.857
PRESSAVG: 200000 366.309 -96.2012 -96.7636 -96.2012 328.044 212.145 -96.7636 212.145 -636.996
GPRESSAVG: 200000 440.029 53.2933 -215.97 -184.933 423.837 108.638 128.432 157.423 -515.043
ENERGY:  200000         5.2207         4.8256         4.8955         0.0000         -10724.6873      1397.8228         0.0000         0.0000      1744.0375          -7567.8851       294.0659     -9311.9226     -7507.3520       302.7565           -423.0537      -382.6277     30938.3023        19.1189       116.2745
FEP:     200000        14.9418    -10723.7586      1397.7785

WRITING EXTENDED SYSTEM TO RESTART FILE AT STEP 200000
WRITING COORDINATES TO DCD FILE mobley_5371840_prod.dcd AT STEP 200000
WRITING COORDINATES TO RESTART FILE AT STEP 200000
FINISHED WRITING RESTART COORDINATES
The last position output (seq=200000) takes 0.014 seconds, 0.000 MB of memory in use
WRITING VELOCITIES TO RESTART FILE AT STEP 200000
FINISHED WRITING RESTART VELOCITIES
The last velocity output (seq=200000) takes 0.014 seconds, 0.000 MB of memory in use
PRESSURE: 300000 -545.038 -294.991 -201.494 -294.992 72.1167 -41.9839 -201.489 -41.9882 -364.763
GPRESSURE: 300000 -451.189 -474.939 -224.68 152.229 80.8596 0.157104 -215.082 -14.2675 -459.929
PRESSAVG: 300000 138.472 -145.899 -122.945 -145.899 264.062 148.611 -122.945 148.611 -568.938
GPRESSAVG: 300000 217.225 -78.7649 -218.147 -100.642 338.092 81.518 42.5537 114.5 -501.264
ENERGY:  300000         3.0809         4.4120         7.1133         0.0000         -10739.5232      1409.7998         0.0000         0.0000      1751.7436          -7563.3735       295.3652     -9315.1171     -7521.3574       300.9087           -279.2282      -276.7529     30952.3438       -55.4679        18.0176
FEP:     300000        14.6062    -10738.7558      1410.0960

WRITING EXTENDED SYSTEM TO RESTART FILE AT STEP 300000
WRITING COORDINATES TO DCD FILE mobley_5371840_prod.dcd AT STEP 300000
WRITING COORDINATES TO RESTART FILE AT STEP 300000
FINISHED WRITING RESTART COORDINATES
The last position output (seq=300000) takes 0.023 seconds, 0.000 MB of memory in use
WRITING VELOCITIES TO RESTART FILE AT STEP 300000
FINISHED WRITING RESTART VELOCITIES
The last velocity output (seq=300000) takes 0.022 seconds, 0.000 MB of memory in use
PRESSURE: 400000 500.762 -175.475 -295.042 -175.474 -440.343 17.0076 -295.041 17.0073 -929.028
GPRESSURE: 400000 561.037 -226.872 -675.98 36.5623 -153.042 -268.813 -375.998 604.286 -809.647
PRESSAVG: 400000 210.93 -151.814 -157.364 -151.814 123.181 122.291 -157.364 122.291 -640.956
GPRESSAVG: 400000 285.987 -108.386 -309.714 -73.2015 239.866 11.4517 -41.1567 212.457 -562.941
ENERGY:  400000         5.5720         4.1810         8.3630         0.0000         -10752.1430      1450.6231         0.0000         0.0000      1742.9179          -7540.4860       293.8771     -9283.4039     -7525.1831       299.5024           -289.5365      -133.8837     30440.2354      -102.2816       -12.3626
FEP:     400000        18.1160    -10751.1597      1450.8476

WRITING EXTENDED SYSTEM TO RESTART FILE AT STEP 400000
WRITING COORDINATES TO DCD FILE mobley_5371840_prod.dcd AT STEP 400000
WRITING COORDINATES TO RESTART FILE AT STEP 400000
FINISHED WRITING RESTART COORDINATES
The last position output (seq=400000) takes 0.021 seconds, 0.000 MB of memory in use
WRITING VELOCITIES TO RESTART FILE AT STEP 400000
FINISHED WRITING RESTART VELOCITIES
The last velocity output (seq=400000) takes 0.021 seconds, 0.000 MB of memory in use
PRESSURE: 500000 -446.213 86.4602 -351.593 86.4621 -460.156 -365.981 -351.591 -365.986 -709.374
GPRESSURE: 500000 -357.078 -29.2107 81.5665 334.164 -425.389 -331.263 -406.608 -294.134 -634.795
PRESSAVG: 500000 101.406 -112.101 -189.735 -112.101 25.9583 40.9112 -189.735 40.9112 -652.359
GPRESSAVG: 500000 178.81 -95.1905 -244.5 -5.30722 128.99 -45.6674 -102.065 128.025 -574.917
ENERGY:  500000         6.3101        11.3558         4.0458         0.0000         -10594.7344      1345.4686         0.0000         0.0000      1798.5220          -7429.0320       303.2526     -9227.5540     -7509.1579       300.1274           -538.5808      -472.4209     30975.1854      -174.9981       -89.0390
FEP:     500000        21.7117    -10594.2223      1345.5656

WRITING EXTENDED SYSTEM TO RESTART FILE AT STEP 500000
WRITING COORDINATES TO DCD FILE mobley_5371840_prod.dcd AT STEP 500000
WRITING COORDINATES TO RESTART FILE AT STEP 500000
FINISHED WRITING RESTART COORDINATES
The last position output (seq=500000) takes 0.019 seconds, 0.000 MB of memory in use
WRITING VELOCITIES TO RESTART FILE AT STEP 500000
FINISHED WRITING RESTART VELOCITIES
The last velocity output (seq=500000) takes 0.017 seconds, 0.000 MB of memory in use
PRESSURE: 600000 735.836 359.491 222.227 359.494 1228.89 -163.879 222.228 -163.877 848.401
GPRESSURE: 600000 722.566 194.833 134.06 250.952 1308.13 2.35832 342.202 -333.256 935.857
PRESSAVG: 600000 192.039 -44.7304 -130.883 -44.7304 197.806 11.6557 -130.883 11.6557 -437.964
GPRESSAVG: 600000 256.489 -53.7585 -190.42 31.3012 297.438 -38.8065 -38.5984 62.1282 -359.092
ENERGY:  600000         5.8934         6.9561         4.3970         0.0000         -10938.5749      1564.1380         0.0000         0.0000      1785.9720          -7571.2184       301.1365     -9357.1904     -7518.0237       300.2716            937.7092       988.8504     30609.2818       -16.0399        64.9452
FEP:     600000        17.2465    -10938.1210      1564.6809

WRITING EXTENDED SYSTEM TO RESTART FILE AT STEP 600000
WRITING COORDINATES TO DCD FILE mobley_5371840_prod.dcd AT STEP 600000
WRITING COORDINATES TO RESTART FILE AT STEP 600000
FINISHED WRITING RESTART COORDINATES
The last position output (seq=600000) takes 0.018 seconds, 0.000 MB of memory in use
WRITING VELOCITIES TO RESTART FILE AT STEP 600000
FINISHED WRITING RESTART VELOCITIES
PRESSURE: 700000 -288.207 0.930043 -106.542 0.9292 649.408 61.4135 -106.541 61.4104 -536.515
GPRESSURE: 700000 -214.654 -7.77504 74.0561 497.903 553.144 -561.761 -187.439 363.496 -354.34
PRESSAVG: 700000 132.008 -39.0229 -127.841 -39.0229 254.256 17.875 -127.841 17.875 -450.283
GPRESSAVG: 700000 197.596 -48.0106 -157.361 89.6264 329.401 -104.176 -57.2035 99.7991 -358.498
ENERGY:  700000         5.9158         3.7005         3.6889         0.0000         -10760.6148      1433.7599         0.0000         0.0000      1814.0505          -7499.4992       305.8709     -9313.5497     -7515.7081       300.9715            -58.4380        -5.2832     30822.6117       -21.3397        56.1666
FEP:     700000        13.3052    -10759.8902      1433.8552

WRITING EXTENDED SYSTEM TO RESTART FILE AT STEP 700000
WRITING COORDINATES TO DCD FILE mobley_5371840_prod.dcd AT STEP 700000
WRITING COORDINATES TO RESTART FILE AT STEP 700000
FINISHED WRITING RESTART COORDINATES
The last position output (seq=700000) takes 0.019 seconds, 0.000 MB of memory in use
WRITING VELOCITIES TO RESTART FILE AT STEP 700000
FINISHED WRITING RESTART VELOCITIES
PRESSURE: 800000 1149.8 -99.85 -339.851 -99.8462 888.386 -278.441 -339.852 -278.442 54.842
GPRESSURE: 800000 1229.34 -10.537 -287.026 -44.8772 1061.86 50.6183 -509.884 -598.911 -76.6757
PRESSAVG: 800000 245.096 -45.7811 -151.397 -45.7811 324.715 -15.0491 -151.397 -15.0491 -394.158
GPRESSAVG: 800000 312.234 -43.8468 -171.768 74.6815 410.786 -86.9765 -107.501 22.1647 -327.184
ENERGY:  800000         6.7878         6.9277         3.9300         0.0000         -10759.1692      1490.1072         0.0000         0.0000      1805.1455          -7446.2711       304.3694     -9251.4166     -7507.9929       301.3490            697.6760       738.1746     30285.2991        58.5509       131.9453
FEP:     800000        17.6454    -10757.8818      1489.0594

WRITING EXTENDED SYSTEM TO RESTART FILE AT STEP 800000
WRITING COORDINATES TO DCD FILE mobley_5371840_prod.dcd AT STEP 800000
WRITING COORDINATES TO RESTART FILE AT STEP 800000
FINISHED WRITING RESTART COORDINATES
The last position output (seq=800000) takes 0.018 seconds, 0.000 MB of memory in use
WRITING VELOCITIES TO RESTART FILE AT STEP 800000
FINISHED WRITING RESTART VELOCITIES
PRESSURE: 900000 430.771 20.4523 -506.605 20.4521 -125.532 526.549 -506.604 526.55 410.153
GPRESSURE: 900000 562.54 -65.9081 -397.776 -58.2795 -54.1481 105.514 -163.984 544.591 334.036
PRESSAVG: 900000 263.664 -39.1578 -186.918 -39.1578 279.69 39.1108 -186.918 39.1108 -313.727
GPRESSAVG: 900000 337.265 -46.053 -194.369 61.3854 364.293 -67.7275 -113.15 74.4073 -261.062
ENERGY:  900000         7.5767         4.9805         4.4264         0.0000         -10879.0752      1487.5871         0.0000         0.0000      1756.1628          -7618.3417       296.1103     -9374.5045     -7519.0278       300.8252            238.4639       280.8093     30814.5007        76.5422       146.8317
FEP:     900000        16.9836    -10878.5013      1488.4684

WRITING EXTENDED SYSTEM TO RESTART FILE AT STEP 900000
WRITING COORDINATES TO DCD FILE mobley_5371840_prod.dcd AT STEP 900000
WRITING COORDINATES TO RESTART FILE AT STEP 900000
FINISHED WRITING RESTART COORDINATES
The last position output (seq=900000) takes 0.016 seconds, 0.000 MB of memory in use
WRITING VELOCITIES TO RESTART FILE AT STEP 900000
FINISHED WRITING RESTART VELOCITIES
PRESSURE: 1000000 30.7097 -306.9 -72.43 -306.899 228.392 -439.764 -72.4301 -439.765 46.0012
GPRESSURE: 1000000 256.855 -449.471 -59.143 -130.398 137.448 -273.486 -55.5438 -460.51 32.0011
PRESSAVG: 1000000 242.486 -63.4979 -176.51 -63.4979 275.027 -4.42336 -176.51 -4.42336 -281.025
GPRESSAVG: 1000000 329.955 -82.7274 -182.076 43.9505 343.67 -86.4328 -107.913 25.7785 -234.42
TIMING: 1000000  CPU: 410.1, 0.000407983/step  Wall: 419.211, 0.000419175/step, 412.238 ns/days, 0.0582188 hours remaining, 0.000000 MB of memory in use.
PERFORMANCE: 1000000  averaging 412.238 ns/day, 0.000419175 sec/step with standard deviation 0
ETITLE:      TS           BOND          ANGLE          DIHED          IMPRP               ELECT            VDW       BOUNDARY           MISC        KINETIC               TOTAL           TEMP      POTENTIAL       TOTALAVG        TEMPAVG            PRESSURE      GPRESSURE         VOLUME       PRESSAVG      GPRESSAVG
FEPTITLE:    TS          BOND2         ELECT2           VDW2

ENERGY: 1000000         7.3020         8.3139         3.8397         0.0000         -10864.1215      1483.3764         0.0000         0.0000      1769.0334          -7592.2561       298.2805     -9361.2895     -7525.6849       300.5938            101.7011       142.1014     30508.8120        78.8294       146.4017
FEP:    1000000        19.4556    -10863.5001      1483.3195

WRITING EXTENDED SYSTEM TO RESTART FILE AT STEP 1000000
WRITING COORDINATES TO DCD FILE mobley_5371840_prod.dcd AT STEP 1000000
WRITING COORDINATES TO RESTART FILE AT STEP 1000000
FINISHED WRITING RESTART COORDINATES
The last position output (seq=1000000) takes 0.022 seconds, 0.000 MB of memory in use
WRITING VELOCITIES TO RESTART FILE AT STEP 1000000
FINISHED WRITING RESTART VELOCITIES
PRESSURE: 1100000 -677.299 100.501 303.23 100.501 -774.876 -776.381 303.233 -776.381 -655.558
GPRESSURE: 1100000 -607.559 182.693 191.827 246.842 -589.308 -448.418 518.619 -886.075 -671.605
PRESSAVG: 1100000 165.837 -49.8313 -136.532 -49.8313 187.535 -68.7531 -136.532 -68.7531 -312.236
GPRESSAVG: 1100000 251.829 -60.609 -150.917 60.8582 265.922 -116.598 -55.7018 -50.2093 -270.852
ENERGY: 1100000         3.9037         4.6016         6.9611         0.0000         -10667.1101      1343.0758         0.0000         0.0000      1784.5426          -7524.0254       300.8955     -9308.5679     -7525.5466       300.6190           -702.5777      -622.8240     30667.8487        13.7121        82.2995
FEP:    1100000        15.4664    -10666.1083      1343.2766

WRITING EXTENDED SYSTEM TO RESTART FILE AT STEP 1100000
WRITING COORDINATES TO DCD FILE mobley_5371840_prod.dcd AT STEP 1100000
WRITING COORDINATES TO RESTART FILE AT STEP 1100000
FINISHED WRITING RESTART COORDINATES
WRITING VELOCITIES TO RESTART FILE AT STEP 1100000
FINISHED WRITING RESTART VELOCITIES
PRESSURE: 1200000 -472.926 8.30317 676.462 8.30337 -395.985 431.361 676.463 431.36 494.808
GPRESSURE: 1200000 -496.78 -101.793 297.255 150.287 -147.185 467.665 785.61 641.916 509.504
PRESSAVG: 1200000 116.702 -45.3594 -73.9935 -45.3594 142.649 -30.2829 -73.9935 -30.2829 -250.155
GPRESSAVG: 1200000 194.243 -63.777 -116.442 67.7373 234.145 -71.6549 9.01449 3.03106 -210.825
ENERGY: 1200000         4.0381         2.7699         3.3213         0.0000         -10785.3046      1415.1477         0.0000         0.0000      1821.2553          -7538.7723       307.0857     -9360.0276     -7526.5640       301.1164           -124.7011       -44.8204     30142.8053         3.0650        72.5211
FEP:    1200000        10.1293    -10784.5617      1416.2242

WRITING EXTENDED SYSTEM TO RESTART FILE AT STEP 1200000
WRITING COORDINATES TO DCD FILE mobley_5371840_prod.dcd AT STEP 1200000
WRITING COORDINATES TO RESTART FILE AT STEP 1200000
FINISHED WRITING RESTART COORDINATES
WRITING VELOCITIES TO RESTART FILE AT STEP 1200000
FINISHED WRITING RESTART VELOCITIES
PRESSURE: 1300000 3.92185 262.534 437.142 262.534 881.364 -211.362 437.139 -211.356 388.149
GPRESSURE: 1300000 283.443 201.254 131.989 499.05 829.389 67.6845 1035.57 -59.4012 336.452
PRESSAVG: 1300000 108.646 -23.3671 -37.484 -23.3671 195.414 -43.2167 -37.484 -43.2167 -204.562
GPRESSAVG: 1300000 200.615 -44.8463 -98.6972 98.5454 276.662 -61.7021 82.3402 -1.42839 -171.734
ENERGY: 1300000         4.4922         4.3472         4.7114         0.0000         -10760.8876      1476.5262         0.0000         0.0000      1736.2446          -7534.5660       292.7519     -9270.8106     -7527.1356       300.5189            424.4784       483.0947     30496.2208        33.1659       101.8478
FEP:    1300000        13.5508    -10759.9873      1477.3937

WRITING EXTENDED SYSTEM TO RESTART FILE AT STEP 1300000
WRITING COORDINATES TO DCD FILE mobley_5371840_prod.dcd AT STEP 1300000
WRITING COORDINATES TO RESTART FILE AT STEP 1300000
FINISHED WRITING RESTART COORDINATES
WRITING VELOCITIES TO RESTART FILE AT STEP 1300000
FINISHED WRITING RESTART VELOCITIES
PRESSURE: 1400000 762.951 54.1726 -5.02799 54.1738 1069.38 401.588 -5.02407 401.584 -367.397
GPRESSURE: 1400000 740.649 -140.136 -360.073 458.795 1341.89 690.744 -97.1805 286.616 -259.892
PRESSAVG: 1400000 152.266 -18.1977 -35.32 -18.1977 253.679 -13.5633 -35.32 -13.5633 -215.418
GPRESSAVG: 1400000 236.617 -51.1989 -116.122 122.562 347.677 -11.539 70.3721 17.7745 -177.611
ENERGY: 1400000         4.7674         2.4863         4.5008         0.0000         -10735.1332      1483.4842         0.0000         0.0000      1806.6552          -7433.2395       304.6240     -9239.8946     -7520.8758       300.7926            488.3129       607.5476     30639.1510        63.5091       135.5611
FEP:    1400000        11.7544    -10734.6370      1484.3915

WRITING EXTENDED SYSTEM TO RESTART FILE AT STEP 1400000
WRITING COORDINATES TO DCD FILE mobley_5371840_prod.dcd AT STEP 1400000
WRITING COORDINATES TO RESTART FILE AT STEP 1400000
FINISHED WRITING RESTART COORDINATES
WRITING VELOCITIES TO RESTART FILE AT STEP 1400000
FINISHED WRITING RESTART VELOCITIES
PRESSURE: 1500000 179.349 440.022 149.237 440.027 -333.434 -318.972 149.24 -318.968 113.479
GPRESSURE: 1500000 358.802 602.871 340.568 460.111 -170.875 -372.968 -53.7971 -326.746 92.2587
PRESSAVG: 1500000 153.959 10.4413 -23.785 10.4413 216.984 -32.6511 -23.785 -32.6511 -194.862
GPRESSAVG: 1500000 244.253 -10.3196 -87.5791 143.659 315.268 -34.1283 62.6116 -3.758 -160.744
ENERGY: 1500000         4.6062         2.8732         6.7906         0.0000         -10788.6462      1489.9234         0.0000         0.0000      1789.3938          -7495.0590       301.7135     -9284.4527     -7519.2623       300.8502            -13.5355        93.3951     31332.0535        58.6938       132.9257
FEP:    1500000        14.2701    -10788.0313      1490.7671

WRITING EXTENDED SYSTEM TO RESTART FILE AT STEP 1500000
WRITING COORDINATES TO DCD FILE mobley_5371840_prod.dcd AT STEP 1500000
WRITING COORDINATES TO RESTART FILE AT STEP 1500000
FINISHED WRITING RESTART COORDINATES
WRITING VELOCITIES TO RESTART FILE AT STEP 1500000
FINISHED WRITING RESTART VELOCITIES
TCL: Running FEP window   2: Lambda1 0.95   Lambda2 0.8999999999999999 [dLambda -0.050000000000000044]
TCL: Setting parameter firsttimestep to 0
TCL: Setting parameter alchLambda to 0.95
Info: NONBONDED TABLE R-SQUARED SPACING: 0.0625
Info: NONBONDED TABLE SIZE: 705 POINTS
Info: INCONSISTENCY IN FAST TABLE ENERGY VS FORCE: 0.000290481 AT 0.251946
Info: INCONSISTENCY IN SCOR TABLE ENERGY VS FORCE: 0.000238233 AT 8.9687
Info: ABSOLUTE IMPRECISION IN VDWA TABLE ENERGY: 1.21169e-27 AT 8.99653
Info: ABSOLUTE IMPRECISION IN VDWA TABLE FORCE: 2.57484e-27 AT 8.99653
Info: INCONSISTENCY IN VDWA TABLE ENERGY VS FORCE: 0.0040507 AT 0.251946
Info: INCONSISTENCY IN VDWB TABLE ENERGY VS FORCE: 0.00150189 AT 0.251946
TCL: Setting parameter alchLambda2 to 0.8999999999999999
Info: NONBONDED TABLE R-SQUARED SPACING: 0.0625
Info: NONBONDED TABLE SIZE: 705 POINTS
Info: INCONSISTENCY IN FAST TABLE ENERGY VS FORCE: 0.000290481 AT 0.251946
Info: INCONSISTENCY IN SCOR TABLE ENERGY VS FORCE: 0.000238233 AT 8.9687
Info: ABSOLUTE IMPRECISION IN VDWA TABLE ENERGY: 1.21169e-27 AT 8.99653
Info: ABSOLUTE IMPRECISION IN VDWA TABLE FORCE: 2.57484e-27 AT 8.99653
Info: INCONSISTENCY IN VDWA TABLE ENERGY VS FORCE: 0.0040507 AT 0.251946
Info: INCONSISTENCY IN VDWB TABLE ENERGY VS FORCE: 0.00150189 AT 0.251946
TCL: Running for 1500000 steps
FEP: RESETTING FOR NEW FEP WINDOW LAMBDA SET TO 0.95 LAMBDA2 0.9
FEP: WINDOW TO HAVE 100000 STEPS OF EQUILIBRATION PRIOR TO FEP DATA COLLECTION.
FEP: USING CONSTANT TEMPERATURE OF 300 K FOR FEP CALCULATION
PRESSURE: 0 283.352 442.694 155.975 442.695 -313.054 -349.133 155.979 -349.134 66.4159
GPRESSURE: 0 355.497 606.268 344.944 463.737 -181.149 -380.018 -51.1892 -334.252 85.3151
ETITLE:      TS           BOND          ANGLE          DIHED          IMPRP               ELECT            VDW       BOUNDARY           MISC        KINETIC               TOTAL           TEMP      POTENTIAL       TOTALAVG        TEMPAVG            PRESSURE      GPRESSURE         VOLUME       PRESSAVG      GPRESSAVG
FEPTITLE:    TS          BOND2         ELECT2           VDW2

ENERGY:       0         4.6062         2.8732         6.7906         0.0000         -10788.0304      1490.7668         0.0000         0.0000      1788.5497          -7494.4438       301.5712     -9282.9935     -7494.4438       301.5712             12.2380        86.5545     31332.0535        12.2380        86.5545
FEP:          0        14.2701    -10787.4157      1491.7354

PRESSURE: 100000 -1136.34 -636.309 776.689 -636.31 -741.695 -292.225 776.687 -292.226 617.475
GPRESSURE: 100000 -1011.73 -711.823 513.507 -640.159 -574.028 -81.6683 898.341 -153.049 565.089
PRESSAVG: 100000 89.4639 -1.47523 30.6725 -1.47523 134.278 -64.6543 30.6725 -64.6543 -135.217
GPRESSAVG: 100000 180.657 -15.0371 -30.1564 117.895 238.284 -55.9855 102.719 -30.4127 -106.75
ENERGY:  100000        10.1519         4.2042         4.5379         0.0000         -10675.7582      1419.4565         0.0000         0.0000      1796.1036          -7441.3042       302.8448     -9237.4078     -7467.8740       302.2080           -420.1877      -340.2244     31225.2981      -203.9749      -126.8350
FEP:     100000        18.8939    -10675.1314      1420.2595

WRITING EXTENDED SYSTEM TO RESTART FILE AT STEP 100000
WRITING COORDINATES TO DCD FILE mobley_5371840_prod.dcd AT STEP 100000
WRITING COORDINATES TO RESTART FILE AT STEP 100000
FINISHED WRITING RESTART COORDINATES
WRITING VELOCITIES TO RESTART FILE AT STEP 100000
FINISHED WRITING RESTART VELOCITIES
PRESSURE: 200000 422.165 -32.9676 -32.2431 -32.9675 635.873 399.818 -32.2437 399.818 -186.518
GPRESSURE: 200000 739.008 166.055 37.3629 -223.937 484.678 -54.3717 -285.164 549.145 -152.09
PRESSAVG: 200000 106.974 -3.13271 27.3612 -3.13271 160.677 -40.2084 27.3612 -40.2084 -137.917
GPRESSAVG: 200000 210.043 -5.50594 -26.6027 99.9043 251.252 -55.9006 82.3039 0.0903448 -109.136
ENERGY:  200000         6.7184         4.7980         3.2016         0.0000         -10777.3600      1502.6188         0.0000         0.0000      1775.3945          -7484.6287       299.3530     -9260.0232     -7473.4589       301.2564            290.5066       357.1987     30812.9413       -39.1477        34.5096
FEP:     200000        14.7180    -10776.7053      1502.8754

WRITING EXTENDED SYSTEM TO RESTART FILE AT STEP 200000
WRITING COORDINATES TO DCD FILE mobley_5371840_prod.dcd AT STEP 200000
WRITING COORDINATES TO RESTART FILE AT STEP 200000
FINISHED WRITING RESTART COORDINATES
WRITING VELOCITIES TO RESTART FILE AT STEP 200000
FINISHED WRITING RESTART VELOCITIES
PRESSURE: 300000 348.47 16.8236 -142.698 16.823 -388.051 -370.165 -142.7 -370.168 -299.563
GPRESSURE: 300000 302.555 32.5184 -84.5394 -36.9118 -161.911 -331.752 -313.742 -111.538 -221.059
PRESSAVG: 300000 119.049 -2.13493 18.8581 -2.13493 133.241 -56.7064 18.8581 -56.7064 -145.999
GPRESSAVG: 300000 214.669 -3.60472 -29.4995 93.0635 230.594 -69.6931 62.5016 -5.49107 -114.732
ENERGY:  300000         4.8518         6.9870         4.0564         0.0000         -10793.5680      1447.1158         0.0000         0.0000      1706.4741          -7624.0830       287.7322     -9330.5571     -7511.1149       297.8753           -113.0480       -26.8052     30623.3683       -57.6228        19.1809
FEP:     300000        15.8952    -10792.9367      1447.2001

WRITING EXTENDED SYSTEM TO RESTART FILE AT STEP 300000
WRITING COORDINATES TO DCD FILE mobley_5371840_prod.dcd AT STEP 300000
WRITING COORDINATES TO RESTART FILE AT STEP 300000
FINISHED WRITING RESTART COORDINATES
WRITING VELOCITIES TO RESTART FILE AT STEP 300000
FINISHED WRITING RESTART VELOCITIES
PRESSURE: 400000 -669.668 -169.527 401.095 -169.527 -732.26 248.075 401.096 248.069 -442.13
GPRESSURE: 400000 -741.427 -500.521 277.724 66.7258 -574.895 219.39 166.435 378.645 -578.342
PRESSAVG: 400000 76.2623 -7.94175 41.2736 -7.94175 72.5489 -52.3125 41.2736 -52.3125 -155.585
GPRESSAVG: 400000 160.035 -28.3217 -3.75349 125.038 172.318 -80.0646 53.6556 23.4598 -132.094
ENERGY:  400000         4.7715         6.6958         7.5718         0.0000         -10772.0636      1376.3036         0.0000         0.0000      1826.3150          -7550.4059       307.9388     -9376.7209     -7518.9731       299.8880           -614.6858      -631.5545     30890.7459      -169.0354      -110.9662
FEP:     400000        19.0391    -10771.3071      1377.2335

WRITING EXTENDED SYSTEM TO RESTART FILE AT STEP 400000
WRITING COORDINATES TO DCD FILE mobley_5371840_prod.dcd AT STEP 400000
WRITING COORDINATES TO RESTART FILE AT STEP 400000
FINISHED WRITING RESTART COORDINATES
WRITING VELOCITIES TO RESTART FILE AT STEP 400000
FINISHED WRITING RESTART VELOCITIES
PRESSURE: 500000 -42.8253 179.347 15.7958 179.345 -313.232 158.658 15.797 158.66 -400.869
GPRESSURE: 500000 22.7441 28.336 109.419 390.001 -342.087 208.765 99.8162 239.248 -336.627
PRESSAVG: 500000 24.5169 3.81109 66.5955 3.81109 22.0318 -53.9398 66.5955 -53.9398 -142.368
GPRESSAVG: 500000 104.679 -37.8898 39.38 135.075 112.819 -53.7952 66.3171 15.9975 -124.217
ENERGY:  500000         5.1562         4.1387         3.8502         0.0000         -10738.0496      1404.4881         0.0000         0.0000      1755.7435          -7564.6730       296.0396     -9320.4165     -7526.5898       299.2466           -252.3088      -218.6569     30612.8536      -182.9143      -128.9146
FEP:     500000        13.1450    -10737.1841      1405.4054

WRITING EXTENDED SYSTEM TO RESTART FILE AT STEP 500000
WRITING COORDINATES TO DCD FILE mobley_5371840_prod.dcd AT STEP 500000
WRITING COORDINATES TO RESTART FILE AT STEP 500000
FINISHED WRITING RESTART COORDINATES
WRITING VELOCITIES TO RESTART FILE AT STEP 500000
FINISHED WRITING RESTART VELOCITIES
PRESSURE: 600000 -1817.8 -324.664 -405.076 -324.663 -1297.96 39.4807 -405.077 39.4779 -838.041
GPRESSURE: 600000 -1509.33 -474.003 -334.387 -187.602 -1463.47 255.34 -892.378 74.554 -831.825
PRESSAVG: 600000 -62.4115 -3.44698 33.9635 -3.44698 -33.1382 -66.2177 33.9635 -66.2177 -134.502
GPRESSAVG: 600000 37.2638 -58.9081 5.53377 134.26 47.9953 -51.8141 11.9304 5.51783 -124.816
ENERGY:  600000         6.5331         6.5702         3.1187         0.0000         -10667.1466      1320.8120         0.0000         0.0000      1778.6819          -7551.4306       299.9073     -9330.1125     -7530.1385       299.3410          -1317.9330     -1268.2108     30932.8358      -345.0598      -291.6712
FEP:     600000        16.2220    -10666.4090      1320.8743

WRITING EXTENDED SYSTEM TO RESTART FILE AT STEP 600000
WRITING COORDINATES TO DCD FILE mobley_5371840_prod.dcd AT STEP 600000
WRITING COORDINATES TO RESTART FILE AT STEP 600000
FINISHED WRITING RESTART COORDINATES
WRITING VELOCITIES TO RESTART FILE AT STEP 600000
FINISHED WRITING RESTART VELOCITIES
PRESSURE: 700000 640.5 -2.92595 372.87 -2.9256 -1068.45 -65.4349 372.871 -65.4323 366.678
GPRESSURE: 700000 804.347 -21.4839 323.042 -38.2705 -1009.61 -60.5315 316.575 -282.298 395.201
PRESSAVG: 700000 -3.13457 11.1563 62.6815 11.1563 -90.1667 -67.3899 62.6815 -67.3899 -97.9295
GPRESSAVG: 700000 100.041 -36.2353 32.9199 124.735 -6.52842 -54.8485 38.5132 -7.88368 -82.0591
ENERGY:  700000         8.4152         8.6089         7.0390         0.0000         -10889.1756      1517.9228         0.0000         0.0000      1783.5461          -7563.6437       300.7275     -9347.1897     -7534.3266       299.5143            -20.4245        63.3111     30931.9996      -304.4804      -247.2984
FEP:     700000        24.0631    -10888.0155      1518.2719

WRITING EXTENDED SYSTEM TO RESTART FILE AT STEP 700000
WRITING COORDINATES TO DCD FILE mobley_5371840_prod.dcd AT STEP 700000
WRITING COORDINATES TO RESTART FILE AT STEP 700000
FINISHED WRITING RESTART COORDINATES
WRITING VELOCITIES TO RESTART FILE AT STEP 700000
FINISHED WRITING RESTART VELOCITIES
PRESSURE: 800000 -40.6175 -19.0794 -443.672 -19.0816 121.08 135.457 -443.675 135.46 -550.233
GPRESSURE: 800000 52.4858 -48.2123 -470.21 14.7496 53.1792 -24.4406 -332.524 90.5628 -493.002
PRESSAVG: 800000 -30.2035 18.9759 55.2498 18.9759 -62.0956 -61.4673 55.2498 -61.4673 -78.9897
GPRESSAVG: 800000 74.613 -27.3023 43.2084 123.644 3.78261 -42.6299 40.6869 -33.5698 -66.2269
ENERGY:  800000         5.8195         5.8412         4.6169         0.0000         -10677.2790      1408.2651         0.0000         0.0000      1762.0283          -7490.7081       297.0993     -9252.7363     -7529.4801       299.2460           -156.5904      -129.1124     30668.6848      -288.0482      -234.1666
FEP:     800000        16.2776    -10676.4171      1408.6484

WRITING EXTENDED SYSTEM TO RESTART FILE AT STEP 800000
WRITING COORDINATES TO DCD FILE mobley_5371840_prod.dcd AT STEP 800000
WRITING COORDINATES TO RESTART FILE AT STEP 800000
FINISHED WRITING RESTART COORDINATES
WRITING VELOCITIES TO RESTART FILE AT STEP 800000
FINISHED WRITING RESTART VELOCITIES
PRESSURE: 900000 1930.95 480.1 -161.169 480.101 1993.8 -206.4 -161.171 -206.399 1021.6
GPRESSURE: 900000 1867.25 940.264 122.336 449.806 2087.42 -517.875 -223.46 -152.458 1149.35
PRESSAVG: 900000 88.6547 38.6579 64.7708 38.6579 60.6021 -53.488 64.7708 -53.488 7.55893
GPRESSAVG: 900000 185.829 21.1714 45.2469 129.426 129.423 -51.9605 49.8443 -26.486 22.9803
ENERGY:  900000         3.9217         6.8888         6.8214         0.0000         -10954.9044      1618.0367         0.0000         0.0000      1785.9544          -7533.2814       301.1336     -9319.2358     -7529.8602       299.4347           1648.7826      1701.3390     30317.7791       -94.3651       -40.6161
FEP:     900000        17.6319    -10953.7963      1617.0417

WRITING EXTENDED SYSTEM TO RESTART FILE AT STEP 900000
WRITING COORDINATES TO DCD FILE mobley_5371840_prod.dcd AT STEP 900000
WRITING COORDINATES TO RESTART FILE AT STEP 900000
FINISHED WRITING RESTART COORDINATES
WRITING VELOCITIES TO RESTART FILE AT STEP 900000
FINISHED WRITING RESTART VELOCITIES
PRESSURE: 1000000 -360.682 -30.0932 -701.213 -30.0972 -385.59 361.315 -701.211 361.316 -428.908
GPRESSURE: 1000000 -316.05 81.55 -1231.66 -262.893 -391.466 352.022 -369.167 287.287 -315.161
PRESSAVG: 1000000 33.8288 19.1783 18.5988 19.1783 -20.1219 -27.2283 18.5988 -27.2283 -56.3065
GPRESSAVG: 1000000 133.899 15.5073 -23.0394 103.734 44.4433 -34.4773 14.2759 4.5411 -39.5706
TIMING: 1000000  CPU: 1021.36, 0.000407336/step  Wall: 1083.93, 0.000445208/step, 388.133 ns/days, 0.0618344 hours remaining, 0.000000 MB of memory in use.
PERFORMANCE: 1000000  averaging 399.823 ns/day, 0.000432192 sec/step with standard deviation 1.84079e-05
ETITLE:      TS           BOND          ANGLE          DIHED          IMPRP               ELECT            VDW       BOUNDARY           MISC        KINETIC               TOTAL           TEMP      POTENTIAL       TOTALAVG        TEMPAVG            PRESSURE      GPRESSURE         VOLUME       PRESSAVG      GPRESSAVG
FEPTITLE:    TS          BOND2         ELECT2           VDW2

ENERGY: 1000000         5.4984         5.6618         3.6198         0.0000         -10605.8517      1382.0205         0.0000         0.0000      1764.6642          -7444.3870       297.5438     -9209.0512     -7522.0899       299.2628           -391.7264      -340.8922     30832.2329      -121.3980       -67.9139
FEP:    1000000        14.7800    -10604.8696      1382.7932

WRITING EXTENDED SYSTEM TO RESTART FILE AT STEP 1000000
WRITING COORDINATES TO DCD FILE mobley_5371840_prod.dcd AT STEP 1000000
WRITING COORDINATES TO RESTART FILE AT STEP 1000000
FINISHED WRITING RESTART COORDINATES
WRITING VELOCITIES TO RESTART FILE AT STEP 1000000
FINISHED WRITING RESTART VELOCITIES
PRESSURE: 1100000 1085.56 -317.84 160.653 -317.841 275.151 548.551 160.656 548.55 422.973
GPRESSURE: 1100000 1407.19 -277.504 -171.612 -171.187 299.224 476.412 -15.9754 507.545 328.324
PRESSAVG: 1100000 102.517 3.23982 31.9587 3.23982 -38.8348 -2.87134 31.9587 -2.87134 -8.33212
GPRESSAVG: 1100000 214.991 2.02081 -35.3228 70.2794 31.7472 17.4313 22.849 11.7435 -5.43745
ENERGY: 1100000         4.6636         6.4095         5.9530         0.0000         -10797.4148      1476.0040         0.0000         0.0000      1804.3032          -7500.0815       304.2274     -9304.3848     -7520.2559       299.6766            594.5622       678.2472     30152.9012       -61.7346        -5.7338
FEP:    1100000        17.0261    -10796.4729      1476.4052

WRITING EXTENDED SYSTEM TO RESTART FILE AT STEP 1100000
WRITING COORDINATES TO DCD FILE mobley_5371840_prod.dcd AT STEP 1100000
WRITING COORDINATES TO RESTART FILE AT STEP 1100000
FINISHED WRITING RESTART COORDINATES
WRITING VELOCITIES TO RESTART FILE AT STEP 1100000
FINISHED WRITING RESTART VELOCITIES
PRESSURE: 1200000 740.975 118.396 301.219 118.398 1047.53 18.3769 301.221 18.3776 136.025
GPRESSURE: 1200000 533.594 58.7881 440.134 262.15 1282.56 -62.0968 91.8186 -20.9799 163.148
PRESSAVG: 1200000 82.076 14.1521 64.0123 14.1521 -30.8777 11.9697 64.0123 11.9697 -4.27297
GPRESSAVG: 1200000 180.204 5.48706 1.03522 85.6308 42.7822 11.7956 52.9341 40.6401 6.55371
ENERGY: 1200000        12.3176         6.6075         4.3219         0.0000         -10838.3015      1534.2243         0.0000         0.0000      1808.3105          -7472.5197       304.9031     -9280.8302     -7516.5839       300.0786            641.5091       659.7674     30779.4628        -7.6389        45.4586
FEP:    1200000        23.2471    -10837.0717      1533.6534

WRITING EXTENDED SYSTEM TO RESTART FILE AT STEP 1200000
WRITING COORDINATES TO DCD FILE mobley_5371840_prod.dcd AT STEP 1200000
WRITING COORDINATES TO RESTART FILE AT STEP 1200000
FINISHED WRITING RESTART COORDINATES
WRITING VELOCITIES TO RESTART FILE AT STEP 1200000
FINISHED WRITING RESTART VELOCITIES
PRESSURE: 1300000 251.903 524.475 -116.227 524.474 -537.974 -289.302 -116.224 -289.295 392.08
GPRESSURE: 1300000 476.904 844.26 76.5517 40.9855 -573.975 -243.673 -855.589 -94.7962 484.924
PRESSAVG: 1300000 73.1326 39.3532 83.5313 39.3532 -51.4998 -28.8226 83.5313 -28.8226 -5.17661
GPRESSAVG: 1300000 175.922 50.9955 24.7516 90.594 16.7909 -5.66377 18.3539 8.67073 14.0981
ENERGY: 1300000         5.4752         4.9946         7.1566         0.0000         -10792.2478      1454.7340         0.0000         0.0000      1756.8917          -7562.9958       296.2332     -9319.8875     -7519.8990       299.8039             35.3364       129.2846     30502.0901        -4.5693        51.4462
FEP:    1300000        17.6263    -10791.6038      1454.8777

WRITING EXTENDED SYSTEM TO RESTART FILE AT STEP 1300000
WRITING COORDINATES TO DCD FILE mobley_5371840_prod.dcd AT STEP 1300000
WRITING COORDINATES TO RESTART FILE AT STEP 1300000
FINISHED WRITING RESTART COORDINATES
WRITING VELOCITIES TO RESTART FILE AT STEP 1300000
FINISHED WRITING RESTART VELOCITIES
PRESSURE: 1400000 -595.958 -305.451 663.498 -305.452 -991.768 -283.847 663.497 -283.844 137.796
GPRESSURE: 1400000 -351.877 -275.944 126.755 -256.104 -1182.83 26.9476 687.542 -167.774 204.951
PRESSAVG: 1400000 41.7992 39.4255 120.328 39.4255 -112.508 -21.0266 120.328 -21.0266 -0.58687
GPRESSAVG: 1400000 145.485 59.6719 34.0465 84.3088 -49.2229 9.35789 55.5082 23.3075 22.7456
ENERGY: 1400000         8.3803         3.7764         4.4852         0.0000         -10798.5823      1434.5023         0.0000         0.0000      1798.9023          -7548.5358       303.3167     -9347.4381     -7521.8082       300.0381           -483.3102      -443.2511     30818.2354       -36.4853        18.4663
FEP:    1400000        16.6419    -10797.2800      1434.5536

WRITING EXTENDED SYSTEM TO RESTART FILE AT STEP 1400000
WRITING COORDINATES TO DCD FILE mobley_5371840_prod.dcd AT STEP 1400000
WRITING COORDINATES TO RESTART FILE AT STEP 1400000
FINISHED WRITING RESTART COORDINATES
WRITING VELOCITIES TO RESTART FILE AT STEP 1400000
FINISHED WRITING RESTART VELOCITIES
PRESSURE: 1500000 1425.6 88.9499 134.714 88.9505 506.421 -207.733 134.714 -207.735 364.974
GPRESSURE: 1500000 1628.84 -192.533 97.5572 166.327 221.547 -469.975 185.933 -33.9441 466.044
PRESSAVG: 1500000 146.944 38.848 111.902 38.848 -48.4429 7.40571 111.902 7.40571 50.4397
GPRESSAVG: 1500000 257.305 40.9105 29.333 80.283 -8.68016 8.28003 38.8739 65.9141 79.628
ENERGY: 1500000         7.8671         5.9909         8.6757         0.0000         -10793.1831      1494.7296         0.0000         0.0000      1835.6144          -7440.3054       309.5068     -9275.9198     -7516.7142       300.6299            765.6656       772.1424     30353.1943        13.6491        65.5711
FEP:    1500000        22.5337    -10792.3004      1494.7283

WRITING EXTENDED SYSTEM TO RESTART FILE AT STEP 1500000
WRITING COORDINATES TO DCD FILE mobley_5371840_prod.dcd AT STEP 1500000
WRITING COORDINATES TO RESTART FILE AT STEP 1500000
FINISHED WRITING RESTART COORDINATES
WRITING VELOCITIES TO RESTART FILE AT STEP 1500000
FINISHED WRITING RESTART VELOCITIES
TCL: Running FEP window   3: Lambda1 0.8999999999999999 Lambda2 0.8499999999999999 [dLambda -0.050000000000000044]
TCL: Setting parameter firsttimestep to 0
TCL: Setting parameter alchLambda to 0.8999999999999999
Info: NONBONDED TABLE R-SQUARED SPACING: 0.0625
Info: NONBONDED TABLE SIZE: 705 POINTS
Info: INCONSISTENCY IN FAST TABLE ENERGY VS FORCE: 0.000290481 AT 0.251946
Info: INCONSISTENCY IN SCOR TABLE ENERGY VS FORCE: 0.000238233 AT 8.9687
Info: ABSOLUTE IMPRECISION IN VDWA TABLE ENERGY: 1.21169e-27 AT 8.99653
Info: ABSOLUTE IMPRECISION IN VDWA TABLE FORCE: 2.57484e-27 AT 8.99653
Info: INCONSISTENCY IN VDWA TABLE ENERGY VS FORCE: 0.0040507 AT 0.251946
Info: INCONSISTENCY IN VDWB TABLE ENERGY VS FORCE: 0.00150189 AT 0.251946
TCL: Setting parameter alchLambda2 to 0.8499999999999999
Info: NONBONDED TABLE R-SQUARED SPACING: 0.0625
Info: NONBONDED TABLE SIZE: 705 POINTS
Info: INCONSISTENCY IN FAST TABLE ENERGY VS FORCE: 0.000290481 AT 0.251946
Info: INCONSISTENCY IN SCOR TABLE ENERGY VS FORCE: 0.000238233 AT 8.9687
Info: ABSOLUTE IMPRECISION IN VDWA TABLE ENERGY: 1.21169e-27 AT 8.99653
Info: ABSOLUTE IMPRECISION IN VDWA TABLE FORCE: 2.57484e-27 AT 8.99653
Info: INCONSISTENCY IN VDWA TABLE ENERGY VS FORCE: 0.0040507 AT 0.251946
Info: INCONSISTENCY IN VDWB TABLE ENERGY VS FORCE: 0.00150189 AT 0.251946
TCL: Running for 1500000 steps
FEP: RESETTING FOR NEW FEP WINDOW LAMBDA SET TO 0.9 LAMBDA2 0.85
FEP: WINDOW TO HAVE 100000 STEPS OF EQUILIBRATION PRIOR TO FEP DATA COLLECTION.
FEP: USING CONSTANT TEMPERATURE OF 300 K FOR FEP CALCULATION
PRESSURE: 0 1349.71 55.6332 135.462 55.6348 434.841 -227.335 135.465 -227.336 243.064
GPRESSURE: 0 1584.06 -204.55 98.0622 155.674 215.908 -465.768 189.227 -25.9476 457.612
ETITLE:      TS           BOND          ANGLE          DIHED          IMPRP               ELECT            VDW       BOUNDARY           MISC        KINETIC               TOTAL           TEMP      POTENTIAL       TOTALAVG        TEMPAVG            PRESSURE      GPRESSURE         VOLUME       PRESSAVG      GPRESSAVG
FEPTITLE:    TS          BOND2         ELECT2           VDW2

ENERGY:       0         7.8671         5.9909         8.6757         0.0000         -10792.3007      1494.7285         0.0000         0.0000      1834.7498          -7440.2887       309.3611     -9275.0386     -7440.2887       309.3611            675.8703       752.5262     30353.1943       675.8703       752.5262
FEP:          0        22.5337    -10791.4180      1495.1466

PRESSURE: 100000 -99.0907 264.353 -292.13 264.354 534.469 48.153 -292.132 48.1552 -415.614
GPRESSURE: 100000 -151.61 323.413 -365.343 64.4511 634.739 125.753 -275.993 -121.296 -239.195
PRESSAVG: 100000 232.925 41.3056 48.3883 41.3056 -24.2464 -12.5535 48.3883 -12.5535 -2.33562
GPRESSAVG: 100000 339.595 41.8807 -5.49322 58.8224 -0.257966 -35.4882 -56.5235 29.4262 48.2511
ENERGY:  100000         4.0168         6.0141         6.2731         0.0000         -10725.6833      1443.4604         0.0000         0.0000      1776.2401          -7489.6788       299.4956     -9265.9189     -7464.9838       304.4283              6.5880        81.3115     31044.4186       341.2291       416.9188
FEP:     100000        16.3040    -10725.1799      1443.4434

WRITING EXTENDED SYSTEM TO RESTART FILE AT STEP 100000
WRITING COORDINATES TO DCD FILE mobley_5371840_prod.dcd AT STEP 100000
WRITING COORDINATES TO RESTART FILE AT STEP 100000
FINISHED WRITING RESTART COORDINATES
WRITING VELOCITIES TO RESTART FILE AT STEP 100000
FINISHED WRITING RESTART VELOCITIES
PRESSURE: 200000 -2067.49 553.647 144.347 553.646 -757.866 176.295 144.34 176.294 -877.032
GPRESSURE: 200000 -1971.87 603.823 -159.661 887.399 -733.902 266.703 429.947 318.56 -771.94
PRESSAVG: 200000 91.4029 66.2792 55.8566 66.2792 -115.609 -23.818 55.8566 -23.818 -27.8174
GPRESSAVG: 200000 203.969 79.0787 4.52737 80.2526 -104.047 -56.6902 -30.1672 31.0234 22.6486
ENERGY:  200000         8.0021         3.7692         4.3881         0.0000         -10599.8957      1321.5724         0.0000         0.0000      1799.6913          -7462.4726       303.4498     -9262.1639     -7464.1467       304.1022          -1234.1312     -1159.2366     30957.8140      -183.8910      -108.4663
FEP:     200000        16.1594    -10599.1540      1322.1245

WRITING EXTENDED SYSTEM TO RESTART FILE AT STEP 200000
WRITING COORDINATES TO DCD FILE mobley_5371840_prod.dcd AT STEP 200000
WRITING COORDINATES TO RESTART FILE AT STEP 200000
FINISHED WRITING RESTART COORDINATES
WRITING VELOCITIES TO RESTART FILE AT STEP 200000
FINISHED WRITING RESTART VELOCITIES
PRESSURE: 300000 658.709 -20.2927 289.617 -20.2935 998.597 -155.222 289.619 -155.222 -56.0029
GPRESSURE: 300000 727.601 -46.4427 -80.7276 203.369 976.737 -425.852 191.13 229.21 134.529
PRESSAVG: 300000 115.371 43.2632 62.8755 43.2632 -49.0074 -15.6307 62.8755 -15.6307 -36.2915
GPRESSAVG: 300000 222.409 46.613 -16.5374 67.4156 -46.6667 -59.3344 -17.9208 58.8212 24.7622
ENERGY:  300000         5.6559         6.3482         6.0632         0.0000         -10693.4570      1461.2483         0.0000         0.0000      1783.5505          -7430.5910       300.7282     -9214.1415     -7455.7578       303.2587            533.7677       612.9558     30416.7567        -4.4763        71.8892
FEP:     300000        18.0672    -10692.6213      1462.1085

WRITING EXTENDED SYSTEM TO RESTART FILE AT STEP 300000
WRITING COORDINATES TO DCD FILE mobley_5371840_prod.dcd AT STEP 300000
WRITING COORDINATES TO RESTART FILE AT STEP 300000
FINISHED WRITING RESTART COORDINATES
WRITING VELOCITIES TO RESTART FILE AT STEP 300000
FINISHED WRITING RESTART VELOCITIES
PRESSURE: 400000 -388.195 -433.968 734.707 -433.968 -353.447 -142.311 734.711 -142.314 -537.154
GPRESSURE: 400000 -400.111 162.585 558.664 -365.336 -472.742 14.2597 543.507 -4.18425 -290.933
PRESSAVG: 400000 81.7936 -0.569952 91.8121 -0.569952 -51.027 -5.28973 91.8121 -5.28973 -66.47
GPRESSAVG: 400000 184.628 24.4288 -5.85143 25.962 -61.2464 -39.6205 11.814 75.3246 5.94978
ENERGY:  400000         6.1826         4.2282         5.4728         0.0000         -10812.2850      1414.7996         0.0000         0.0000      1776.0162          -7605.5856       299.4579     -9381.6018     -7485.7233       302.4985           -426.2651      -387.9286     30293.8339       -88.8341       -20.0744
FEP:     400000        15.8836    -10811.5443      1415.6676

WRITING EXTENDED SYSTEM TO RESTART FILE AT STEP 400000
WRITING COORDINATES TO DCD FILE mobley_5371840_prod.dcd AT STEP 400000
WRITING COORDINATES TO RESTART FILE AT STEP 400000
FINISHED WRITING RESTART COORDINATES
WRITING VELOCITIES TO RESTART FILE AT STEP 400000
FINISHED WRITING RESTART VELOCITIES
PRESSURE: 500000 -1042.76 -80.0186 -96.0878 -80.0179 -652.777 -449.679 -96.0882 -449.679 -1008.64
GPRESSURE: 500000 -818.209 -62.788 -364.25 -137.672 -637.865 -479.513 230.617 -422.942 -1032.49
PRESSAVG: 500000 86.4729 27.2447 48.1733 27.2447 -46.5811 -13.1624 48.1733 -13.1624 -147.776
GPRESSAVG: 500000 194.305 56.8806 -49.7393 51.0863 -64.4383 -59.5128 -21.5722 61.83 -73.9292
ENERGY:  500000         5.3787         5.8886         6.7507         0.0000         -10690.0589      1362.4562         0.0000         0.0000      1812.1196          -7497.4653       305.5453     -9309.5848     -7487.6803       303.0063           -901.3906      -829.5218     30756.6409      -224.2602      -154.9823
FEP:     500000        18.0179    -10689.0817      1362.5489

WRITING EXTENDED SYSTEM TO RESTART FILE AT STEP 500000
WRITING COORDINATES TO DCD FILE mobley_5371840_prod.dcd AT STEP 500000
WRITING COORDINATES TO RESTART FILE AT STEP 500000
FINISHED WRITING RESTART COORDINATES
WRITING VELOCITIES TO RESTART FILE AT STEP 500000
FINISHED WRITING RESTART VELOCITIES
PRESSURE: 600000 -104 -211.768 -47.9948 -211.771 334.77 483.623 -47.9918 483.626 398.353
GPRESSURE: 600000 86.033 -339.916 130.324 -72.0012 172.233 454.461 46.9616 317.868 577.728
PRESSAVG: 600000 60.1647 18.3045 47.3859 18.3045 -61.6363 -8.97198 47.3859 -8.97198 -118.532
GPRESSAVG: 600000 161.656 31.582 -45.0912 58.6831 -80.0605 -34.0711 -4.96592 50.2661 -37.4384
ENERGY:  600000         7.6371         5.4288         6.0410         0.0000         -10727.6857      1469.0062         0.0000         0.0000      1754.6977          -7484.8748       295.8633     -9239.5725     -7487.2795       301.9859            209.7079       278.6645     30836.3920      -162.2647       -93.0327
FEP:     600000        19.1069    -10726.4630      1469.4589

WRITING EXTENDED SYSTEM TO RESTART FILE AT STEP 600000
WRITING COORDINATES TO DCD FILE mobley_5371840_prod.dcd AT STEP 600000
WRITING COORDINATES TO RESTART FILE AT STEP 600000
FINISHED WRITING RESTART COORDINATES
WRITING VELOCITIES TO RESTART FILE AT STEP 600000
FINISHED WRITING RESTART VELOCITIES
PRESSURE: 700000 -818.2 637.067 297.689 637.065 324.099 -216.993 297.69 -216.998 -255.772
GPRESSURE: 700000 -684.157 608.464 604.906 723.244 344.691 -41.4899 585.389 -343.713 -258.843
PRESSAVG: 700000 1.83116 49.3166 69.4054 49.3166 -26.0288 -1.31348 69.4054 -1.31348 -116.343
GPRESSAVG: 700000 112.32 60.3793 -10.6189 96.6909 -54.7304 -19.558 39.9906 38.6573 -39.3276
ENERGY:  700000         6.4532         6.3475         3.9200         0.0000         -10694.9063      1411.1896         0.0000         0.0000      1813.2959          -7453.7000       305.7437     -9266.9959     -7483.0821       302.4556           -249.9579      -199.4364     30857.0226      -173.2264      -106.3332
FEP:     700000        16.7208    -10694.2619      1411.4506

WRITING EXTENDED SYSTEM TO RESTART FILE AT STEP 700000
WRITING COORDINATES TO DCD FILE mobley_5371840_prod.dcd AT STEP 700000
WRITING COORDINATES TO RESTART FILE AT STEP 700000
FINISHED WRITING RESTART COORDINATES
WRITING VELOCITIES TO RESTART FILE AT STEP 700000
FINISHED WRITING RESTART VELOCITIES
PRESSURE: 800000 149.426 -317.419 -384.843 -317.42 -843.392 525.507 -384.849 525.507 420.953
GPRESSURE: 800000 -5.27784 -99.9917 -109.412 -490.046 -642.36 298.768 -714.819 674.312 600.375
PRESSAVG: 800000 42.7858 41.9219 30.1082 41.9219 -31.5854 12.5584 30.1082 12.5584 -73.1884
GPRESSAVG: 800000 149.128 80.4058 -29.9757 68.8523 -58.1037 -15.5891 -4.07207 53.4407 19.6083
ENERGY:  800000         4.3784         3.7661         2.9317         0.0000         -10756.2190      1441.9053         0.0000         0.0000      1759.9123          -7543.3252       296.7425     -9303.2375     -7489.7758       301.8208            -91.0045       -15.7540     30810.9608      -164.0906       -96.2688
FEP:     800000        11.0762    -10755.3753      1441.4802

WRITING EXTENDED SYSTEM TO RESTART FILE AT STEP 800000
WRITING COORDINATES TO DCD FILE mobley_5371840_prod.dcd AT STEP 800000
WRITING COORDINATES TO RESTART FILE AT STEP 800000
FINISHED WRITING RESTART COORDINATES
WRITING VELOCITIES TO RESTART FILE AT STEP 800000
FINISHED WRITING RESTART VELOCITIES
PRESSURE: 900000 -354.848 221.697 -69.9824 221.697 50.7007 41.3357 -69.9818 41.3315 47.1715
GPRESSURE: 900000 -87.1944 459.11 170.844 277.072 -65.2471 45.2846 -195.664 -176.261 166.46
PRESSAVG: 900000 27.1847 44.0395 25.8192 44.0395 -13.3887 6.69197 25.8192 6.69197 -50.7864
GPRESSAVG: 900000 143.631 101.944 -26.9045 63.2058 -44.2616 -23.7631 -18.8461 32.6653 44.7627
ENERGY:  900000         6.4842         4.8061         5.8208         0.0000         -10937.3259      1501.9347         0.0000         0.0000      1756.7652          -7661.5149       296.2119     -9418.2801     -7506.9497       301.2599            -85.6587         4.6729     30773.3942      -156.2474       -86.1747
FEP:     900000        17.1111    -10936.6542      1502.9261

WRITING EXTENDED SYSTEM TO RESTART FILE AT STEP 900000
WRITING COORDINATES TO DCD FILE mobley_5371840_prod.dcd AT STEP 900000
WRITING COORDINATES TO RESTART FILE AT STEP 900000
FINISHED WRITING RESTART COORDINATES
WRITING VELOCITIES TO RESTART FILE AT STEP 900000
FINISHED WRITING RESTART VELOCITIES
PRESSURE: 1000000 -539.435 -352.429 -359.81 -352.429 -3.29297 406.619 -359.807 406.62 -1149.4
GPRESSURE: 1000000 -714.737 -126.349 -353.936 -538.314 320.872 67.7443 -121.895 470.164 -1138.77
PRESSAVG: 1000000 91.1027 42.6512 28.0828 42.6512 51.3447 25.0491 28.0828 25.0491 -66.3546
GPRESSAVG: 1000000 183.361 119.327 -27.8819 45.6702 44.9556 -33.1429 19.6781 52.4458 29.4153
TIMING: 1000000  CPU: 1633.69, 0.000408481/step  Wall: 1754.26, 0.000446905/step, 386.659 ns/days, 0.0620702 hours remaining, 0.000000 MB of memory in use.
PERFORMANCE: 1000000  averaging 395.336 ns/day, 0.000437096 sec/step with standard deviation 1.55432e-05
ETITLE:      TS           BOND          ANGLE          DIHED          IMPRP               ELECT            VDW       BOUNDARY           MISC        KINETIC               TOTAL           TEMP      POTENTIAL       TOTALAVG        TEMPAVG            PRESSURE      GPRESSURE         VOLUME       PRESSAVG      GPRESSAVG
FEPTITLE:    TS          BOND2         ELECT2           VDW2

ENERGY: 1000000         4.8534         8.0410         7.0020         0.0000         -10741.3410      1373.9914         0.0000         0.0000      1789.7768          -7557.6764       301.7781     -9347.4532     -7511.5612       301.3070           -564.0444      -510.8794     30308.3161      -193.3199      -124.7842
FEP:    1000000        19.8964    -10740.7670      1374.8200

WRITING EXTENDED SYSTEM TO RESTART FILE AT STEP 1000000
WRITING COORDINATES TO DCD FILE mobley_5371840_prod.dcd AT STEP 1000000
WRITING COORDINATES TO RESTART FILE AT STEP 1000000
FINISHED WRITING RESTART COORDINATES
WRITING VELOCITIES TO RESTART FILE AT STEP 1000000
FINISHED WRITING RESTART VELOCITIES
PRESSURE: 1100000 -194.794 406.309 280.116 406.308 -1133.68 -56.3661 280.121 -56.3617 -466.326
GPRESSURE: 1100000 29.4429 664.442 253.301 531.648 -1091.31 -36.3909 323.73 35.591 -425.512
PRESSAVG: 1100000 49.338 63.1129 23.4452 63.1129 48.0835 25.5026 23.4452 25.5026 -108.005
GPRESSAVG: 1100000 144.615 153.623 -31.369 74.1661 40.871 -31.9359 20.0358 68.3402 -11.6204
ENERGY: 1100000         3.5447         6.0129         4.6003         0.0000         -10684.2770      1369.8688         0.0000         0.0000      1797.8320          -7502.4182       303.1363     -9300.2502     -7510.7993       301.4595           -598.2655      -495.7917     30958.0940      -227.0653      -155.7015
FEP:    1100000        14.1580    -10683.1103      1370.2199

WRITING EXTENDED SYSTEM TO RESTART FILE AT STEP 1100000
WRITING COORDINATES TO DCD FILE mobley_5371840_prod.dcd AT STEP 1100000
WRITING COORDINATES TO RESTART FILE AT STEP 1100000
FINISHED WRITING RESTART COORDINATES
WRITING VELOCITIES TO RESTART FILE AT STEP 1100000
FINISHED WRITING RESTART VELOCITIES
PRESSURE: 1200000 1814.33 -275.871 -837.841 -275.872 -153.859 159.827 -837.839 159.828 1152.18
GPRESSURE: 1200000 1818.5 -167.46 -438.516 -223.637 4.55766 268.905 -762.713 36.8299 938.762
PRESSAVG: 1200000 142.086 50.2734 3.73702 50.2734 34.3366 26.721 3.73702 26.721 -22.8841
GPRESSAVG: 1200000 232.916 147.661 -29.7843 62.2467 38.4399 -17.2686 -1.47362 65.6536 59.9678
ENERGY: 1200000         3.7274         8.6034         6.2871         0.0000         -10838.3460      1531.6788         0.0000         0.0000      1762.9411          -7525.1084       297.2532     -9288.0494     -7511.9000       301.1359            937.5519       920.6082     30312.7063      -137.4794       -72.9084
FEP:    1200000        18.6178    -10837.6541      1532.1545

WRITING EXTENDED SYSTEM TO RESTART FILE AT STEP 1200000
WRITING COORDINATES TO DCD FILE mobley_5371840_prod.dcd AT STEP 1200000
WRITING COORDINATES TO RESTART FILE AT STEP 1200000
FINISHED WRITING RESTART COORDINATES
WRITING VELOCITIES TO RESTART FILE AT STEP 1200000
FINISHED WRITING RESTART VELOCITIES
PRESSURE: 1300000 -1083.79 -223.648 89.2204 -223.648 -1213.65 -462.153 89.2188 -462.151 -755.163
GPRESSURE: 1300000 -972.499 -331.508 16.402 -183.474 -961.167 -348.14 -45.4611 -335.609 -790.876
PRESSAVG: 1300000 -8.65118 15.0859 16.2565 15.0859 -126.036 13.9334 16.2565 13.9334 -111.722
GPRESSAVG: 1300000 90.9289 84.0725 -35.081 30.5828 -113.989 -8.78187 7.42632 56.496 -37.0434
ENERGY: 1300000         3.1822         3.1284         3.4944         0.0000         -10664.2916      1339.5678         0.0000         0.0000      1811.3049          -7503.6140       305.4080     -9314.9189     -7511.3081       301.4411          -1017.5327      -908.1809     31036.4308      -200.3403      -132.5707
FEP:    1300000         9.8049    -10663.7003      1340.1936

WRITING EXTENDED SYSTEM TO RESTART FILE AT STEP 1300000
WRITING COORDINATES TO DCD FILE mobley_5371840_prod.dcd AT STEP 1300000
WRITING COORDINATES TO RESTART FILE AT STEP 1300000
FINISHED WRITING RESTART COORDINATES
WRITING VELOCITIES TO RESTART FILE AT STEP 1300000
FINISHED WRITING RESTART VELOCITIES
PRESSURE: 1400000 547.121 -432.426 -348.306 -432.425 99.7126 -29.2824 -348.308 -29.2866 -369.128
GPRESSURE: 1400000 882.084 -200.56 -209.651 -376.761 147.146 -165.06 -560.952 -319.939 -424.804
PRESSAVG: 1400000 36.739 -5.03051 33.9017 -5.03051 -101.771 -5.59672 33.9017 -5.59672 -108.733
GPRESSAVG: 1400000 150.836 69.967 16.0197 24.8894 -87.0588 -34.636 -2.1629 26.1347 -42.5255
ENERGY: 1400000         7.0091         4.9010         4.0252         0.0000         -10752.4080      1449.8232         0.0000         0.0000      1759.9494          -7526.7000       296.7488     -9286.6494     -7512.3343       301.1282             92.5685       201.4753     30347.9203      -180.8131      -110.3010
FEP:    1400000        15.9354    -10751.1343      1449.1015

WRITING EXTENDED SYSTEM TO RESTART FILE AT STEP 1400000
WRITING COORDINATES TO DCD FILE mobley_5371840_prod.dcd AT STEP 1400000
WRITING COORDINATES TO RESTART FILE AT STEP 1400000
FINISHED WRITING RESTART COORDINATES
WRITING VELOCITIES TO RESTART FILE AT STEP 1400000
FINISHED WRITING RESTART VELOCITIES
PRESSURE: 1500000 -50.0732 -233.609 131.088 -233.61 5.77867 -21.2937 131.087 -21.2896 -842.104
GPRESSURE: 1500000 -152.586 -193.306 263.387 -83.3095 95.2376 137.216 240.457 5.08864 -593.107
PRESSAVG: 1500000 -20.0428 -0.818984 32.4233 -0.818984 -115.239 -34.0887 32.4233 -34.0887 -171.987
GPRESSAVG: 1500000 72.8466 74.1769 37.7696 29.2833 -97.2581 -51.5958 10.6587 1.01187 -88.5971
ENERGY: 1500000         5.1819         4.4955         6.3628         0.0000         -10721.6934      1416.0475         0.0000         0.0000      1767.4061          -7522.1996       298.0061     -9289.6057     -7512.9508       300.9331           -295.4661      -216.8188     30735.5967      -187.9789      -116.9584
FEP:    1500000        16.0402    -10720.7826      1416.2856

WRITING EXTENDED SYSTEM TO RESTART FILE AT STEP 1500000
WRITING COORDINATES TO DCD FILE mobley_5371840_prod.dcd AT STEP 1500000
WRITING COORDINATES TO RESTART FILE AT STEP 1500000
FINISHED WRITING RESTART COORDINATES
WRITING VELOCITIES TO RESTART FILE AT STEP 1500000
FINISHED WRITING RESTART VELOCITIES
TCL: Running FEP window   4: Lambda1 0.8499999999999999 Lambda2 0.7999999999999998 [dLambda -0.050000000000000044]
TCL: Setting parameter firsttimestep to 0
TCL: Setting parameter alchLambda to 0.8499999999999999
Info: NONBONDED TABLE R-SQUARED SPACING: 0.0625
Info: NONBONDED TABLE SIZE: 705 POINTS
Info: INCONSISTENCY IN FAST TABLE ENERGY VS FORCE: 0.000290481 AT 0.251946
Info: INCONSISTENCY IN SCOR TABLE ENERGY VS FORCE: 0.000238233 AT 8.9687
Info: ABSOLUTE IMPRECISION IN VDWA TABLE ENERGY: 1.21169e-27 AT 8.99653
Info: ABSOLUTE IMPRECISION IN VDWA TABLE FORCE: 2.57484e-27 AT 8.99653
Info: INCONSISTENCY IN VDWA TABLE ENERGY VS FORCE: 0.0040507 AT 0.251946
Info: INCONSISTENCY IN VDWB TABLE ENERGY VS FORCE: 0.00150189 AT 0.251946
TCL: Setting parameter alchLambda2 to 0.7999999999999998
Info: NONBONDED TABLE R-SQUARED SPACING: 0.0625
Info: NONBONDED TABLE SIZE: 705 POINTS
Info: INCONSISTENCY IN FAST TABLE ENERGY VS FORCE: 0.000290481 AT 0.251946
Info: INCONSISTENCY IN SCOR TABLE ENERGY VS FORCE: 0.000238233 AT 8.9687
Info: ABSOLUTE IMPRECISION IN VDWA TABLE ENERGY: 1.21169e-27 AT 8.99653
Info: ABSOLUTE IMPRECISION IN VDWA TABLE FORCE: 2.57484e-27 AT 8.99653
Info: INCONSISTENCY IN VDWA TABLE ENERGY VS FORCE: 0.0040507 AT 0.251946
Info: INCONSISTENCY IN VDWB TABLE ENERGY VS FORCE: 0.00150189 AT 0.251946
TCL: Running for 1500000 steps
FEP: RESETTING FOR NEW FEP WINDOW LAMBDA SET TO 0.85 LAMBDA2 0.8
FEP: WINDOW TO HAVE 100000 STEPS OF EQUILIBRATION PRIOR TO FEP DATA COLLECTION.
FEP: USING CONSTANT TEMPERATURE OF 300 K FOR FEP CALCULATION
PRESSURE: 0 -98.1869 -222.285 164.647 -222.285 -50.2066 18.0141 164.649 18.0195 -824.695
GPRESSURE: 0 -186.941 -198.357 259.425 -89.0154 92.4185 140.458 239.77 5.22825 -594.469
ETITLE:      TS           BOND          ANGLE          DIHED          IMPRP               ELECT            VDW       BOUNDARY           MISC        KINETIC               TOTAL           TEMP      POTENTIAL       TOTALAVG        TEMPAVG            PRESSURE      GPRESSURE         VOLUME       PRESSAVG      GPRESSAVG
FEPTITLE:    TS          BOND2         ELECT2           VDW2

ENERGY:       0         5.1819         4.4955         6.3628         0.0000         -10720.7830      1416.2856         0.0000         0.0000      1766.5365          -7521.9207       297.8595     -9288.4573     -7521.9207       297.8595           -324.3627      -229.6637     30735.5967      -324.3627      -229.6637
FEP:          0        16.0402    -10719.8722      1416.8461

PRESSURE: 100000 -763.814 364.695 -62.5037 364.694 27.3826 12.4962 -62.4988 12.4982 62.1989
GPRESSURE: 100000 -994.837 251.959 -239.685 23.4924 209.426 206.951 84.7678 179.4 225.862
PRESSAVG: 100000 -112.787 -25.8422 28.2809 -25.8422 -141.858 -19.0169 28.2809 -19.0169 -236.517
GPRESSAVG: 100000 -36.7672 31.7046 12.9223 10.8503 -117.595 -18.9368 65.0741 16.0321 -139.431
ENERGY:  100000         3.8819         8.7401         4.4193         0.0000         -10653.9766      1390.9973         0.0000         0.0000      1731.0743          -7514.8637       291.8801     -9245.9381     -7518.3922       294.8698           -224.7442      -186.5164     30631.0243      -274.5534      -208.0901
FEP:     100000        17.0413    -10653.1852      1391.2210

WRITING EXTENDED SYSTEM TO RESTART FILE AT STEP 100000
WRITING COORDINATES TO DCD FILE mobley_5371840_prod.dcd AT STEP 100000
WRITING COORDINATES TO RESTART FILE AT STEP 100000
FINISHED WRITING RESTART COORDINATES
WRITING VELOCITIES TO RESTART FILE AT STEP 100000
FINISHED WRITING RESTART VELOCITIES
PRESSURE: 200000 666.847 -87.9346 -157.499 -87.935 474.846 3.38553 -157.504 3.38224 1178.62
GPRESSURE: 200000 602.347 -193.378 -366.248 -64.2721 517.072 111.176 -144.731 -28.1975 1317.72
PRESSAVG: 200000 -49.6465 -14.9663 -12.7691 -14.9663 -68.5274 -4.65561 -12.7691 -4.65561 -184.476
GPRESSAVG: 200000 10.944 35.8329 -11.7278 20.4419 -32.6002 -14.7254 23.4605 23.0109 -83.7927
ENERGY:  200000         6.8013         4.1003         4.7182         0.0000         -10791.3973      1529.8198         0.0000         0.0000      1790.3624          -7455.5954       301.8768     -9245.9577     -7497.4599       297.2055            773.4393       812.3792     30742.5364        74.7775       132.0664
FEP:     200000        15.6198    -10790.5542      1530.3444

WRITING EXTENDED SYSTEM TO RESTART FILE AT STEP 200000
WRITING COORDINATES TO DCD FILE mobley_5371840_prod.dcd AT STEP 200000
WRITING COORDINATES TO RESTART FILE AT STEP 200000
FINISHED WRITING RESTART COORDINATES
WRITING VELOCITIES TO RESTART FILE AT STEP 200000
FINISHED WRITING RESTART VELOCITIES
PRESSURE: 300000 1044.52 100.279 -551.821 100.277 86.6521 -21.1315 -551.817 -21.1337 2087.17
GPRESSURE: 300000 964.648 118.744 -519.711 -211.299 321.807 147.799 -584.353 -305.66 2114.75
PRESSAVG: 300000 -68.7007 -14.4 -47.0957 -14.4 -89.5159 4.67447 -47.0957 4.67447 -98.3658
GPRESSAVG: 300000 -22.2654 51.3967 -42.5913 1.56063 -27.5872 16.1633 -15.0538 9.42517 -1.35713
ENERGY:  300000         4.4512         8.1871        12.0357         0.0000         -10951.0881      1594.4741         0.0000         0.0000      1774.4166          -7557.5234       299.1881     -9331.9399     -7512.4758       297.7011           1072.7804      1133.7369     30483.7394       324.2782       382.4840
FEP:     300000        24.6740    -10950.7394      1594.3997

WRITING EXTENDED SYSTEM TO RESTART FILE AT STEP 300000
WRITING COORDINATES TO DCD FILE mobley_5371840_prod.dcd AT STEP 300000
WRITING COORDINATES TO RESTART FILE AT STEP 300000
FINISHED WRITING RESTART COORDINATES
WRITING VELOCITIES TO RESTART FILE AT STEP 300000
FINISHED WRITING RESTART VELOCITIES
PRESSURE: 400000 -1226.69 -44.2204 107.634 -44.2217 -1679.5 -722.679 107.631 -722.68 -1409.54
GPRESSURE: 400000 -1206.23 -18.6209 61.4576 -198.681 -1428.14 -815.636 224.108 -440.73 -1364.47
PRESSAVG: 400000 -197.521 -19.3928 -48.4874 -19.3928 -195.233 -20.0927 -48.4874 -20.0927 -180.996
GPRESSAVG: 400000 -161.78 60.6932 -44.4215 -16.1571 -109.79 -1.33008 -13.3098 -11.3139 -92.4614
ENERGY:  400000         8.0295         4.2873         7.7365         0.0000         -10572.8141      1299.7148         0.0000         0.0000      1758.5136          -7494.5324       296.5067     -9253.0459     -7508.8871       297.4623          -1438.5781     -1332.9480     31421.8574       -28.2931        39.3976
FEP:     400000        20.0534    -10572.3834      1300.8414

WRITING EXTENDED SYSTEM TO RESTART FILE AT STEP 400000
WRITING COORDINATES TO DCD FILE mobley_5371840_prod.dcd AT STEP 400000
WRITING COORDINATES TO RESTART FILE AT STEP 400000
FINISHED WRITING RESTART COORDINATES
WRITING VELOCITIES TO RESTART FILE AT STEP 400000
FINISHED WRITING RESTART VELOCITIES
PRESSURE: 500000 -603.931 420.565 133.059 420.564 -1234.39 175.864 133.058 175.864 -654.602
GPRESSURE: 500000 -895.453 314.691 121.654 456.868 -1094.52 326.855 105.154 161.907 -415.48
PRESSAVG: 500000 -222.763 -11.5824 -27.2279 -11.5824 -283.676 -13.7072 -27.2279 -13.7072 -192.945
GPRESSAVG: 500000 -198.972 60.2571 -20.0716 3.46372 -196.253 8.72504 5.74756 2.84622 -101.276
ENERGY:  500000         8.4959         6.5945         6.4517         0.0000         -10671.8977      1345.2264         0.0000         0.0000      1752.2140          -7552.9154       295.4445     -9305.1293     -7516.2251       297.1260           -830.9740      -801.8161     30709.9377      -162.0732      -100.8047
FEP:     500000        21.5421    -10671.1440      1345.6778

WRITING EXTENDED SYSTEM TO RESTART FILE AT STEP 500000
WRITING COORDINATES TO DCD FILE mobley_5371840_prod.dcd AT STEP 500000
WRITING COORDINATES TO RESTART FILE AT STEP 500000
FINISHED WRITING RESTART COORDINATES
WRITING VELOCITIES TO RESTART FILE AT STEP 500000
FINISHED WRITING RESTART VELOCITIES
PRESSURE: 600000 436.928 210.429 -62.7382 210.426 -777.204 -396.166 -62.7351 -396.166 260.383
GPRESSURE: 600000 569.046 59.3821 23.1951 339.301 -790.757 -793.052 -299.974 74.5576 431.664
PRESSAVG: 600000 -97.5414 -28.7434 -37.5817 -28.7434 -284.643 -42.3302 -37.5817 -42.3302 -136.075
GPRESSAVG: 600000 -71.9261 33.035 -10.9288 -23.9412 -199.095 -44.2627 -30.7485 -9.35391 -41.0954
ENERGY:  600000        10.5295         5.3507         6.8651         0.0000         -10734.3961      1394.4279         0.0000         0.0000      1791.8199          -7525.4029       302.1226     -9317.2229     -7517.5363       297.8398            -26.6308        69.9844     30231.4761      -142.7243       -76.4063
FEP:     600000        22.7453    -10733.9397      1395.3646

WRITING EXTENDED SYSTEM TO RESTART FILE AT STEP 600000
WRITING COORDINATES TO DCD FILE mobley_5371840_prod.dcd AT STEP 600000
WRITING COORDINATES TO RESTART FILE AT STEP 600000
FINISHED WRITING RESTART COORDINATES
WRITING VELOCITIES TO RESTART FILE AT STEP 600000
FINISHED WRITING RESTART VELOCITIES
PRESSURE: 700000 -25.8711 -420.804 385.39 -420.802 104.245 190.187 385.393 190.183 501.673
GPRESSURE: 700000 -238.156 -306.876 586.608 -304.347 372.132 87.0772 363.931 -101.674 511.077
PRESSAVG: 700000 -131.77 -48.7688 -32.793 -48.7688 -329.361 -25.06 -32.793 -25.06 -108.191
GPRESSAVG: 700000 -120.214 20.0133 22.438 -49.327 -229.326 -18.6163 -22.1085 -25.8981 -22.268
ENERGY:  700000         4.0781         4.4807        10.3956         0.0000         -10838.6410      1486.3694         0.0000         0.0000      1774.7166          -7558.6007       299.2387     -9333.3173     -7522.6693       298.0146            193.3487       215.0175     30837.9615      -100.7152       -39.9783
FEP:     700000        18.9543    -10837.9446      1487.1341

WRITING EXTENDED SYSTEM TO RESTART FILE AT STEP 700000
WRITING COORDINATES TO DCD FILE mobley_5371840_prod.dcd AT STEP 700000
WRITING COORDINATES TO RESTART FILE AT STEP 700000
FINISHED WRITING RESTART COORDINATES
WRITING VELOCITIES TO RESTART FILE AT STEP 700000
FINISHED WRITING RESTART VELOCITIES
PRESSURE: 800000 63.4172 9.82823 -215.286 9.82807 29.8788 123.659 -215.286 123.663 138.605
GPRESSURE: 800000 -20.6206 -238.351 -587.24 160.107 -70.9087 12.7897 29.0305 21.4437 312.04
PRESSAVG: 800000 -109.19 -26.579 -80.2928 -26.579 -310.194 -11.7611 -80.2928 -11.7611 -74.4029
GPRESSAVG: 800000 -101.239 -0.033453 -34.8572 -23.0549 -209.234 -18.6898 -47.8323 -24.6167 7.88058
ENERGY:  800000         4.9087         5.4695         4.8522         0.0000         -10783.8176      1456.6326         0.0000         0.0000      1770.7325          -7541.2221       298.5670     -9311.9546     -7524.7307       298.0760             77.3004        73.5035     30769.7287       -80.9357       -27.3692
FEP:     800000        15.2304    -10783.0485      1456.4271

WRITING EXTENDED SYSTEM TO RESTART FILE AT STEP 800000
WRITING COORDINATES TO DCD FILE mobley_5371840_prod.dcd AT STEP 800000
WRITING COORDINATES TO RESTART FILE AT STEP 800000
FINISHED WRITING RESTART COORDINATES
WRITING VELOCITIES TO RESTART FILE AT STEP 800000
FINISHED WRITING RESTART VELOCITIES
PRESSURE: 900000 518.847 -649.988 -14.5073 -649.987 -485.009 348.518 -14.509 348.518 288.639
GPRESSURE: 900000 691.767 -447.131 -119.683 -570.149 -545.696 551.375 -372.462 514.185 402.549
PRESSAVG: 900000 -31.1095 -55.0774 -76.2139 -55.0774 -301.806 28.1487 -76.2139 28.1487 -9.53913
GPRESSAVG: 900000 -25.7407 -19.2506 -22.6288 -44.6787 -204.625 32.8546 -77.9863 22.2396 79.6326
ENERGY:  900000         4.9803         5.7727         3.0487         0.0000         -10686.3628      1402.7363         0.0000         0.0000      1703.6207          -7566.2040       287.2511     -9269.8247     -7528.8781       296.9935            107.4922       182.8734     30525.0247       -62.0929        -6.3449
FEP:     900000        13.8017    -10685.1795      1402.7767

WRITING EXTENDED SYSTEM TO RESTART FILE AT STEP 900000
WRITING COORDINATES TO DCD FILE mobley_5371840_prod.dcd AT STEP 900000
WRITING COORDINATES TO RESTART FILE AT STEP 900000
FINISHED WRITING RESTART COORDINATES
WRITING VELOCITIES TO RESTART FILE AT STEP 900000
FINISHED WRITING RESTART VELOCITIES
PRESSURE: 1000000 -477.189 -108.389 291.194 -108.389 350.999 -355.585 291.197 -355.585 -579.637
GPRESSURE: 1000000 -345.729 -376.493 546.728 -154.377 266.278 -324.653 178.496 -349.857 -392.523
PRESSAVG: 1000000 -49.769 -49.9083 -59.2545 -49.9083 -300.994 -13.8118 -59.2545 -13.8118 -58.4386
GPRESSAVG: 1000000 -47.3287 -21.0795 -1.80865 -48.7975 -199.923 -6.1011 -71.4095 -11.1466 31.1201
TIMING: 1000000  CPU: 2245.83, 0.000407931/step  Wall: 2429.07, 0.000449641/step, 384.307 ns/days, 0.0624501 hours remaining, 0.000000 MB of memory in use.
PERFORMANCE: 1000000  averaging 392.52 ns/day, 0.000440232 sec/step with standard deviation 1.41563e-05
ETITLE:      TS           BOND          ANGLE          DIHED          IMPRP               ELECT            VDW       BOUNDARY           MISC        KINETIC               TOTAL           TEMP      POTENTIAL       TOTALAVG        TEMPAVG            PRESSURE      GPRESSURE         VOLUME       PRESSAVG      GPRESSAVG
FEPTITLE:    TS          BOND2         ELECT2           VDW2

ENERGY: 1000000         4.8176         5.2841         4.8703         0.0000         -10770.0231      1445.1136         0.0000         0.0000      1758.3776          -7551.5599       296.4838     -9309.9375     -7530.9400       296.9472           -235.2756      -157.3246     31133.7915       -77.8368       -20.0704
FEP:    1000000        14.9720    -10769.6666      1446.1249

WRITING EXTENDED SYSTEM TO RESTART FILE AT STEP 1000000
WRITING COORDINATES TO DCD FILE mobley_5371840_prod.dcd AT STEP 1000000
WRITING COORDINATES TO RESTART FILE AT STEP 1000000
FINISHED WRITING RESTART COORDINATES
WRITING VELOCITIES TO RESTART FILE AT STEP 1000000
FINISHED WRITING RESTART VELOCITIES
PRESSURE: 1100000 -167.192 -578.067 162.244 -578.067 -413.699 -264.825 162.244 -264.824 180.301
GPRESSURE: 1100000 -165.304 -556.344 -60.0984 -502.22 -463.8 -285.067 386.686 87.5988 721.557
PRESSAVG: 1100000 -17.2186 -110.665 -66.0268 -110.665 -337.884 -16.2031 -66.0268 -16.2031 -36.635
GPRESSAVG: 1100000 -21.3861 -79.3199 -35.0589 -110.071 -240.348 -18.2799 -81.3447 10.419 80.1401
ENERGY: 1100000         5.4344         4.0916         7.5382         0.0000         -10717.9790      1410.9410         0.0000         0.0000      1763.9463          -7526.0274       297.4227     -9289.9738     -7530.5307       296.9868           -133.5300        30.8175     30688.4297       -82.4779       -15.8297
FEP:    1100000        17.0642    -10717.4452      1412.0337

WRITING EXTENDED SYSTEM TO RESTART FILE AT STEP 1100000
WRITING COORDINATES TO DCD FILE mobley_5371840_prod.dcd AT STEP 1100000
WRITING COORDINATES TO RESTART FILE AT STEP 1100000
FINISHED WRITING RESTART COORDINATES
WRITING VELOCITIES TO RESTART FILE AT STEP 1100000
FINISHED WRITING RESTART VELOCITIES
PRESSURE: 1200000 432.361 -222.456 79.088 -222.457 397.093 -244.978 79.0915 -244.977 -547.31
GPRESSURE: 1200000 617.965 -95.6826 18.1225 -323.62 344.382 -476.241 82.2498 27.8888 -659.808
PRESSAVG: 1200000 -3.07182 -105.917 -42.8297 -105.917 -275.86 -54.7273 -42.8297 -54.7273 -85.0481
GPRESSAVG: 1200000 9.77606 -79.1044 -28.6822 -101.749 -191.011 -57.0304 -41.4912 -21.9022 17.1309
ENERGY: 1200000         4.3535         3.8035         3.3198         0.0000         -10774.4927      1460.1081         0.0000         0.0000      1762.5122          -7540.3956       297.1809     -9302.9078     -7531.2895       297.0017             94.0480       100.8464     30731.0191       -68.8990        -6.8546
FEP:    1200000        11.4769    -10773.5550      1459.6075

WRITING EXTENDED SYSTEM TO RESTART FILE AT STEP 1200000
WRITING COORDINATES TO DCD FILE mobley_5371840_prod.dcd AT STEP 1200000
WRITING COORDINATES TO RESTART FILE AT STEP 1200000
FINISHED WRITING RESTART COORDINATES
WRITING VELOCITIES TO RESTART FILE AT STEP 1200000
FINISHED WRITING RESTART VELOCITIES
PRESSURE: 1300000 -647.779 -416.174 261.043 -416.175 215.598 162.356 261.045 162.352 363.012
GPRESSURE: 1300000 -641.063 -568.39 147.273 -233.694 163.447 -107.866 115.883 236.33 567.602
PRESSAVG: 1300000 -17.7184 -137.81 -26.2784 -137.81 -267.615 -48.6763 -26.2784 -48.6763 -69.2561
GPRESSAVG: 1300000 -17.9174 -130.479 -29.8607 -127.288 -179.576 -64.6879 -25.9139 -1.27263 37.188
ENERGY: 1300000         4.8287         4.6836         6.9394         0.0000         -10754.3731      1438.2686         0.0000         0.0000      1745.9843          -7553.6684       294.3941     -9299.6528     -7532.8880       296.8155            -23.0566        29.9949     30510.0200       -65.6245        -4.2225
FEP:    1300000        16.4517    -10753.8609      1439.0783

WRITING EXTENDED SYSTEM TO RESTART FILE AT STEP 1300000
WRITING COORDINATES TO DCD FILE mobley_5371840_prod.dcd AT STEP 1300000
WRITING COORDINATES TO RESTART FILE AT STEP 1300000
FINISHED WRITING RESTART COORDINATES
WRITING VELOCITIES TO RESTART FILE AT STEP 1300000
FINISHED WRITING RESTART VELOCITIES
PRESSURE: 1400000 836.617 31.3639 -57.2558 31.3637 240.374 521.879 -57.2594 521.875 187.312
GPRESSURE: 1400000 791.858 100.65 50.9688 -91.7467 494.293 380.143 71.5048 391.128 154.798
PRESSAVG: 1400000 51.0842 -118.621 -11.151 -118.621 -255.432 -42.9135 -11.151 -42.9135 -2.42025
GPRESSAVG: 1400000 57.4123 -119.129 -9.61549 -104.959 -170.905 -49.068 -16.2439 -5.22445 101.867
ENERGY: 1400000         7.8892         6.4397         4.7155         0.0000         -10794.2782      1499.3710         0.0000         0.0000      1789.9191          -7485.9438       301.8021     -9275.8629     -7529.7584       297.1479            421.4340       480.3162     30389.8309       -33.1539        28.0801
FEP:    1400000        19.0444    -10793.7548      1499.7839

WRITING EXTENDED SYSTEM TO RESTART FILE AT STEP 1400000
WRITING COORDINATES TO DCD FILE mobley_5371840_prod.dcd AT STEP 1400000
WRITING COORDINATES TO RESTART FILE AT STEP 1400000
FINISHED WRITING RESTART COORDINATES
WRITING VELOCITIES TO RESTART FILE AT STEP 1400000
FINISHED WRITING RESTART VELOCITIES
PRESSURE: 1500000 759.998 -972.473 474.825 -972.473 472.486 -560.597 474.823 -560.6 584.348
GPRESSURE: 1500000 548.636 -1341.9 510.277 -703.591 666.533 -673.689 274.163 -403.631 840.198
PRESSAVG: 1500000 98.8238 -187.56 -1.41594 -187.56 -175.124 -68.1254 -1.41594 -68.1254 50.1135
GPRESSAVG: 1500000 83.372 -219.446 3.23333 -166.721 -83.0129 -80.9328 -18.7223 -27.1856 165.152
ENERGY: 1500000         6.6814        10.6585         7.6595         0.0000         -10817.1320      1538.0298         0.0000         0.0000      1807.7371          -7446.3657       304.8064     -9254.1028     -7524.5463       297.6266            605.6109       685.1223     30531.6099         6.7689        69.1452
FEP:    1500000        24.9994    -10816.5413      1538.2593

WRITING EXTENDED SYSTEM TO RESTART FILE AT STEP 1500000
WRITING COORDINATES TO DCD FILE mobley_5371840_prod.dcd AT STEP 1500000
WRITING COORDINATES TO RESTART FILE AT STEP 1500000
FINISHED WRITING RESTART COORDINATES
WRITING VELOCITIES TO RESTART FILE AT STEP 1500000
FINISHED WRITING RESTART VELOCITIES
TCL: Running FEP window   5: Lambda1 0.7999999999999998 Lambda2 0.7499999999999998 [dLambda -0.050000000000000044]
TCL: Setting parameter firsttimestep to 0
TCL: Setting parameter alchLambda to 0.7999999999999998
Info: NONBONDED TABLE R-SQUARED SPACING: 0.0625
Info: NONBONDED TABLE SIZE: 705 POINTS
Info: INCONSISTENCY IN FAST TABLE ENERGY VS FORCE: 0.000290481 AT 0.251946
Info: INCONSISTENCY IN SCOR TABLE ENERGY VS FORCE: 0.000238233 AT 8.9687
Info: ABSOLUTE IMPRECISION IN VDWA TABLE ENERGY: 1.21169e-27 AT 8.99653
Info: ABSOLUTE IMPRECISION IN VDWA TABLE FORCE: 2.57484e-27 AT 8.99653
Info: INCONSISTENCY IN VDWA TABLE ENERGY VS FORCE: 0.0040507 AT 0.251946
Info: INCONSISTENCY IN VDWB TABLE ENERGY VS FORCE: 0.00150189 AT 0.251946
TCL: Setting parameter alchLambda2 to 0.7499999999999998
Info: NONBONDED TABLE R-SQUARED SPACING: 0.0625
Info: NONBONDED TABLE SIZE: 705 POINTS
Info: INCONSISTENCY IN FAST TABLE ENERGY VS FORCE: 0.000290481 AT 0.251946
Info: INCONSISTENCY IN SCOR TABLE ENERGY VS FORCE: 0.000238233 AT 8.9687
Info: ABSOLUTE IMPRECISION IN VDWA TABLE ENERGY: 1.21169e-27 AT 8.99653
Info: ABSOLUTE IMPRECISION IN VDWA TABLE FORCE: 2.57484e-27 AT 8.99653
Info: INCONSISTENCY IN VDWA TABLE ENERGY VS FORCE: 0.0040507 AT 0.251946
Info: INCONSISTENCY IN VDWB TABLE ENERGY VS FORCE: 0.00150189 AT 0.251946
TCL: Running for 1500000 steps
FEP: RESETTING FOR NEW FEP WINDOW LAMBDA SET TO 0.8 LAMBDA2 0.75
FEP: WINDOW TO HAVE 100000 STEPS OF EQUILIBRATION PRIOR TO FEP DATA COLLECTION.
FEP: USING CONSTANT TEMPERATURE OF 300 K FOR FEP CALCULATION
PRESSURE: 0 776.007 -1012.24 398.071 -1012.25 446.248 -548.613 398.068 -548.619 567.995
GPRESSURE: 0 549.522 -1337.29 512.864 -700.499 642.18 -668.059 274.26 -397.736 820.419
ETITLE:      TS           BOND          ANGLE          DIHED          IMPRP               ELECT            VDW       BOUNDARY           MISC        KINETIC               TOTAL           TEMP      POTENTIAL       TOTALAVG        TEMPAVG            PRESSURE      GPRESSURE         VOLUME       PRESSAVG      GPRESSAVG
FEPTITLE:    TS          BOND2         ELECT2           VDW2

ENERGY:       0         6.6814        10.6585         7.6595         0.0000         -10816.5417      1538.2595         0.0000         0.0000      1806.8753          -7446.4074       304.6611     -9253.2827     -7446.4074       304.6611            596.7497       670.7069     30531.6099       596.7497       670.7069
FEP:          0        24.9994    -10815.9511      1538.8309

PRESSURE: 100000 -192.678 -99.1371 -83.3576 -99.1379 488.313 91.1072 -83.3519 91.1077 -941.55
GPRESSURE: 100000 -125.812 -140.538 7.14515 -435.384 537.167 269.298 -216.181 103.806 -823.03
PRESSAVG: 100000 91.4628 -218.153 51.7509 -218.153 -60.0203 -75.8848 51.7509 -75.8848 11.5848
GPRESSAVG: 100000 62.2572 -268.39 50.3395 -203.16 23.7849 -96.9091 24.5903 -26.9431 157.627
ENERGY:  100000         8.8232         2.3822         2.3820         0.0000         -10713.1401      1429.8977         0.0000         0.0000      1753.2515          -7516.4036       295.6195     -9269.6550     -7481.4055       300.1403           -215.3050      -137.2248     30929.4542       190.7223       266.7411
FEP:     100000        13.5874    -10712.6325      1430.1261

WRITING EXTENDED SYSTEM TO RESTART FILE AT STEP 100000
WRITING COORDINATES TO DCD FILE mobley_5371840_prod.dcd AT STEP 100000
WRITING COORDINATES TO RESTART FILE AT STEP 100000
FINISHED WRITING RESTART COORDINATES
WRITING VELOCITIES TO RESTART FILE AT STEP 100000
FINISHED WRITING RESTART VELOCITIES
PRESSURE: 200000 -489.824 -195.709 -357.155 -195.706 -382.256 -784.619 -357.157 -784.625 223.095
GPRESSURE: 200000 -326.501 -407.751 -153.305 -68.4671 -295.764 -809.525 -440.523 -584.089 167.221
PRESSAVG: 200000 39.6155 -206.317 51.3084 -206.317 -84.1187 -113.652 51.3084 -113.652 41.196
GPRESSAVG: 200000 1.82799 -278.749 53.1568 -187.745 1.63945 -129.132 30.6118 -40.1506 187.228
ENERGY:  200000         5.0040         7.5400         4.9483         0.0000         -10747.3760      1426.4364         0.0000         0.0000      1752.8832          -7550.5642       295.5574     -9303.4474     -7504.4584       298.6126           -216.3283      -151.6814     30514.1702        55.0388       127.2669
FEP:     200000        17.4922    -10746.9442      1426.3231

WRITING EXTENDED SYSTEM TO RESTART FILE AT STEP 200000
WRITING COORDINATES TO DCD FILE mobley_5371840_prod.dcd AT STEP 200000
WRITING COORDINATES TO RESTART FILE AT STEP 200000
FINISHED WRITING RESTART COORDINATES
WRITING VELOCITIES TO RESTART FILE AT STEP 200000
FINISHED WRITING RESTART VELOCITIES
PRESSURE: 300000 1168.81 599.574 492.382 599.574 495.38 297.257 492.383 297.252 -939.69
GPRESSURE: 300000 1197.92 510.589 535.643 568.043 563.404 350.3 647.143 238.861 -903.649
PRESSAVG: 300000 100.56 -164.658 69.3732 -164.658 -59.6386 -97.7247 69.3732 -97.7247 36.3167
GPRESSAVG: 300000 69.3531 -243.554 66.7696 -155.178 25.0478 -118.478 50.9461 -28.4619 171.701
ENERGY:  300000         3.7383         4.8483         7.5737         0.0000         -10708.7336      1429.4368         0.0000         0.0000      1773.7062          -7489.4303       299.0684     -9263.1364     -7500.7014       298.7266            241.4991       285.8904     30510.3303       101.6539       166.9228
FEP:     300000        16.1604    -10707.4155      1430.3401

WRITING EXTENDED SYSTEM TO RESTART FILE AT STEP 300000
WRITING COORDINATES TO DCD FILE mobley_5371840_prod.dcd AT STEP 300000
WRITING COORDINATES TO RESTART FILE AT STEP 300000
FINISHED WRITING RESTART COORDINATES
WRITING VELOCITIES TO RESTART FILE AT STEP 300000
FINISHED WRITING RESTART VELOCITIES
PRESSURE: 400000 -1251.6 -19.4236 -163.069 -19.4243 -984.381 -136.493 -163.069 -136.494 -1422.04
GPRESSURE: 400000 -1029.46 -68.0589 -256.303 169.453 -1062.36 183.283 -54.5026 -182.4 -1357.82
PRESSAVG: 400000 42.8891 -154.515 52.9873 -154.515 -106.347 -105.45 52.9873 -105.45 6.44939
GPRESSAVG: 400000 27.2273 -237.039 40.9832 -142.254 -32.6912 -116.337 36.2325 -37.8433 133.534
ENERGY:  400000         5.3147         3.2347         4.7353         0.0000         -10694.9289      1330.0874         0.0000         0.0000      1733.8385          -7617.7183       292.3462     -9351.5568     -7524.1048       297.4505          -1219.3395     -1149.8792     30701.6580      -162.5448       -96.4376
FEP:     400000        13.2847    -10694.3513      1330.4700

WRITING EXTENDED SYSTEM TO RESTART FILE AT STEP 400000
WRITING COORDINATES TO DCD FILE mobley_5371840_prod.dcd AT STEP 400000
WRITING COORDINATES TO RESTART FILE AT STEP 400000
FINISHED WRITING RESTART COORDINATES
WRITING VELOCITIES TO RESTART FILE AT STEP 400000
FINISHED WRITING RESTART VELOCITIES
PRESSURE: 500000 -179.9 446.218 -557.595 446.219 -832.832 -669.14 -557.596 -669.146 -599.064
GPRESSURE: 500000 53.0221 200.013 -438.24 381.114 -780.258 -304.606 -279.485 -487.553 -578.277
PRESSAVG: 500000 72.0848 -150.439 28.2324 -150.439 -149.358 -139.533 28.2324 -139.533 -26.6137
GPRESSAVG: 500000 79.6202 -239.637 31.0554 -124.373 -82.1754 -141.915 18.0198 -71.191 93.3268
ENERGY:  500000         5.4764         3.7061         3.9964         0.0000         -10634.3189      1396.2353         0.0000         0.0000      1762.6788          -7462.2259       297.2090     -9224.9046     -7513.7916       297.4102           -537.2650      -435.1710     31398.8450      -224.9982      -152.8932
FEP:     500000        13.1789    -10633.4460      1396.0483

WRITING EXTENDED SYSTEM TO RESTART FILE AT STEP 500000
WRITING COORDINATES TO DCD FILE mobley_5371840_prod.dcd AT STEP 500000
WRITING COORDINATES TO RESTART FILE AT STEP 500000
FINISHED WRITING RESTART COORDINATES
WRITING VELOCITIES TO RESTART FILE AT STEP 500000
FINISHED WRITING RESTART VELOCITIES
PRESSURE: 600000 656.929 -452.221 -79.747 -452.223 -270.178 144.959 -79.7445 144.96 608.151
GPRESSURE: 600000 845.41 -228.339 -147.492 -144.133 32.9966 329.681 -64.1261 203.858 291.204
PRESSAVG: 600000 71.5889 -168.653 32.1204 -168.653 -186.609 -132.454 32.1204 -132.454 -55.1374
GPRESSAVG: 600000 91.7734 -241.385 41.9933 -128.366 -106.379 -130.99 22.0501 -59.5882 42.0011
ENERGY:  600000         5.6342         4.8591         4.0935         0.0000         -10644.9070      1438.8867         0.0000         0.0000      1814.8183          -7376.6151       306.0004     -9191.4334     -7494.1950       298.6374            331.6340       389.8701     30899.0054      -145.4793       -75.3556
FEP:     600000        14.5868    -10644.2161      1439.7594

WRITING EXTENDED SYSTEM TO RESTART FILE AT STEP 600000
WRITING COORDINATES TO DCD FILE mobley_5371840_prod.dcd AT STEP 600000
WRITING COORDINATES TO RESTART FILE AT STEP 600000
FINISHED WRITING RESTART COORDINATES
WRITING VELOCITIES TO RESTART FILE AT STEP 600000
FINISHED WRITING RESTART VELOCITIES
PRESSURE: 700000 -1474.75 -141.348 -93.2205 -141.344 -1381.66 123.584 -93.2187 123.584 -1321.9
GPRESSURE: 700000 -1364.27 -297.836 -60.4029 -209.708 -1201.32 -220.083 -287.953 311.554 -1258.39
PRESSAVG: 700000 -54.3745 -180.734 55.0503 -180.734 -260.025 -125.218 55.0503 -125.218 -225.591
GPRESSAVG: 700000 -24.6726 -262.214 64.9587 -128.287 -182.536 -149.384 36.8701 -28.7275 -126.656
ENERGY:  700000         4.8015         5.2928         3.9205         0.0000         -10622.6718      1277.6905         0.0000         0.0000      1771.4391          -7559.5275       298.6861     -9330.9666     -7502.3615       298.6435          -1392.7716     -1274.6627     30582.2803      -301.3908      -225.2689
FEP:     700000        14.0148    -10622.2218      1278.5347

WRITING EXTENDED SYSTEM TO RESTART FILE AT STEP 700000
WRITING COORDINATES TO DCD FILE mobley_5371840_prod.dcd AT STEP 700000
WRITING COORDINATES TO RESTART FILE AT STEP 700000
FINISHED WRITING RESTART COORDINATES
WRITING VELOCITIES TO RESTART FILE AT STEP 700000
FINISHED WRITING RESTART VELOCITIES
PRESSURE: 800000 278.114 -379.325 -4.62727 -379.326 -444.598 188.152 -4.62489 188.149 139.77
GPRESSURE: 800000 190.098 -556.345 -199.718 -525.851 -72.6064 420.737 231.822 249.258 -46.607
PRESSAVG: 800000 20.8657 -197.489 49.4375 -197.489 -198.28 -79.6763 49.4375 -79.6763 -148.126
GPRESSAVG: 800000 45.1436 -289.1 51.8999 -144.645 -114.759 -87.5651 37.2558 5.77187 -60.7629
ENERGY:  800000         3.2045         6.7475         5.5541         0.0000         -10856.8793      1451.4558         0.0000         0.0000      1791.9703          -7597.9472       302.1479     -9389.9175     -7512.9822       299.0329             -8.9047        23.6283     30298.7404      -268.8924      -197.6137
FEP:     800000        15.5060    -10856.1592      1452.3524

WRITING EXTENDED SYSTEM TO RESTART FILE AT STEP 800000
WRITING COORDINATES TO DCD FILE mobley_5371840_prod.dcd AT STEP 800000
WRITING COORDINATES TO RESTART FILE AT STEP 800000
FINISHED WRITING RESTART COORDINATES
WRITING VELOCITIES TO RESTART FILE AT STEP 800000
FINISHED WRITING RESTART VELOCITIES
PRESSURE: 900000 -588.772 -124.439 -150.456 -124.442 246.711 -850.382 -150.454 -850.384 -649.132
GPRESSURE: 900000 -385.752 -279.744 -231.578 10.1457 142.594 -822.327 -11.2935 -595.662 -569.17
PRESSAVG: 900000 21.6237 -224.74 35.2619 -224.74 -124.225 -130.989 35.2619 -130.989 -147.852
GPRESSAVG: 900000 70.6287 -318.822 34.2383 -166.981 -52.9034 -145.024 31.4334 -32.1066 -68.4474
ENERGY:  900000         2.7461         4.8742         7.4807         0.0000         -10632.6332      1396.5500         0.0000         0.0000      1769.2777          -7451.7046       298.3217     -9220.9823     -7506.8544       298.9618           -330.3974      -270.7758     31063.8355      -275.0429      -204.9299
FEP:     900000        15.1009    -10631.8708      1397.0636

WRITING EXTENDED SYSTEM TO RESTART FILE AT STEP 900000
WRITING COORDINATES TO DCD FILE mobley_5371840_prod.dcd AT STEP 900000
WRITING COORDINATES TO RESTART FILE AT STEP 900000
FINISHED WRITING RESTART COORDINATES
WRITING VELOCITIES TO RESTART FILE AT STEP 900000
FINISHED WRITING RESTART VELOCITIES
PRESSURE: 1000000 394.927 -985.459 670.492 -985.457 862.651 -275.842 670.489 -275.848 95.6491
GPRESSURE: 1000000 498.142 -998.887 414.153 -1144.1 802.607 -228.458 857.885 -359.762 121.733
PRESSAVG: 1000000 19.5236 -284.534 71.9231 -284.534 -42.2319 -124.973 71.9231 -124.973 -156.089
GPRESSAVG: 1000000 67.0835 -371.735 53.7862 -241.151 26.7648 -116.794 89.3264 -53.8225 -83.944
TIMING: 1000000  CPU: 2858.22, 0.000408469/step  Wall: 3110.5, 0.000453852/step, 380.74 ns/days, 0.0630351 hours remaining, 0.000000 MB of memory in use.
PERFORMANCE: 1000000  averaging 390.106 ns/day, 0.000442956 sec/step with standard deviation 1.36895e-05
ETITLE:      TS           BOND          ANGLE          DIHED          IMPRP               ELECT            VDW       BOUNDARY           MISC        KINETIC               TOTAL           TEMP      POTENTIAL       TOTALAVG        TEMPAVG            PRESSURE      GPRESSURE         VOLUME       PRESSAVG      GPRESSAVG
FEPTITLE:    TS          BOND2         ELECT2           VDW2

ENERGY: 1000000         4.3078         3.5649         3.3584         0.0000         -10756.8572      1508.6807         0.0000         0.0000      1803.5798          -7433.3657       304.1054     -9236.9454     -7500.1736       299.4294            451.0758       474.1607     31090.5647      -209.0321      -143.1944
FEP:    1000000        11.2311    -10756.1876      1509.3024

WRITING EXTENDED SYSTEM TO RESTART FILE AT STEP 1000000
WRITING COORDINATES TO DCD FILE mobley_5371840_prod.dcd AT STEP 1000000
WRITING COORDINATES TO RESTART FILE AT STEP 1000000
FINISHED WRITING RESTART COORDINATES
WRITING VELOCITIES TO RESTART FILE AT STEP 1000000
FINISHED WRITING RESTART VELOCITIES
PRESSURE: 1100000 -1043.84 653.963 -478.754 653.962 -468.652 -0.245233 -478.757 -0.248761 -471.29
GPRESSURE: 1100000 -1105.42 687.499 -498.303 502.918 -467.324 103.712 -35.0777 177.747 -249.107
PRESSAVG: 1100000 -31.3749 -230.796 28.7156 -230.796 -70.8768 -134.494 28.7156 -134.494 -204.737
GPRESSAVG: 1100000 23.7203 -322.017 -0.45934 -200.788 -15.208 -115.963 69.3759 -39.8515 -121.953
ENERGY: 1100000         7.4581         8.2598         6.3682         0.0000         -10807.6617      1400.7562         0.0000         0.0000      1811.2312          -7573.5882       305.3955     -9384.8194     -7506.2915       299.9265           -661.2611      -607.2841     30746.1836      -246.7178      -181.8685
FEP:    1100000        22.0861    -10806.9597      1401.1866

WRITING EXTENDED SYSTEM TO RESTART FILE AT STEP 1100000
WRITING COORDINATES TO DCD FILE mobley_5371840_prod.dcd AT STEP 1100000
WRITING COORDINATES TO RESTART FILE AT STEP 1100000
FINISHED WRITING RESTART COORDINATES
WRITING VELOCITIES TO RESTART FILE AT STEP 1100000
FINISHED WRITING RESTART VELOCITIES
PRESSURE: 1200000 -66.4431 -979.621 -413.458 -979.621 -717.576 208.172 -413.457 208.167 -715.027
GPRESSURE: 1200000 -107.751 -806.146 -303.617 -920.136 -722.794 398.554 -302.13 -118.669 -493.074
PRESSAVG: 1200000 -37.8679 -280.268 18.8071 -280.268 -108.249 -130.269 18.8071 -130.269 -247.419
GPRESSAVG: 1200000 19.3637 -350.406 13.7218 -254.8 -47.8023 -96.6745 52.8179 -46.8572 -162.209
ENERGY: 1200000         5.6520         4.8323         6.8234         0.0000         -10703.7619      1403.9668         0.0000         0.0000      1770.0421          -7512.4453       298.4506     -9282.4874     -7506.7649       299.8130           -499.6821      -441.2067     30957.1840      -266.1766      -201.8176
FEP:    1200000        17.3077    -10702.8976      1404.7137

WRITING EXTENDED SYSTEM TO RESTART FILE AT STEP 1200000
WRITING COORDINATES TO DCD FILE mobley_5371840_prod.dcd AT STEP 1200000
WRITING COORDINATES TO RESTART FILE AT STEP 1200000
FINISHED WRITING RESTART COORDINATES
WRITING VELOCITIES TO RESTART FILE AT STEP 1200000
FINISHED WRITING RESTART VELOCITIES
PRESSURE: 1300000 519.351 195.679 -348.387 195.682 847.451 -29.9679 -348.387 -29.9655 -363.745
GPRESSURE: 1300000 621.894 155.973 -126.554 330.209 949.942 238.889 -516.368 -38.4781 -362.625
PRESSAVG: 1300000 -37.8427 -237.985 2.11318 -237.985 -41.6265 -149.193 2.11318 -149.193 -280.038
GPRESSAVG: 1300000 15.8701 -320.251 13.3782 -209.782 26.9796 -112.299 45.6226 -74.4903 -200.468
ENERGY: 1300000         4.8927         7.3360         7.4129         0.0000         -10669.2410      1440.5729         0.0000         0.0000      1790.1936          -7418.8329       301.8484     -9209.0266     -7500.4840       299.9584            334.3526       403.0704     30582.7495      -223.2817      -158.6113
FEP:    1300000        19.6415    -10668.7513      1440.4548

WRITING EXTENDED SYSTEM TO RESTART FILE AT STEP 1300000
WRITING COORDINATES TO DCD FILE mobley_5371840_prod.dcd AT STEP 1300000
WRITING COORDINATES TO RESTART FILE AT STEP 1300000
FINISHED WRITING RESTART COORDINATES
WRITING VELOCITIES TO RESTART FILE AT STEP 1300000
FINISHED WRITING RESTART VELOCITIES
PRESSURE: 1400000 69.7657 -157.074 -85.4916 -157.074 -173.609 -515.403 -85.4951 -515.395 -934.822
GPRESSURE: 1400000 38.4669 -162.482 -194.721 -360.982 -299.478 -408.742 159.644 -284.475 -685.738
PRESSAVG: 1400000 -10.495 -240.419 -16.7214 -240.419 -67.8569 -157.184 -16.7214 -157.184 -297.797
GPRESSAVG: 1400000 35.0799 -309.551 -23.6942 -220.113 -1.30822 -116.503 44.68 -71.2212 -215.128
ENERGY: 1400000         5.4105         5.8448         5.7763         0.0000         -10641.6491      1389.2055         0.0000         0.0000      1806.0292          -7429.3829       304.5184     -9235.4120     -7495.7439       300.2624           -346.2219      -315.5831     30955.5121      -231.4777      -169.0761
FEP:    1400000        17.0316    -10641.1231      1389.1318

WRITING EXTENDED SYSTEM TO RESTART FILE AT STEP 1400000
WRITING COORDINATES TO DCD FILE mobley_5371840_prod.dcd AT STEP 1400000
WRITING COORDINATES TO RESTART FILE AT STEP 1400000
FINISHED WRITING RESTART COORDINATES
WRITING VELOCITIES TO RESTART FILE AT STEP 1400000
FINISHED WRITING RESTART VELOCITIES
PRESSURE: 1500000 -561.616 437.727 523.937 437.725 290.146 249.844 523.938 249.845 933.281
GPRESSURE: 1500000 -535.869 680.294 540.745 456.712 306.714 429.902 566.306 264.583 1033.16
PRESSAVG: 1500000 -30.2162 -189.629 1.36332 -189.629 -32.6646 -131.451 1.36332 -131.451 -260.148
GPRESSAVG: 1500000 16.5516 -247.719 6.34793 -172.166 37.2175 -80.7548 53.661 -62.372 -199.548
ENERGY: 1500000         5.6860         3.9655         6.6435         0.0000         -10729.6662      1455.7518         0.0000         0.0000      1791.1639          -7466.4554       302.0120     -9257.6193     -7493.9134       300.3717            220.6037       268.0009     30517.5301      -203.2226      -141.7588
FEP:    1500000        16.2950    -10729.0550      1456.8577

WRITING EXTENDED SYSTEM TO RESTART FILE AT STEP 1500000
WRITING COORDINATES TO DCD FILE mobley_5371840_prod.dcd AT STEP 1500000
WRITING COORDINATES TO RESTART FILE AT STEP 1500000
FINISHED WRITING RESTART COORDINATES
WRITING VELOCITIES TO RESTART FILE AT STEP 1500000
FINISHED WRITING RESTART VELOCITIES
TCL: Running FEP window   6: Lambda1 0.7499999999999998 Lambda2 0.6999999999999997 [dLambda -0.050000000000000044]
TCL: Setting parameter firsttimestep to 0
TCL: Setting parameter alchLambda to 0.7499999999999998
Info: NONBONDED TABLE R-SQUARED SPACING: 0.0625
Info: NONBONDED TABLE SIZE: 705 POINTS
Info: INCONSISTENCY IN FAST TABLE ENERGY VS FORCE: 0.000290481 AT 0.251946
Info: INCONSISTENCY IN SCOR TABLE ENERGY VS FORCE: 0.000238233 AT 8.9687
Info: ABSOLUTE IMPRECISION IN VDWA TABLE ENERGY: 1.21169e-27 AT 8.99653
Info: ABSOLUTE IMPRECISION IN VDWA TABLE FORCE: 2.57484e-27 AT 8.99653
Info: INCONSISTENCY IN VDWA TABLE ENERGY VS FORCE: 0.0040507 AT 0.251946
Info: INCONSISTENCY IN VDWB TABLE ENERGY VS FORCE: 0.00150189 AT 0.251946
TCL: Setting parameter alchLambda2 to 0.6999999999999997
Info: NONBONDED TABLE R-SQUARED SPACING: 0.0625
Info: NONBONDED TABLE SIZE: 705 POINTS
Info: INCONSISTENCY IN FAST TABLE ENERGY VS FORCE: 0.000290481 AT 0.251946
Info: INCONSISTENCY IN SCOR TABLE ENERGY VS FORCE: 0.000238233 AT 8.9687
Info: ABSOLUTE IMPRECISION IN VDWA TABLE ENERGY: 1.21169e-27 AT 8.99653
Info: ABSOLUTE IMPRECISION IN VDWA TABLE FORCE: 2.57484e-27 AT 8.99653
Info: INCONSISTENCY IN VDWA TABLE ENERGY VS FORCE: 0.0040507 AT 0.251946
Info: INCONSISTENCY IN VDWB TABLE ENERGY VS FORCE: 0.00150189 AT 0.251946
TCL: Running for 1500000 steps
FEP: RESETTING FOR NEW FEP WINDOW LAMBDA SET TO 0.75 LAMBDA2 0.7
FEP: WINDOW TO HAVE 100000 STEPS OF EQUILIBRATION PRIOR TO FEP DATA COLLECTION.
FEP: USING CONSTANT TEMPERATURE OF 300 K FOR FEP CALCULATION
PRESSURE: 0 -642.395 425.305 559.756 425.305 223.338 270.132 559.761 270.136 940.287
GPRESSURE: 0 -538.193 681.512 537.05 460.286 299.539 427.721 562.663 262.926 1038.64
ETITLE:      TS           BOND          ANGLE          DIHED          IMPRP               ELECT            VDW       BOUNDARY           MISC        KINETIC               TOTAL           TEMP      POTENTIAL       TOTALAVG        TEMPAVG            PRESSURE      GPRESSURE         VOLUME       PRESSAVG      GPRESSAVG
FEPTITLE:    TS          BOND2         ELECT2           VDW2

ENERGY:       0         5.6860         3.9655         6.6435         0.0000         -10729.0551      1456.8575         0.0000         0.0000      1790.2752          -7465.6274       301.8621     -9255.9026     -7465.6274       301.8621            173.7434       266.6627     30517.5301       173.7434       266.6627
FEP:          0        16.2950    -10728.4439      1458.0325

PRESSURE: 100000 396.802 285.788 -5.4386 285.787 248.281 344.675 -5.43781 344.678 -232.64
GPRESSURE: 100000 300.911 240.751 -14.063 261.358 260.442 531.482 -275.94 99.6592 -38.1669
PRESSAVG: 100000 -31.725 -122.143 12.0727 -122.143 -39.7182 -96.5786 12.0727 -96.5786 -215.551
GPRESSAVG: 100000 5.84241 -168.402 24.2275 -108.218 39.8251 -3.58932 58.0905 -57.4537 -144.914
ENERGY:  100000         7.8019         3.9482         7.0454         0.0000         -10811.5688      1483.8328         0.0000         0.0000      1730.5828          -7578.3577       291.7972     -9308.9405     -7521.9925       296.8297            137.4807       174.3953     30505.7488       155.6120       220.5290
FEP:     100000        18.7955    -10811.1636      1484.2675

WRITING EXTENDED SYSTEM TO RESTART FILE AT STEP 100000
WRITING COORDINATES TO DCD FILE mobley_5371840_prod.dcd AT STEP 100000
WRITING COORDINATES TO RESTART FILE AT STEP 100000
FINISHED WRITING RESTART COORDINATES
WRITING VELOCITIES TO RESTART FILE AT STEP 100000
FINISHED WRITING RESTART VELOCITIES
PRESSURE: 200000 41.7092 102.002 466.298 102.001 501.969 -133.234 466.297 -133.234 -124.064
GPRESSURE: 200000 199.064 -261.084 815.24 143 327.156 -133.354 304.465 -408.051 -82.9306
PRESSAVG: 200000 -71.4703 -118.611 38.2505 -118.611 -26.6384 -129.334 38.2505 -129.334 -231.12
GPRESSAVG: 200000 -23.7973 -186.489 62.4411 -96.4807 31.4682 -29.2642 69.7385 -97.4126 -156.801
ENERGY:  200000         8.4824         2.7196         4.0595         0.0000         -10788.4701      1497.8418         0.0000         0.0000      1772.2245          -7503.1423       298.8185     -9275.3668     -7515.7091       297.4926            139.8714       147.7632     31051.0614       150.3651       196.2737
FEP:     200000        15.2615    -10788.1205      1498.3808

WRITING EXTENDED SYSTEM TO RESTART FILE AT STEP 200000
WRITING COORDINATES TO DCD FILE mobley_5371840_prod.dcd AT STEP 200000
WRITING COORDINATES TO RESTART FILE AT STEP 200000
FINISHED WRITING RESTART COORDINATES
WRITING VELOCITIES TO RESTART FILE AT STEP 200000
FINISHED WRITING RESTART VELOCITIES
PRESSURE: 300000 -736.009 -134.234 317.639 -134.235 -148.892 -61.1796 317.638 -61.1758 -459.354
GPRESSURE: 300000 -542.46 -270.807 276.47 39.7923 -235.8 -221.817 455.653 151.555 -393.998
PRESSAVG: 300000 -146.271 -76.6992 30.3912 -76.6992 -57.7073 -104.363 30.3912 -104.363 -283.305
GPRESSAVG: 300000 -78.3521 -132.934 50.7507 -59.3116 -13.6484 -6.67057 78.813 -69.6533 -218.51
ENERGY:  300000         6.3665         7.2441         5.3477         0.0000         -10734.2790      1415.5112         0.0000         0.0000      1760.9298          -7538.8798       296.9141     -9299.8095     -7521.5018       297.3480           -448.0848      -390.7526     31048.4443         0.7527        49.5172
FEP:     300000        18.9583    -10733.4977      1415.6121

WRITING EXTENDED SYSTEM TO RESTART FILE AT STEP 300000
WRITING COORDINATES TO DCD FILE mobley_5371840_prod.dcd AT STEP 300000
WRITING COORDINATES TO RESTART FILE AT STEP 300000
FINISHED WRITING RESTART COORDINATES
WRITING VELOCITIES TO RESTART FILE AT STEP 300000
FINISHED WRITING RESTART VELOCITIES
PRESSURE: 400000 -62.9653 117.053 134.202 117.056 -924.242 -42.1752 134.199 -42.175 -811.973
GPRESSURE: 400000 15.4934 163.219 428.749 162.968 -1138.54 -220.145 -35.2891 5.87387 -653.955
PRESSAVG: 400000 -188.219 -20.2339 17.1978 -20.2339 -126.232 -79.0406 17.1978 -79.0406 -352.303
GPRESSAVG: 400000 -105.054 -57.9084 46.5449 -16.1383 -102.684 15.7251 63.3356 -49.4728 -292.229
ENERGY:  400000         5.8609         4.8016         7.5628         0.0000         -10561.0123      1329.1231         0.0000         0.0000      1838.4058          -7375.2581       309.9775     -9213.6639     -7492.2530       299.8739           -599.7267      -592.3337     30686.9556      -119.3432       -78.8530
FEP:     400000        18.2254    -10560.4780      1329.5800

WRITING EXTENDED SYSTEM TO RESTART FILE AT STEP 400000
WRITING COORDINATES TO DCD FILE mobley_5371840_prod.dcd AT STEP 400000
WRITING COORDINATES TO RESTART FILE AT STEP 400000
FINISHED WRITING RESTART COORDINATES
WRITING VELOCITIES TO RESTART FILE AT STEP 400000
FINISHED WRITING RESTART VELOCITIES
PRESSURE: 500000 -399.335 399.532 632.466 399.531 -367.816 186.878 632.465 186.872 -388.746
GPRESSURE: 500000 -225.043 641.89 746.298 171.021 -474.469 355.849 435.325 82.2617 -330.871
PRESSAVG: 500000 -198.552 4.69954 52.9886 4.69954 -169.038 -74.2524 52.9886 -74.2524 -324.663
GPRESSAVG: 500000 -110.015 -18.787 83.5026 14.1819 -153.266 20.0526 95.9109 -50.5501 -267.621
ENERGY:  500000         4.4596         4.6921         5.9036         0.0000         -10707.5579      1399.7827         0.0000         0.0000      1752.3560          -7540.3639       295.4685     -9292.7199     -7500.2715       299.1397           -385.2991      -343.4609     30700.1367      -163.6692      -122.9543
FEP:     500000        15.0553    -10706.9869      1400.0810

WRITING EXTENDED SYSTEM TO RESTART FILE AT STEP 500000
WRITING COORDINATES TO DCD FILE mobley_5371840_prod.dcd AT STEP 500000
WRITING COORDINATES TO RESTART FILE AT STEP 500000
FINISHED WRITING RESTART COORDINATES
WRITING VELOCITIES TO RESTART FILE AT STEP 500000
FINISHED WRITING RESTART VELOCITIES
PRESSURE: 600000 1171.01 852.557 -121.411 852.555 -186.621 339.902 -121.412 339.903 485.339
GPRESSURE: 600000 1316.67 676.873 173.832 636.714 -157.808 345.769 -31.2403 43.392 484.207
PRESSAVG: 600000 -115.51 57.1126 64.7759 57.1126 -159.257 -18.026 64.7759 -18.026 -311.551
GPRESSAVG: 600000 -27.8565 35.4442 99.8594 49.441 -146.368 77.8173 116.375 -19.176 -251.772
ENERGY:  600000         2.8860         5.9857         3.1957         0.0000         -10743.4918      1494.3368         0.0000         0.0000      1752.2857          -7484.8019       295.4566     -9237.0876     -7498.0616       298.6135            489.9092       547.6901     30678.9474       -70.3009       -27.1480
FEP:     600000        12.0674    -10743.2661      1494.8871

WRITING EXTENDED SYSTEM TO RESTART FILE AT STEP 600000
WRITING COORDINATES TO DCD FILE mobley_5371840_prod.dcd AT STEP 600000
WRITING COORDINATES TO RESTART FILE AT STEP 600000
FINISHED WRITING RESTART COORDINATES
WRITING VELOCITIES TO RESTART FILE AT STEP 600000
FINISHED WRITING RESTART VELOCITIES
PRESSURE: 700000 -327.127 307.502 236.106 307.507 -166.099 341.38 236.097 341.382 663.886
GPRESSURE: 700000 -352.898 435.452 205 -32.7877 8.1325 463.884 489.957 347.593 694.529
PRESSAVG: 700000 -190.307 42.5092 51.9616 42.5092 -192.33 -15.8195 51.9616 -15.8195 -231.372
GPRESSAVG: 700000 -105.397 31.6873 83.3272 19.3994 -174.132 83.4965 108.516 -13.7394 -171.863
ENERGY:  700000         7.0843         6.7902         7.1358         0.0000         -10681.9834      1434.5593         0.0000         0.0000      1760.0493          -7466.3645       296.7657     -9226.4138     -7494.0994       298.3825             56.8865       116.5879     30540.3115       -54.4024        -9.1810
FEP:     700000        21.0102    -10681.2370      1434.3873

WRITING EXTENDED SYSTEM TO RESTART FILE AT STEP 700000
WRITING COORDINATES TO DCD FILE mobley_5371840_prod.dcd AT STEP 700000
WRITING COORDINATES TO RESTART FILE AT STEP 700000
FINISHED WRITING RESTART COORDINATES
WRITING VELOCITIES TO RESTART FILE AT STEP 700000
FINISHED WRITING RESTART VELOCITIES
PRESSURE: 800000 69.6612 63.5564 40.5961 63.5571 -370.884 -218.142 40.5949 -218.146 952.868
GPRESSURE: 800000 374.582 190.209 196.35 24.8747 -422.987 -182.886 180.14 -1.61133 867.9
PRESSAVG: 800000 -124.244 46.6583 62.1448 46.6583 -161.656 -19.9021 62.1448 -19.9021 -112.626
GPRESSAVG: 800000 -35.1952 44.6007 105.96 12.1705 -142.163 65.1881 120.248 -4.70001 -60.5769
ENERGY:  800000         5.4520         6.1922         5.4509         0.0000         -10773.5217      1467.3903         0.0000         0.0000      1823.3403          -7465.6959       307.4373     -9289.0361     -7490.9435       299.3886            217.2150       273.1649     30652.4125       -24.2227        22.1908
FEP:     800000        17.0952    -10772.6467      1467.3140

WRITING EXTENDED SYSTEM TO RESTART FILE AT STEP 800000
WRITING COORDINATES TO DCD FILE mobley_5371840_prod.dcd AT STEP 800000
WRITING COORDINATES TO RESTART FILE AT STEP 800000
FINISHED WRITING RESTART COORDINATES
WRITING VELOCITIES TO RESTART FILE AT STEP 800000
FINISHED WRITING RESTART VELOCITIES
PRESSURE: 900000 -341.163 -159.583 -237.716 -159.583 -26.4199 129.693 -237.717 129.688 -57.193
GPRESSURE: 900000 -193.623 -184.809 155.565 12.0371 80.1717 278.534 -231.473 142.342 -49.2956
PRESSAVG: 900000 -132.308 16.3682 78.1388 16.3682 -121.335 20.0396 78.1388 20.0396 -85.5328
GPRESSAVG: 900000 -47.5274 25.3596 135.65 -6.2833 -99.1418 94.3451 122.648 26.7947 -34.1278
ENERGY:  900000         7.6416         5.3460         7.7960         0.0000         -10666.6071      1405.4978         0.0000         0.0000      1829.0816          -7411.2440       308.4053     -9240.3256     -7482.9735       300.2903           -141.5921       -54.2490     30726.4745       -35.9597        14.5468
FEP:     900000        20.7837    -10666.0167      1406.1129

WRITING EXTENDED SYSTEM TO RESTART FILE AT STEP 900000
WRITING COORDINATES TO DCD FILE mobley_5371840_prod.dcd AT STEP 900000
WRITING COORDINATES TO RESTART FILE AT STEP 900000
FINISHED WRITING RESTART COORDINATES
WRITING VELOCITIES TO RESTART FILE AT STEP 900000
FINISHED WRITING RESTART VELOCITIES
PRESSURE: 1000000 -108.155 36.3802 161.46 36.3772 -90.2895 -700.872 161.458 -700.867 17.8592
GPRESSURE: 1000000 132.827 33.1205 96.6783 -219.835 -18.0604 -562.882 88.9805 -884.386 -85.5847
PRESSAVG: 1000000 -170.562 40.7982 90.1989 40.7982 -112.341 -22.2518 90.1989 -22.2518 -115.047
GPRESSAVG: 1000000 -83.1566 38.4326 147.859 -10.0684 -101.695 49.717 130.304 -27.6174 -52.9673
TIMING: 1000000  CPU: 3470.38, 0.000408187/step  Wall: 3813.1, 0.000470708/step, 367.107 ns/days, 0.0653761 hours remaining, 0.000000 MB of memory in use.
PERFORMANCE: 1000000  averaging 386.075 ns/day, 0.000447582 sec/step with standard deviation 1.66817e-05
ETITLE:      TS           BOND          ANGLE          DIHED          IMPRP               ELECT            VDW       BOUNDARY           MISC        KINETIC               TOTAL           TEMP      POTENTIAL       TOTALAVG        TEMPAVG            PRESSURE      GPRESSURE         VOLUME       PRESSAVG      GPRESSAVG
FEPTITLE:    TS          BOND2         ELECT2           VDW2

ENERGY: 1000000         4.0181         5.5786         6.1243         0.0000         -10715.8681      1407.4831         0.0000         0.0000      1775.9534          -7516.7105       299.4473     -9292.6639     -7486.0405       300.2137            -60.1952         9.7274     30558.4025       -38.1629        14.1087
FEP:    1000000        15.7210    -10715.2576      1407.8743

WRITING EXTENDED SYSTEM TO RESTART FILE AT STEP 1000000
WRITING COORDINATES TO DCD FILE mobley_5371840_prod.dcd AT STEP 1000000
WRITING COORDINATES TO RESTART FILE AT STEP 1000000
FINISHED WRITING RESTART COORDINATES
WRITING VELOCITIES TO RESTART FILE AT STEP 1000000
FINISHED WRITING RESTART VELOCITIES
PRESSURE: 1100000 -981.498 98.0713 193.798 98.0713 -500.228 164.849 193.799 164.845 -12.3158
GPRESSURE: 1100000 -1003.23 -72.9087 290.761 119.887 -453.792 -126.939 40.3274 234.491 56.1994
PRESSAVG: 1100000 -145.899 52.769 104.55 52.769 -68.2689 -20.1887 104.55 -20.1887 -49.568
GPRESSAVG: 1100000 -65.1047 49.679 165.417 6.41137 -64.3181 54.3742 146.718 -31.4706 12.7623
ENERGY: 1100000         2.7532         7.3866         5.4210         0.0000         -10604.2873      1362.2068         0.0000         0.0000      1781.8728          -7444.6469       300.4454     -9226.5197     -7482.5911       300.2330           -498.0138      -466.9418     30750.9626       -76.4838       -25.9789
FEP:    1100000        15.5607    -10604.1979      1361.7932

WRITING EXTENDED SYSTEM TO RESTART FILE AT STEP 1100000
WRITING COORDINATES TO DCD FILE mobley_5371840_prod.dcd AT STEP 1100000
WRITING COORDINATES TO RESTART FILE AT STEP 1100000
FINISHED WRITING RESTART COORDINATES
WRITING VELOCITIES TO RESTART FILE AT STEP 1100000
FINISHED WRITING RESTART VELOCITIES
PRESSURE: 1200000 814.231 -521.662 144.833 -521.663 -110.808 -101.903 144.832 -101.905 969.572
GPRESSURE: 1200000 813.946 -802.658 189.152 -214.768 189.891 -35.7563 289.185 45.4256 717.731
PRESSAVG: 1200000 -119.093 45.6521 112.023 45.6521 -51.5795 -34.6914 112.023 -34.6914 -8.07792
GPRESSAVG: 1200000 -33.9123 37.3633 184.86 21.9656 -51.1932 31.5496 149.586 -41.6622 50.9792
ENERGY: 1200000         5.4721         4.1543         5.3511         0.0000         -10896.5026      1523.7441         0.0000         0.0000      1771.9294          -7585.8515       298.7688     -9357.7810     -7490.5342       300.1203            557.6648       573.8562     30567.0311       -27.7031        20.1623
FEP:    1200000        14.9775    -10896.1534      1524.1181

WRITING EXTENDED SYSTEM TO RESTART FILE AT STEP 1200000
WRITING COORDINATES TO DCD FILE mobley_5371840_prod.dcd AT STEP 1200000
WRITING COORDINATES TO RESTART FILE AT STEP 1200000
FINISHED WRITING RESTART COORDINATES
WRITING VELOCITIES TO RESTART FILE AT STEP 1200000
FINISHED WRITING RESTART VELOCITIES
PRESSURE: 1300000 -252.361 -100.273 2.31461 -100.273 -68.3132 -225.933 2.31439 -225.932 437.652
GPRESSURE: 1300000 -291.2 -94.9381 -38.6676 -72.5806 -6.19305 -344.292 229.181 -407.973 683.172
PRESSAVG: 1300000 -102.273 46.8606 119.661 46.8606 -67.3307 -3.46884 119.661 -3.46884 46.2613
GPRESSAVG: 1300000 -29.1847 46.6036 194.506 17.8292 -58.6326 55.4513 161.61 -32.2778 113.596
ENERGY: 1300000         4.4121         6.4049        10.2641         0.0000         -10746.6751      1469.4318         0.0000         0.0000      1749.1882          -7506.9741       294.9343     -9256.1623     -7491.7085       299.7499             38.9927       128.5929     30663.4711       -22.9391        27.9073
FEP:    1300000        21.0811    -10746.1857      1470.2310

WRITING EXTENDED SYSTEM TO RESTART FILE AT STEP 1300000
WRITING COORDINATES TO DCD FILE mobley_5371840_prod.dcd AT STEP 1300000
WRITING COORDINATES TO RESTART FILE AT STEP 1300000
FINISHED WRITING RESTART COORDINATES
WRITING VELOCITIES TO RESTART FILE AT STEP 1300000
FINISHED WRITING RESTART VELOCITIES
PRESSURE: 1400000 -667.869 444.593 499.09 444.594 293.792 -385.845 499.091 -385.848 129.25
GPRESSURE: 1400000 -564.928 355.095 519.808 834.744 414.297 -627.037 487.78 -205.123 61.9855
PRESSAVG: 1400000 -155.413 118.363 111.091 118.363 -95.7737 -8.96884 111.091 -8.96884 47.9413
GPRESSAVG: 1400000 -82.3382 114.303 199.789 116.772 -78.048 35.5223 143.104 -24.5459 110.609
ENERGY: 1400000         6.8904         5.4034         4.7385         0.0000         -10801.9972      1463.1528         0.0000         0.0000      1715.2246          -7606.5874       289.2077     -9321.8120     -7499.3671       299.0471            -81.6093       -29.5485     30738.2376       -26.8505        24.0769
FEP:    1400000        17.0323    -10801.8602      1463.6756

WRITING EXTENDED SYSTEM TO RESTART FILE AT STEP 1400000
WRITING COORDINATES TO DCD FILE mobley_5371840_prod.dcd AT STEP 1400000
WRITING COORDINATES TO RESTART FILE AT STEP 1400000
FINISHED WRITING RESTART COORDINATES
WRITING VELOCITIES TO RESTART FILE AT STEP 1400000
FINISHED WRITING RESTART VELOCITIES
PRESSURE: 1500000 1318.63 -118.945 -193.914 -118.947 573.304 267.335 -193.909 267.337 318.479
GPRESSURE: 1500000 1311.91 -224.408 -11.7421 -122.672 551.422 423.623 -418.331 40.2896 392.537
PRESSAVG: 1500000 -37.2891 79.7177 125.334 79.7177 -43.6759 4.41046 125.334 4.41046 87.4297
GPRESSAVG: 1500000 38.5286 68.7074 224.117 85.4921 -27.1107 51.5178 123.942 -31.4187 142.691
ENERGY: 1500000         5.0283         4.6745         7.2294         0.0000         -10764.1891      1506.3305         0.0000         0.0000      1801.5501          -7439.3764       303.7632     -9240.9265     -7495.6176       299.3418            736.8036       751.9576     30676.3433        20.8779        69.5695
FEP:    1500000        16.9321    -10763.6518      1507.2571

WRITING EXTENDED SYSTEM TO RESTART FILE AT STEP 1500000
WRITING COORDINATES TO DCD FILE mobley_5371840_prod.dcd AT STEP 1500000
WRITING COORDINATES TO RESTART FILE AT STEP 1500000
FINISHED WRITING RESTART COORDINATES
WRITING VELOCITIES TO RESTART FILE AT STEP 1500000
FINISHED WRITING RESTART VELOCITIES
TCL: Running FEP window   7: Lambda1 0.6999999999999997 Lambda2 0.6499999999999997 [dLambda -0.050000000000000044]
TCL: Setting parameter firsttimestep to 0
TCL: Setting parameter alchLambda to 0.6999999999999997
Info: NONBONDED TABLE R-SQUARED SPACING: 0.0625
Info: NONBONDED TABLE SIZE: 705 POINTS
Info: INCONSISTENCY IN FAST TABLE ENERGY VS FORCE: 0.000290481 AT 0.251946
Info: INCONSISTENCY IN SCOR TABLE ENERGY VS FORCE: 0.000238233 AT 8.9687
Info: ABSOLUTE IMPRECISION IN VDWA TABLE ENERGY: 1.21169e-27 AT 8.99653
Info: ABSOLUTE IMPRECISION IN VDWA TABLE FORCE: 2.57484e-27 AT 8.99653
Info: INCONSISTENCY IN VDWA TABLE ENERGY VS FORCE: 0.0040507 AT 0.251946
Info: INCONSISTENCY IN VDWB TABLE ENERGY VS FORCE: 0.00150189 AT 0.251946
TCL: Setting parameter alchLambda2 to 0.6499999999999997
Info: NONBONDED TABLE R-SQUARED SPACING: 0.0625
Info: NONBONDED TABLE SIZE: 705 POINTS
Info: INCONSISTENCY IN FAST TABLE ENERGY VS FORCE: 0.000290481 AT 0.251946
Info: INCONSISTENCY IN SCOR TABLE ENERGY VS FORCE: 0.000238233 AT 8.9687
Info: ABSOLUTE IMPRECISION IN VDWA TABLE ENERGY: 1.21169e-27 AT 8.99653
Info: ABSOLUTE IMPRECISION IN VDWA TABLE FORCE: 2.57484e-27 AT 8.99653
Info: INCONSISTENCY IN VDWA TABLE ENERGY VS FORCE: 0.0040507 AT 0.251946
Info: INCONSISTENCY IN VDWB TABLE ENERGY VS FORCE: 0.00150189 AT 0.251946
TCL: Running for 1500000 steps
FEP: RESETTING FOR NEW FEP WINDOW LAMBDA SET TO 0.7 LAMBDA2 0.65
FEP: WINDOW TO HAVE 100000 STEPS OF EQUILIBRATION PRIOR TO FEP DATA COLLECTION.
FEP: USING CONSTANT TEMPERATURE OF 300 K FOR FEP CALCULATION
PRESSURE: 0 1247.85 -108.961 -266.341 -108.96 434.74 253.481 -266.34 253.484 319.635
GPRESSURE: 0 1315.75 -223.032 -12.4687 -119.844 546.554 420.189 -418.24 34.8645 386.925
ETITLE:      TS           BOND          ANGLE          DIHED          IMPRP               ELECT            VDW       BOUNDARY           MISC        KINETIC               TOTAL           TEMP      POTENTIAL       TOTALAVG        TEMPAVG            PRESSURE      GPRESSURE         VOLUME       PRESSAVG      GPRESSAVG
FEPTITLE:    TS          BOND2         ELECT2           VDW2

ENERGY:       0         5.0283         4.6745         7.2294         0.0000         -10763.6508      1507.2571         0.0000         0.0000      1800.6942          -7438.7673       303.6189     -9239.4616     -7438.7673       303.6189            667.4091       749.7424     30676.3433       667.4091       749.7424
FEP:          0        16.9321    -10763.1136      1508.2639

PRESSURE: 100000 1777.21 329.805 -22.1767 329.808 1533.71 246.917 -22.1758 246.921 1400.89
GPRESSURE: 100000 1712.42 487.579 -188.14 703.51 1536.66 -15.8142 -166.899 -60.0996 1496.44
PRESSAVG: 100000 91.3185 129.957 149 129.957 48.253 20.5207 149 20.5207 227.394
GPRESSAVG: 100000 164.23 114.443 235.595 144.172 65.6927 39.8644 135.61 -24.8231 279.644
ENERGY:  100000         2.8210         4.6147         4.6835         0.0000         -10854.2399      1584.1671         0.0000         0.0000      1751.0254          -7506.9281       295.2441     -9257.9535     -7472.8477       299.4315           1570.6031      1581.8383     30560.4275      1119.0061      1165.7903
FEP:     100000        12.1192    -10854.0993      1583.9747

WRITING EXTENDED SYSTEM TO RESTART FILE AT STEP 100000
WRITING COORDINATES TO DCD FILE mobley_5371840_prod.dcd AT STEP 100000
WRITING COORDINATES TO RESTART FILE AT STEP 100000
FINISHED WRITING RESTART COORDINATES
WRITING VELOCITIES TO RESTART FILE AT STEP 100000
FINISHED WRITING RESTART VELOCITIES
PRESSURE: 200000 -972.092 -52.2855 -408.754 -52.2884 94.7995 -2.11645 -408.753 -2.11235 280.511
GPRESSURE: 200000 -906.855 -31.411 -215.162 -105.828 88.7743 213.096 -483.626 -403.096 305.072
PRESSAVG: 200000 39.2256 135.196 132.837 135.196 61.6735 46.1848 132.837 46.1848 288.161
GPRESSAVG: 200000 116.964 120.997 234.573 156.929 85.1054 70.9563 103.446 -30.7541 329.185
ENERGY:  200000         3.9603         4.4489         6.4282         0.0000         -10784.8255      1422.5539         0.0000         0.0000      1827.1953          -7520.2391       308.0873     -9347.4343     -7488.6449       302.3168           -198.9272      -171.0029     30403.2921       679.6950       720.1926
FEP:     200000        14.8373    -10784.1224      1423.0144

WRITING EXTENDED SYSTEM TO RESTART FILE AT STEP 200000
WRITING COORDINATES TO DCD FILE mobley_5371840_prod.dcd AT STEP 200000
WRITING COORDINATES TO RESTART FILE AT STEP 200000
FINISHED WRITING RESTART COORDINATES
WRITING VELOCITIES TO RESTART FILE AT STEP 200000
FINISHED WRITING RESTART VELOCITIES
PRESSURE: 300000 -1290.37 -307.503 114.312 -307.502 -1340.9 313.196 114.314 313.202 -1076.67
GPRESSURE: 300000 -1486.73 -670.543 -220.973 -148.672 -1189.45 295.224 141.657 151.031 -1097.93
PRESSAVG: 300000 2.78792 97.935 112.356 97.935 -19.879 49.3527 112.356 49.3527 187.664
GPRESSAVG: 300000 69.4206 53.4551 196.487 126.66 10.297 64.2224 82.2138 -36.4317 222.63
ENERGY:  300000         4.9426         5.9807         2.9677         0.0000         -10674.1867      1327.3798         0.0000         0.0000      1729.7328          -7603.1831       291.6539     -9332.9159     -7517.2794       299.6510          -1235.9794     -1258.0356     31175.9209       200.7764       225.6355
FEP:     300000        13.8910    -10673.9403      1328.2557

WRITING EXTENDED SYSTEM TO RESTART FILE AT STEP 300000
WRITING COORDINATES TO DCD FILE mobley_5371840_prod.dcd AT STEP 300000
WRITING COORDINATES TO RESTART FILE AT STEP 300000
FINISHED WRITING RESTART COORDINATES
WRITING VELOCITIES TO RESTART FILE AT STEP 300000
FINISHED WRITING RESTART VELOCITIES
PRESSURE: 400000 672.76 -481.383 266.875 -481.383 -146.817 -244.549 266.868 -244.549 -569.684
GPRESSURE: 400000 739.645 -503.191 229.911 -603.306 -254.273 -282.032 239.686 42.009 -446.636
PRESSAVG: 400000 68.5456 52.6005 97.7112 52.6005 -38.3867 23.6184 97.7112 23.6184 112.165
GPRESSAVG: 400000 133.313 -5.78005 181.13 73.4805 -17.3936 28.7348 66.0649 -47.4776 148.367
ENERGY:  400000         4.3503         7.7809         5.0073         0.0000         -10711.9645      1441.0938         0.0000         0.0000      1766.5482          -7487.1840       297.8614     -9253.7321     -7511.2603       299.2931            -14.5802        12.9121     30794.1867       157.7051       183.0908
FEP:     400000        17.1386    -10711.7529      1441.7299

WRITING EXTENDED SYSTEM TO RESTART FILE AT STEP 400000
WRITING COORDINATES TO DCD FILE mobley_5371840_prod.dcd AT STEP 400000
WRITING COORDINATES TO RESTART FILE AT STEP 400000
FINISHED WRITING RESTART COORDINATES
WRITING VELOCITIES TO RESTART FILE AT STEP 400000
FINISHED WRITING RESTART VELOCITIES
PRESSURE: 500000 1200.03 -394.524 290.47 -394.525 109.453 103.127 290.468 103.125 1109.94
GPRESSURE: 500000 1291.77 -210.311 413.149 -669.241 84.7582 66.207 54.5304 276.614 1104.77
PRESSAVG: 500000 108.707 18.5849 112.506 18.5849 -45.3281 11.5407 112.506 11.5407 179.294
GPRESSAVG: 500000 182.856 -28.3331 202.491 26.9506 -26.1778 5.47107 82.5885 -38.6299 205.514
ENERGY:  500000         3.9063         5.5431         3.7453         0.0000         -10768.6452      1500.7201         0.0000         0.0000      1799.7863          -7454.9440       303.4658     -9254.7303     -7501.8743       299.9886            806.4733       827.1017     30219.0143       265.8331       290.4260
FEP:     500000        13.1948    -10767.7854      1499.9897

WRITING EXTENDED SYSTEM TO RESTART FILE AT STEP 500000
WRITING COORDINATES TO DCD FILE mobley_5371840_prod.dcd AT STEP 500000
WRITING COORDINATES TO RESTART FILE AT STEP 500000
FINISHED WRITING RESTART COORDINATES
WRITING VELOCITIES TO RESTART FILE AT STEP 500000
FINISHED WRITING RESTART VELOCITIES
PRESSURE: 600000 -553.54 157.389 -490.72 157.39 -323.433 -909.821 -490.717 -909.822 -1140.77
GPRESSURE: 600000 -496.681 -134.043 -415.711 170.234 -455.229 -1148.29 -619.176 -720.022 -1010.29
PRESSAVG: 600000 78.9445 21.3544 64.6558 21.3544 -86.5982 -27.2886 64.6558 -27.2886 128.459
GPRESSAVG: 600000 148.068 -21.9811 140.943 28.3123 -65.297 -45.2757 36.4064 -54.2284 159.145
ENERGY:  600000         2.2403         4.6973         4.7652         0.0000         -10751.3256      1369.0883         0.0000         0.0000      1756.7598          -7613.7747       296.2110     -9370.5344     -7517.8601       299.4489           -672.5811      -654.0682     30567.2104       131.7739       155.4982
FEP:     600000        11.7029    -10750.7700      1369.9767

WRITING EXTENDED SYSTEM TO RESTART FILE AT STEP 600000
WRITING COORDINATES TO DCD FILE mobley_5371840_prod.dcd AT STEP 600000
WRITING COORDINATES TO RESTART FILE AT STEP 600000
FINISHED WRITING RESTART COORDINATES
WRITING VELOCITIES TO RESTART FILE AT STEP 600000
FINISHED WRITING RESTART VELOCITIES
PRESSURE: 700000 -513.846 -269.119 -785.905 -269.12 -303.741 302.284 -785.906 302.286 -734.124
GPRESSURE: 700000 -385.713 -439.485 -746.74 -114.969 -196.309 203.629 -507.848 48.1601 -697.812
PRESSAVG: 700000 90.0526 14.6101 9.47858 14.6101 -94.3406 -9.11556 9.47858 -9.11556 114.72
GPRESSAVG: 700000 155.906 -30.415 89.7825 20.5742 -63.3225 -24.0034 -11.7686 -59.3981 143.955
ENERGY:  700000         5.8417        10.6317         8.7432         0.0000         -10843.2351      1438.0399         0.0000         0.0000      1751.4978          -7628.4809       295.3238     -9379.9787     -7531.6877       298.9333           -517.2371      -426.6113     30580.9953        50.6476        82.7346
FEP:     700000        25.2165    -10843.3659      1438.8384

WRITING EXTENDED SYSTEM TO RESTART FILE AT STEP 700000
WRITING COORDINATES TO DCD FILE mobley_5371840_prod.dcd AT STEP 700000
WRITING COORDINATES TO RESTART FILE AT STEP 700000
FINISHED WRITING RESTART COORDINATES
WRITING VELOCITIES TO RESTART FILE AT STEP 700000
FINISHED WRITING RESTART VELOCITIES
PRESSURE: 800000 697.404 634.113 220.747 634.114 1277.09 105.446 220.746 105.45 1389.56
GPRESSURE: 800000 772.349 468.518 -42.6286 623.319 1356.74 102.012 442.746 -30.8565 1409.15
PRESSAVG: 800000 128.071 40.463 13.8059 40.463 15.7258 -1.73429 13.8059 -1.73429 224.797
GPRESSAVG: 800000 193.749 -15.15 66.2136 43.5918 61.4416 -7.89553 12.1332 -61.2347 247.11
ENERGY:  800000         4.7716         3.0569         4.1691         0.0000         -10868.4674      1589.1020         0.0000         0.0000      1811.6827          -7455.6852       305.4717     -9267.3679     -7523.2429       299.6598           1121.3505      1179.4142     30581.6438       169.6146       204.5878
FEP:     800000        11.9975    -10867.5480      1589.3984

WRITING EXTENDED SYSTEM TO RESTART FILE AT STEP 800000
WRITING COORDINATES TO DCD FILE mobley_5371840_prod.dcd AT STEP 800000
WRITING COORDINATES TO RESTART FILE AT STEP 800000
FINISHED WRITING RESTART COORDINATES
WRITING VELOCITIES TO RESTART FILE AT STEP 800000
FINISHED WRITING RESTART VELOCITIES
PRESSURE: 900000 160.755 -510.329 -167.262 -510.33 -167.279 -313.918 -167.268 -313.913 223.521
GPRESSURE: 900000 93.7955 -537.857 15.4861 -593.933 -95.8329 52.6688 170.414 -338.902 296.093
PRESSAVG: 900000 156.076 -5.03005 -26.1807 -5.03005 25.7526 -26.7735 -26.1807 -26.7735 255.411
GPRESSAVG: 900000 209.69 -74.1374 29.673 5.34412 80.3734 -23.0545 -1.11242 -82.2928 278.458
ENERGY:  900000         6.8229         9.3159         5.6515         0.0000         -10781.6590      1442.4362         0.0000         0.0000      1789.8474          -7527.5850       301.7900     -9317.4325     -7523.6772       299.8728             72.3323        98.0186     30370.7468       159.8863       193.9309
FEP:     900000        21.7903    -10781.5178      1442.3603

WRITING EXTENDED SYSTEM TO RESTART FILE AT STEP 900000
WRITING COORDINATES TO DCD FILE mobley_5371840_prod.dcd AT STEP 900000
WRITING COORDINATES TO RESTART FILE AT STEP 900000
FINISHED WRITING RESTART COORDINATES
WRITING VELOCITIES TO RESTART FILE AT STEP 900000
FINISHED WRITING RESTART VELOCITIES
PRESSURE: 1000000 60.1178 -346.023 522.848 -346.021 743.061 -53.3912 522.852 -53.3939 -266.511
GPRESSURE: 1000000 210.641 -82.9405 379.402 -483.573 745.944 -218.118 556.179 140.849 -232.789
PRESSAVG: 1000000 100.531 -64.9589 6.03248 -64.9589 72.2367 -46.4384 6.03248 -46.4384 217.818
GPRESSAVG: 1000000 154.389 -112.128 39.9515 -50.6702 125.561 -51.2489 28.2585 -77.42 242.608
TIMING: 1000000  CPU: 4083.14, 0.000408972/step  Wall: 4508.83, 0.000465683/step, 371.068 ns/days, 0.0646782 hours remaining, 0.000000 MB of memory in use.
PERFORMANCE: 1000000  averaging 383.857 ns/day, 0.000450168 sec/step with standard deviation 1.66946e-05
ETITLE:      TS           BOND          ANGLE          DIHED          IMPRP               ELECT            VDW       BOUNDARY           MISC        KINETIC               TOTAL           TEMP      POTENTIAL       TOTALAVG        TEMPAVG            PRESSURE      GPRESSURE         VOLUME       PRESSAVG      GPRESSAVG
FEPTITLE:    TS          BOND2         ELECT2           VDW2

ENERGY: 1000000         9.5937         3.1674         6.5412         0.0000         -10827.9354      1499.2364         0.0000         0.0000      1800.8728          -7508.5239       303.6490     -9309.3968     -7522.2996       300.2161            178.8895       241.2654     30548.5815       161.6139       198.2341
FEP:    1000000        19.3022    -10827.4546      1499.7027

WRITING EXTENDED SYSTEM TO RESTART FILE AT STEP 1000000
WRITING COORDINATES TO DCD FILE mobley_5371840_prod.dcd AT STEP 1000000
WRITING COORDINATES TO RESTART FILE AT STEP 1000000
FINISHED WRITING RESTART COORDINATES
WRITING VELOCITIES TO RESTART FILE AT STEP 1000000
FINISHED WRITING RESTART VELOCITIES
PRESSURE: 1100000 -85.5302 -582.791 257.18 -582.791 46.9689 262.197 257.176 262.194 379.178
GPRESSURE: 1100000 -30.355 -851.721 439.748 -221.867 -128.343 153.535 -208.597 327.676 428.213
PRESSAVG: 1100000 112.611 -109.474 7.08642 -109.474 82.8901 -50.3978 7.08642 -50.3978 203.583
GPRESSAVG: 1100000 170.516 -176.487 51.689 -60.1242 118.737 -66.7664 -6.66914 -78.4159 229.293
ENERGY: 1100000         2.3336         7.1217         4.9121         0.0000         -10743.8997      1447.8596         0.0000         0.0000      1811.4770          -7470.1955       305.4370     -9281.6726     -7517.9576       300.6512            113.5391        89.8383     30946.3285       157.6077       189.2011
FEP:    1100000        14.3675    -10743.8393      1448.5086

WRITING EXTENDED SYSTEM TO RESTART FILE AT STEP 1100000
WRITING COORDINATES TO DCD FILE mobley_5371840_prod.dcd AT STEP 1100000
WRITING COORDINATES TO RESTART FILE AT STEP 1100000
FINISHED WRITING RESTART COORDINATES
WRITING VELOCITIES TO RESTART FILE AT STEP 1100000
FINISHED WRITING RESTART VELOCITIES
PRESSURE: 1200000 1281.78 -11.7364 -129.737 -11.7391 925.972 90.6383 -129.747 90.6397 110.298
GPRESSURE: 1200000 1323.61 44.2134 -222.211 198.563 1020.37 -53.0656 187.157 -298.407 97.7243
PRESSAVG: 1200000 173.217 -113.239 -1.43069 -113.239 147.733 -34.9585 -1.43069 -34.9585 161.454
GPRESSAVG: 1200000 217.968 -183.786 30.7609 -51.4398 190.905 -60.2753 -6.31828 -93.2556 190.784
ENERGY: 1200000         8.6628         6.9173         4.3594         0.0000         -10841.0168      1534.5093         0.0000         0.0000      1820.9964          -7465.5716       307.0421     -9286.5680     -7513.9279       301.1428            772.6817       813.9041     30479.7211       204.9211       237.2552
FEP:    1200000        19.9395    -10840.9274      1534.8822

WRITING EXTENDED SYSTEM TO RESTART FILE AT STEP 1200000
WRITING COORDINATES TO DCD FILE mobley_5371840_prod.dcd AT STEP 1200000
WRITING COORDINATES TO RESTART FILE AT STEP 1200000
FINISHED WRITING RESTART COORDINATES
WRITING VELOCITIES TO RESTART FILE AT STEP 1200000
FINISHED WRITING RESTART VELOCITIES
PRESSURE: 1300000 -70.1778 -141.22 359.884 -141.22 -947.946 -315.199 359.89 -315.202 40.1506
GPRESSURE: 1300000 -19.9782 -237.45 263.376 73.5212 -923.503 -381.546 445.494 189.305 -17.3603
PRESSAVG: 1300000 186.766 -112.32 28.4497 -112.32 101.657 -57.203 28.4497 -57.203 166.321
GPRESSAVG: 1300000 226.65 -186.419 36.1514 -48.3656 140.722 -93.2793 27.53 -90.9075 192.381
ENERGY: 1300000         7.8029         7.4093         4.1954         0.0000         -10740.0135      1426.6667         0.0000         0.0000      1748.3559          -7545.5832       294.7940     -9293.9391     -7516.1890       300.6893           -325.9912      -320.2806     30711.9753       166.9987       197.4312
FEP:    1300000        19.4076    -10740.0456      1427.6004

WRITING EXTENDED SYSTEM TO RESTART FILE AT STEP 1300000
WRITING COORDINATES TO DCD FILE mobley_5371840_prod.dcd AT STEP 1300000
WRITING COORDINATES TO RESTART FILE AT STEP 1300000
FINISHED WRITING RESTART COORDINATES
WRITING VELOCITIES TO RESTART FILE AT STEP 1300000
FINISHED WRITING RESTART VELOCITIES
PRESSURE: 1400000 -1341.55 20.4014 -184.189 20.4029 -620.945 -311.294 -184.189 -311.291 -707.626
GPRESSURE: 1400000 -1190.61 -284.56 91.0138 198.507 -736.564 -366.994 -388.726 -187.355 -597.246
PRESSAVG: 1400000 125.096 -113.119 11.1673 -113.119 75.1238 -37.7241 11.1673 -37.7241 130.047
GPRESSAVG: 1400000 160.478 -202.303 35.8682 -27.4484 104.796 -83.485 3.64473 -56.0559 166.797
ENERGY: 1400000         6.2638         5.7059         6.1449         0.0000         -10640.6224      1348.9088         0.0000         0.0000      1826.4505          -7447.1486       307.9617     -9273.5992     -7511.5863       301.1741           -890.0399      -841.4740     30878.7661        96.5295       128.1708
FEP:    1400000        18.1145    -10639.9111      1349.6822

WRITING EXTENDED SYSTEM TO RESTART FILE AT STEP 1400000
WRITING COORDINATES TO DCD FILE mobley_5371840_prod.dcd AT STEP 1400000
WRITING COORDINATES TO RESTART FILE AT STEP 1400000
FINISHED WRITING RESTART COORDINATES
WRITING VELOCITIES TO RESTART FILE AT STEP 1400000
FINISHED WRITING RESTART VELOCITIES
PRESSURE: 1500000 -953.803 -198.777 690.995 -198.776 -1399.83 346.245 690.994 346.246 -855.499
GPRESSURE: 1500000 -798.395 -291.555 601.352 72.9176 -1304.27 344.88 492.452 126.133 -817.053
PRESSAVG: 1500000 126.481 -127.962 36.027 -127.962 30.1437 -28.6541 36.027 -28.6541 87.8879
GPRESSAVG: 1500000 170.72 -213.235 51.3977 -29.7969 62.2726 -59.894 26.251 -61.4739 123.135
ENERGY: 1500000         6.4926         5.3576         6.9727         0.0000         -10555.0930      1337.3552         0.0000         0.0000      1703.4284          -7495.4865       287.2187     -9198.9149     -7510.5801       300.3019          -1069.7104      -973.2382     31094.4565        23.6395        59.3328
FEP:    1500000        18.8229    -10554.2812      1338.1499

WRITING EXTENDED SYSTEM TO RESTART FILE AT STEP 1500000
WRITING COORDINATES TO DCD FILE mobley_5371840_prod.dcd AT STEP 1500000
WRITING COORDINATES TO RESTART FILE AT STEP 1500000
FINISHED WRITING RESTART COORDINATES
WRITING VELOCITIES TO RESTART FILE AT STEP 1500000
FINISHED WRITING RESTART VELOCITIES
TCL: Running FEP window   8: Lambda1 0.6499999999999997 Lambda2 0.5999999999999996 [dLambda -0.050000000000000044]
TCL: Setting parameter firsttimestep to 0
TCL: Setting parameter alchLambda to 0.6499999999999997
Info: NONBONDED TABLE R-SQUARED SPACING: 0.0625
Info: NONBONDED TABLE SIZE: 705 POINTS
Info: INCONSISTENCY IN FAST TABLE ENERGY VS FORCE: 0.000290481 AT 0.251946
Info: INCONSISTENCY IN SCOR TABLE ENERGY VS FORCE: 0.000238233 AT 8.9687
Info: ABSOLUTE IMPRECISION IN VDWA TABLE ENERGY: 1.21169e-27 AT 8.99653
Info: ABSOLUTE IMPRECISION IN VDWA TABLE FORCE: 2.57484e-27 AT 8.99653
Info: INCONSISTENCY IN VDWA TABLE ENERGY VS FORCE: 0.0040507 AT 0.251946
Info: INCONSISTENCY IN VDWB TABLE ENERGY VS FORCE: 0.00150189 AT 0.251946
TCL: Setting parameter alchLambda2 to 0.5999999999999996
Info: NONBONDED TABLE R-SQUARED SPACING: 0.0625
Info: NONBONDED TABLE SIZE: 705 POINTS
Info: INCONSISTENCY IN FAST TABLE ENERGY VS FORCE: 0.000290481 AT 0.251946
Info: INCONSISTENCY IN SCOR TABLE ENERGY VS FORCE: 0.000238233 AT 8.9687
Info: ABSOLUTE IMPRECISION IN VDWA TABLE ENERGY: 1.21169e-27 AT 8.99653
Info: ABSOLUTE IMPRECISION IN VDWA TABLE FORCE: 2.57484e-27 AT 8.99653
Info: INCONSISTENCY IN VDWA TABLE ENERGY VS FORCE: 0.0040507 AT 0.251946
Info: INCONSISTENCY IN VDWB TABLE ENERGY VS FORCE: 0.00150189 AT 0.251946
TCL: Running for 1500000 steps
FEP: RESETTING FOR NEW FEP WINDOW LAMBDA SET TO 0.65 LAMBDA2 0.6
FEP: WINDOW TO HAVE 100000 STEPS OF EQUILIBRATION PRIOR TO FEP DATA COLLECTION.
FEP: USING CONSTANT TEMPERATURE OF 300 K FOR FEP CALCULATION
PRESSURE: 0 -971.554 -233.645 665.621 -233.646 -1303.9 295.248 665.619 295.245 -844.479
GPRESSURE: 0 -796.145 -292.635 601.278 71.8295 -1302.64 349.413 492.738 129.707 -813.094
ETITLE:      TS           BOND          ANGLE          DIHED          IMPRP               ELECT            VDW       BOUNDARY           MISC        KINETIC               TOTAL           TEMP      POTENTIAL       TOTALAVG        TEMPAVG            PRESSURE      GPRESSURE         VOLUME       PRESSAVG      GPRESSAVG
FEPTITLE:    TS          BOND2         ELECT2           VDW2

ENERGY:       0         6.4926         5.3576         6.9727         0.0000         -10554.2820      1338.1501         0.0000         0.0000      1702.5416          -7494.7674       287.0692     -9197.3090     -7494.7674       287.0692          -1039.9769      -970.6271     31094.4565     -1039.9769      -970.6271
FEP:          0        18.8229    -10553.4701      1339.0023

PRESSURE: 100000 -662.339 -86.8144 49.3594 -86.8162 -820.685 -10.3232 49.3651 -10.3285 -137.884
GPRESSURE: 100000 -448.879 -252.294 307.043 -26.8309 -844.55 -84.1094 -180.128 161.414 -146.233
PRESSAVG: 100000 16.6928 -112.888 64.4189 -112.888 -67.1293 1.98357 64.4189 1.98357 -31.5915
GPRESSAVG: 100000 82.3314 -195.602 89.2896 -13.1796 -54.2719 -27.6264 15.9632 -28.7904 5.12337
ENERGY:  100000         5.9559         4.5571         4.8758         0.0000         -10775.9000      1397.4112         0.0000         0.0000      1852.6896          -7510.4105       312.3859     -9363.1000     -7502.5890       299.7275           -540.3026      -479.8873     30604.9169      -790.1397      -725.2572
FEP:     100000        15.3888    -10775.4777      1398.4583

WRITING EXTENDED SYSTEM TO RESTART FILE AT STEP 100000
WRITING COORDINATES TO DCD FILE mobley_5371840_prod.dcd AT STEP 100000
WRITING COORDINATES TO RESTART FILE AT STEP 100000
FINISHED WRITING RESTART COORDINATES
WRITING VELOCITIES TO RESTART FILE AT STEP 100000
FINISHED WRITING RESTART VELOCITIES
PRESSURE: 200000 -270.073 133.891 -144.136 133.895 223.636 -471.052 -144.133 -471.051 -505.262
GPRESSURE: 200000 -8.69636 243.644 -302.832 30.1144 193.617 -680.426 259.973 -434.221 -538.723
PRESSAVG: 200000 36.5827 -128.423 32.2577 -128.423 -70.6371 -2.27657 32.2577 -2.27657 -63.3171
GPRESSAVG: 200000 110.143 -201.174 48.1575 -53.411 -65.3059 -30.2959 4.57285 -40.2453 -24.912
ENERGY:  200000         2.1667         6.4107         6.7104         0.0000         -10725.7693      1413.7210         0.0000         0.0000      1828.3756          -7468.3848       308.2863     -9296.7604     -7491.1876       302.5805           -183.9000      -117.9340     30556.7448      -588.0598      -522.8162
FEP:     200000        15.2878    -10725.5149      1413.9316

WRITING EXTENDED SYSTEM TO RESTART FILE AT STEP 200000
WRITING COORDINATES TO DCD FILE mobley_5371840_prod.dcd AT STEP 200000
WRITING COORDINATES TO RESTART FILE AT STEP 200000
FINISHED WRITING RESTART COORDINATES
WRITING VELOCITIES TO RESTART FILE AT STEP 200000
FINISHED WRITING RESTART VELOCITIES
PRESSURE: 300000 -986.574 -56.4987 511.632 -56.4968 274.869 230.169 511.634 230.169 33.2336
GPRESSURE: 300000 -923.111 -236.491 601.906 102.549 127.744 459.769 461.829 11.2467 132.881
PRESSAVG: 300000 -78.6775 -125.3 67.5348 -125.3 -85.5588 -4.13498 67.5348 -4.13498 -77.5793
GPRESSAVG: 300000 -1.6083 -201.778 78.8399 -42.15 -86.4898 -28.4885 48.5809 -41.6975 -37.8948
ENERGY:  300000         7.5208         6.3658         4.3333         0.0000         -10693.1811      1415.4128         0.0000         0.0000      1812.9744          -7446.5741       305.6895     -9259.5485     -7480.0342       303.3577           -226.1571      -220.8286     30537.0872      -497.5841      -447.3193
FEP:     300000        18.2198    -10692.4402      1415.6732

WRITING EXTENDED SYSTEM TO RESTART FILE AT STEP 300000
WRITING COORDINATES TO DCD FILE mobley_5371840_prod.dcd AT STEP 300000
WRITING COORDINATES TO RESTART FILE AT STEP 300000
FINISHED WRITING RESTART COORDINATES
WRITING VELOCITIES TO RESTART FILE AT STEP 300000
FINISHED WRITING RESTART VELOCITIES
PRESSURE: 400000 702.499 -134.137 580.11 -134.138 -894.65 157.892 580.11 157.89 -147.307
GPRESSURE: 400000 683.491 -57.6446 553.914 -205.456 -667.52 125.323 448.138 317.894 -91.2132
PRESSAVG: 400000 -105.945 -126.559 109.857 -126.559 -152.028 -8.91468 109.857 -8.91468 -100.926
GPRESSAVG: 400000 -33.2211 -193.509 107.159 -46.4306 -147.193 -43.2318 91.8997 -27.546 -61.8017
ENERGY:  400000         4.6294         7.1838         5.5678         0.0000         -10750.9166      1433.3779         0.0000         0.0000      1740.7934          -7559.3643       293.5189     -9300.1576     -7495.9002       301.3899           -113.1526       -25.0807     30600.1990      -420.6978      -362.8715
FEP:     400000        17.3810    -10750.0099      1434.1981

WRITING EXTENDED SYSTEM TO RESTART FILE AT STEP 400000
WRITING COORDINATES TO DCD FILE mobley_5371840_prod.dcd AT STEP 400000
WRITING COORDINATES TO RESTART FILE AT STEP 400000
FINISHED WRITING RESTART COORDINATES
WRITING VELOCITIES TO RESTART FILE AT STEP 400000
FINISHED WRITING RESTART VELOCITIES
PRESSURE: 500000 -689.004 1130.56 -9.58065 1130.56 -896.306 -121.658 -9.58362 -121.662 -126.74
GPRESSURE: 500000 -758.797 965.207 47.8051 1010.27 -552.249 -177.801 -221.417 -113.681 -231.741
PRESSAVG: 500000 -229.256 -86.5217 110.487 -86.5217 -273.529 -27.3438 110.487 -27.3438 -177.308
GPRESSAVG: 500000 -156.782 -169.627 118.956 -31.0925 -251.639 -51.3312 89.1738 -30.2251 -148.211
ENERGY:  500000         2.8056         2.6233         5.9581         0.0000         -10772.6608      1408.2765         0.0000         0.0000      1773.3493          -7579.6480       299.0082     -9352.9973     -7509.8582       300.9930           -570.6833      -514.2622     30688.3027      -445.6954      -388.1033
FEP:     500000        11.3870    -10772.8308      1408.8502

WRITING EXTENDED SYSTEM TO RESTART FILE AT STEP 500000
WRITING COORDINATES TO DCD FILE mobley_5371840_prod.dcd AT STEP 500000
WRITING COORDINATES TO RESTART FILE AT STEP 500000
FINISHED WRITING RESTART COORDINATES
WRITING VELOCITIES TO RESTART FILE AT STEP 500000
FINISHED WRITING RESTART VELOCITIES
PRESSURE: 600000 108.319 130.1 155.803 130.1 6.8523 -13.0483 155.807 -13.055 213.054
GPRESSURE: 600000 158.319 217.091 465.773 -6.23939 236.582 87.8965 -225.73 -148.392 263.521
PRESSAVG: 600000 -175.235 -77.4022 138.715 -77.4022 -277.927 -27.891 138.715 -27.891 -180.681
GPRESSAVG: 600000 -103.523 -157.202 153.003 -26.1131 -244.249 -57.5912 102.069 -17.4899 -150.288
ENERGY:  600000         2.9908         5.5882         4.9608         0.0000         -10727.1806      1448.1992         0.0000         0.0000      1789.9418          -7475.4998       301.8059     -9265.4416     -7504.9498       301.1091            109.4085       219.4738     30824.4308      -366.3949      -301.3066
FEP:     600000        13.5398    -10726.6792      1448.6994

WRITING EXTENDED SYSTEM TO RESTART FILE AT STEP 600000
WRITING COORDINATES TO DCD FILE mobley_5371840_prod.dcd AT STEP 600000
WRITING COORDINATES TO RESTART FILE AT STEP 600000
FINISHED WRITING RESTART COORDINATES
WRITING VELOCITIES TO RESTART FILE AT STEP 600000
FINISHED WRITING RESTART VELOCITIES
PRESSURE: 700000 -880.039 114.159 -7.31502 114.162 -900.905 436.175 -7.314 436.179 -448.362
GPRESSURE: 700000 -628.732 73.6693 357.605 403.078 -819.068 317.456 -242.424 304.984 -525.218
PRESSAVG: 700000 -154.719 -56.319 132.634 -56.319 -255.927 -21.7421 132.634 -21.7421 -149.266
GPRESSAVG: 700000 -60.6233 -119.992 181.932 1.47442 -225.729 -56.4796 82.8646 -9.79223 -121.653
ENERGY:  700000         9.7843         6.3733         6.6807         0.0000         -10796.9936      1422.2713         0.0000         0.0000      1771.1628          -7580.7213       298.6395     -9351.8841     -7514.4213       300.8004           -743.1021      -657.6729     30860.7778      -413.4833      -345.8524
FEP:     700000        22.8383    -10796.5330      1422.9761

WRITING EXTENDED SYSTEM TO RESTART FILE AT STEP 700000
WRITING COORDINATES TO DCD FILE mobley_5371840_prod.dcd AT STEP 700000
WRITING COORDINATES TO RESTART FILE AT STEP 700000
FINISHED WRITING RESTART COORDINATES
WRITING VELOCITIES TO RESTART FILE AT STEP 700000
FINISHED WRITING RESTART VELOCITIES
PRESSURE: 800000 -328.984 386.035 99.2228 386.035 -190.406 -227.321 99.2201 -227.318 -967
GPRESSURE: 800000 -322.617 230.972 -86.7041 563.527 -35.5798 -548.809 8.52063 57.8408 -784.263
PRESSAVG: 800000 -204.806 -12.9481 124.251 -12.9481 -258.106 -20.8806 124.251 -20.8806 -169.131
GPRESSAVG: 800000 -113.736 -83.2836 166.101 59.8161 -214.795 -69.8185 71.3063 -9.00065 -138.534
ENERGY:  800000         4.9139        10.1058         4.3872         0.0000         -10698.1802      1403.1335         0.0000         0.0000      1756.5436          -7519.0962       296.1745     -9275.6398     -7514.9407       300.2864           -495.4632      -380.8200     30865.1217      -422.5921      -349.7377
FEP:     800000        19.4069    -10697.9342      1403.8461

WRITING EXTENDED SYSTEM TO RESTART FILE AT STEP 800000
WRITING COORDINATES TO DCD FILE mobley_5371840_prod.dcd AT STEP 800000
WRITING COORDINATES TO RESTART FILE AT STEP 800000
FINISHED WRITING RESTART COORDINATES
WRITING VELOCITIES TO RESTART FILE AT STEP 800000
FINISHED WRITING RESTART VELOCITIES
PRESSURE: 900000 -474.428 -299.013 336.927 -299.012 155.626 -271.496 336.925 -271.499 40.6912
GPRESSURE: 900000 -403.592 -226.536 111.48 -328.6 -53.9398 -912.177 452.446 325.727 243.016
PRESSAVG: 900000 -288.528 -8.17246 126.574 -8.17246 -255.798 -39.6118 126.574 -39.6118 -222.594
GPRESSAVG: 900000 -198.505 -84.0949 151.018 76.8482 -221.73 -118.738 91.2021 -6.54498 -181.622
ENERGY:  900000         7.5225         7.3776         6.4632         0.0000         -10739.6278      1450.4725         0.0000         0.0000      1692.7780          -7575.0141       285.4229     -9267.7921     -7520.9481       298.8001            -92.7034       -71.5052     30652.7931      -389.6033      -321.9144
FEP:     900000        21.3632    -10739.0302      1450.0569

WRITING EXTENDED SYSTEM TO RESTART FILE AT STEP 900000
WRITING COORDINATES TO DCD FILE mobley_5371840_prod.dcd AT STEP 900000
WRITING COORDINATES TO RESTART FILE AT STEP 900000
FINISHED WRITING RESTART COORDINATES
WRITING VELOCITIES TO RESTART FILE AT STEP 900000
FINISHED WRITING RESTART VELOCITIES
PRESSURE: 1000000 122.142 -288.546 129.905 -288.544 895.922 27.151 129.909 27.1488 34.096
GPRESSURE: 1000000 267.748 -321.133 -53.805 146.652 1122.22 127.771 75.374 -10.52 -267.392
PRESSAVG: 1000000 -254.744 -30.4692 157.605 -30.4692 -194.83 7.23675 157.605 7.23675 -163.851
GPRESSAVG: 1000000 -160.283 -93.4494 169.113 75.6691 -142.857 -54.9347 125.93 28.9301 -144.477
TIMING: 1000000  CPU: 4696.32, 0.000408439/step  Wall: 5205.38, 0.00046586/step, 370.927 ns/days, 0.0647028 hours remaining, 0.000000 MB of memory in use.
PERFORMANCE: 1000000  averaging 382.192 ns/day, 0.000452129 sec/step with standard deviation 1.64218e-05
ETITLE:      TS           BOND          ANGLE          DIHED          IMPRP               ELECT            VDW       BOUNDARY           MISC        KINETIC               TOTAL           TEMP      POTENTIAL       TOTALAVG        TEMPAVG            PRESSURE      GPRESSURE         VOLUME       PRESSAVG      GPRESSAVG
FEPTITLE:    TS          BOND2         ELECT2           VDW2

ENERGY: 1000000         6.8464        11.7785         7.7055         0.0000         -10882.5329      1499.5024         0.0000         0.0000      1775.6479          -7581.0523       299.3958     -9356.7002     -7526.4121       298.8542            350.7200       374.1906     30475.4361      -322.3012      -258.6322
FEP:    1000000        26.3304    -10882.4353      1499.7254

WRITING EXTENDED SYSTEM TO RESTART FILE AT STEP 1000000
WRITING COORDINATES TO DCD FILE mobley_5371840_prod.dcd AT STEP 1000000
WRITING COORDINATES TO RESTART FILE AT STEP 1000000
FINISHED WRITING RESTART COORDINATES
WRITING VELOCITIES TO RESTART FILE AT STEP 1000000
FINISHED WRITING RESTART VELOCITIES
PRESSURE: 1100000 74.1528 -96.8344 150.506 -96.8337 -284.363 356.585 150.507 356.582 -729.79
GPRESSURE: 1100000 -64.0897 -64.9028 123.123 2.8973 -127.924 -100.764 91.9789 419.5 -538.556
PRESSAVG: 1100000 -225.344 -21.8549 204.426 -21.8549 -193.861 9.95156 204.426 9.95156 -163.634
GPRESSAVG: 1100000 -144.202 -74.7203 212.606 81.5624 -139.438 -70.1543 155.921 47.4971 -136.514
ENERGY: 1100000         6.6949         3.9597         7.4406         0.0000         -10686.1154      1387.7416         0.0000         0.0000      1775.4409          -7504.8378       299.3609     -9280.2787     -7524.6142       298.8965           -313.3334      -243.5232     30592.4226      -321.5538      -257.3731
FEP:    1100000        18.0951    -10686.1303      1388.5166

WRITING EXTENDED SYSTEM TO RESTART FILE AT STEP 1100000
WRITING COORDINATES TO DCD FILE mobley_5371840_prod.dcd AT STEP 1100000
WRITING COORDINATES TO RESTART FILE AT STEP 1100000
FINISHED WRITING RESTART COORDINATES
WRITING VELOCITIES TO RESTART FILE AT STEP 1100000
FINISHED WRITING RESTART VELOCITIES
PRESSURE: 1200000 657.862 -57.4906 163.817 -57.4885 -447.076 -393.775 163.809 -393.773 -86.2973
GPRESSURE: 1200000 661.284 -393.774 279.809 202.68 -227.88 -161.879 253.668 -298.803 -79.5915
PRESSAVG: 1200000 -227.322 -56.435 201.579 -56.435 -280.069 -15.0096 201.579 -15.0096 -237.427
GPRESSAVG: 1200000 -149.755 -117.835 228.728 60.5304 -218.669 -83.3489 146.467 34.0998 -210.951
ENERGY: 1200000         3.6534         3.6910         7.6364         0.0000         -10827.0439      1482.2464         0.0000         0.0000      1773.8535          -7555.9631       299.0932     -9329.8166     -7527.0257       298.9116             41.4961       117.9374     30789.4951      -293.6269      -228.5030
FEP:    1200000        14.9809    -10826.7146      1482.8599

WRITING EXTENDED SYSTEM TO RESTART FILE AT STEP 1200000
WRITING COORDINATES TO DCD FILE mobley_5371840_prod.dcd AT STEP 1200000
WRITING COORDINATES TO RESTART FILE AT STEP 1200000
FINISHED WRITING RESTART COORDINATES
WRITING VELOCITIES TO RESTART FILE AT STEP 1200000
FINISHED WRITING RESTART VELOCITIES
PRESSURE: 1300000 -176.712 342.107 -477.103 342.107 393.349 584.184 -477.103 584.182 131.985
GPRESSURE: 1300000 100.046 465.216 -591.008 376.281 257.899 337.028 -629.459 598.906 224.269
PRESSAVG: 1300000 -244.195 -13.8131 186.087 -13.8131 -252.038 29.8952 186.087 29.8952 -242.003
GPRESSAVG: 1300000 -149.443 -67.6812 198.403 109.041 -200.983 -69.1309 106.473 80.9902 -214.542
ENERGY: 1300000         3.3136         4.0815         7.7233         0.0000         -10696.1883      1458.6625         0.0000         0.0000      1767.3538          -7455.0537       297.9973     -9222.4074     -7521.8848       298.8463            116.2074       194.0712     30866.7879      -264.3530      -198.3192
FEP:    1300000        15.1184    -10695.7195      1458.6376

WRITING EXTENDED SYSTEM TO RESTART FILE AT STEP 1300000
WRITING COORDINATES TO DCD FILE mobley_5371840_prod.dcd AT STEP 1300000
WRITING COORDINATES TO RESTART FILE AT STEP 1300000
FINISHED WRITING RESTART COORDINATES
WRITING VELOCITIES TO RESTART FILE AT STEP 1300000
FINISHED WRITING RESTART VELOCITIES
PRESSURE: 1400000 378.545 52.5689 118.566 52.5711 -20.7914 570.609 118.564 570.61 -91.4995
GPRESSURE: 1400000 383.844 -59.4607 445.814 15.9151 -19.2841 338.417 171.203 668.278 82.8522
PRESSAVG: 1400000 -228.274 6.1165 165.873 6.1165 -290.23 61.0954 165.873 61.0954 -233.253
GPRESSAVG: 1400000 -140.783 -66.5072 201.724 134.015 -239.244 -41.3041 87.2246 107.362 -198.76
ENERGY: 1400000         5.0817         4.6337         5.5790         0.0000         -10852.6895      1487.8974         0.0000         0.0000      1779.7302          -7569.7676       300.0841     -9349.4977     -7525.0770       298.9288             88.7512       149.1374     30556.0697      -240.8128      -175.1554
FEP:    1400000        15.2944    -10852.2747      1488.4019

WRITING EXTENDED SYSTEM TO RESTART FILE AT STEP 1400000
WRITING COORDINATES TO DCD FILE mobley_5371840_prod.dcd AT STEP 1400000
WRITING COORDINATES TO RESTART FILE AT STEP 1400000
FINISHED WRITING RESTART COORDINATES
WRITING VELOCITIES TO RESTART FILE AT STEP 1400000
FINISHED WRITING RESTART VELOCITIES
PRESSURE: 1500000 -701.585 -174.913 -193.273 -174.913 -953.717 126.964 -193.277 126.965 -1081.76
GPRESSURE: 1500000 -815.279 -192.771 -352.976 -160.053 -892.292 -73.5759 -217.093 180.903 -767.397
PRESSAVG: 1500000 -259.076 26.5104 143.35 26.5104 -340.265 54.3339 143.35 54.3339 -306.3
GPRESSAVG: 1500000 -180.029 -33.5597 162.088 137.106 -277.442 -52.6597 86.7998 100.023 -258.541
ENERGY: 1500000         6.8758         6.3885         6.0685         0.0000         -10720.2884      1369.9263         0.0000         0.0000      1733.9347          -7597.0947       292.3624     -9331.0294     -7529.5781       298.5184           -912.3553      -824.9894     30740.6494      -282.7842      -215.7700
FEP:    1500000        19.3328    -10720.1472      1370.4008

WRITING EXTENDED SYSTEM TO RESTART FILE AT STEP 1500000
WRITING COORDINATES TO DCD FILE mobley_5371840_prod.dcd AT STEP 1500000
WRITING COORDINATES TO RESTART FILE AT STEP 1500000
FINISHED WRITING RESTART COORDINATES
WRITING VELOCITIES TO RESTART FILE AT STEP 1500000
FINISHED WRITING RESTART VELOCITIES
TCL: Running FEP window   9: Lambda1 0.5999999999999996 Lambda2 0.5499999999999996 [dLambda -0.050000000000000044]
TCL: Setting parameter firsttimestep to 0
TCL: Setting parameter alchLambda to 0.5999999999999996
Info: NONBONDED TABLE R-SQUARED SPACING: 0.0625
Info: NONBONDED TABLE SIZE: 705 POINTS
Info: INCONSISTENCY IN FAST TABLE ENERGY VS FORCE: 0.000290481 AT 0.251946
Info: INCONSISTENCY IN SCOR TABLE ENERGY VS FORCE: 0.000238233 AT 8.9687
Info: ABSOLUTE IMPRECISION IN VDWA TABLE ENERGY: 1.21169e-27 AT 8.99653
Info: ABSOLUTE IMPRECISION IN VDWA TABLE FORCE: 2.57484e-27 AT 8.99653
Info: INCONSISTENCY IN VDWA TABLE ENERGY VS FORCE: 0.0040507 AT 0.251946
Info: INCONSISTENCY IN VDWB TABLE ENERGY VS FORCE: 0.00150189 AT 0.251946
TCL: Setting parameter alchLambda2 to 0.5499999999999996
Info: NONBONDED TABLE R-SQUARED SPACING: 0.0625
Info: NONBONDED TABLE SIZE: 705 POINTS
Info: INCONSISTENCY IN FAST TABLE ENERGY VS FORCE: 0.000290481 AT 0.251946
Info: INCONSISTENCY IN SCOR TABLE ENERGY VS FORCE: 0.000238233 AT 8.9687
Info: ABSOLUTE IMPRECISION IN VDWA TABLE ENERGY: 1.21169e-27 AT 8.99653
Info: ABSOLUTE IMPRECISION IN VDWA TABLE FORCE: 2.57484e-27 AT 8.99653
Info: INCONSISTENCY IN VDWA TABLE ENERGY VS FORCE: 0.0040507 AT 0.251946
Info: INCONSISTENCY IN VDWB TABLE ENERGY VS FORCE: 0.00150189 AT 0.251946
TCL: Running for 1500000 steps
FEP: RESETTING FOR NEW FEP WINDOW LAMBDA SET TO 0.6 LAMBDA2 0.55
FEP: WINDOW TO HAVE 100000 STEPS OF EQUILIBRATION PRIOR TO FEP DATA COLLECTION.
FEP: USING CONSTANT TEMPERATURE OF 300 K FOR FEP CALCULATION
PRESSURE: 0 -738.986 -214.222 -250.543 -214.222 -977.51 68.8956 -250.544 68.899 -1000.84
GPRESSURE: 0 -818.223 -189.26 -351.073 -155.522 -903.827 -77.149 -220.52 177.137 -769
ETITLE:      TS           BOND          ANGLE          DIHED          IMPRP               ELECT            VDW       BOUNDARY           MISC        KINETIC               TOTAL           TEMP      POTENTIAL       TOTALAVG        TEMPAVG            PRESSURE      GPRESSURE         VOLUME       PRESSAVG      GPRESSAVG
FEPTITLE:    TS          BOND2         ELECT2           VDW2

ENERGY:       0         6.8758         6.3885         6.0685         0.0000         -10720.1459      1370.4009         0.0000         0.0000      1733.0434          -7597.3688       292.2121     -9330.4122     -7597.3688       292.2121           -905.7787      -830.3498     30740.6494      -905.7787      -830.3498
FEP:          0        19.3328    -10720.0046      1371.0768

PRESSURE: 100000 946.654 -698.809 749.449 -698.81 588.19 105.571 749.454 105.576 287.475
GPRESSURE: 100000 890.3 -477.465 277.496 -533.992 588.495 -106.401 1069.09 122.879 379.544
PRESSAVG: 100000 -309.273 -11.4932 156.789 -11.4932 -358.632 74.2857 156.789 74.2857 -349.491
GPRESSAVG: 100000 -241.607 -57.2341 156.351 89.0263 -298.052 -40.1066 97.5959 120.479 -282.032
ENERGY:  100000         3.1978         7.3403         6.4701         0.0000         -10809.3676      1498.4002         0.0000         0.0000      1800.0982          -7493.8609       303.5184     -9293.9591     -7545.6148       297.8653            607.4397       619.4464     30459.4317      -149.1695      -105.4517
FEP:     100000        17.0082    -10809.2341      1499.0750

WRITING EXTENDED SYSTEM TO RESTART FILE AT STEP 100000
WRITING COORDINATES TO DCD FILE mobley_5371840_prod.dcd AT STEP 100000
WRITING COORDINATES TO RESTART FILE AT STEP 100000
FINISHED WRITING RESTART COORDINATES
WRITING VELOCITIES TO RESTART FILE AT STEP 100000
FINISHED WRITING RESTART VELOCITIES
PRESSURE: 200000 455.776 635.991 88.4765 635.992 679.152 -455.916 88.4722 -455.916 -291.559
GPRESSURE: 200000 440.024 398.011 127.878 829.633 747.534 -464.531 269.039 -593.46 -236.418
PRESSAVG: 200000 -219.407 19.2862 170.422 19.2862 -293.627 67.0545 170.422 67.0545 -328.687
GPRESSAVG: 200000 -160.075 -23.1056 158.194 120.583 -223.847 -44.9834 130.484 100.174 -263.99
ENERGY:  200000         4.2209         6.9712         5.0295         0.0000         -10677.3672      1421.1443         0.0000         0.0000      1842.0744          -7397.9271       310.5961     -9240.0014     -7496.3856       302.1089            281.1232       317.0464     30497.1684        -5.7386        35.3810
FEP:     200000        16.2215    -10677.2868      1422.1941

WRITING EXTENDED SYSTEM TO RESTART FILE AT STEP 200000
WRITING COORDINATES TO DCD FILE mobley_5371840_prod.dcd AT STEP 200000
WRITING COORDINATES TO RESTART FILE AT STEP 200000
FINISHED WRITING RESTART COORDINATES
WRITING VELOCITIES TO RESTART FILE AT STEP 200000
FINISHED WRITING RESTART VELOCITIES
PRESSURE: 300000 -294.94 102.857 -149.213 102.859 85.699 -31.6341 -149.204 -31.6288 -102.293
GPRESSURE: 300000 -154.157 -40.7201 124.673 -33.2854 54.2774 44.2446 -292.454 -159.948 -64.7592
PRESSAVG: 300000 -186.463 34.368 128.412 34.368 -219.351 48.1607 128.412 48.1607 -291.027
GPRESSAVG: 300000 -127.863 -10.5638 134.36 115.272 -155.92 -60.0152 91.2389 85.8696 -226.376
ENERGY:  300000         5.5187         5.5312         6.5076         0.0000         -10848.5328      1473.4798         0.0000         0.0000      1771.4794          -7586.0161       298.6929     -9357.4955     -7518.7932       301.2549           -103.8449       -54.8797     30752.4253       -30.2652        12.8158
FEP:     300000        17.5575    -10847.8414      1473.6146

WRITING EXTENDED SYSTEM TO RESTART FILE AT STEP 300000
WRITING COORDINATES TO DCD FILE mobley_5371840_prod.dcd AT STEP 300000
WRITING COORDINATES TO RESTART FILE AT STEP 300000
FINISHED WRITING RESTART COORDINATES
WRITING VELOCITIES TO RESTART FILE AT STEP 300000
FINISHED WRITING RESTART VELOCITIES
PRESSURE: 400000 -793.336 -61.8839 -88.6776 -61.8814 -71.2434 65.8236 -88.6808 65.8229 -1546.53
GPRESSURE: 400000 -706.373 78.1115 -148.736 -434.874 -136.137 0.794344 173.978 464.505 -1343.85
PRESSAVG: 400000 -177.552 42.9562 90.6969 42.9562 -157.718 36.6896 90.6969 36.6896 -326.13
GPRESSAVG: 400000 -123.375 7.97354 96.8593 89.9372 -97.5943 -77.4462 75.3009 102.61 -252.913
ENERGY:  400000         6.8567         6.5046         7.9620         0.0000         -10652.5815      1362.0235         0.0000         0.0000      1820.9595          -7448.2753       307.0358     -9269.2348     -7504.6896       302.4111           -803.7027      -728.7857     31042.0757      -184.9527      -135.5045
FEP:     400000        21.3233    -10652.2620      1362.0574

WRITING EXTENDED SYSTEM TO RESTART FILE AT STEP 400000
WRITING COORDINATES TO DCD FILE mobley_5371840_prod.dcd AT STEP 400000
WRITING COORDINATES TO RESTART FILE AT STEP 400000
FINISHED WRITING RESTART COORDINATES
WRITING VELOCITIES TO RESTART FILE AT STEP 400000
FINISHED WRITING RESTART VELOCITIES
PRESSURE: 500000 380.802 -132.635 786.542 -132.636 358.01 288.654 786.539 288.654 304.39
GPRESSURE: 500000 459.751 -298.391 833.614 -401.702 316.845 276.207 524.98 429.485 436.451
PRESSAVG: 500000 -125.395 40.6652 127.556 40.6652 -98.7831 51.6388 127.556 51.6388 -304.016
GPRESSAVG: 500000 -77.943 5.66867 123.188 71.1937 -39.5246 -59.4304 110.556 116.013 -223.779
ENERGY:  500000         8.3137         8.0709         6.1437         0.0000         -10751.6853      1501.0921         0.0000         0.0000      1758.0309          -7470.0340       296.4253     -9228.0649     -7498.9137       301.4134            347.7341       404.3492     30862.0329       -96.1715       -45.5289
FEP:     500000        22.5283    -10751.9750      1501.9958

WRITING EXTENDED SYSTEM TO RESTART FILE AT STEP 500000
WRITING COORDINATES TO DCD FILE mobley_5371840_prod.dcd AT STEP 500000
WRITING COORDINATES TO RESTART FILE AT STEP 500000
FINISHED WRITING RESTART COORDINATES
WRITING VELOCITIES TO RESTART FILE AT STEP 500000
FINISHED WRITING RESTART VELOCITIES
PRESSURE: 600000 -746.583 64.4275 492.012 64.4291 40.4882 -344.861 492.017 -344.859 -241.208
GPRESSURE: 600000 -677.363 -48.7962 265.966 81.3725 277.495 -208.688 921.548 -299.31 -304.668
PRESSAVG: 600000 -149.221 37.1919 159.363 37.1919 -107.94 57.9483 159.363 57.9483 -290.813
GPRESSAVG: 600000 -111.376 -8.95333 151.628 73.7566 -35.3307 -35.8434 143.635 122.759 -212.076
ENERGY:  600000         6.7672         4.1233         6.8600         0.0000         -10733.9192      1434.7039         0.0000         0.0000      1797.8309          -7483.6338       303.1361     -9281.4647     -7496.7308       301.6595           -315.7674      -234.8455     31238.7829      -127.5424       -72.5741
FEP:     600000        17.7506    -10732.7699      1435.1310

WRITING EXTENDED SYSTEM TO RESTART FILE AT STEP 600000
WRITING COORDINATES TO DCD FILE mobley_5371840_prod.dcd AT STEP 600000
WRITING COORDINATES TO RESTART FILE AT STEP 600000
FINISHED WRITING RESTART COORDINATES
WRITING VELOCITIES TO RESTART FILE AT STEP 600000
FINISHED WRITING RESTART VELOCITIES
PRESSURE: 700000 -171.496 367.194 -194.42 367.195 97.0459 -255.81 -194.422 -255.81 160.976
GPRESSURE: 700000 130.399 318.299 -262.599 720.231 -13.915 -407.058 39.7365 -16.062 199.746
PRESSAVG: 700000 -108.467 58.3765 124.06 58.3765 -116.832 33.6494 124.06 33.6494 -284.426
GPRESSAVG: 700000 -58.7009 18.7861 108.403 104.641 -42.4137 -79.1848 122.53 121.393 -208.733
ENERGY:  700000         6.9365         3.7693         4.4711         0.0000         -10790.3090      1451.0867         0.0000         0.0000      1707.1401          -7616.9053       287.8445     -9324.0454     -7511.7526       299.9327             28.8421       105.4099     30294.9574      -107.9943       -50.3261
FEP:     700000        15.1769    -10790.4737      1450.9204

WRITING EXTENDED SYSTEM TO RESTART FILE AT STEP 700000
WRITING COORDINATES TO DCD FILE mobley_5371840_prod.dcd AT STEP 700000
WRITING COORDINATES TO RESTART FILE AT STEP 700000
FINISHED WRITING RESTART COORDINATES
WRITING VELOCITIES TO RESTART FILE AT STEP 700000
FINISHED WRITING RESTART VELOCITIES
PRESSURE: 800000 -635.725 -153.906 447.66 -153.905 209.858 -10.4424 447.657 -10.4423 -538.56
GPRESSURE: 800000 -420.85 -74.546 281.919 -278.824 81.8076 45.8546 622.195 -178.918 -564.69
PRESSAVG: 800000 -175.378 57.3881 117.438 57.3881 -61.6062 25.2328 117.438 25.2328 -303.989
GPRESSAVG: 800000 -113.918 17.9411 94.8028 100.972 -4.94728 -83.1582 131.233 96.5527 -232.407
ENERGY:  800000         6.3719         4.7059         5.5710         0.0000         -10687.5601      1404.7277         0.0000         0.0000      1797.8002          -7468.3834       303.1309     -9266.1835     -7506.9338       300.2880           -321.4757      -301.2441     30853.4623      -131.7145       -78.2059
FEP:     800000        16.6488    -10687.3039      1405.2432

WRITING EXTENDED SYSTEM TO RESTART FILE AT STEP 800000
WRITING COORDINATES TO DCD FILE mobley_5371840_prod.dcd AT STEP 800000
WRITING COORDINATES TO RESTART FILE AT STEP 800000
FINISHED WRITING RESTART COORDINATES
WRITING VELOCITIES TO RESTART FILE AT STEP 800000
FINISHED WRITING RESTART VELOCITIES
PRESSURE: 900000 -336.903 -472.222 -413.003 -472.224 -1288.18 115.257 -413.004 115.257 512.59
GPRESSURE: 900000 -226.898 -392.153 -135.408 -145.461 -1196.59 375.178 -589.563 49.7898 507.601
PRESSAVG: 900000 -157.773 -22.751 97.2667 -22.751 -81.2002 37.0787 97.2667 37.0787 -272.022
GPRESSAVG: 900000 -87.323 -49.9269 85.6421 43.1857 -37.1645 -55.5092 112.826 104.726 -195.44
ENERGY:  900000         4.7662         4.6142         9.6948         0.0000         -10873.6694      1466.8199         0.0000         0.0000      1766.8634          -7620.9111       297.9146     -9387.7744     -7518.3316       300.0507           -370.8324      -305.2971     30553.9945      -155.6263      -100.9150
FEP:     900000        19.0751    -10873.3049      1466.5559

WRITING EXTENDED SYSTEM TO RESTART FILE AT STEP 900000
WRITING COORDINATES TO DCD FILE mobley_5371840_prod.dcd AT STEP 900000
WRITING COORDINATES TO RESTART FILE AT STEP 900000
FINISHED WRITING RESTART COORDINATES
WRITING VELOCITIES TO RESTART FILE AT STEP 900000
FINISHED WRITING RESTART VELOCITIES
PRESSURE: 1000000 -799.798 -412.314 -49.832 -412.316 -1285.72 112.821 -49.8245 112.822 154.307
GPRESSURE: 1000000 -813.215 -169.132 -144.882 -342.48 -1154.26 -153.619 240.76 290.991 344.84
PRESSAVG: 1000000 -203.179 -49.8718 86.9851 -49.8718 -145.829 43.3726 86.9851 43.3726 -274.96
GPRESSAVG: 1000000 -135.9 -69.2381 55.1093 26.3737 -106.707 -67.585 136.15 126.695 -191.374
TIMING: 1000000  CPU: 5308.69, 0.00040795/step  Wall: 5985.83, 0.000546726/step, 316.063 ns/days, 0.0759342 hours remaining, 0.000000 MB of memory in use.
PERFORMANCE: 1000000  averaging 373.509 ns/day, 0.00046264 sec/step with standard deviation 3.5075e-05
ETITLE:      TS           BOND          ANGLE          DIHED          IMPRP               ELECT            VDW       BOUNDARY           MISC        KINETIC               TOTAL           TEMP      POTENTIAL       TOTALAVG        TEMPAVG            PRESSURE      GPRESSURE         VOLUME       PRESSAVG      GPRESSAVG
FEPTITLE:    TS          BOND2         ELECT2           VDW2

ENERGY: 1000000         6.5991         6.7457         5.1303         0.0000         -10698.9202      1392.3899         0.0000         0.0000      1759.8782          -7528.1770       296.7368     -9288.0551     -7519.2266       299.7494           -643.7385      -540.8793     30983.8944      -200.0001      -140.9118
FEP:    1000000        18.4752    -10698.7699      1393.4153

WRITING EXTENDED SYSTEM TO RESTART FILE AT STEP 1000000
WRITING COORDINATES TO DCD FILE mobley_5371840_prod.dcd AT STEP 1000000
WRITING COORDINATES TO RESTART FILE AT STEP 1000000
FINISHED WRITING RESTART COORDINATES
WRITING VELOCITIES TO RESTART FILE AT STEP 1000000
FINISHED WRITING RESTART VELOCITIES
PRESSURE: 1100000 -398.613 -287.008 -522.399 -287.007 -561.121 -254.077 -522.399 -254.075 -964.007
GPRESSURE: 1100000 -450.003 -435.97 -666.645 -280.068 -506.182 -486.721 -366.061 120.675 -868.825
PRESSAVG: 1100000 -179.108 -69.9302 61.2308 -69.9302 -128.84 8.8599 61.2308 8.8599 -300.742
GPRESSAVG: 1100000 -126.963 -94.72 3.8968 -7.7836 -91.0625 -107.794 129.969 117.48 -208.554
ENERGY: 1100000         6.4815         5.7509         2.3095         0.0000         -10771.1149      1395.3396         0.0000         0.0000      1814.3572          -7546.8763       305.9226     -9361.2334     -7521.5307       300.2639           -641.2473      -608.3367     30577.4983      -236.7707      -179.8638
FEP:    1100000        14.5419    -10771.2392      1396.1149

WRITING EXTENDED SYSTEM TO RESTART FILE AT STEP 1100000
WRITING COORDINATES TO DCD FILE mobley_5371840_prod.dcd AT STEP 1100000
WRITING COORDINATES TO RESTART FILE AT STEP 1100000
FINISHED WRITING RESTART COORDINATES
WRITING VELOCITIES TO RESTART FILE AT STEP 1100000
FINISHED WRITING RESTART VELOCITIES
PRESSURE: 1200000 -349.933 -413.359 -476.925 -413.36 -267.218 669.256 -476.928 669.257 -71.7893
GPRESSURE: 1200000 -287.136 -590.972 -443.552 -622.198 -312.278 749.826 -347.553 428.63 -33.6242
PRESSAVG: 1200000 -180.155 -109.9 32.4234 -109.9 -132.68 53.6886 32.4234 53.6886 -255.981
GPRESSAVG: 1200000 -125.189 -135.817 -13.9456 -67.0699 -104.897 -42.8621 112.165 136.019 -171.022
ENERGY: 1200000         6.9475         4.9175         5.2539         0.0000         -10682.4689      1406.5838         0.0000         0.0000      1714.4926          -7544.2735       289.0842     -9258.7661     -7523.2802       299.4039           -229.6466      -211.0127     30515.8596      -236.2227      -182.2599
FEP:    1200000        17.1190    -10681.8562      1406.6194

WRITING EXTENDED SYSTEM TO RESTART FILE AT STEP 1200000
WRITING COORDINATES TO DCD FILE mobley_5371840_prod.dcd AT STEP 1200000
WRITING COORDINATES TO RESTART FILE AT STEP 1200000
FINISHED WRITING RESTART COORDINATES
WRITING VELOCITIES TO RESTART FILE AT STEP 1200000
FINISHED WRITING RESTART VELOCITIES
PRESSURE: 1300000 -150.424 -902.735 208.447 -902.735 1673.29 295.124 208.449 295.119 1847.7
GPRESSURE: 1300000 40.884 -788.296 402.301 -1001.24 1580.02 660.166 214.712 165.114 2011.92
PRESSAVG: 1300000 -163.955 -140.086 25.9996 -140.086 -56.7974 82.0195 25.9996 82.0195 -165.631
GPRESSAVG: 1300000 -102.965 -163.905 0.595451 -100.702 -23.1993 35.7551 100.278 127.989 -82.5773
ENERGY: 1300000         4.2208         3.1685         5.8624         0.0000         -10868.3135      1571.4609         0.0000         0.0000      1754.7418          -7528.8591       295.8707     -9283.6009     -7523.6787       299.1515           1123.5218      1210.9416     30274.2189      -139.0981       -82.7455
FEP:    1300000        13.2517    -10867.9572      1571.5068

WRITING EXTENDED SYSTEM TO RESTART FILE AT STEP 1300000
WRITING COORDINATES TO DCD FILE mobley_5371840_prod.dcd AT STEP 1300000
WRITING COORDINATES TO RESTART FILE AT STEP 1300000
FINISHED WRITING RESTART COORDINATES
WRITING VELOCITIES TO RESTART FILE AT STEP 1300000
FINISHED WRITING RESTART VELOCITIES
PRESSURE: 1400000 -272.211 456.877 389.631 456.875 -809.039 -643.394 389.631 -643.389 -592.564
GPRESSURE: 1400000 -453.966 569.293 578.381 267.421 -583.252 -890.834 23.7173 -628.176 -424.637
PRESSAVG: 1400000 -183.673 -102.815 38.9857 -102.815 -142.045 48.4926 38.9857 48.4926 -196.964
GPRESSAVG: 1400000 -139.051 -119.384 32.2047 -94.6633 -108.473 -15.1751 97.6953 97.1058 -90.4395
ENERGY: 1400000         5.6236         4.4598         5.8135         0.0000         -10665.0274      1389.7807         0.0000         0.0000      1817.7762          -7441.5736       306.4991     -9259.3499     -7518.2050       299.6414           -557.9378      -487.2849     30933.8985      -167.0207      -109.7148
FEP:    1400000        15.8969    -10664.7208      1390.8492

WRITING EXTENDED SYSTEM TO RESTART FILE AT STEP 1400000
WRITING COORDINATES TO DCD FILE mobley_5371840_prod.dcd AT STEP 1400000
WRITING COORDINATES TO RESTART FILE AT STEP 1400000
FINISHED WRITING RESTART COORDINATES
WRITING VELOCITIES TO RESTART FILE AT STEP 1400000
FINISHED WRITING RESTART VELOCITIES
