Charm++: standalone mode (not using charmrun)
Charm++> Running in Multicore mode: 12 threads (PEs)
Charm++> Using recursive bisection (scheme 3) for topology aware partitions
Converse/Charm++ Commit ID: 
CharmLB> Load balancer assumes all CPUs are same.
Charm++> Running on 1 hosts (2 sockets x 6 cores x 1 PUs = 12-way SMP)
Charm++> cpu topology info is gathered in 0.001 seconds.
Info: Built with CUDA version 11080
Did not find +devices i,j,k,... argument, using all
Pe 1 physical rank 1 will use CUDA device of pe 8
Pe 5 physical rank 5 will use CUDA device of pe 8
Pe 10 physical rank 10 will use CUDA device of pe 8
Pe 6 physical rank 6 will use CUDA device of pe 8
Pe 3 physical rank 3 will use CUDA device of pe 8
Pe 4 physical rank 4 will use CUDA device of pe 8
Pe 7 physical rank 7 will use CUDA device of pe 8
Pe 0 physical rank 0 will use CUDA device of pe 8
Pe 9 physical rank 9 will use CUDA device of pe 8
Pe 2 physical rank 2 will use CUDA device of pe 8
Pe 11 physical rank 11 will use CUDA device of pe 8
Pe 8 physical rank 8 binding to CUDA device 0 on k103: 'Tesla V100-SXM2-32GB'  Mem: 32494MB  Rev: 7.0  PCI: 0:3b:0
CharmLB> Load balancing instrumentation for communication is off.
Info: NAMD 3.0.1 for Linux-x86_64-multicore-CUDA
Info: 
Info: Please visit http://www.ks.uiuc.edu/Research/namd/
Info: for updates, documentation, and support information.
Info: 
Info: Please cite Phillips et al., J. Chem. Phys. 153:044130 (2020) doi:10.1063/5.0014475
Info: in all publications reporting results obtained with NAMD.
Info: 
Info: Based on Charm++/Converse 80000 for multicore-linux-x86_64-gcc
Info: Built Mon Oct 14 10:33:44 CDT 2024 by dhardy on athine.ks.uiuc.edu
Info: 1 NAMD  3.0.1  Linux-x86_64-multicore-CUDA  12    k103  z5358697
Info: Running on 12 processors, 1 nodes, 1 physical nodes.
Info: CPU topology information available.
Info: Charm++/Converse parallel runtime startup completed at 0.176756 s
CkLoopLib is used in SMP with simple dynamic scheduling (converse-level notification)
Info: 0 MB of memory in use based on /proc/self/stat
Info: Configuration file is prod.namd
Info: Working in the current directory /srv/scratch/z5358697/.automated/3753
TCL: Running FEP window   1: Lambda1 1.00   Lambda2 0.95   [dLambda -0.050000000000000044]
TCL: Suspending until startup complete.
Warning: The following variables were set in the
Warning: configuration file but will be ignored:
Warning:    switchdist (switching)
Warning: Option "1-4scaling" has been deprecated. Instead use "oneFourScaling".
Info: EXTENDED SYSTEM FILE   mobley_2261979_equil.xsc
Info: Tuning parameters to improve GPU-resident performance
Warning: Keeping margin at user-specified value 2
Warning: Performance might be improved by increasing margin size to >= 4
Warning: Disabling lonepair support due to incompatability with GPU-resident.
Info: Running with GPU-resident mode
Warning: Always using force tables for GPU nonbonded kernel due to unsupported config parameters.
Info: SIMULATION PARAMETERS:
Info: TIMESTEP               2
Info: NUMBER OF STEPS        0
Info: STEPS PER CYCLE        10
Info: PERIODIC CELL BASIS 1  32.5142 0 0
Info: PERIODIC CELL BASIS 2  0 31.3286 0
Info: PERIODIC CELL BASIS 3  0 0 29.1317
Info: PERIODIC CELL CENTER   0 0 0
Info: WRAPPING WATERS AROUND PERIODIC BOUNDARIES ON OUTPUT.
Info: WRAPPING ALL CLUSTERS AROUND PERIODIC BOUNDARIES ON OUTPUT.
Info: LOAD BALANCER  Centralized
Info: LOAD BALANCING STRATEGY  New Load Balancers -- DEFAULT
Info: LDB PERIOD             2000 steps
Info: FIRST LDB TIMESTEP     50
Info: LAST LDB TIMESTEP     -1
Info: LDB BACKGROUND SCALING 1
Info: HOM BACKGROUND SCALING 1
Info: PME BACKGROUND SCALING 1
Info: MIN ATOMS PER PATCH    40
Info: EMPTY PATCH LOAD       40 ATOMS
Info: VELOCITY FILE          mobley_2261979_equil.vel
Info: CENTER OF MASS MOVING INITIALLY? NO
Info: DIELECTRIC             1
Info: EXCLUDE                SCALED ONE-FOUR
Info: 1-4 ELECTROSTATICS SCALED BY 0.833333
Info: MODIFIED 1-4 VDW PARAMETERS WILL BE USED
Info: DCD FILENAME           mobley_2261979_prod.dcd
Info: DCD FREQUENCY          100000
Info: DCD FIRST STEP         100000
Info: DCD FILE WILL CONTAIN UNIT CELL DATA
Info: XST FILENAME           mobley_2261979_prod.xst
Info: XST FREQUENCY          100000
Info: NO VELOCITY DCD OUTPUT
Info: NO FORCE DCD OUTPUT
Info: OUTPUT FILENAME        mobley_2261979_prod
Info: BINARY OUTPUT FILES WILL BE USED
Info: RESTART FILENAME       mobley_2261979_prod.restart
Info: RESTART FREQUENCY      100000
Info: BINARY RESTART FILES WILL BE USED
Info: CUTOFF                 9
Info: PAIRLIST DISTANCE      11
Info: PAIRLIST SHRINK RATE   0.01
Info: PAIRLIST GROW RATE     0.01
Info: PAIRLIST TRIGGER       0.3
Info: PAIRLISTS PER CYCLE    2
Info: PAIRLISTS ENABLED
Info: MARGIN                 2
Info: HYDROGEN GROUP CUTOFF  2.5
Info: PATCH DIMENSION        15.5
Info: ENERGY OUTPUT STEPS    100000
Warning: The period of outputting energies relating to alchemical transformations (alchOutFreq = 50) is not a multiple of the period of computing energies (computeEnergies = 100000). If alchOutFreq is smaller than outputEnergies and computeEnergies is not defined, a better solution is to set computeEnergies explicitly and keep it the same as alchOutFreq. The simulation will use the greatest common divisor of computeEnergies and alchOutFreq as the period of energy evaluation.
Info: ENERGY EVALUATION STEPS    100000
Info: OUTPUT ENERGY PRECISION 4
Info: CROSSTERM ENERGY INCLUDED IN DIHEDRAL
Info: TIMING OUTPUT STEPS    1000000
Info: PRESSURE OUTPUT STEPS  100000
Info: ALCHEMICAL FEP ON
Info: FEP CURRENT LAMBDA VALUE     1
Info: FEP COMPARISON LAMBDA VALUE  0.95
Info: FEP INTRA-ALCHEMICAL NON-BONDED INTERACTIONS WILL BE RETAINED
Info: FEP INTRA-ALCHEMICAL BONDED INTERACTIONS WILL BE RETAINED
Info: FEP VDW SHIFTING COEFFICIENT 5
Info: FEP ELEC. ACTIVE FOR ANNIHILATED PARTICLES BETWEEN LAMBDA = 0 AND LAMBDA = 0.5
Info: FEP ELEC. ACTIVE FOR EXNIHILATED PARTICLES BETWEEN LAMBDA = 0.5 AND LAMBDA = 1
Info: FEP VDW ACTIVE FOR ANNIHILATED PARTICLES BETWEEN LAMBDA = 0 AND LAMBDA = 1
Info: FEP VDW ACTIVE FOR EXNIHILATED PARTICLES BETWEEN LAMBDA = 0 AND LAMBDA = 1
Info: FEP BOND ACTIVE FOR ANNIHILATED PARTICLES BETWEEN LAMBDA = 1 AND LAMBDA = 1
Info: FEP BOND ACTIVE FOR EXNIHILATED PARTICLES BETWEEN LAMBDA = 0 AND LAMBDA = 0
Info: LANGEVIN DYNAMICS ACTIVE
Info: LANGEVIN TEMPERATURE   300
Info: LANGEVIN USING BBK INTEGRATOR
Info: LANGEVIN DAMPING COEFFICIENT IS 1 INVERSE PS
Info: LANGEVIN DYNAMICS APPLIED TO HYDROGENS
Info: LANGEVIN PISTON PRESSURE CONTROL ACTIVE
Info:        TARGET PRESSURE IS 1.01325 BAR
Info:     OSCILLATION PERIOD IS 50 FS
Info:             DECAY TIME IS 25 FS
Info:     PISTON TEMPERATURE IS 300 K
Info:       PRESSURE CONTROL IS GROUP-BASED
Info:    INITIAL STRAIN RATE IS 0.000146326 0.000146326 0.000146326
Info:       CELL FLUCTUATION IS ISOTROPIC
Info: PARTICLE MESH EWALD (PME) ACTIVE
Info: PME TOLERANCE               1e-06
Info: PME EWALD COEFFICIENT       0.348832
Info: PME INTERPOLATION ORDER     4
Info: PME GRID DIMENSIONS         36 32 32
Info: PME MAXIMUM GRID SPACING    1
Info: PME CALCULATION WILL BE PERFORMED ON GPU
Info: FULL ELECTROSTATIC EVALUATION FREQUENCY      2
Info: USING VERLET I (r-RESPA) MTS SCHEME.
Info: C1 SPLITTING OF LONG RANGE ELECTROSTATICS
Info: PLACING ATOMS IN PATCHES BY HYDROGEN GROUPS
Info: RIGID BONDS TO HYDROGEN : ALL
Info:         ERROR TOLERANCE : 1e-08
Info:          MAX ITERATIONS : 100
Info: RIGID WATER USING SETTLE ALGORITHM
Info: RANDOM NUMBER SEED     1743642176
Info: USE HYDROGEN BONDS?    NO
Info: Using AMBER format force field!
Info: AMBER PARM FILE        mobley_2261979.prmtop
Info: COORDINATE PDB         mobley_2261979.pdb
Info: Exclusions will be read from PARM file!
Info: SCNB (VDW SCALING)     2
Info: USING ARITHMETIC MEAN TO COMBINE L-J SIGMA PARAMETERS
Info: BINARY COORDINATES     mobley_2261979_equil.coor
Info: === Start reading AMBER parm7 format file mobley_2261979.prmtop ===
Info: Complete reading ATOM_NAME with 2932 fields.
Info: Complete reading CHARGE with 2932 fields.
Info: Complete reading ATOMIC_NUMBER with 2932 fields.
Info: Complete reading MASS with 2932 fields.
Info: Complete reading ATOM_TYPE_INDEX with 2932 fields.
Info: Complete reading NUMBER_EXCLUDED_ATOMS with 2932 fields.
Info: Complete reading NONBONDED_PARM_INDEX with 36 fields.
Info: Complete reading RESIDUE_LABEL with 971 fields.
Info: Complete reading RESIDUE_POINTER with 971 fields.
Info: Complete reading BOND_FORCE_CONSTANT with 7 fields.
Info: Complete reading BOND_EQUIL_VALUE with 7 fields.
Info: Complete reading ANGLE_FORCE_CONSTANT with 7 fields.
Info: Complete reading ANGLE_EQUIL_VALUE with 7 fields.
Info: Complete reading DIHEDRAL_FORCE_CONSTANT with 5 fields.
Info: Complete reading DIHEDRAL_PERIODICITY with 5 fields.
Info: Complete reading DIHEDRAL_PHASE with 5 fields.
Info: Complete reading SCEE_SCALE_FACTOR with 5 fields.
Info: Complete reading SCNB_SCALE_FACTOR with 5 fields.
Info: Complete reading LENNARD_JONES_ACOEF with 21 fields.
Info: Complete reading LENNARD_JONES_BCOEF with 21 fields.
Info: Complete reading BONDS_INC_HYDROGEN with 8760 fields.
Info: Complete reading BONDS_WITHOUT_HYDROGEN with 42 fields.
Info: Complete reading ANGLES_INC_HYDROGEN with 88 fields.
Info: Complete reading ANGLES_WITHOUT_HYDROGEN with 80 fields.
Info: Complete reading DIHEDRALS_INC_HYDROGEN with 210 fields.
Info: Complete reading DIHEDRALS_WITHOUT_HYDROGEN with 165 fields.
Info: Complete reading EXCLUDED_ATOMS_LIST with 4004 fields.
Info: Complete reading HBOND_ACOEF with 0 fields.
Info: Complete reading HBOND_BCOEF with 0 fields.
Info: Complete reading AMBER_ATOM_TYPE with 2932 fields.
Info: Complete reading TREE_CHAIN_CLASSIFICATION with 2932 fields.
Info: Complete reading ATOMS_PER_MOLECULE with 971 fields.
Info: Complete reading BOX_DIMENSIONS with 4 fields.
Info: Complete reading RADIUS_SET with 1 fields.
Info: Complete reading RADII with 2932 fields.
Info: Complete reading SCREEN with 2932 fields.
Info: === Finish reading AMBER parm7 format file. ===
Warning: Found 970 H-H bonds.
Info: SUMMARY OF PARAMETERS:
Info: 7 BONDS
Info: 7 ANGLES
Info:   7 HARMONIC
Info:   0 COSINE-BASED
Info: 5 DIHEDRAL
Info: 0 IMPROPER
Info: 0 CROSSTERM
Info: 0 VDW
Info: 21 VDW_PAIRS
Info: 0 NBTHOLE_PAIRS
Info: Reading pdb file mobley_2261979.pdb
Info: TIME FOR READING PDB FILE: 0.00901459
Info: 
Info: To read alchdata from file: mobley_2261979.pdb
Info: To read alchflag data from column: 5
Info: ****************************
Info: STRUCTURE SUMMARY:
Info: 2932 ATOMS
Info: 2934 BONDS
Info: 42 ANGLES
Info: 75 DIHEDRALS
Info: 0 IMPROPERS
Info: 0 CROSSTERMS
Info: 3030 EXCLUSIONS
Info: 2920 RIGID BONDS
Info: ALCH: 0 ATOMS TO DISAPPEAR IN FINAL STATE
Info: ALCH: 22 ATOMS TO APPEAR IN FINAL STATE
Info: 5876 DEGREES OF FREEDOM
Info: 982 HYDROGEN GROUPS
Info: 3 ATOMS IN LARGEST HYDROGEN GROUP
Info: 982 MIGRATION GROUPS
Info: 3 ATOMS IN LARGEST MIGRATION GROUP
Info: TOTAL MASS = 17629.7 amu
Info: TOTAL CHARGE = 0.000399977 e
Info: MASS DENSITY = 0.986562 g/cm^3
Info: ATOM DENSITY = 0.0988061 atoms/A^3
Info: *****************************
Info: Reading from binary file mobley_2261979_equil.coor
Info: 
Info: Entering startup at 0.297725 s, 0 MB of memory in use
Info: Startup phase 0 took 0.000119894 s, 0 MB of memory in use
Info: ADDED 0 IMPLICIT EXCLUSIONS
Info: Startup phase 1 took 0.00127312 s, 0 MB of memory in use
Info: NONBONDED TABLE R-SQUARED SPACING: 0.0625
Info: NONBONDED TABLE SIZE: 705 POINTS
Info: INCONSISTENCY IN FAST TABLE ENERGY VS FORCE: 0.000290481 AT 0.251946
Info: INCONSISTENCY IN SCOR TABLE ENERGY VS FORCE: 0.000238233 AT 8.9687
Info: ABSOLUTE IMPRECISION IN VDWA TABLE ENERGY: 1.21169e-27 AT 8.99653
Info: ABSOLUTE IMPRECISION IN VDWA TABLE FORCE: 2.57484e-27 AT 8.99653
Info: INCONSISTENCY IN VDWA TABLE ENERGY VS FORCE: 0.0040507 AT 0.251946
Info: INCONSISTENCY IN VDWB TABLE ENERGY VS FORCE: 0.00150189 AT 0.251946
Info: Startup phase 2 took 0.000325157 s, 0 MB of memory in use
Info: Startup phase 3 took 8.5884e-05 s, 0 MB of memory in use
Info: Startup phase 4 took 0.000146254 s, 0 MB of memory in use
Info: Startup phase 5 took 8.4785e-05 s, 0 MB of memory in use
Info: REDUCING NUMBER OF PATCHES TO IMPROVE LOAD BALANCE
Info: PATCH GRID IS 4 (PERIODIC) BY 3 (PERIODIC) BY 1 (PERIODIC)
Info: PATCH GRID IS 2-AWAY BY 2-AWAY BY 1-AWAY
Info: Reading from binary file mobley_2261979_equil.vel
Info: REMOVING COM VELOCITY 0.0044185 -0.24281 0.00129195
Info: LARGEST PATCH (9) HAS 264 ATOMS
Info: TORUS A SIZE 1 USING 0
Info: TORUS B SIZE 1 USING 0
Info: TORUS C SIZE 1 USING 0
Info: TORUS MINIMAL MESH SIZE IS 1 BY 1 BY 1
Info: Placed 100% of base nodes on same physical node as patch
Info: Startup phase 6 took 0.00545114 s, 0 MB of memory in use
Info: Use 3D box decompostion in PME FFT.
Info: PME using 1 x 1 x 1 pencil grid for FFT and reciprocal sum.
Info: Startup phase 7 took 0.000217233 s, 0 MB of memory in use
Info: Updated CUDA force table with 4096 elements.
Info: Updated CUDA LJ table with 6 x 6 elements.
Info: Startup phase 8 took 0.00112885 s, 0 MB of memory in use
Info: Startup phase 9 took 0.00011448 s, 0 MB of memory in use
Info: Startup phase 10 took 9.0736e-05 s, 0 MB of memory in use
Info: Startup phase 11 took 0.00251089 s, 0 MB of memory in use
LDB: Central LB being created...
Info: Startup phase 12 took 0.00826389 s, 0 MB of memory in use
Info: CREATING 636 COMPUTE OBJECTS
Info: Found 23 unique exclusion lists needing 68 bytes
Info: useSync: 0 useProxySync: 0
Info: Startup phase 13 took 0.0225764 s, 0 MB of memory in use
Info: Startup phase 14 took 0.000124047 s, 0 MB of memory in use
Info: Startup phase 15 took 8.8988e-05 s, 0 MB of memory in use
Info: Finished startup at 0.340327 s, 0 MB of memory in use

TCL: Running for 1500000 steps
FEP: RESETTING FOR NEW FEP WINDOW LAMBDA SET TO 1 LAMBDA2 0.95
FEP: WINDOW TO HAVE 100000 STEPS OF EQUILIBRATION PRIOR TO FEP DATA COLLECTION.
FEP: USING CONSTANT TEMPERATURE OF 300 K FOR FEP CALCULATION
PRESSURE: 0 614.756 -218.344 -108.153 -218.344 -848.527 -135.696 -108.147 -135.692 -303.272
GPRESSURE: 0 680.973 -160.342 -125.044 -239.082 -667.595 -208.955 67.3719 -139.178 -273.818
ETITLE:      TS           BOND          ANGLE          DIHED          IMPRP               ELECT            VDW       BOUNDARY           MISC        KINETIC               TOTAL           TEMP      POTENTIAL       TOTALAVG        TEMPAVG            PRESSURE      GPRESSURE         VOLUME       PRESSAVG      GPRESSAVG
FEPTITLE:    TS          BOND2         ELECT2           VDW2

ENERGY:       0         3.9169        23.7405         5.3470         0.0000         -10545.3200      1365.6068         0.0000         0.0000      1730.1402          -7416.5686       296.3397     -9146.7088     -7416.5686       296.3397           -179.0146       -86.8136     29674.2843      -179.0146       -86.8136
FEP:          0        33.0044    -10544.6530      1366.4346

OPENING FEP ENERGY OUTPUT FILE
OPENING EXTENDED SYSTEM TRAJECTORY FILE
Info: Initial time: 12 CPUs 0.000807337 s/step 214.037 ns/day 0 MB memory
Info: Initial time: 12 CPUs 0.000460127 s/step 375.548 ns/day 0 MB memory
Info: Initial time: 12 CPUs 0.000465712 s/step 371.044 ns/day 0 MB memory
Info: Benchmark time: 12 CPUs 0.000458333 s/step 377.019 ns/day 0 MB memory
Info: Benchmark time: 12 CPUs 0.000474026 s/step 364.537 ns/day 0 MB memory
Info: Benchmark time: 12 CPUs 0.000466167 s/step 370.683 ns/day 0 MB memory
Info: Benchmark time: 12 CPUs 0.000484528 s/step 356.636 ns/day 0 MB memory
Info: Benchmark time: 12 CPUs 0.000458372 s/step 376.987 ns/day 0 MB memory
Info: Benchmark time: 12 CPUs 0.000459988 s/step 375.662 ns/day 0 MB memory
PRESSURE: 100000 297.683 -319.134 804.476 -319.136 -1189.82 302.277 804.483 302.281 -105.109
GPRESSURE: 100000 165.659 -345.698 673.765 -166.876 -1037.72 343.608 1026.27 296.081 30.7702
PRESSAVG: 100000 456.22 -268.74 348.168 -268.74 -1019.18 83.2944 348.168 83.2944 -204.191
GPRESSAVG: 100000 423.316 -253.02 274.36 -202.979 -852.659 67.3265 546.822 78.4519 -121.524
ENERGY:  100000         5.0095        23.2282         6.7894         0.0000         -10557.8632      1413.4072         0.0000         0.0000      1718.2396          -7391.1893       294.3014     -9109.4289     -7403.8789       295.3206           -332.4163      -280.4315     30579.2269      -255.7155      -183.6226
FEP:     100000        35.0271    -10556.2919      1413.8389

WRITING EXTENDED SYSTEM TO RESTART FILE AT STEP 100000
OPENING COORDINATE DCD FILE
WRITING COORDINATES TO DCD FILE mobley_2261979_prod.dcd AT STEP 100000
WRITING COORDINATES TO RESTART FILE AT STEP 100000
FINISHED WRITING RESTART COORDINATES
The last position output (seq=100000) takes 0.015 seconds, 0.000 MB of memory in use
WRITING VELOCITIES TO RESTART FILE AT STEP 100000
FINISHED WRITING RESTART VELOCITIES
The last velocity output (seq=100000) takes 0.011 seconds, 0.000 MB of memory in use
PRESSURE: 200000 -76.2396 -314.595 74.9748 -314.594 966.515 -628.469 74.9724 -628.47 -835.729
GPRESSURE: 200000 53.4739 -466.01 51.23 -89.8411 940.797 -399.678 53.0316 -656.8 -622.482
PRESSAVG: 200000 278.733 -284.024 257.103 -284.024 -357.279 -153.961 257.103 -153.961 -414.703
GPRESSAVG: 200000 300.035 -324.017 199.984 -165.266 -254.841 -88.3417 382.225 -166.632 -288.51
ENERGY:  200000         5.4274        20.3604         7.4592         0.0000         -10564.3700      1408.1510         0.0000         0.0000      1765.9151          -7357.0569       302.4673     -9122.9720     -7388.2716       297.7028             18.1821       123.9295     30439.6992      -164.4163       -81.1052
FEP:     200000        33.2471    -10563.0868      1408.8095

WRITING EXTENDED SYSTEM TO RESTART FILE AT STEP 200000
WRITING COORDINATES TO DCD FILE mobley_2261979_prod.dcd AT STEP 200000
WRITING COORDINATES TO RESTART FILE AT STEP 200000
FINISHED WRITING RESTART COORDINATES
The last position output (seq=200000) takes 0.014 seconds, 0.000 MB of memory in use
WRITING VELOCITIES TO RESTART FILE AT STEP 200000
FINISHED WRITING RESTART VELOCITIES
The last velocity output (seq=200000) takes 0.013 seconds, 0.000 MB of memory in use
PRESSURE: 300000 670.806 -532.134 23.7515 -532.136 448.106 -335.793 23.7549 -335.793 514.614
GPRESSURE: 300000 873.807 -210.873 272.109 -882.524 514.677 -451.488 125.533 -91.457 631.995
PRESSAVG: 300000 376.751 -346.052 198.766 -346.052 -155.932 -199.419 198.766 -199.419 -182.374
GPRESSAVG: 300000 443.478 -295.731 218.015 -344.581 -62.4613 -179.128 318.052 -147.838 -58.3839
ENERGY:  300000         4.0641        22.1397         8.7330         0.0000         -10743.0491      1482.0425         0.0000         0.0000      1745.5497          -7480.5201       298.9791     -9226.0698     -7411.3337       298.0219            544.5085       673.4927     29615.7128        12.8149       107.5443
FEP:     300000        34.9368    -10741.7796      1482.5622

WRITING EXTENDED SYSTEM TO RESTART FILE AT STEP 300000
WRITING COORDINATES TO DCD FILE mobley_2261979_prod.dcd AT STEP 300000
WRITING COORDINATES TO RESTART FILE AT STEP 300000
FINISHED WRITING RESTART COORDINATES
The last position output (seq=300000) takes 0.018 seconds, 0.000 MB of memory in use
WRITING VELOCITIES TO RESTART FILE AT STEP 300000
FINISHED WRITING RESTART VELOCITIES
The last velocity output (seq=300000) takes 0.019 seconds, 0.000 MB of memory in use
PRESSURE: 400000 -181.714 157.828 -104.286 157.831 178.081 256.667 -104.293 256.675 225.095
GPRESSURE: 400000 -217.143 -329.549 208.714 279.911 284.077 265.714 -163.784 233.156 112.601
PRESSAVG: 400000 265.058 -245.276 138.154 -245.276 -89.1298 -108.2 138.154 -108.2 -100.88
GPRESSAVG: 400000 311.354 -302.494 216.155 -219.682 6.84644 -90.1598 221.685 -71.6395 -24.187
ENERGY:  400000         6.3534        18.8105         6.5248         0.0000         -10681.4024      1454.6571         0.0000         0.0000      1759.9790          -7435.0777       301.4506     -9195.0567     -7416.0825       298.7076             73.8207        59.8450     30297.5747        25.0161        98.0044
FEP:     400000        31.6886    -10680.3218      1454.5133

WRITING EXTENDED SYSTEM TO RESTART FILE AT STEP 400000
WRITING COORDINATES TO DCD FILE mobley_2261979_prod.dcd AT STEP 400000
WRITING COORDINATES TO RESTART FILE AT STEP 400000
FINISHED WRITING RESTART COORDINATES
The last position output (seq=400000) takes 0.018 seconds, 0.000 MB of memory in use
WRITING VELOCITIES TO RESTART FILE AT STEP 400000
FINISHED WRITING RESTART VELOCITIES
The last velocity output (seq=400000) takes 0.017 seconds, 0.000 MB of memory in use
PRESSURE: 500000 282.867 -8.89596 -32.0678 -8.89637 -534.559 6.54583 -32.0732 6.54516 -525.132
GPRESSURE: 500000 412.455 -661.103 -212.532 -54.8423 -581.067 46.2369 90.1862 -403.825 -513.522
PRESSAVG: 500000 268.026 -205.879 109.783 -205.879 -163.368 -89.0757 109.783 -89.0757 -171.589
GPRESSAVG: 500000 328.204 -362.263 144.707 -192.209 -91.1391 -67.427 199.769 -127.004 -105.743
ENERGY:  500000         4.7423        20.9504         6.0005         0.0000         -10570.8541      1378.8955         0.0000         0.0000      1729.8588          -7430.4065       296.2915     -9160.2653     -7418.4698       298.3049           -258.9410      -227.3779     30361.4698       -22.3101        43.7740
FEP:     500000        31.6933    -10569.7193      1379.1797

WRITING EXTENDED SYSTEM TO RESTART FILE AT STEP 500000
WRITING COORDINATES TO DCD FILE mobley_2261979_prod.dcd AT STEP 500000
WRITING COORDINATES TO RESTART FILE AT STEP 500000
FINISHED WRITING RESTART COORDINATES
The last position output (seq=500000) takes 0.019 seconds, 0.000 MB of memory in use
WRITING VELOCITIES TO RESTART FILE AT STEP 500000
FINISHED WRITING RESTART VELOCITIES
The last velocity output (seq=500000) takes 0.020 seconds, 0.000 MB of memory in use
PRESSURE: 600000 -58.133 -220.023 -649.794 -220.024 108.478 514.902 -649.792 514.903 -967.418
GPRESSURE: 600000 -81.8242 177.031 -908.666 -261 141.873 455.157 -504.124 492.379 -822.5
PRESSAVG: 600000 221.432 -207.9 1.27213 -207.9 -124.533 -2.79305 1.27213 -2.79305 -285.279
GPRESSAVG: 600000 269.629 -285.221 -5.77482 -202.036 -57.8517 7.22782 99.2125 -38.5206 -208.137
ENERGY:  600000         4.3315        18.7287         7.2110         0.0000         -10609.1774      1416.5584         0.0000         0.0000      1671.4238          -7490.9240       286.2827     -9162.3478     -7428.8204       296.5875           -305.6910      -254.1505     30424.3217       -62.7931         1.2134
FEP:     600000        30.2712    -10608.2037      1417.4611

WRITING EXTENDED SYSTEM TO RESTART FILE AT STEP 600000
WRITING COORDINATES TO DCD FILE mobley_2261979_prod.dcd AT STEP 600000
WRITING COORDINATES TO RESTART FILE AT STEP 600000
FINISHED WRITING RESTART COORDINATES
The last position output (seq=600000) takes 0.018 seconds, 0.000 MB of memory in use
WRITING VELOCITIES TO RESTART FILE AT STEP 600000
FINISHED WRITING RESTART VELOCITIES
PRESSURE: 700000 1267.35 101.09 -78.3078 101.089 1009.56 -223.5 -78.3142 -223.506 262.312
GPRESSURE: 700000 1005.21 207.225 238.084 66.9937 1187.79 -258.094 -273.137 -153.842 670.316
PRESSAVG: 700000 352.172 -169.276 -8.67616 -169.276 17.2284 -30.3821 -8.67616 -30.3821 -216.83
GPRESSAVG: 700000 361.576 -223.665 24.7076 -168.408 97.8537 -25.9375 52.6689 -52.9358 -98.3301
ENERGY:  700000         4.6905        21.2681         9.3022         0.0000         -10584.2154      1453.7888         0.0000         0.0000      1749.2933          -7345.8724       299.6203     -9095.1657     -7418.4519       296.9666            846.4070       954.4398     29782.7735        50.8569       120.3667
FEP:     700000        35.2608    -10583.0924      1453.7265

WRITING EXTENDED SYSTEM TO RESTART FILE AT STEP 700000
WRITING COORDINATES TO DCD FILE mobley_2261979_prod.dcd AT STEP 700000
WRITING COORDINATES TO RESTART FILE AT STEP 700000
FINISHED WRITING RESTART COORDINATES
The last position output (seq=700000) takes 0.024 seconds, 0.000 MB of memory in use
WRITING VELOCITIES TO RESTART FILE AT STEP 700000
FINISHED WRITING RESTART VELOCITIES
PRESSURE: 800000 389.555 61.1239 -5.54666 61.1234 79.0553 280.788 -5.5476 280.783 292.034
GPRESSURE: 800000 535.219 543.111 343.684 15.437 212.931 278.964 10.3051 36.1861 308.95
PRESSAVG: 800000 356.326 -143.676 -8.32854 -143.676 24.0981 4.19173 -8.32854 4.19173 -160.29
GPRESSAVG: 800000 380.87 -138.468 60.1494 -147.98 110.64 7.94047 47.9618 -43.0333 -53.0767
ENERGY:  800000         4.4616        17.9554         4.3618         0.0000         -10605.6106      1441.1982         0.0000         0.0000      1746.7927          -7390.8409       299.1920     -9137.6336     -7415.3840       297.2139            253.5482       352.3667     29951.3157        73.3782       146.1445
FEP:     800000        26.7788    -10604.7045      1441.5735

WRITING EXTENDED SYSTEM TO RESTART FILE AT STEP 800000
WRITING COORDINATES TO DCD FILE mobley_2261979_prod.dcd AT STEP 800000
WRITING COORDINATES TO RESTART FILE AT STEP 800000
FINISHED WRITING RESTART COORDINATES
The last position output (seq=800000) takes 0.022 seconds, 0.000 MB of memory in use
WRITING VELOCITIES TO RESTART FILE AT STEP 800000
FINISHED WRITING RESTART VELOCITIES
PRESSURE: 900000 109.227 266.171 -44.6484 266.172 -853.837 226.609 -44.6494 226.611 8.58665
GPRESSURE: 900000 223.218 181.846 -149.675 445.341 -798.235 433.581 295.168 11.2979 153.849
PRESSAVG: 900000 331.616 -102.691 -11.9606 -102.691 -63.6955 26.4336 -11.9606 26.4336 -143.402
GPRESSAVG: 900000 365.105 -106.436 39.1669 -88.6482 19.7526 50.5045 72.6824 -37.6002 -32.3841
ENERGY:  900000         6.2380        16.4966         7.8307         0.0000         -10564.6545      1375.9206         0.0000         0.0000      1778.0693          -7380.0993       304.5491     -9158.1686     -7411.8556       297.9474           -245.3412      -140.3894     30031.2513        41.5062       117.4911
FEP:     900000        30.5652    -10563.3067      1375.9328

WRITING EXTENDED SYSTEM TO RESTART FILE AT STEP 900000
WRITING COORDINATES TO DCD FILE mobley_2261979_prod.dcd AT STEP 900000
WRITING COORDINATES TO RESTART FILE AT STEP 900000
FINISHED WRITING RESTART COORDINATES
The last position output (seq=900000) takes 0.019 seconds, 0.000 MB of memory in use
WRITING VELOCITIES TO RESTART FILE AT STEP 900000
FINISHED WRITING RESTART VELOCITIES
PRESSURE: 1000000 148.751 5.01428 447.91 5.01824 826.464 437.469 447.902 437.466 1686.58
GPRESSURE: 1000000 118.253 28.4403 272.559 -23.0437 1019.95 -172.744 590.016 762.176 1630.31
PRESSAVG: 1000000 314.992 -92.8996 29.845 -92.8996 17.2282 63.8002 29.845 63.8002 22.9604
GPRESSAVG: 1000000 342.664 -94.1748 60.3844 -82.6842 110.68 30.2093 119.713 35.1068 118.77
TIMING: 1000000  CPU: 411.791, 0.000411652/step  Wall: 419.213, 0.00041917/step, 412.244 ns/days, 0.058218 hours remaining, 0.000000 MB of memory in use.
PERFORMANCE: 1000000  averaging 412.244 ns/day, 0.00041917 sec/step with standard deviation 0
ETITLE:      TS           BOND          ANGLE          DIHED          IMPRP               ELECT            VDW       BOUNDARY           MISC        KINETIC               TOTAL           TEMP      POTENTIAL       TOTALAVG        TEMPAVG            PRESSURE      GPRESSURE         VOLUME       PRESSAVG      GPRESSAVG
FEPTITLE:    TS          BOND2         ELECT2           VDW2

ENERGY: 1000000         4.6822        23.6650         5.7396         0.0000         -10788.9301      1537.8119         0.0000         0.0000      1771.3308          -7445.7007       303.3949     -9217.0315     -7414.9324       298.4426            887.2665       922.8395     29916.6769       118.3935       190.7046
FEP:    1000000        34.0867    -10787.7691      1537.4087

WRITING EXTENDED SYSTEM TO RESTART FILE AT STEP 1000000
WRITING COORDINATES TO DCD FILE mobley_2261979_prod.dcd AT STEP 1000000
WRITING COORDINATES TO RESTART FILE AT STEP 1000000
FINISHED WRITING RESTART COORDINATES
The last position output (seq=1000000) takes 0.019 seconds, 0.000 MB of memory in use
WRITING VELOCITIES TO RESTART FILE AT STEP 1000000
FINISHED WRITING RESTART VELOCITIES
PRESSURE: 1100000 12.6882 144.486 540.321 144.486 -59.2414 130.399 540.32 130.402 -489.107
GPRESSURE: 1100000 -127.31 62.2661 247.814 -63.4209 81.5116 249.84 615.832 -40.9057 -264.343
PRESSAVG: 1100000 289.8 -73.1175 72.3846 -73.1175 10.8557 69.3503 72.3846 69.3503 -19.7119
GPRESSAVG: 1100000 303.499 -81.138 76.0035 -81.0789 108.249 48.5119 161.056 28.7724 86.8441
ENERGY: 1100000         2.2072        22.7869         6.4146         0.0000         -10633.5200      1418.5492         0.0000         0.0000      1755.6645          -7427.8976       300.7116     -9183.5621     -7416.0128       298.6317           -178.5535      -103.3807     30454.6409        93.6479       166.1975
FEP:    1100000        31.4087    -10632.8819      1419.2018

WRITING EXTENDED SYSTEM TO RESTART FILE AT STEP 1100000
WRITING COORDINATES TO DCD FILE mobley_2261979_prod.dcd AT STEP 1100000
WRITING COORDINATES TO RESTART FILE AT STEP 1100000
FINISHED WRITING RESTART COORDINATES
WRITING VELOCITIES TO RESTART FILE AT STEP 1100000
FINISHED WRITING RESTART VELOCITIES
PRESSURE: 1200000 406.253 82.714 49.9315 82.7148 212.544 102.138 49.9331 102.143 -85.1026
GPRESSURE: 1200000 600.757 -64.2944 109.661 180.204 216.379 60.6695 119.135 -43.15 19.5697
PRESSAVG: 1200000 298.758 -61.1304 70.6576 -61.1304 26.3702 71.8728 70.6576 71.8728 -24.7419
GPRESSAVG: 1200000 326.365 -79.8424 78.5926 -60.9802 116.567 49.4471 157.831 23.2399 81.6691
ENERGY: 1200000        11.6036        19.2988         5.8892         0.0000         -10630.3835      1455.9237         0.0000         0.0000      1767.5482          -7370.1200       302.7470     -9137.6682     -7412.4826       298.9482            177.8981       278.9020     30073.1438       100.1287       174.8671
FEP:    1200000        36.7916    -10629.1156      1456.0467

WRITING EXTENDED SYSTEM TO RESTART FILE AT STEP 1200000
WRITING COORDINATES TO DCD FILE mobley_2261979_prod.dcd AT STEP 1200000
WRITING COORDINATES TO RESTART FILE AT STEP 1200000
FINISHED WRITING RESTART COORDINATES
WRITING VELOCITIES TO RESTART FILE AT STEP 1200000
FINISHED WRITING RESTART VELOCITIES
PRESSURE: 1300000 -710.017 -14.1565 -304.035 -14.1583 -315.193 247.541 -304.035 247.541 -1043.28
GPRESSURE: 1300000 -721.857 185.371 -204.734 -571.252 -175.573 120.315 -322.965 -0.388711 -890.768
PRESSAVG: 1300000 226.703 -57.7752 43.8938 -57.7752 1.97282 84.4206 43.8938 84.4206 -97.4948
GPRESSAVG: 1300000 251.492 -60.8986 58.355 -97.4282 95.6996 54.509 123.489 21.5521 12.2094
ENERGY: 1300000         6.5227        20.6350         6.6976         0.0000         -10534.1157      1360.9037         0.0000         0.0000      1676.2080          -7463.1486       287.1022     -9139.3566     -7416.1016       298.1021           -689.4977      -596.0659     30153.6239        43.7268       119.8004
FEP:    1300000        33.8554    -10533.3629      1361.1193

WRITING EXTENDED SYSTEM TO RESTART FILE AT STEP 1300000
WRITING COORDINATES TO DCD FILE mobley_2261979_prod.dcd AT STEP 1300000
WRITING COORDINATES TO RESTART FILE AT STEP 1300000
FINISHED WRITING RESTART COORDINATES
WRITING VELOCITIES TO RESTART FILE AT STEP 1300000
FINISHED WRITING RESTART VELOCITIES
PRESSURE: 1400000 -522.876 72.4359 -256.752 72.433 -1433.67 -89.3014 -256.748 -89.3022 -1045.07
GPRESSURE: 1400000 -315.347 -29.962 -204.403 -326.47 -1498.02 29.4476 -487.602 -34.9908 -887.954
PRESSAVG: 1400000 176.731 -49.0947 23.851 -49.0947 -93.7366 72.8391 23.851 72.8391 -160.666
GPRESSAVG: 1400000 213.703 -58.8361 40.8378 -112.698 -10.5484 52.8383 82.7493 17.7826 -47.8015
ENERGY: 1400000         8.5740        23.0555         7.1503         0.0000         -10489.9125      1316.2673         0.0000         0.0000      1754.1872          -7380.6783       300.4585     -9134.8655     -7413.7401       298.2592          -1000.5380      -900.4406     30216.1270       -25.8908        51.7843
FEP:    1400000        38.7797    -10488.8925      1315.5665

WRITING EXTENDED SYSTEM TO RESTART FILE AT STEP 1400000
WRITING COORDINATES TO DCD FILE mobley_2261979_prod.dcd AT STEP 1400000
WRITING COORDINATES TO RESTART FILE AT STEP 1400000
FINISHED WRITING RESTART COORDINATES
WRITING VELOCITIES TO RESTART FILE AT STEP 1400000
FINISHED WRITING RESTART VELOCITIES
PRESSURE: 1500000 -107.051 50.9835 -91.1324 50.984 -734.206 -23.7698 -91.1333 -23.765 -1614.77
GPRESSURE: 1500000 -171.635 174.937 116.372 -71.8813 -644.48 -483.567 -254.211 -89.1441 -1575.98
PRESSAVG: 1500000 158.994 -42.8397 16.6645 -42.8397 -133.766 66.8013 16.6645 66.8013 -251.548
GPRESSAVG: 1500000 189.619 -44.2253 45.5587 -110.147 -50.1692 19.3129 61.6893 11.0997 -143.312
ENERGY: 1500000         6.8701        22.7693         7.8077         0.0000         -10477.5135      1315.0764         0.0000         0.0000      1763.3923          -7361.5978       302.0352     -9124.9901     -7410.4812       298.4952           -818.6767      -797.3643     30264.1380       -75.4399        -1.2874
FEP:    1500000        37.4471    -10476.3364      1315.0111

WRITING EXTENDED SYSTEM TO RESTART FILE AT STEP 1500000
WRITING COORDINATES TO DCD FILE mobley_2261979_prod.dcd AT STEP 1500000
WRITING COORDINATES TO RESTART FILE AT STEP 1500000
FINISHED WRITING RESTART COORDINATES
WRITING VELOCITIES TO RESTART FILE AT STEP 1500000
FINISHED WRITING RESTART VELOCITIES
TCL: Running FEP window   2: Lambda1 0.95   Lambda2 0.8999999999999999 [dLambda -0.050000000000000044]
TCL: Setting parameter firsttimestep to 0
TCL: Setting parameter alchLambda to 0.95
Info: NONBONDED TABLE R-SQUARED SPACING: 0.0625
Info: NONBONDED TABLE SIZE: 705 POINTS
Info: INCONSISTENCY IN FAST TABLE ENERGY VS FORCE: 0.000290481 AT 0.251946
Info: INCONSISTENCY IN SCOR TABLE ENERGY VS FORCE: 0.000238233 AT 8.9687
Info: ABSOLUTE IMPRECISION IN VDWA TABLE ENERGY: 1.21169e-27 AT 8.99653
Info: ABSOLUTE IMPRECISION IN VDWA TABLE FORCE: 2.57484e-27 AT 8.99653
Info: INCONSISTENCY IN VDWA TABLE ENERGY VS FORCE: 0.0040507 AT 0.251946
Info: INCONSISTENCY IN VDWB TABLE ENERGY VS FORCE: 0.00150189 AT 0.251946
TCL: Setting parameter alchLambda2 to 0.8999999999999999
Info: NONBONDED TABLE R-SQUARED SPACING: 0.0625
Info: NONBONDED TABLE SIZE: 705 POINTS
Info: INCONSISTENCY IN FAST TABLE ENERGY VS FORCE: 0.000290481 AT 0.251946
Info: INCONSISTENCY IN SCOR TABLE ENERGY VS FORCE: 0.000238233 AT 8.9687
Info: ABSOLUTE IMPRECISION IN VDWA TABLE ENERGY: 1.21169e-27 AT 8.99653
Info: ABSOLUTE IMPRECISION IN VDWA TABLE FORCE: 2.57484e-27 AT 8.99653
Info: INCONSISTENCY IN VDWA TABLE ENERGY VS FORCE: 0.0040507 AT 0.251946
Info: INCONSISTENCY IN VDWB TABLE ENERGY VS FORCE: 0.00150189 AT 0.251946
TCL: Running for 1500000 steps
FEP: RESETTING FOR NEW FEP WINDOW LAMBDA SET TO 0.95 LAMBDA2 0.9
FEP: WINDOW TO HAVE 100000 STEPS OF EQUILIBRATION PRIOR TO FEP DATA COLLECTION.
FEP: USING CONSTANT TEMPERATURE OF 300 K FOR FEP CALCULATION
PRESSURE: 0 -137.309 39.0709 -40.691 39.075 -886.429 -8.20503 -40.6943 -8.20844 -1696.89
GPRESSURE: 0 -185.573 175.511 118.096 -71.5171 -658.484 -473.769 -249.979 -81.374 -1598.62
ETITLE:      TS           BOND          ANGLE          DIHED          IMPRP               ELECT            VDW       BOUNDARY           MISC        KINETIC               TOTAL           TEMP      POTENTIAL       TOTALAVG        TEMPAVG            PRESSURE      GPRESSURE         VOLUME       PRESSAVG      GPRESSAVG
FEPTITLE:    TS          BOND2         ELECT2           VDW2

ENERGY:       0         6.8701        22.7693         7.8077         0.0000         -10476.3363      1315.0111         0.0000         0.0000      1762.5298          -7361.3483       301.8875     -9123.8781     -7361.3483       301.8875           -906.8767      -814.2268     30264.1380      -906.8767      -814.2268
FEP:          0        37.4470    -10475.1592      1315.3197

PRESSURE: 100000 443.662 14.1689 -381.095 14.1711 707.665 389.439 -381.09 389.434 19.3699
GPRESSURE: 100000 373.223 53.7012 -161.664 -176.747 908.951 466.69 -473.733 352.167 154.628
PRESSAVG: 100000 158.348 -35.1217 -8.61959 -35.1217 -128.834 80.5581 -8.61959 80.5581 -316.794
GPRESSAVG: 100000 178.975 -26.5774 38.0761 -111.701 -30.6799 16.7738 14.6287 24.9104 -207.611
ENERGY:  100000         4.4838        16.4194         7.5968         0.0000         -10556.2234      1464.6328         0.0000         0.0000      1764.2009          -7298.8897       302.1737     -9063.0906     -7330.1190       302.0306            390.2322       478.9339     30324.0159      -258.3223      -167.6465
FEP:     100000        28.5000    -10554.8281      1464.4347

WRITING EXTENDED SYSTEM TO RESTART FILE AT STEP 100000
WRITING COORDINATES TO DCD FILE mobley_2261979_prod.dcd AT STEP 100000
WRITING COORDINATES TO RESTART FILE AT STEP 100000
FINISHED WRITING RESTART COORDINATES
WRITING VELOCITIES TO RESTART FILE AT STEP 100000
FINISHED WRITING RESTART VELOCITIES
PRESSURE: 200000 -710.417 -133.194 719.873 -133.194 -235.034 -259.425 719.874 -259.425 -153.289
GPRESSURE: 200000 -614.841 -338.117 985.157 63.926 -180.424 -225.045 578.602 -240.421 -164.576
PRESSAVG: 200000 112.623 -40.2834 29.7222 -40.2834 -134.424 62.6643 29.7222 62.6643 -308.189
GPRESSAVG: 200000 137.196 -42.9742 87.9225 -102.457 -38.5612 4.04648 44.3115 10.9456 -205.346
ENERGY:  200000         4.1551        19.0151         6.2147         0.0000         -10573.5378      1410.9175         0.0000         0.0000      1728.6073          -7404.6282       296.0772     -9133.2354     -7354.9554       300.0461           -366.2467      -319.9470     30450.1132      -294.2971      -218.4133
FEP:     200000        29.3849    -10572.7108      1411.3026

WRITING EXTENDED SYSTEM TO RESTART FILE AT STEP 200000
WRITING COORDINATES TO DCD FILE mobley_2261979_prod.dcd AT STEP 200000
WRITING COORDINATES TO RESTART FILE AT STEP 200000
FINISHED WRITING RESTART COORDINATES
WRITING VELOCITIES TO RESTART FILE AT STEP 200000
FINISHED WRITING RESTART VELOCITIES
PRESSURE: 300000 806.347 -74.6265 293.965 -74.6263 1036.96 -7.3058 293.965 -7.30971 967.267
GPRESSURE: 300000 800.998 50.9621 233.118 142.826 1072.8 280.119 238.519 4.54359 1117.91
PRESSAVG: 300000 147.31 -42.0005 42.9343 -42.0005 -75.8547 59.1656 42.9343 59.1656 -244.416
GPRESSAVG: 300000 170.386 -38.2774 95.1823 -90.1929 17.0071 17.8501 54.0219 10.6255 -139.183
ENERGY:  300000         5.9708        23.2707         7.9294         0.0000         -10687.4127      1515.5984         0.0000         0.0000      1785.2459          -7349.3973       305.7783     -9134.6432     -7353.5659       301.4792            936.8575       997.2361     29998.2182        13.4916        85.4990
FEP:     300000        37.1710    -10686.4570      1515.5849

WRITING EXTENDED SYSTEM TO RESTART FILE AT STEP 300000
WRITING COORDINATES TO DCD FILE mobley_2261979_prod.dcd AT STEP 300000
WRITING COORDINATES TO RESTART FILE AT STEP 300000
FINISHED WRITING RESTART COORDINATES
WRITING VELOCITIES TO RESTART FILE AT STEP 300000
FINISHED WRITING RESTART VELOCITIES
PRESSURE: 400000 261.447 -187.964 -110.075 -187.966 -273.152 -259.348 -110.074 -259.346 -902.481
GPRESSURE: 400000 335.856 -218.908 -70.7767 149.947 -179.368 -131.395 128.077 -299.351 -962.417
PRESSAVG: 400000 129.644 -40.4816 42.838 -40.4816 -47.0859 52.9829 42.838 52.9829 -274.376
GPRESSAVG: 400000 153.13 -41.2057 97.8957 -70.7415 41.4184 21.7281 57.0572 2.61685 -173.613
ENERGY:  400000         2.6283        20.9520         5.6497         0.0000         -10560.1536      1372.1501         0.0000         0.0000      1771.3270          -7387.4464       303.3942     -9158.7734     -7360.3420       301.8622           -304.7286      -268.6433     29991.1880       -50.1525        14.6706
FEP:     400000        29.2301    -10558.6398      1371.9601

WRITING EXTENDED SYSTEM TO RESTART FILE AT STEP 400000
WRITING COORDINATES TO DCD FILE mobley_2261979_prod.dcd AT STEP 400000
WRITING COORDINATES TO RESTART FILE AT STEP 400000
FINISHED WRITING RESTART COORDINATES
WRITING VELOCITIES TO RESTART FILE AT STEP 400000
FINISHED WRITING RESTART VELOCITIES
PRESSURE: 500000 541.544 -95.7404 212.236 -95.7406 -644.523 -370.199 212.236 -370.2 -311.521
GPRESSURE: 500000 598.288 55.1123 228.916 -109.717 -398.936 -133.746 -141.543 -185.905 -295.644
PRESSAVG: 500000 141.837 -29.3119 13.2256 -29.3119 -19.8209 19.3588 13.2256 19.3588 -284.697
GPRESSAVG: 500000 174.761 -21.1651 75.6532 -67.8835 73.3578 -2.13954 -1.33359 -21.4825 -189.934
ENERGY:  500000        10.8287        18.5530         4.9777         0.0000         -10519.2568      1399.0614         0.0000         0.0000      1779.4437          -7306.3923       304.7845     -9085.8360     -7351.3504       302.3492           -138.1664       -32.0971     30262.6795       -64.8215         6.8760
FEP:     500000        34.3594    -10518.2809      1399.3032

WRITING EXTENDED SYSTEM TO RESTART FILE AT STEP 500000
WRITING COORDINATES TO DCD FILE mobley_2261979_prod.dcd AT STEP 500000
WRITING COORDINATES TO RESTART FILE AT STEP 500000
FINISHED WRITING RESTART COORDINATES
WRITING VELOCITIES TO RESTART FILE AT STEP 500000
FINISHED WRITING RESTART VELOCITIES
PRESSURE: 600000 -1139.48 -227.135 -249.422 -227.134 152.452 437.859 -249.422 437.855 -626.843
GPRESSURE: 600000 -1000.62 -430.943 -281.419 -269.088 391.523 217.178 -189.632 594.084 -618.264
PRESSAVG: 600000 88.6749 -24.9389 -2.99408 -24.9389 -60.5241 72.6751 -2.99408 72.6751 -274.252
GPRESSAVG: 600000 122.057 -19.4118 59.0208 -76.8459 45.8942 28.7033 -13.4668 41.0617 -189.723
ENERGY:  600000         1.8739        21.7598         6.6260         0.0000         -10582.9222      1362.5895         0.0000         0.0000      1725.0516          -7465.0214       295.4682     -9190.0731     -7367.5891       301.3662           -537.9584      -409.1192     29921.0838      -132.4125       -52.5519
FEP:     600000        30.2597    -10581.9024      1363.0357

WRITING EXTENDED SYSTEM TO RESTART FILE AT STEP 600000
WRITING COORDINATES TO DCD FILE mobley_2261979_prod.dcd AT STEP 600000
WRITING COORDINATES TO RESTART FILE AT STEP 600000
FINISHED WRITING RESTART COORDINATES
WRITING VELOCITIES TO RESTART FILE AT STEP 600000
FINISHED WRITING RESTART VELOCITIES
PRESSURE: 700000 346.436 459.648 56.3584 459.646 149.16 375.114 56.3561 375.107 -286.351
GPRESSURE: 700000 393.522 371.93 144.854 840.425 120.557 613.373 -409.151 288.804 -50.4494
PRESSAVG: 700000 72.4564 24.6502 -1.36402 24.6502 -75.4714 108.22 -1.36402 108.22 -314.301
GPRESSAVG: 700000 98.0426 9.72839 52.6581 9.30155 26.1882 81.9463 -40.201 60.0748 -223.845
ENERGY:  700000         3.4966        21.4018         6.4599         0.0000         -10704.6181      1481.2682         0.0000         0.0000      1729.4947          -7462.4968       296.2292     -9191.9916     -7379.4526       300.7241             69.7482       154.5433     30428.6380      -107.1424       -26.6650
FEP:     700000        31.3583    -10703.3574      1481.2381

WRITING EXTENDED SYSTEM TO RESTART FILE AT STEP 700000
WRITING COORDINATES TO DCD FILE mobley_2261979_prod.dcd AT STEP 700000
WRITING COORDINATES TO RESTART FILE AT STEP 700000
FINISHED WRITING RESTART COORDINATES
WRITING VELOCITIES TO RESTART FILE AT STEP 700000
FINISHED WRITING RESTART VELOCITIES
PRESSURE: 800000 -206.229 -461.856 367.766 -461.854 -566.083 350.598 367.764 350.599 628.856
GPRESSURE: 800000 -183.058 -590.512 337.805 -575.973 -398.535 621.106 570.857 218.543 499.329
PRESSAVG: 800000 71.2307 -6.33405 22.2388 -6.33405 -112.68 112.916 22.2388 112.916 -294.113
GPRESSAVG: 800000 99.7469 -3.31977 59.1126 -33.4926 -7.94245 99.716 -3.46894 59.3441 -204.509
ENERGY:  800000         7.9730        21.3531         9.1054         0.0000         -10589.9615      1411.7086         0.0000         0.0000      1732.1827          -7407.6387       296.6896     -9139.8213     -7382.5843       300.2758            -47.8187       -27.4214     30044.0726      -100.5509       -26.7491
FEP:     800000        38.4315    -10588.5871      1411.4187

WRITING EXTENDED SYSTEM TO RESTART FILE AT STEP 800000
WRITING COORDINATES TO DCD FILE mobley_2261979_prod.dcd AT STEP 800000
WRITING COORDINATES TO RESTART FILE AT STEP 800000
FINISHED WRITING RESTART COORDINATES
WRITING VELOCITIES TO RESTART FILE AT STEP 800000
FINISHED WRITING RESTART VELOCITIES
PRESSURE: 900000 153.203 72.0319 -87.0212 72.0342 73.4572 -114.734 -87.0226 -114.736 -240.971
GPRESSURE: 900000 279.325 185.036 -319.788 -14.9712 217.069 -109.792 271.845 -480.303 -413.489
PRESSAVG: 900000 64.7475 -2.28751 19.4913 -2.28751 -82.2788 106.852 19.4913 106.852 -279.905
GPRESSAVG: 900000 93.0904 38.9872 53.7498 -31.4991 31.9643 91.9145 5.61398 55.5202 -199.507
ENERGY:  900000         2.6897        21.5676         5.2832         0.0000         -10472.9587      1398.8686         0.0000         0.0000      1708.0832          -7336.4665       292.5618     -9044.5496     -7377.9726       299.5044             -4.7703        27.6349     30547.0156       -90.9728       -21.3107
FEP:     900000        29.5405    -10471.8389      1398.9165

WRITING EXTENDED SYSTEM TO RESTART FILE AT STEP 900000
WRITING COORDINATES TO DCD FILE mobley_2261979_prod.dcd AT STEP 900000
WRITING COORDINATES TO RESTART FILE AT STEP 900000
FINISHED WRITING RESTART COORDINATES
WRITING VELOCITIES TO RESTART FILE AT STEP 900000
FINISHED WRITING RESTART VELOCITIES
PRESSURE: 1000000 711.943 -130.507 608.487 -130.506 -111.322 124.654 608.487 124.653 -1617.49
GPRESSURE: 1000000 771.296 -182.422 710.21 -35.9339 -280.829 339.531 749.737 187.777 -1305.06
PRESSAVG: 1000000 103.251 2.18838 82.4053 2.18838 -93.2688 87.3398 82.4053 87.3398 -312.408
GPRESSAVG: 1000000 135.746 21.0145 134.694 -20.2458 10.8293 86.1332 68.307 40.2902 -223.635
TIMING: 1000000  CPU: 1028.85, 0.000411582/step  Wall: 1049.57, 0.000422177/step, 409.307 ns/days, 0.0586356 hours remaining, 0.000000 MB of memory in use.
PERFORMANCE: 1000000  averaging 410.77 ns/day, 0.000420673 sec/step with standard deviation 2.1262e-06
ETITLE:      TS           BOND          ANGLE          DIHED          IMPRP               ELECT            VDW       BOUNDARY           MISC        KINETIC               TOTAL           TEMP      POTENTIAL       TOTALAVG        TEMPAVG            PRESSURE      GPRESSURE         VOLUME       PRESSAVG      GPRESSAVG
FEPTITLE:    TS          BOND2         ELECT2           VDW2

ENERGY: 1000000         1.5211        21.8626         7.9492         0.0000         -10511.9396      1339.3162         0.0000         0.0000      1817.6637          -7323.6268       311.3308     -9141.2905     -7373.0320       300.5795           -338.9562      -271.5299     30070.6771      -113.5167       -44.0579
FEP:    1000000        31.3330    -10510.9860      1339.0924

WRITING EXTENDED SYSTEM TO RESTART FILE AT STEP 1000000
WRITING COORDINATES TO DCD FILE mobley_2261979_prod.dcd AT STEP 1000000
WRITING COORDINATES TO RESTART FILE AT STEP 1000000
FINISHED WRITING RESTART COORDINATES
WRITING VELOCITIES TO RESTART FILE AT STEP 1000000
FINISHED WRITING RESTART VELOCITIES
PRESSURE: 1100000 -1279.77 -187.902 -30.3122 -187.904 -765.328 -561.517 -30.312 -561.52 -634.837
GPRESSURE: 1100000 -1194.49 69.7495 -46.5995 -395.267 -563.9 -618.201 172.178 -475.853 -730.756
PRESSAVG: 1100000 -24.1048 -12.2613 84.8054 -12.2613 -182.013 70.4391 84.8054 70.4391 -357.266
GPRESSAVG: 1100000 25.7613 14.1407 120.459 -43.3588 -76.7553 68.1279 90.5727 24.1896 -293.689
ENERGY: 1100000         3.6417        20.8470         6.5257         0.0000         -10474.7313      1324.8018         0.0000         0.0000      1779.1402          -7339.7750       304.7325     -9118.9151     -7370.2606       300.9256           -893.3120      -829.7157     30887.4295      -178.4997      -109.5294
FEP:    1100000        31.0144    -10473.4123      1325.0524

WRITING EXTENDED SYSTEM TO RESTART FILE AT STEP 1100000
WRITING COORDINATES TO DCD FILE mobley_2261979_prod.dcd AT STEP 1100000
WRITING COORDINATES TO RESTART FILE AT STEP 1100000
FINISHED WRITING RESTART COORDINATES
WRITING VELOCITIES TO RESTART FILE AT STEP 1100000
FINISHED WRITING RESTART VELOCITIES
PRESSURE: 1200000 8.37079 -25.8253 115.535 -25.8241 -1633.38 -250.011 115.528 -250.015 -911.578
GPRESSURE: 1200000 -21.6275 155.463 47.7993 -342.009 -1660.01 250.745 45.1596 -430.712 -716.669
PRESSAVG: 1200000 -43.1641 -16.6087 90.8592 -16.6087 -267.635 43.8992 90.8592 43.8992 -417.446
GPRESSAVG: 1200000 -2.08105 -5.24166 105.665 -61.2311 -170.402 66.7169 92.3155 0.844705 -344.97
ENERGY: 1200000         3.6402        18.2376         5.2351         0.0000         -10484.3899      1315.2981         0.0000         0.0000      1726.2020          -7415.7769       295.6652     -9141.9789     -7373.7619       300.5210           -845.5277      -799.4364     30440.0769      -229.8095      -162.5991
FEP:    1200000        27.1129    -10482.7352      1315.1909

WRITING EXTENDED SYSTEM TO RESTART FILE AT STEP 1200000
WRITING COORDINATES TO DCD FILE mobley_2261979_prod.dcd AT STEP 1200000
WRITING COORDINATES TO RESTART FILE AT STEP 1200000
FINISHED WRITING RESTART COORDINATES
WRITING VELOCITIES TO RESTART FILE AT STEP 1200000
FINISHED WRITING RESTART VELOCITIES
PRESSURE: 1300000 614.774 241.288 -366.371 241.292 -406.913 586.413 -366.37 586.407 174.53
GPRESSURE: 1300000 539.413 368.932 -456.849 431.833 -212.685 214.469 204.88 841.826 228.592
PRESSAVG: 1300000 -17.8867 -17.8527 74.7731 -17.8527 -245.288 61.889 74.7731 61.889 -409.149
GPRESSAVG: 1300000 13.7287 4.11265 90.3065 -61.9065 -141.125 55.7613 87.8011 42.3711 -341.233
ENERGY: 1300000         5.3122        23.0264         5.0406         0.0000         -10707.4534      1453.4547         0.0000         0.0000      1794.9422          -7425.6772       307.4391     -9220.6195     -7377.4701       301.0151            127.4636       185.1068     29920.3577      -204.2900      -137.7630
FEP:    1300000        33.3792    -10706.1280      1452.8408

WRITING EXTENDED SYSTEM TO RESTART FILE AT STEP 1300000
WRITING COORDINATES TO DCD FILE mobley_2261979_prod.dcd AT STEP 1300000
WRITING COORDINATES TO RESTART FILE AT STEP 1300000
FINISHED WRITING RESTART COORDINATES
WRITING VELOCITIES TO RESTART FILE AT STEP 1300000
FINISHED WRITING RESTART VELOCITIES
PRESSURE: 1400000 340.932 -107.901 222.268 -107.899 -24.9141 43.0971 222.266 43.0983 -942.426
GPRESSURE: 1400000 293.579 -18.687 -135.456 -330.06 128.248 13.5006 267.294 114.263 -660.075
PRESSAVG: 1400000 -8.2777 -23.4986 63.4914 -23.4986 -287.857 42.1706 63.4914 42.1706 -540.6
GPRESSAVG: 1400000 22.495 1.75628 69.9057 -77.2573 -185.71 65.0735 71.665 9.97544 -455.752
ENERGY: 1400000        10.4612        18.7743         5.1310         0.0000         -10609.7862      1388.3842         0.0000         0.0000      1745.5452          -7441.4903       298.9783     -9187.0356     -7381.7381       300.8793           -208.8026       -79.4161     29605.3605      -204.5909      -133.8732
FEP:    1400000        34.3664    -10609.0676      1387.8459

WRITING EXTENDED SYSTEM TO RESTART FILE AT STEP 1400000
WRITING COORDINATES TO DCD FILE mobley_2261979_prod.dcd AT STEP 1400000
WRITING COORDINATES TO RESTART FILE AT STEP 1400000
FINISHED WRITING RESTART COORDINATES
WRITING VELOCITIES TO RESTART FILE AT STEP 1400000
FINISHED WRITING RESTART VELOCITIES
PRESSURE: 1500000 -350.914 -384.454 112.327 -384.455 -1206.17 -238.142 112.328 -238.141 -975.277
GPRESSURE: 1500000 -541.993 -99.2697 46.3746 -673.624 -1038.23 4.83639 115.963 -104.337 -825.685
PRESSAVG: 1500000 -26.4578 -49.9456 42.0918 -49.9456 -345.204 23.7435 42.0918 23.7435 -564.908
GPRESSAVG: 1500000 1.76086 -6.32051 59.8337 -107.767 -241.697 52.8233 46.6715 6.80388 -483.819
ENERGY: 1500000        11.9159        18.0945         8.6052         0.0000         -10534.1449      1332.5561         0.0000         0.0000      1742.1209          -7420.8524       298.3918     -9162.9733     -7384.1828       300.7239           -844.1211      -801.9704     30130.2232      -244.5615      -175.6293
FEP:    1500000        38.6155    -10532.8510      1332.7248

WRITING EXTENDED SYSTEM TO RESTART FILE AT STEP 1500000
WRITING COORDINATES TO DCD FILE mobley_2261979_prod.dcd AT STEP 1500000
WRITING COORDINATES TO RESTART FILE AT STEP 1500000
FINISHED WRITING RESTART COORDINATES
WRITING VELOCITIES TO RESTART FILE AT STEP 1500000
FINISHED WRITING RESTART VELOCITIES
TCL: Running FEP window   3: Lambda1 0.8999999999999999 Lambda2 0.8499999999999999 [dLambda -0.050000000000000044]
TCL: Setting parameter firsttimestep to 0
TCL: Setting parameter alchLambda to 0.8999999999999999
Info: NONBONDED TABLE R-SQUARED SPACING: 0.0625
Info: NONBONDED TABLE SIZE: 705 POINTS
Info: INCONSISTENCY IN FAST TABLE ENERGY VS FORCE: 0.000290481 AT 0.251946
Info: INCONSISTENCY IN SCOR TABLE ENERGY VS FORCE: 0.000238233 AT 8.9687
Info: ABSOLUTE IMPRECISION IN VDWA TABLE ENERGY: 1.21169e-27 AT 8.99653
Info: ABSOLUTE IMPRECISION IN VDWA TABLE FORCE: 2.57484e-27 AT 8.99653
Info: INCONSISTENCY IN VDWA TABLE ENERGY VS FORCE: 0.0040507 AT 0.251946
Info: INCONSISTENCY IN VDWB TABLE ENERGY VS FORCE: 0.00150189 AT 0.251946
TCL: Setting parameter alchLambda2 to 0.8499999999999999
Info: NONBONDED TABLE R-SQUARED SPACING: 0.0625
Info: NONBONDED TABLE SIZE: 705 POINTS
Info: INCONSISTENCY IN FAST TABLE ENERGY VS FORCE: 0.000290481 AT 0.251946
Info: INCONSISTENCY IN SCOR TABLE ENERGY VS FORCE: 0.000238233 AT 8.9687
Info: ABSOLUTE IMPRECISION IN VDWA TABLE ENERGY: 1.21169e-27 AT 8.99653
Info: ABSOLUTE IMPRECISION IN VDWA TABLE FORCE: 2.57484e-27 AT 8.99653
Info: INCONSISTENCY IN VDWA TABLE ENERGY VS FORCE: 0.0040507 AT 0.251946
Info: INCONSISTENCY IN VDWB TABLE ENERGY VS FORCE: 0.00150189 AT 0.251946
TCL: Running for 1500000 steps
FEP: RESETTING FOR NEW FEP WINDOW LAMBDA SET TO 0.9 LAMBDA2 0.85
FEP: WINDOW TO HAVE 100000 STEPS OF EQUILIBRATION PRIOR TO FEP DATA COLLECTION.
FEP: USING CONSTANT TEMPERATURE OF 300 K FOR FEP CALCULATION
PRESSURE: 0 -495.143 -411.571 155.648 -411.574 -1261.83 -258.473 155.642 -258.474 -916.675
GPRESSURE: 0 -546.863 -106.353 44.5161 -680.724 -1051.37 -1.60531 111.629 -109.063 -839.181
ETITLE:      TS           BOND          ANGLE          DIHED          IMPRP               ELECT            VDW       BOUNDARY           MISC        KINETIC               TOTAL           TEMP      POTENTIAL       TOTALAVG        TEMPAVG            PRESSURE      GPRESSURE         VOLUME       PRESSAVG      GPRESSAVG
FEPTITLE:    TS          BOND2         ELECT2           VDW2

ENERGY:       0        11.9159        18.0945         8.6052         0.0000         -10532.8512      1332.7245         0.0000         0.0000      1741.2482          -7420.2629       298.2423     -9161.5112     -7420.2629       298.2423           -891.2162      -812.4717     30130.2232      -891.2162      -812.4717
FEP:          0        38.6155    -10531.5572      1333.1709

PRESSURE: 100000 29.9092 -314.047 24.6895 -314.047 -1061.88 354.634 24.6846 354.631 -707.602
GPRESSURE: 100000 -40.1349 -19.3861 15.1991 -498.571 -875.354 365.506 -348.838 618.445 -845.204
PRESSAVG: 100000 -34.5313 -89.6545 63.8132 -89.6545 -456.257 11.0671 63.8132 11.0671 -589.703
GPRESSAVG: 100000 -21.5341 -18.6613 67.5731 -147.18 -340.074 61.9692 45.0025 34.4499 -524.478
ENERGY:  100000         6.1573        23.9918         6.9006         0.0000         -10607.9616      1388.2838         0.0000         0.0000      1774.2098          -7408.4183       303.8880     -9182.6281     -7414.3406       301.0652           -579.8572      -586.8978     30594.5705      -735.5367      -699.6847
FEP:     100000        37.0498    -10606.8562      1388.4214

WRITING EXTENDED SYSTEM TO RESTART FILE AT STEP 100000
WRITING COORDINATES TO DCD FILE mobley_2261979_prod.dcd AT STEP 100000
WRITING COORDINATES TO RESTART FILE AT STEP 100000
FINISHED WRITING RESTART COORDINATES
WRITING VELOCITIES TO RESTART FILE AT STEP 100000
FINISHED WRITING RESTART VELOCITIES
PRESSURE: 200000 -577.368 416.596 -602.785 416.598 626.107 -63.4176 -602.78 -63.4175 -118.428
GPRESSURE: 200000 -308.15 849.38 -442.564 410.841 476.466 102.686 -508.406 -62.4666 -130.746
PRESSAVG: 200000 -37.2559 -72.4462 46.5116 -72.4462 -353.268 12.3614 46.5116 12.3614 -543.371
GPRESSAVG: 200000 -21.1742 25.3059 55.6651 -110.314 -241.35 65.6311 43.9624 33.0761 -486.618
ENERGY:  200000         4.2892        18.7341         5.9941         0.0000         -10492.5002      1410.9881         0.0000         0.0000      1757.1501          -7295.3446       300.9660     -9052.4947     -7374.6753       301.0321            -23.2295        12.5234     30367.0388      -498.1010      -462.2820
FEP:     200000        29.0174    -10491.3077      1411.2478

WRITING EXTENDED SYSTEM TO RESTART FILE AT STEP 200000
WRITING COORDINATES TO DCD FILE mobley_2261979_prod.dcd AT STEP 200000
WRITING COORDINATES TO RESTART FILE AT STEP 200000
FINISHED WRITING RESTART COORDINATES
WRITING VELOCITIES TO RESTART FILE AT STEP 200000
FINISHED WRITING RESTART VELOCITIES
PRESSURE: 300000 -1077.67 -164.568 -52.1493 -164.567 -920.67 170.544 -52.1504 170.545 -1127.38
GPRESSURE: 300000 -848.19 111.366 -40.7445 -368.566 -1103.6 49.6434 -114.092 306.943 -1046.13
PRESSAVG: 300000 -85.787 -83.2238 48.4607 -83.2238 -362.591 22.0769 48.4607 22.0769 -519.001
GPRESSAVG: 300000 -55.0019 22.1273 47.8092 -125.149 -264.306 92.2916 50.9683 52.8805 -460.126
ENERGY:  300000         9.1361        19.7316         4.9936         0.0000         -10481.1873      1314.3561         0.0000         0.0000      1739.4612          -7393.5087       297.9362     -9132.9699     -7379.3836       300.2581          -1041.9065      -999.3093     30445.9851      -634.0524      -596.5388
FEP:     300000        33.8612    -10480.3950      1314.2386

WRITING EXTENDED SYSTEM TO RESTART FILE AT STEP 300000
WRITING COORDINATES TO DCD FILE mobley_2261979_prod.dcd AT STEP 300000
WRITING COORDINATES TO RESTART FILE AT STEP 300000
FINISHED WRITING RESTART COORDINATES
WRITING VELOCITIES TO RESTART FILE AT STEP 300000
FINISHED WRITING RESTART VELOCITIES
PRESSURE: 400000 -458.437 -41.7575 -681.897 -41.7563 -1188.78 -347.851 -681.895 -347.85 -519.228
GPRESSURE: 400000 -285.297 -123.106 -645.531 81.1599 -1191.09 -573.225 -684.55 -267.608 -332.502
PRESSAVG: 400000 -101.843 -87.2653 16.4007 -87.2653 -377.709 5.09482 16.4007 5.09482 -460.117
GPRESSAVG: 400000 -59.9881 7.19643 9.62791 -117.515 -290.936 87.3189 29.2398 43.5687 -396.82
ENERGY:  400000         4.3682        20.1170         7.9165         0.0000         -10509.9979      1337.9539         0.0000         0.0000      1777.4816          -7362.1606       304.4484     -9139.6423     -7375.9390       301.0962           -722.1480      -602.9642     30194.5931      -651.6715      -597.8239
FEP:     400000        32.4017    -10508.9316      1337.9464

WRITING EXTENDED SYSTEM TO RESTART FILE AT STEP 400000
WRITING COORDINATES TO DCD FILE mobley_2261979_prod.dcd AT STEP 400000
WRITING COORDINATES TO RESTART FILE AT STEP 400000
FINISHED WRITING RESTART COORDINATES
WRITING VELOCITIES TO RESTART FILE AT STEP 400000
FINISHED WRITING RESTART VELOCITIES
PRESSURE: 500000 -51.9321 1.9223 588.249 1.92411 357.685 417.509 588.254 417.508 -393.13
GPRESSURE: 500000 63.3364 -27.7554 557.092 -228.155 295.205 513.588 721.054 262.604 -396.486
PRESSAVG: 500000 -126.623 -87.8777 64.8679 -87.8777 -395.208 6.49852 64.8679 6.49852 -480.742
GPRESSAVG: 500000 -75.4824 3.1236 45.5657 -120.085 -321.624 89.6637 88.9791 39.0906 -424.375
ENERGY:  500000         5.9417        16.7008         7.3320         0.0000         -10647.2037      1440.2392         0.0000         0.0000      1726.9768          -7450.0132       295.7979     -9176.9900     -7388.2847       300.2132            -29.1259       -12.6483     30310.2338      -547.9139      -500.2946
FEP:     500000        29.9745    -10645.9733      1440.4910

WRITING EXTENDED SYSTEM TO RESTART FILE AT STEP 500000
WRITING COORDINATES TO DCD FILE mobley_2261979_prod.dcd AT STEP 500000
WRITING COORDINATES TO RESTART FILE AT STEP 500000
FINISHED WRITING RESTART COORDINATES
WRITING VELOCITIES TO RESTART FILE AT STEP 500000
FINISHED WRITING RESTART VELOCITIES
PRESSURE: 600000 -250.692 148.687 196.74 148.688 -120.884 -95.941 196.743 -95.9377 -41.0583
GPRESSURE: 600000 -469.867 320.599 133.054 48.354 355.959 252.417 447.636 -215.657 97.314
PRESSAVG: 600000 -103.637 -73.7836 38.7114 -73.7836 -389.5 14.6729 38.7114 14.6729 -475.131
GPRESSAVG: 600000 -68.2337 36.0594 2.96057 -120.864 -294.804 113.537 82.4308 40.3288 -411.281
ENERGY:  600000         5.1551        19.1335         5.2733         0.0000         -10535.7553      1390.5894         0.0000         0.0000      1792.4660          -7323.1381       307.0149     -9115.6041     -7378.9781       301.1848           -137.5448        -5.5312     29992.7103      -489.2897      -429.6141
FEP:     600000        29.5619    -10534.6209      1391.0872

WRITING EXTENDED SYSTEM TO RESTART FILE AT STEP 600000
WRITING COORDINATES TO DCD FILE mobley_2261979_prod.dcd AT STEP 600000
WRITING COORDINATES TO RESTART FILE AT STEP 600000
FINISHED WRITING RESTART COORDINATES
WRITING VELOCITIES TO RESTART FILE AT STEP 600000
FINISHED WRITING RESTART VELOCITIES
PRESSURE: 700000 -884.388 354.504 385.04 354.503 81.5575 -138.46 385.042 -138.451 -766.489
GPRESSURE: 700000 -844.464 18.9075 97.6159 411.178 -1.96647 -129.458 650.311 -117.058 -695.468
PRESSAVG: 700000 -188.174 -52.3271 43.2653 -52.3271 -437.27 8.1158 43.2653 8.1158 -561.819
GPRESSAVG: 700000 -150.507 34.4567 -3.81454 -107.446 -348.543 93.058 103.02 34.2488 -501.95
ENERGY:  700000         8.6726        19.2284         6.5095         0.0000         -10565.4032      1356.7170         0.0000         0.0000      1761.7744          -7412.5013       301.7581     -9174.2757     -7383.1685       301.2565           -523.1063      -513.9661     29887.2525      -493.5168      -440.1581
FEP:     700000        34.4105    -10564.2383      1357.5091

WRITING EXTENDED SYSTEM TO RESTART FILE AT STEP 700000
WRITING COORDINATES TO DCD FILE mobley_2261979_prod.dcd AT STEP 700000
WRITING COORDINATES TO RESTART FILE AT STEP 700000
FINISHED WRITING RESTART COORDINATES
WRITING VELOCITIES TO RESTART FILE AT STEP 700000
FINISHED WRITING RESTART VELOCITIES
PRESSURE: 800000 572.841 -516.811 144.67 -516.813 183.558 340.976 144.67 340.974 -211.463
GPRESSURE: 800000 537.363 -515.071 273.245 -607.975 393.069 118.485 180.435 258.043 -167.593
PRESSAVG: 800000 -172.604 -68.7695 56.0025 -68.7695 -414.435 38.1318 56.0025 38.1318 -527.268
GPRESSAVG: 800000 -140.431 19.6485 13.3865 -145.342 -319.921 105.552 105.638 62.1185 -462.208
ENERGY:  800000         5.6732        19.9332         8.4885         0.0000         -10600.5153      1424.7992         0.0000         0.0000      1720.8558          -7420.7654       294.7495     -9141.6211     -7387.3459       300.5335            181.6451       254.2798     29847.1681      -418.4988      -362.9984
FEP:     800000        34.0949    -10599.2313      1424.8624

WRITING EXTENDED SYSTEM TO RESTART FILE AT STEP 800000
WRITING COORDINATES TO DCD FILE mobley_2261979_prod.dcd AT STEP 800000
WRITING COORDINATES TO RESTART FILE AT STEP 800000
FINISHED WRITING RESTART COORDINATES
WRITING VELOCITIES TO RESTART FILE AT STEP 800000
FINISHED WRITING RESTART VELOCITIES
PRESSURE: 900000 -398.248 50.66 -114.238 50.6615 -357.753 189.47 -114.234 189.467 -502.642
GPRESSURE: 900000 -199.72 30.4587 -32.6311 187.079 -318.515 84.1319 -260.957 367.367 -484.47
PRESSAVG: 900000 -219.594 -61.4494 39.679 -61.4494 -400.096 66.1151 39.679 66.1151 -536.824
GPRESSAVG: 900000 -180.332 18.4158 0.309168 -130.502 -315.9 116.446 99.6676 89.7821 -471.65
ENERGY:  900000         4.9557        20.8628         8.2267         0.0000         -10629.2554      1383.4018         0.0000         0.0000      1783.8064          -7428.0020       305.5317     -9211.8084     -7391.4115       301.0333           -419.5477      -334.2351     29712.8227      -418.6037      -360.1220
FEP:     900000        34.0452    -10628.4316      1383.3822

WRITING EXTENDED SYSTEM TO RESTART FILE AT STEP 900000
WRITING COORDINATES TO DCD FILE mobley_2261979_prod.dcd AT STEP 900000
WRITING COORDINATES TO RESTART FILE AT STEP 900000
FINISHED WRITING RESTART COORDINATES
WRITING VELOCITIES TO RESTART FILE AT STEP 900000
FINISHED WRITING RESTART VELOCITIES
PRESSURE: 1000000 -53.1318 117.605 -147.081 117.608 -677.428 162.365 -147.081 162.365 -316.196
GPRESSURE: 1000000 -234.664 -30.932 -128.509 91.3347 -344.968 51.3523 -76.7887 72.4279 -151.987
PRESSAVG: 1000000 -165.276 -44.2123 44.796 -44.2123 -441.59 52.3406 44.796 52.3406 -521.292
GPRESSAVG: 1000000 -142.034 38.4164 7.95468 -112.481 -352.725 108.155 105.31 63.6993 -448.336
TIMING: 1000000  CPU: 1647.73, 0.000413108/step  Wall: 1684.07, 0.000423047/step, 408.466 ns/days, 0.0587565 hours remaining, 0.000000 MB of memory in use.
PERFORMANCE: 1000000  averaging 409.999 ns/day, 0.000421464 sec/step with standard deviation 2.03428e-06
ETITLE:      TS           BOND          ANGLE          DIHED          IMPRP               ELECT            VDW       BOUNDARY           MISC        KINETIC               TOTAL           TEMP      POTENTIAL       TOTALAVG        TEMPAVG            PRESSURE      GPRESSURE         VOLUME       PRESSAVG      GPRESSAVG
FEPTITLE:    TS          BOND2         ELECT2           VDW2

ENERGY: 1000000         5.7270        21.4393         8.6572         0.0000         -10535.4048      1379.3990         0.0000         0.0000      1792.3572          -7327.8250       306.9963     -9120.1822     -7385.6309       301.5754           -348.9185      -243.8730     30551.4509      -412.2687      -349.5540
FEP:    1000000        35.8235    -10534.3114      1379.5694

WRITING EXTENDED SYSTEM TO RESTART FILE AT STEP 1000000
WRITING COORDINATES TO DCD FILE mobley_2261979_prod.dcd AT STEP 1000000
WRITING COORDINATES TO RESTART FILE AT STEP 1000000
FINISHED WRITING RESTART COORDINATES
WRITING VELOCITIES TO RESTART FILE AT STEP 1000000
FINISHED WRITING RESTART VELOCITIES
PRESSURE: 1100000 33.5628 146.797 332.177 146.799 989.165 -569.529 332.181 -569.527 633.801
GPRESSURE: 1100000 74.2858 68.5211 150.188 409.339 984.138 -477.324 742.586 -276.994 819.731
PRESSAVG: 1100000 -180.92 -59.8547 58.5872 -59.8547 -399.59 5.10887 58.5872 5.10887 -475.284
GPRESSAVG: 1100000 -157.996 23.2459 8.22136 -134.036 -309.546 53.6197 162.897 35.4094 -404.827
ENERGY: 1100000         7.0632        21.7730         7.8329         0.0000         -10697.6243      1496.7403         0.0000         0.0000      1704.6896          -7459.5253       291.9805     -9164.2149     -7391.7888       300.7758            552.1764       626.0516     29820.8771      -331.8983      -268.2535
FEP:    1100000        36.6691    -10696.7827      1496.0167

WRITING EXTENDED SYSTEM TO RESTART FILE AT STEP 1100000
WRITING COORDINATES TO DCD FILE mobley_2261979_prod.dcd AT STEP 1100000
WRITING COORDINATES TO RESTART FILE AT STEP 1100000
FINISHED WRITING RESTART COORDINATES
WRITING VELOCITIES TO RESTART FILE AT STEP 1100000
FINISHED WRITING RESTART VELOCITIES
PRESSURE: 1200000 -78.1857 690.309 593.321 690.307 -78.9374 -118.372 593.32 -118.368 -374.672
GPRESSURE: 1200000 137.661 500.868 267.183 703.471 -12.8976 175.706 599.442 -55.3031 -357.601
PRESSAVG: 1200000 -174.517 -2.24662 69.8651 -2.24662 -375.233 -18.3395 69.8651 -18.3395 -525.46
GPRESSAVG: 1200000 -141.96 77.8149 4.69027 -70.0633 -290.264 31.3496 164.326 21.7171 -447.673
ENERGY: 1200000         5.4281        18.9188         7.3031         0.0000         -10633.9599      1434.1364         0.0000         0.0000      1692.1277          -7476.0459       289.8289     -9168.1736     -7398.2701       299.9338           -177.2649       -77.6126     29977.5549      -320.0034      -253.5888
FEP:    1200000        31.6499    -10633.0231      1434.5821

WRITING EXTENDED SYSTEM TO RESTART FILE AT STEP 1200000
WRITING COORDINATES TO DCD FILE mobley_2261979_prod.dcd AT STEP 1200000
WRITING COORDINATES TO RESTART FILE AT STEP 1200000
FINISHED WRITING RESTART COORDINATES
WRITING VELOCITIES TO RESTART FILE AT STEP 1200000
FINISHED WRITING RESTART VELOCITIES
PRESSURE: 1300000 772.586 311.842 -221.914 311.844 -240.633 -325.849 -221.914 -325.853 774.391
GPRESSURE: 1300000 904.512 466.219 -205.922 -11.4569 -346.332 -641.505 -53.1649 -221.64 895.229
PRESSAVG: 1300000 -143.548 9.74386 63.1205 9.74386 -390.937 -28.8954 63.1205 -28.8954 -474.692
GPRESSAVG: 1300000 -110.701 91.8741 10.3836 -69.8876 -318.434 4.76396 148.075 34.6502 -382.237
ENERGY: 1300000         1.9963        21.1588         7.4424         0.0000         -10672.7603      1462.8402         0.0000         0.0000      1735.9527          -7443.3697       297.3353     -9179.3224     -7401.4915       299.7482            435.4480       484.4697     29742.7257      -266.0426      -200.8703
FEP:    1300000        30.5976    -10671.9448      1463.0258

WRITING EXTENDED SYSTEM TO RESTART FILE AT STEP 1300000
WRITING COORDINATES TO DCD FILE mobley_2261979_prod.dcd AT STEP 1300000
WRITING COORDINATES TO RESTART FILE AT STEP 1300000
FINISHED WRITING RESTART COORDINATES
WRITING VELOCITIES TO RESTART FILE AT STEP 1300000
FINISHED WRITING RESTART VELOCITIES
PRESSURE: 1400000 -334.17 -631.019 386.161 -631.021 534.476 -206.121 386.158 -206.119 916.111
GPRESSURE: 1400000 -132.977 -675.428 480.958 -251.336 411.617 -84.9799 379.388 -232.651 917.772
PRESSAVG: 1400000 -195.854 -15.2819 52.004 -15.2819 -358.647 -45.434 52.004 -45.434 -348.012
GPRESSAVG: 1400000 -155.914 67.2238 -1.07904 -80.6577 -283.811 -16.4616 129.558 13.6288 -271.096
ENERGY: 1400000         6.8963        20.7812         8.1915         0.0000         -10609.6603      1459.9186         0.0000         0.0000      1793.5361          -7320.3365       307.1982     -9113.8727     -7396.0812       300.2448            372.1392       398.8041     30182.1889      -223.4971      -160.8920
FEP:    1400000        35.8690    -10609.3209      1460.2215

WRITING EXTENDED SYSTEM TO RESTART FILE AT STEP 1400000
WRITING COORDINATES TO DCD FILE mobley_2261979_prod.dcd AT STEP 1400000
WRITING COORDINATES TO RESTART FILE AT STEP 1400000
FINISHED WRITING RESTART COORDINATES
WRITING VELOCITIES TO RESTART FILE AT STEP 1400000
FINISHED WRITING RESTART VELOCITIES
PRESSURE: 1500000 335.785 269.441 49.3278 269.441 1193.65 28.0753 49.3218 28.0765 116.24
GPRESSURE: 1500000 242.318 212.276 7.75291 41.0764 1383.81 200.965 -206.656 -35.6533 93.3589
PRESSAVG: 1500000 -115.076 7.5854 55.9857 7.5854 -260.699 -15.9541 55.9857 -15.9541 -310.458
GPRESSAVG: 1500000 -84.0739 74.3501 1.63859 -58.8405 -186.426 24.4967 110.616 35.6388 -229.89
ENERGY: 1500000         5.2870        22.7460         7.5518         0.0000         -10583.5142      1434.4868         0.0000         0.0000      1755.4541          -7357.9885       300.6755     -9113.4427     -7393.7004       300.2718            548.5575       573.1626     30021.1942      -175.2437      -115.0136
FEP:    1500000        35.5848    -10581.8579      1434.3908

WRITING EXTENDED SYSTEM TO RESTART FILE AT STEP 1500000
WRITING COORDINATES TO DCD FILE mobley_2261979_prod.dcd AT STEP 1500000
WRITING COORDINATES TO RESTART FILE AT STEP 1500000
FINISHED WRITING RESTART COORDINATES
WRITING VELOCITIES TO RESTART FILE AT STEP 1500000
FINISHED WRITING RESTART VELOCITIES
TCL: Running FEP window   4: Lambda1 0.8499999999999999 Lambda2 0.7999999999999998 [dLambda -0.050000000000000044]
TCL: Setting parameter firsttimestep to 0
TCL: Setting parameter alchLambda to 0.8499999999999999
Info: NONBONDED TABLE R-SQUARED SPACING: 0.0625
Info: NONBONDED TABLE SIZE: 705 POINTS
Info: INCONSISTENCY IN FAST TABLE ENERGY VS FORCE: 0.000290481 AT 0.251946
Info: INCONSISTENCY IN SCOR TABLE ENERGY VS FORCE: 0.000238233 AT 8.9687
Info: ABSOLUTE IMPRECISION IN VDWA TABLE ENERGY: 1.21169e-27 AT 8.99653
Info: ABSOLUTE IMPRECISION IN VDWA TABLE FORCE: 2.57484e-27 AT 8.99653
Info: INCONSISTENCY IN VDWA TABLE ENERGY VS FORCE: 0.0040507 AT 0.251946
Info: INCONSISTENCY IN VDWB TABLE ENERGY VS FORCE: 0.00150189 AT 0.251946
TCL: Setting parameter alchLambda2 to 0.7999999999999998
Info: NONBONDED TABLE R-SQUARED SPACING: 0.0625
Info: NONBONDED TABLE SIZE: 705 POINTS
Info: INCONSISTENCY IN FAST TABLE ENERGY VS FORCE: 0.000290481 AT 0.251946
Info: INCONSISTENCY IN SCOR TABLE ENERGY VS FORCE: 0.000238233 AT 8.9687
Info: ABSOLUTE IMPRECISION IN VDWA TABLE ENERGY: 1.21169e-27 AT 8.99653
Info: ABSOLUTE IMPRECISION IN VDWA TABLE FORCE: 2.57484e-27 AT 8.99653
Info: INCONSISTENCY IN VDWA TABLE ENERGY VS FORCE: 0.0040507 AT 0.251946
Info: INCONSISTENCY IN VDWB TABLE ENERGY VS FORCE: 0.00150189 AT 0.251946
TCL: Running for 1500000 steps
FEP: RESETTING FOR NEW FEP WINDOW LAMBDA SET TO 0.85 LAMBDA2 0.8
FEP: WINDOW TO HAVE 100000 STEPS OF EQUILIBRATION PRIOR TO FEP DATA COLLECTION.
FEP: USING CONSTANT TEMPERATURE OF 300 K FOR FEP CALCULATION
PRESSURE: 0 248.568 245.203 32.3882 245.203 1097.94 24.7462 32.3876 24.7447 115.299
GPRESSURE: 0 215.781 220.209 4.09559 45.292 1371.14 198.146 -214.721 -37.1078 90.8792
ETITLE:      TS           BOND          ANGLE          DIHED          IMPRP               ELECT            VDW       BOUNDARY           MISC        KINETIC               TOTAL           TEMP      POTENTIAL       TOTALAVG        TEMPAVG            PRESSURE      GPRESSURE         VOLUME       PRESSAVG      GPRESSAVG
FEPTITLE:    TS          BOND2         ELECT2           VDW2

ENERGY:       0         5.2870        22.7460         7.5518         0.0000         -10581.8575      1434.3909         0.0000         0.0000      1754.5423          -7357.3395       300.5193     -9111.8818     -7357.3395       300.5193            487.2678       559.2652     30021.1942       487.2678       559.2652
FEP:          0        35.5848    -10580.2012      1434.6502

PRESSURE: 100000 -535.049 40.3797 -435.651 40.3802 102.361 271.018 -435.654 271.012 255.554
GPRESSURE: 100000 -403.212 -49.301 -385.675 139.074 287.466 -54.2293 -412.822 209.226 234.718
PRESSAVG: 100000 -160.557 11.0912 48.3645 11.0912 -98.6694 -17.9859 48.3645 -17.9859 -255.063
GPRESSAVG: 100000 -119.335 56.6758 3.0121 -54.1135 -9.86104 8.43185 66.7371 23.689 -189.207
ENERGY:  100000         3.9113        24.2061         6.8369         0.0000         -10440.8077      1391.4776         0.0000         0.0000      1752.3814          -7261.9943       300.1492     -9014.3758     -7309.6669       300.3343            -59.0449        39.6570     30776.3902       214.1114       299.4611
FEP:     100000        34.9543    -10440.1199      1391.5425

WRITING EXTENDED SYSTEM TO RESTART FILE AT STEP 100000
WRITING COORDINATES TO DCD FILE mobley_2261979_prod.dcd AT STEP 100000
WRITING COORDINATES TO RESTART FILE AT STEP 100000
FINISHED WRITING RESTART COORDINATES
WRITING VELOCITIES TO RESTART FILE AT STEP 100000
FINISHED WRITING RESTART VELOCITIES
PRESSURE: 200000 116.359 82.4187 -12.1681 82.4187 -525.455 -18.5905 -12.1704 -18.5858 33.5351
GPRESSURE: 200000 311.703 104.658 76.4883 138.316 -611.239 -415.819 50.3906 79.3715 -36.1182
PRESSAVG: 200000 -171.786 20.6071 36.6427 20.6071 -123.696 -21.0701 36.6427 -21.0701 -206.265
GPRESSAVG: 200000 -118.429 62.843 13.6093 -30.6946 -46.8353 -13.0341 55.8919 21.9444 -158.009
ENERGY:  200000         3.9365        17.7142        10.5461         0.0000         -10619.6206      1419.6292         0.0000         0.0000      1767.2561          -7400.5386       302.6970     -9167.7947     -7339.9575       301.1219           -125.1868      -111.8846     30233.7995       101.0120       162.3459
FEP:     200000        32.1968    -10619.0606      1420.2389

WRITING EXTENDED SYSTEM TO RESTART FILE AT STEP 200000
WRITING COORDINATES TO DCD FILE mobley_2261979_prod.dcd AT STEP 200000
WRITING COORDINATES TO RESTART FILE AT STEP 200000
FINISHED WRITING RESTART COORDINATES
WRITING VELOCITIES TO RESTART FILE AT STEP 200000
FINISHED WRITING RESTART VELOCITIES
PRESSURE: 300000 -278.36 -600.239 208.055 -600.238 -366.127 -180.449 208.056 -180.453 -140.706
GPRESSURE: 300000 -193.08 -352.023 91.2668 -590.879 -276.345 -240.45 380.493 -45.3704 -290.467
PRESSAVG: 300000 -168.158 9.81794 41.4291 9.81794 -81.6942 -18.1858 41.4291 -18.1858 -164.537
GPRESSAVG: 300000 -100.983 50.2053 15.8539 -26.5574 -8.74093 -25.2985 69.1184 24.8928 -131.248
ENERGY:  300000         3.4221        18.9446         4.9705         0.0000         -10688.6517      1434.7366         0.0000         0.0000      1743.1903          -7483.3875       298.5750     -9226.5779     -7375.8150       300.4851           -261.7308      -253.2972     30376.3501        10.3263        58.4351
FEP:     300000        27.3372    -10687.7792      1435.3561

WRITING EXTENDED SYSTEM TO RESTART FILE AT STEP 300000
WRITING COORDINATES TO DCD FILE mobley_2261979_prod.dcd AT STEP 300000
WRITING COORDINATES TO RESTART FILE AT STEP 300000
FINISHED WRITING RESTART COORDINATES
WRITING VELOCITIES TO RESTART FILE AT STEP 300000
FINISHED WRITING RESTART VELOCITIES
PRESSURE: 400000 767.172 7.19422 -557.265 7.19343 315.51 255.033 -557.257 255.034 579.43
GPRESSURE: 400000 570.972 47.6495 -544.05 251.439 585.821 300.982 -703.958 171.087 603.184
PRESSAVG: 400000 -105.043 30.7563 5.78413 30.7563 -2.82714 7.48964 5.78413 7.48964 -89.7314
GPRESSAVG: 400000 -45.0912 57.9054 -13.5744 20.0508 73.1186 -10.1691 28.3391 38.9003 -59.1295
ENERGY:  400000         6.9837        18.9713         5.7480         0.0000         -10615.7865      1454.1699         0.0000         0.0000      1785.5084          -7344.4052       305.8232     -9129.9136     -7369.5331       301.5528            554.0371       586.6590     30092.9846       119.0685       164.0799
FEP:     400000        31.7030    -10615.1891      1454.6216

WRITING EXTENDED SYSTEM TO RESTART FILE AT STEP 400000
WRITING COORDINATES TO DCD FILE mobley_2261979_prod.dcd AT STEP 400000
WRITING COORDINATES TO RESTART FILE AT STEP 400000
FINISHED WRITING RESTART COORDINATES
WRITING VELOCITIES TO RESTART FILE AT STEP 400000
FINISHED WRITING RESTART VELOCITIES
PRESSURE: 500000 -11.3719 -199.051 46.0565 -199.052 741.458 -70.2066 46.0535 -70.205 589.955
GPRESSURE: 500000 -22.2675 -824.348 -198.349 -44.2231 887.31 201.957 -53.1794 -654.052 657.016
PRESSAVG: 500000 -107.107 36.506 6.85257 36.506 87.3397 -13.7522 6.85257 -13.7522 -24.8536
GPRESSAVG: 500000 -44.1978 17.6574 -24.2518 42.7682 161.252 -18.3466 43.122 -24.7246 15.9815
ENERGY:  500000         3.3439        24.9416         7.1462         0.0000         -10580.6498      1450.5582         0.0000         0.0000      1817.0836          -7277.5763       311.2315     -9094.6599     -7354.2069       303.1659            440.0137       507.3527     29966.1062       172.5593       221.2920
FEP:     500000        35.4317    -10579.9151      1451.3740

WRITING EXTENDED SYSTEM TO RESTART FILE AT STEP 500000
WRITING COORDINATES TO DCD FILE mobley_2261979_prod.dcd AT STEP 500000
WRITING COORDINATES TO RESTART FILE AT STEP 500000
FINISHED WRITING RESTART COORDINATES
WRITING VELOCITIES TO RESTART FILE AT STEP 500000
FINISHED WRITING RESTART VELOCITIES
PRESSURE: 600000 667.333 -157.399 -600.84 -157.4 429.386 -85.5561 -600.839 -85.5545 970.095
GPRESSURE: 600000 472.085 -45.4864 -794.146 -24.8143 528.248 -55.5761 -415.135 -219.934 1280.24
PRESSAVG: 600000 -44.8716 7.80613 6.94963 7.80613 77.5037 -14.859 6.94963 -14.859 29.5726
GPRESSAVG: 600000 -5.18607 -27.086 -41.8309 20.9854 163.841 -26.2597 47.7856 -32.5979 86.5306
ENERGY:  600000         4.0950        17.4966         6.7609         0.0000         -10689.4493      1523.2450         0.0000         0.0000      1726.6710          -7411.1808       295.7455     -9137.8518     -7362.3461       302.1058            688.9381       760.1898     30229.9489       246.3277       298.2774
FEP:     600000        28.3525    -10688.7942      1523.2592

WRITING EXTENDED SYSTEM TO RESTART FILE AT STEP 600000
WRITING COORDINATES TO DCD FILE mobley_2261979_prod.dcd AT STEP 600000
WRITING COORDINATES TO RESTART FILE AT STEP 600000
FINISHED WRITING RESTART COORDINATES
WRITING VELOCITIES TO RESTART FILE AT STEP 600000
FINISHED WRITING RESTART VELOCITIES
PRESSURE: 700000 605.956 -370.08 83.6625 -370.083 -608.352 179.556 83.6629 179.556 206.884
GPRESSURE: 700000 669.438 -112.432 -38.6256 -638.887 -656.764 614.804 195.755 447.524 399.976
PRESSAVG: 700000 39.3098 -2.4697 13.7403 -2.4697 93.1196 -14.4085 13.7403 -14.4085 96.2856
GPRESSAVG: 700000 70.6954 -38.2758 -41.7249 7.46939 186.183 1.99835 63.2779 -25.5689 158.836
ENERGY:  700000         9.6913        21.1114         5.1789         0.0000         -10695.5346      1481.2562         0.0000         0.0000      1740.0613          -7438.2354       298.0390     -9178.2968     -7371.8322       301.5975             68.1628       137.5501     30305.0655       224.0571       278.1865
FEP:     700000        35.9817    -10694.4915      1481.4716

WRITING EXTENDED SYSTEM TO RESTART FILE AT STEP 700000
WRITING COORDINATES TO DCD FILE mobley_2261979_prod.dcd AT STEP 700000
WRITING COORDINATES TO RESTART FILE AT STEP 700000
FINISHED WRITING RESTART COORDINATES
WRITING VELOCITIES TO RESTART FILE AT STEP 700000
FINISHED WRITING RESTART VELOCITIES
PRESSURE: 800000 -715.987 570.061 82.7453 570.061 243.133 466.683 82.7464 466.687 425.186
GPRESSURE: 800000 -521.796 560.785 151.467 441.202 245.341 492.636 24.5265 187.746 401.096
PRESSAVG: 800000 26.4323 28.1212 51.9723 28.1212 164.715 26.3183 51.9723 26.3183 143.506
GPRESSAVG: 800000 58.8704 -4.08127 -1.87499 25.4715 258.005 55.2914 98.7317 -2.80116 195.516
ENERGY:  800000         5.3322        18.4288         6.9500         0.0000         -10666.1260      1427.0000         0.0000         0.0000      1719.3586          -7489.0565       294.4931     -9208.4150     -7384.8571       300.8081            -15.8893        41.5471     29980.9474       197.3964       251.8932
FEP:     800000        30.7110    -10664.4209      1426.7260

WRITING EXTENDED SYSTEM TO RESTART FILE AT STEP 800000
WRITING COORDINATES TO DCD FILE mobley_2261979_prod.dcd AT STEP 800000
WRITING COORDINATES TO RESTART FILE AT STEP 800000
FINISHED WRITING RESTART COORDINATES
WRITING VELOCITIES TO RESTART FILE AT STEP 800000
FINISHED WRITING RESTART VELOCITIES
PRESSURE: 900000 -32.7793 -470.73 256.481 -470.727 -1025.16 -656.415 256.484 -656.417 -650.137
GPRESSURE: 900000 158.493 -170.86 365.29 -688.993 -1095.48 -510.678 225.783 -620.148 -630.611
PRESSAVG: 900000 27.39 4.48862 35.3838 4.48862 95.5727 -27.3779 35.3838 -27.3779 130.656
GPRESSAVG: 900000 63.6282 -11.2365 -11.4651 2.42958 188.471 4.0781 73.9682 -46.9388 183.81
ENERGY:  900000         3.7908        20.0147         6.1294         0.0000         -10520.9483      1345.8175         0.0000         0.0000      1794.3489          -7350.8470       307.3375     -9145.1959     -7381.4561       301.4610           -569.3601      -522.5317     30461.1111       120.7207       174.4507
FEP:     900000        29.9349    -10519.8362      1346.3125

WRITING EXTENDED SYSTEM TO RESTART FILE AT STEP 900000
WRITING COORDINATES TO DCD FILE mobley_2261979_prod.dcd AT STEP 900000
WRITING COORDINATES TO RESTART FILE AT STEP 900000
FINISHED WRITING RESTART COORDINATES
WRITING VELOCITIES TO RESTART FILE AT STEP 900000
FINISHED WRITING RESTART VELOCITIES
PRESSURE: 1000000 996.113 -208.688 478.972 -208.687 859.88 521.183 478.979 521.185 -49.0904
GPRESSURE: 1000000 948.345 -110.514 568.505 -433.314 893.451 317.178 687.71 405.343 -11.1013
PRESSAVG: 1000000 89.7302 -13.3801 49.4956 -13.3801 144.611 3.47821 49.4956 3.47821 130.254
GPRESSAVG: 1000000 134.539 -32.7922 10.3075 -21.6538 215.345 7.31614 85.9719 -15.8888 178.389
TIMING: 1000000  CPU: 2267.95, 0.000413181/step  Wall: 2319.63, 0.000424065/step, 407.485 ns/days, 0.0588979 hours remaining, 0.000000 MB of memory in use.
PERFORMANCE: 1000000  averaging 409.368 ns/day, 0.000422115 sec/step with standard deviation 2.10943e-06
ETITLE:      TS           BOND          ANGLE          DIHED          IMPRP               ELECT            VDW       BOUNDARY           MISC        KINETIC               TOTAL           TEMP      POTENTIAL       TOTALAVG        TEMPAVG            PRESSURE      GPRESSURE         VOLUME       PRESSAVG      GPRESSAVG
FEPTITLE:    TS          BOND2         ELECT2           VDW2

ENERGY: 1000000         3.8211        20.1383         5.3945         0.0000         -10664.3771      1478.6519         0.0000         0.0000      1736.2319          -7420.1393       297.3831     -9156.3712     -7384.9728       301.0903            602.3006       610.2317     30264.7884       164.5007       214.0672
FEP:    1000000        29.3539    -10663.0109      1478.4251

WRITING EXTENDED SYSTEM TO RESTART FILE AT STEP 1000000
WRITING COORDINATES TO DCD FILE mobley_2261979_prod.dcd AT STEP 1000000
WRITING COORDINATES TO RESTART FILE AT STEP 1000000
FINISHED WRITING RESTART COORDINATES
WRITING VELOCITIES TO RESTART FILE AT STEP 1000000
FINISHED WRITING RESTART VELOCITIES
PRESSURE: 1100000 -965.155 695.89 44.0683 695.889 -602.312 -415.646 44.0715 -415.644 -63.7083
GPRESSURE: 1100000 -739.109 762.943 45.4408 525.466 -469.099 -345.858 21.79 -349.621 -188.907
PRESSAVG: 1100000 85.6918 3.68915 32.4471 3.68915 110.417 -10.3814 32.4471 -10.3814 165.393
GPRESSAVG: 1100000 139.807 4.40961 7.69872 -15.9394 191.989 -3.5039 54.5459 -27.517 203.717
ENERGY: 1100000         4.6487        23.0687         5.4457         0.0000         -10515.2648      1382.9393         0.0000         0.0000      1752.5091          -7346.6532       300.1711     -9099.1624     -7381.7795       301.0137           -543.7252      -465.7053     30655.6891       105.4819       157.4195
FEP:    1100000        33.1631    -10514.3626      1383.7525

WRITING EXTENDED SYSTEM TO RESTART FILE AT STEP 1100000
WRITING COORDINATES TO DCD FILE mobley_2261979_prod.dcd AT STEP 1100000
WRITING COORDINATES TO RESTART FILE AT STEP 1100000
FINISHED WRITING RESTART COORDINATES
WRITING VELOCITIES TO RESTART FILE AT STEP 1100000
FINISHED WRITING RESTART VELOCITIES
PRESSURE: 1200000 689.13 38.0393 -65.6781 38.039 -137.204 -201.082 -65.6754 -201.088 -442.215
GPRESSURE: 1200000 730.954 258.488 -337.931 102.781 -145.858 -132.516 111.637 -431.284 -431.676
PRESSAVG: 1200000 91.5063 31.4318 21.9298 31.4318 94.3793 -37.4845 21.9298 -37.4845 153.856
GPRESSAVG: 1200000 149.486 43.0876 -22.8601 19.5984 165.042 -16.054 51.106 -61.9833 190.513
ENERGY: 1200000         6.4276        20.6171         8.3278         0.0000         -10625.3207      1418.0087         0.0000         0.0000      1745.5248          -7426.4148       298.9748     -9171.9396     -7385.2130       300.8569             36.5702        51.1403     29934.7160       100.1810       149.2442
FEP:    1200000        35.3725    -10624.6542      1418.0101

WRITING EXTENDED SYSTEM TO RESTART FILE AT STEP 1200000
WRITING COORDINATES TO DCD FILE mobley_2261979_prod.dcd AT STEP 1200000
WRITING COORDINATES TO RESTART FILE AT STEP 1200000
FINISHED WRITING RESTART COORDINATES
WRITING VELOCITIES TO RESTART FILE AT STEP 1200000
FINISHED WRITING RESTART VELOCITIES
PRESSURE: 1300000 -57.7988 596.97 -282.92 596.973 508.241 -291.663 -282.917 -291.661 -41.6848
GPRESSURE: 1300000 381.921 497.677 -326.795 611.852 313.968 -259.467 -302.205 -420.145 -254.32
PRESSAVG: 1300000 108.529 58.7473 13.4957 58.7473 137.679 -61.5409 13.4957 -61.5409 176.904
GPRESSAVG: 1300000 178.568 66.4485 -37.5682 40.837 196.666 -33.2339 49.0436 -101.359 202.02
ENERGY: 1300000         3.5296        17.6708         5.7909         0.0000         -10592.1217      1439.2812         0.0000         0.0000      1759.9329          -7365.9163       301.4427     -9125.8491     -7383.8346       300.8987            136.2526       147.1899     30416.4325       102.7575       149.0974
FEP:    1300000        26.9914    -10591.3218      1439.6464

WRITING EXTENDED SYSTEM TO RESTART FILE AT STEP 1300000
WRITING COORDINATES TO DCD FILE mobley_2261979_prod.dcd AT STEP 1300000
WRITING COORDINATES TO RESTART FILE AT STEP 1300000
FINISHED WRITING RESTART COORDINATES
WRITING VELOCITIES TO RESTART FILE AT STEP 1300000
FINISHED WRITING RESTART VELOCITIES
PRESSURE: 1400000 554.154 330.485 666.235 330.482 482.579 -92.5666 666.233 -92.5647 916.025
GPRESSURE: 1400000 588.559 90.9658 817.16 317.95 604.653 280.37 751.125 -160.158 883.236
PRESSAVG: 1400000 138.893 69.391 54.1614 69.391 195.679 -74.2873 54.1614 -74.2873 238.515
GPRESSAVG: 1400000 219.729 72.5434 9.7152 52.1678 244.147 -21.783 90.4392 -112.988 253.781
ENERGY: 1400000         5.5183        20.9435         4.5427         0.0000         -10672.3621      1516.8936         0.0000         0.0000      1731.0643          -7393.3997       296.4980     -9124.4639     -7384.4723       300.6053            650.9195       692.1492     30381.9753       139.3017       185.3009
FEP:    1400000        31.0045    -10671.4528      1517.6168

WRITING EXTENDED SYSTEM TO RESTART FILE AT STEP 1400000
WRITING COORDINATES TO DCD FILE mobley_2261979_prod.dcd AT STEP 1400000
WRITING COORDINATES TO RESTART FILE AT STEP 1400000
FINISHED WRITING RESTART COORDINATES
WRITING VELOCITIES TO RESTART FILE AT STEP 1400000
FINISHED WRITING RESTART VELOCITIES
PRESSURE: 1500000 -813.345 194.552 350.933 194.551 -308.649 383.723 350.937 383.721 -1449.99
GPRESSURE: 1500000 -598.04 199.573 452.341 383.798 -449.842 305.674 391.39 391.152 -1291.38
PRESSAVG: 1500000 96.5477 71.7787 55.0992 71.7787 130.789 -26.6249 55.0992 -26.6249 134.325
GPRESSAVG: 1500000 186.113 79.096 24.8229 50.8908 172.448 17.3669 72.8794 -79.5809 148.226
ENERGY: 1500000        10.4346        22.3042         6.6712         0.0000         -10460.0003      1334.7493         0.0000         0.0000      1745.8133          -7340.0278       299.0242     -9085.8411     -7381.6945       300.5065           -857.3290      -779.7534     30806.6419        77.0123       124.9850
FEP:    1500000        39.4100    -10459.3915      1335.0163

WRITING EXTENDED SYSTEM TO RESTART FILE AT STEP 1500000
WRITING COORDINATES TO DCD FILE mobley_2261979_prod.dcd AT STEP 1500000
WRITING COORDINATES TO RESTART FILE AT STEP 1500000
FINISHED WRITING RESTART COORDINATES
WRITING VELOCITIES TO RESTART FILE AT STEP 1500000
FINISHED WRITING RESTART VELOCITIES
TCL: Running FEP window   5: Lambda1 0.7999999999999998 Lambda2 0.7499999999999998 [dLambda -0.050000000000000044]
TCL: Setting parameter firsttimestep to 0
TCL: Setting parameter alchLambda to 0.7999999999999998
Info: NONBONDED TABLE R-SQUARED SPACING: 0.0625
Info: NONBONDED TABLE SIZE: 705 POINTS
Info: INCONSISTENCY IN FAST TABLE ENERGY VS FORCE: 0.000290481 AT 0.251946
Info: INCONSISTENCY IN SCOR TABLE ENERGY VS FORCE: 0.000238233 AT 8.9687
Info: ABSOLUTE IMPRECISION IN VDWA TABLE ENERGY: 1.21169e-27 AT 8.99653
Info: ABSOLUTE IMPRECISION IN VDWA TABLE FORCE: 2.57484e-27 AT 8.99653
Info: INCONSISTENCY IN VDWA TABLE ENERGY VS FORCE: 0.0040507 AT 0.251946
Info: INCONSISTENCY IN VDWB TABLE ENERGY VS FORCE: 0.00150189 AT 0.251946
TCL: Setting parameter alchLambda2 to 0.7499999999999998
Info: NONBONDED TABLE R-SQUARED SPACING: 0.0625
Info: NONBONDED TABLE SIZE: 705 POINTS
Info: INCONSISTENCY IN FAST TABLE ENERGY VS FORCE: 0.000290481 AT 0.251946
Info: INCONSISTENCY IN SCOR TABLE ENERGY VS FORCE: 0.000238233 AT 8.9687
Info: ABSOLUTE IMPRECISION IN VDWA TABLE ENERGY: 1.21169e-27 AT 8.99653
Info: ABSOLUTE IMPRECISION IN VDWA TABLE FORCE: 2.57484e-27 AT 8.99653
Info: INCONSISTENCY IN VDWA TABLE ENERGY VS FORCE: 0.0040507 AT 0.251946
Info: INCONSISTENCY IN VDWB TABLE ENERGY VS FORCE: 0.00150189 AT 0.251946
TCL: Running for 1500000 steps
FEP: RESETTING FOR NEW FEP WINDOW LAMBDA SET TO 0.8 LAMBDA2 0.75
FEP: WINDOW TO HAVE 100000 STEPS OF EQUILIBRATION PRIOR TO FEP DATA COLLECTION.
FEP: USING CONSTANT TEMPERATURE OF 300 K FOR FEP CALCULATION
PRESSURE: 0 -740.402 145.528 346.022 145.529 -353.205 326.216 346.018 326.215 -1537.05
GPRESSURE: 0 -604.022 197.513 449.639 382.753 -454.447 309.559 388.986 393.335 -1306.7
ETITLE:      TS           BOND          ANGLE          DIHED          IMPRP               ELECT            VDW       BOUNDARY           MISC        KINETIC               TOTAL           TEMP      POTENTIAL       TOTALAVG        TEMPAVG            PRESSURE      GPRESSURE         VOLUME       PRESSAVG      GPRESSAVG
FEPTITLE:    TS          BOND2         ELECT2           VDW2

ENERGY:       0        10.4346        22.3042         6.6712         0.0000         -10459.3923      1335.0160         0.0000         0.0000      1744.9403          -7340.0261       298.8747     -9084.9663     -7340.0261       298.8747           -876.8851      -788.3885     30806.6419      -876.8851      -788.3885
FEP:          0        39.4100    -10458.7835      1335.5293

PRESSURE: 100000 -678.325 84.9173 -713.263 84.9174 -287.429 241.123 -713.263 241.126 830.947
GPRESSURE: 100000 -482.976 303.161 -835.657 51.7848 -282.123 93.4476 -301.759 122.99 835.626
PRESSAVG: 100000 -9.10865 33.1934 18.1666 33.1934 114.735 23.9532 18.1666 23.9532 79.034
GPRESSAVG: 100000 79.6545 55.7754 2.45892 38.0169 153.581 60.8072 49.9269 -39.9175 97.791
ENERGY:  100000         5.9263        21.0514         4.6848         0.0000         -10565.6402      1415.8772         0.0000         0.0000      1778.5735          -7339.5269       304.6354     -9118.1005     -7339.7765       301.7551            -44.9357        23.5090     30160.8635      -460.9104      -382.4397
FEP:     100000        31.6625    -10564.7572      1416.5466

WRITING EXTENDED SYSTEM TO RESTART FILE AT STEP 100000
WRITING COORDINATES TO DCD FILE mobley_2261979_prod.dcd AT STEP 100000
WRITING COORDINATES TO RESTART FILE AT STEP 100000
FINISHED WRITING RESTART COORDINATES
WRITING VELOCITIES TO RESTART FILE AT STEP 100000
FINISHED WRITING RESTART VELOCITIES
PRESSURE: 200000 -1291.9 -466.744 334.767 -466.745 1318.47 14.1051 334.77 14.1068 -1.21494
GPRESSURE: 200000 -1053.98 -713.176 267.379 -286.101 1194.36 -47.2324 549.103 37.6925 9.26673
PRESSAVG: 200000 -56.9952 41.4072 15.5972 41.4072 153.935 34.9645 15.5972 34.9645 33.1677
GPRESSAVG: 200000 33.6042 53.8879 -8.22005 36.2787 192.719 62.6946 58.4127 -26.4003 52.3658
ENERGY:  200000         2.9908        19.3501         5.2919         0.0000         -10673.7749      1451.5849         0.0000         0.0000      1734.0200          -7460.5371       297.0043     -9194.5571     -7380.0300       300.1715              8.4516        49.8812     30168.5544      -304.4564      -238.3327
FEP:     200000        27.6329    -10673.2444      1452.1159

WRITING EXTENDED SYSTEM TO RESTART FILE AT STEP 200000
WRITING COORDINATES TO DCD FILE mobley_2261979_prod.dcd AT STEP 200000
WRITING COORDINATES TO RESTART FILE AT STEP 200000
FINISHED WRITING RESTART COORDINATES
WRITING VELOCITIES TO RESTART FILE AT STEP 200000
FINISHED WRITING RESTART VELOCITIES
PRESSURE: 300000 212.684 -55.3089 1336.67 -55.311 679.46 466.352 1336.67 466.348 -138.606
GPRESSURE: 300000 171.577 -78.2203 1457.36 16.9184 479.602 593.968 1199.58 508.699 209.322
PRESSAVG: 300000 -63.1502 25.1696 79.9645 25.1696 128.226 56.878 79.9645 56.878 20.4254
GPRESSAVG: 300000 30.0672 39.3631 64.2604 35.0708 147.508 82.3448 128.725 0.81733 58.1639
ENERGY:  300000         1.7157        19.7905         6.7016         0.0000         -10684.2201      1484.3212         0.0000         0.0000      1698.9279          -7472.7633       290.9937     -9171.6911     -7403.2133       297.8770            251.1794       286.8334     30575.5497      -165.5474      -107.0412
FEP:     300000        28.2078    -10683.6481      1484.6409

WRITING EXTENDED SYSTEM TO RESTART FILE AT STEP 300000
WRITING COORDINATES TO DCD FILE mobley_2261979_prod.dcd AT STEP 300000
WRITING COORDINATES TO RESTART FILE AT STEP 300000
FINISHED WRITING RESTART COORDINATES
WRITING VELOCITIES TO RESTART FILE AT STEP 300000
FINISHED WRITING RESTART VELOCITIES
PRESSURE: 400000 444.185 -255.127 -207.494 -255.127 311.762 -496.24 -207.493 -496.238 414.08
GPRESSURE: 400000 443.012 -234.026 -382.765 -106.684 254.918 -290.468 202.63 -485.488 638.542
PRESSAVG: 400000 -53.3694 0.153054 67.9704 0.153054 88.9171 30.8289 67.9704 30.8289 35.3644
GPRESSAVG: 400000 41.4288 16.6514 44.9174 27.472 91.6972 57.9141 149.592 -21.6017 85.547
ENERGY:  400000         2.6588        21.7355         4.8584         0.0000         -10630.2433      1493.9951         0.0000         0.0000      1797.8951          -7309.1004       307.9449     -9106.9956     -7384.3908       299.8906            390.0091       445.4906     30711.0530       -54.4361         3.4652
FEP:     400000        29.2527    -10629.6592      1493.6504

WRITING EXTENDED SYSTEM TO RESTART FILE AT STEP 400000
WRITING COORDINATES TO DCD FILE mobley_2261979_prod.dcd AT STEP 400000
WRITING COORDINATES TO RESTART FILE AT STEP 400000
FINISHED WRITING RESTART COORDINATES
WRITING VELOCITIES TO RESTART FILE AT STEP 400000
FINISHED WRITING RESTART VELOCITIES
PRESSURE: 500000 -316.605 405.659 -124.745 405.658 -461.351 -726.776 -124.745 -726.773 -253.279
GPRESSURE: 500000 -237.608 131.695 -3.72352 524.814 -708.278 -1172.08 -72.7383 -392.096 -16.157
PRESSAVG: 500000 -42.4472 18.4169 83.5159 18.4169 60.7315 -19.0603 83.5159 -19.0603 9.92281
GPRESSAVG: 500000 49.7089 25.7011 64.015 46.759 41.9101 2.02154 166.596 -51.6678 73.0033
ENERGY:  500000         5.5664        17.6352         6.0358         0.0000         -10652.3133      1403.4950         0.0000         0.0000      1665.0472          -7554.5338       285.1906     -9219.5810     -7412.7479       297.4406           -343.7451      -320.6811     29882.0877      -102.6543       -50.5592
FEP:     500000        29.2374    -10651.7163      1402.9370

WRITING EXTENDED SYSTEM TO RESTART FILE AT STEP 500000
WRITING COORDINATES TO DCD FILE mobley_2261979_prod.dcd AT STEP 500000
WRITING COORDINATES TO RESTART FILE AT STEP 500000
FINISHED WRITING RESTART COORDINATES
WRITING VELOCITIES TO RESTART FILE AT STEP 500000
FINISHED WRITING RESTART VELOCITIES
PRESSURE: 600000 -405.738 213.975 424.009 213.976 224.307 96.6615 424.011 96.6649 651.082
GPRESSURE: 600000 -431.25 -260.592 706.669 530.661 381.345 635.335 80.266 -61.0289 635.383
PRESSAVG: 600000 -68.552 24.9948 105.325 24.9948 98.2196 -13.2978 105.325 -13.2978 40.8002
GPRESSAVG: 600000 12.5613 7.43865 95.524 66.3763 91.5392 54.5792 168.09 -58.6878 106.578
ENERGY:  600000         7.1093        17.8471         5.6320         0.0000         -10714.1966      1482.8830         0.0000         0.0000      1714.8927          -7485.8325       293.7281     -9200.7251     -7423.1886       296.9102            156.5504       195.1589     30032.8761       -65.6251       -15.4566
FEP:     600000        30.5884    -10713.5518      1481.8579

WRITING EXTENDED SYSTEM TO RESTART FILE AT STEP 600000
WRITING COORDINATES TO DCD FILE mobley_2261979_prod.dcd AT STEP 600000
WRITING COORDINATES TO RESTART FILE AT STEP 600000
FINISHED WRITING RESTART COORDINATES
WRITING VELOCITIES TO RESTART FILE AT STEP 600000
FINISHED WRITING RESTART VELOCITIES
PRESSURE: 700000 -220.109 -32.1455 -614.195 -32.1488 -627.273 -985.419 -614.199 -985.422 311.814
GPRESSURE: 700000 -256.546 -15.8214 -470.746 -106.483 -453.497 -627.278 -835.175 -593.016 251.465
PRESSAVG: 700000 -65.6395 53.3993 64.2123 53.3993 85.1623 -53.5462 64.2123 -53.5462 63.4261
GPRESSAVG: 700000 9.38796 24.2487 67.4233 90.596 82.6816 35.2378 107.307 -86.0701 133.675
ENERGY:  700000         5.1564        17.8615         6.0585         0.0000         -10531.0180      1395.7113         0.0000         0.0000      1734.0096          -7372.2207       297.0025     -9106.2303     -7416.8176       296.9218           -178.5226      -152.8593     30364.0891       -79.7373       -32.6320
FEP:     700000        29.0764    -10530.3132      1396.2640

WRITING EXTENDED SYSTEM TO RESTART FILE AT STEP 700000
WRITING COORDINATES TO DCD FILE mobley_2261979_prod.dcd AT STEP 700000
WRITING COORDINATES TO RESTART FILE AT STEP 700000
FINISHED WRITING RESTART COORDINATES
WRITING VELOCITIES TO RESTART FILE AT STEP 700000
FINISHED WRITING RESTART VELOCITIES
PRESSURE: 800000 -890.097 -599.467 118.006 -599.462 -514.803 -3.93435 118.004 -3.93345 -1228.55
GPRESSURE: 800000 -872.967 -689.983 58.1088 -239.386 -265.756 -71.6097 257.909 -53.9497 -1152.03
PRESSAVG: 800000 -148.503 23.0665 97.9753 23.0665 43.6466 -66.4946 97.9753 -66.4946 -26.9727
GPRESSAVG: 800000 -62.809 -12.6329 97.5313 66.0547 40.1028 16.6082 155.4 -97.3219 45.9145
ENERGY:  800000        10.5909        16.1293         8.1099         0.0000         -10561.1392      1338.4259         0.0000         0.0000      1763.4700          -7424.4131       302.0485     -9187.8831     -7417.6615       297.4914           -877.8155      -763.5828     30033.0081      -168.4126      -113.8487
FEP:     800000        34.8301    -10560.5875      1338.6687

WRITING EXTENDED SYSTEM TO RESTART FILE AT STEP 800000
WRITING COORDINATES TO DCD FILE mobley_2261979_prod.dcd AT STEP 800000
WRITING COORDINATES TO RESTART FILE AT STEP 800000
FINISHED WRITING RESTART COORDINATES
WRITING VELOCITIES TO RESTART FILE AT STEP 800000
FINISHED WRITING RESTART VELOCITIES
PRESSURE: 900000 90.2705 -85.1308 591.279 -85.1303 648.914 159.051 591.277 159.046 300.335
GPRESSURE: 900000 -45.0272 -525.598 304.32 305.427 557.619 -34.737 690.296 308.171 696.719
PRESSAVG: 900000 -143.421 28.7626 125.237 28.7626 39.0194 -55.032 125.237 -55.032 -41.4537
GPRESSAVG: 900000 -63.947 2.30464 122.665 83.5373 23.6183 4.77353 192.574 -49.2108 47.8996
ENERGY:  900000         4.8191        24.3455         7.0687         0.0000         -10521.9847      1406.2324         0.0000         0.0000      1739.5252          -7339.9937       297.9472     -9079.5190     -7409.8948       297.5370            346.5065       403.1037     29846.6668      -116.9207       -62.1535
FEP:     900000        36.2333    -10520.7540      1406.6669

WRITING EXTENDED SYSTEM TO RESTART FILE AT STEP 900000
WRITING COORDINATES TO DCD FILE mobley_2261979_prod.dcd AT STEP 900000
WRITING COORDINATES TO RESTART FILE AT STEP 900000
FINISHED WRITING RESTART COORDINATES
WRITING VELOCITIES TO RESTART FILE AT STEP 900000
FINISHED WRITING RESTART VELOCITIES
PRESSURE: 1000000 757.036 574.225 588.667 574.227 -170.956 -76.8214 588.662 -76.8172 593.266
GPRESSURE: 1000000 739.826 82.4948 456.781 848.434 -67.1953 -217.602 163.139 -97.9487 763.301
PRESSAVG: 1000000 -138.936 65.3439 184.712 65.3439 9.00233 -54.5952 184.712 -54.5952 -60.2952
GPRESSAVG: 1000000 -50.5599 8.7037 185.211 127.2 -6.15391 -3.32775 221.488 -43.1115 22.0529
TIMING: 1000000  CPU: 2885.7, 0.000411699/step  Wall: 2951.28, 0.000420941/step, 410.508 ns/days, 0.0584641 hours remaining, 0.000000 MB of memory in use.
PERFORMANCE: 1000000  averaging 409.595 ns/day, 0.00042188 sec/step with standard deviation 1.90066e-06
ETITLE:      TS           BOND          ANGLE          DIHED          IMPRP               ELECT            VDW       BOUNDARY           MISC        KINETIC               TOTAL           TEMP      POTENTIAL       TOTALAVG        TEMPAVG            PRESSURE      GPRESSURE         VOLUME       PRESSAVG      GPRESSAVG
FEPTITLE:    TS          BOND2         ELECT2           VDW2

ENERGY: 1000000         5.7569        20.0120         4.5978         0.0000         -10780.4440      1508.7014         0.0000         0.0000      1745.7666          -7495.6094       299.0162     -9241.3760     -7417.6870       297.6715            393.1154       478.6439     29679.0204       -70.5538       -12.9901
FEP:    1000000        30.3667    -10779.5706      1508.9059

WRITING EXTENDED SYSTEM TO RESTART FILE AT STEP 1000000
WRITING COORDINATES TO DCD FILE mobley_2261979_prod.dcd AT STEP 1000000
WRITING COORDINATES TO RESTART FILE AT STEP 1000000
FINISHED WRITING RESTART COORDINATES
WRITING VELOCITIES TO RESTART FILE AT STEP 1000000
FINISHED WRITING RESTART VELOCITIES
PRESSURE: 1100000 -1106.37 441.2 139.257 441.201 365.516 -517.683 139.257 -517.69 -1453.47
GPRESSURE: 1100000 -1099.48 221.917 -242.615 582.463 373.552 -248.942 230.44 -832.451 -1211.39
PRESSAVG: 1100000 -224.552 105.908 187.491 105.908 57.6957 -89.4574 187.491 -89.4574 -143.313
GPRESSAVG: 1100000 -139.006 25.4212 175.012 188.267 45.3619 -46.5151 223.222 -107.11 -58.5153
ENERGY: 1100000        10.4056        19.6223         5.2250         0.0000         -10403.7043      1310.9498         0.0000         0.0000      1791.5260          -7265.9756       306.8539     -9057.5016     -7405.0444       298.4367           -731.4442      -645.7721     30308.6407      -125.6280       -65.7219
FEP:    1100000        35.2529    -10402.2570      1311.3420

WRITING EXTENDED SYSTEM TO RESTART FILE AT STEP 1100000
WRITING COORDINATES TO DCD FILE mobley_2261979_prod.dcd AT STEP 1100000
WRITING COORDINATES TO RESTART FILE AT STEP 1100000
FINISHED WRITING RESTART COORDINATES
WRITING VELOCITIES TO RESTART FILE AT STEP 1100000
FINISHED WRITING RESTART VELOCITIES
PRESSURE: 1200000 885.42 126.249 25.2965 126.245 -68.0891 -6.04538 25.2967 -6.03674 -494.913
GPRESSURE: 1200000 775.777 -65.5924 54.1111 20.9743 -26.6767 -339.761 87.6946 47.4644 -113.416
PRESSAVG: 1200000 -144.482 83.7173 184.619 83.7173 42.1346 -113.094 184.619 -113.094 -189.318
GPRESSAVG: 1200000 -74.1272 -5.89774 170.144 167.256 31.761 -88.1349 226.38 -114.124 -84.2409
ENERGY: 1200000         8.4579        20.7520         7.0293         0.0000         -10689.5178      1472.4022         0.0000         0.0000      1867.3013          -7313.5750       319.8328     -9180.8764     -7398.0083       300.0825            107.4728       211.8948     30384.9359      -107.6972       -44.3668
FEP:    1200000        36.2392    -10688.5582      1472.6648

WRITING EXTENDED SYSTEM TO RESTART FILE AT STEP 1200000
WRITING COORDINATES TO DCD FILE mobley_2261979_prod.dcd AT STEP 1200000
WRITING COORDINATES TO RESTART FILE AT STEP 1200000
FINISHED WRITING RESTART COORDINATES
WRITING VELOCITIES TO RESTART FILE AT STEP 1200000
FINISHED WRITING RESTART VELOCITIES
PRESSURE: 1300000 161.545 355.39 -538.788 355.389 456.164 428.012 -538.784 428.012 393.691
GPRESSURE: 1300000 277.997 104.326 -280.458 479.321 556.909 439.141 -491.42 251.043 592.358
PRESSAVG: 1300000 -134.766 125.023 144.855 125.023 116.201 -58.8722 144.855 -58.8722 -137.127
GPRESSAVG: 1300000 -68.152 7.86158 137.856 225.671 114.38 -40.644 190.52 -70.5648 -23.0925
ENERGY: 1300000         6.0532        18.7246         5.9204         0.0000         -10541.3506      1436.2672         0.0000         0.0000      1774.8302          -7299.5550       303.9943     -9074.3852     -7390.9759       300.3619            337.1334       475.7545     30284.8166       -75.9235        -7.2153
FEP:    1300000        30.6982    -10540.7399      1435.2009

WRITING EXTENDED SYSTEM TO RESTART FILE AT STEP 1300000
WRITING COORDINATES TO DCD FILE mobley_2261979_prod.dcd AT STEP 1300000
WRITING COORDINATES TO RESTART FILE AT STEP 1300000
FINISHED WRITING RESTART COORDINATES
WRITING VELOCITIES TO RESTART FILE AT STEP 1300000
FINISHED WRITING RESTART VELOCITIES
PRESSURE: 1400000 319.778 247.872 384.104 247.871 -916.824 9.60764 384.103 9.60656 -1093
GPRESSURE: 1400000 328.134 47.8621 328.855 331.299 -703.661 108.235 640.251 -70.7335 -1232.81
PRESSAVG: 1400000 -168.582 147.851 140.112 147.851 27.3658 -84.4511 140.112 -84.4511 -189.322
GPRESSAVG: 1400000 -99.1626 15.7804 125.874 263.902 34.5247 -51.0911 188.147 -94.3686 -84.1781
ENERGY: 1400000         5.5635        23.8005         8.6619         0.0000         -10551.1714      1384.7152         0.0000         0.0000      1737.1594          -7391.2710       297.5420     -9128.4303     -7390.9956       300.1739           -563.3502      -536.1140     30747.1793      -108.4187       -42.4752
FEP:    1400000        38.0259    -10551.0945      1385.4207

WRITING EXTENDED SYSTEM TO RESTART FILE AT STEP 1400000
WRITING COORDINATES TO DCD FILE mobley_2261979_prod.dcd AT STEP 1400000
WRITING COORDINATES TO RESTART FILE AT STEP 1400000
FINISHED WRITING RESTART COORDINATES
WRITING VELOCITIES TO RESTART FILE AT STEP 1400000
FINISHED WRITING RESTART VELOCITIES
PRESSURE: 1500000 1150.57 -146.122 -312.934 -146.122 566.234 -382.934 -312.932 -382.931 578.166
GPRESSURE: 1500000 1205.69 -109.119 -487.551 71.5488 325.396 -716.174 -92.1727 -307.513 871.815
PRESSAVG: 1500000 -62.7962 105.75 122.261 105.75 85.7931 -82.8154 122.261 -82.8154 -157.229
GPRESSAVG: 1500000 -1.92283 -27.8227 99.2243 241.206 74.2494 -69.6069 182.449 -92.2632 -31.142
ENERGY: 1500000         4.6891        17.7510         9.8167         0.0000         -10689.5149      1478.2963         0.0000         0.0000      1762.7410          -7416.2207       301.9236     -9178.9617     -7392.5721       300.2833            764.9888       800.9655     29543.5872       -53.8307        10.2399
FEP:    1500000        32.2569    -10688.1967      1478.3435

WRITING EXTENDED SYSTEM TO RESTART FILE AT STEP 1500000
WRITING COORDINATES TO DCD FILE mobley_2261979_prod.dcd AT STEP 1500000
WRITING COORDINATES TO RESTART FILE AT STEP 1500000
FINISHED WRITING RESTART COORDINATES
WRITING VELOCITIES TO RESTART FILE AT STEP 1500000
FINISHED WRITING RESTART VELOCITIES
TCL: Running FEP window   6: Lambda1 0.7499999999999998 Lambda2 0.6999999999999997 [dLambda -0.050000000000000044]
TCL: Setting parameter firsttimestep to 0
TCL: Setting parameter alchLambda to 0.7499999999999998
Info: NONBONDED TABLE R-SQUARED SPACING: 0.0625
Info: NONBONDED TABLE SIZE: 705 POINTS
Info: INCONSISTENCY IN FAST TABLE ENERGY VS FORCE: 0.000290481 AT 0.251946
Info: INCONSISTENCY IN SCOR TABLE ENERGY VS FORCE: 0.000238233 AT 8.9687
Info: ABSOLUTE IMPRECISION IN VDWA TABLE ENERGY: 1.21169e-27 AT 8.99653
Info: ABSOLUTE IMPRECISION IN VDWA TABLE FORCE: 2.57484e-27 AT 8.99653
Info: INCONSISTENCY IN VDWA TABLE ENERGY VS FORCE: 0.0040507 AT 0.251946
Info: INCONSISTENCY IN VDWB TABLE ENERGY VS FORCE: 0.00150189 AT 0.251946
TCL: Setting parameter alchLambda2 to 0.6999999999999997
Info: NONBONDED TABLE R-SQUARED SPACING: 0.0625
Info: NONBONDED TABLE SIZE: 705 POINTS
Info: INCONSISTENCY IN FAST TABLE ENERGY VS FORCE: 0.000290481 AT 0.251946
Info: INCONSISTENCY IN SCOR TABLE ENERGY VS FORCE: 0.000238233 AT 8.9687
Info: ABSOLUTE IMPRECISION IN VDWA TABLE ENERGY: 1.21169e-27 AT 8.99653
Info: ABSOLUTE IMPRECISION IN VDWA TABLE FORCE: 2.57484e-27 AT 8.99653
Info: INCONSISTENCY IN VDWA TABLE ENERGY VS FORCE: 0.0040507 AT 0.251946
Info: INCONSISTENCY IN VDWB TABLE ENERGY VS FORCE: 0.00150189 AT 0.251946
TCL: Running for 1500000 steps
FEP: RESETTING FOR NEW FEP WINDOW LAMBDA SET TO 0.75 LAMBDA2 0.7
FEP: WINDOW TO HAVE 100000 STEPS OF EQUILIBRATION PRIOR TO FEP DATA COLLECTION.
FEP: USING CONSTANT TEMPERATURE OF 300 K FOR FEP CALCULATION
PRESSURE: 0 1054 -164.644 -301.268 -164.643 502.847 -466.438 -301.271 -466.441 542.117
GPRESSURE: 0 1198.42 -111.938 -484.786 72.3842 313.378 -726.931 -90.2015 -316.623 860.703
ETITLE:      TS           BOND          ANGLE          DIHED          IMPRP               ELECT            VDW       BOUNDARY           MISC        KINETIC               TOTAL           TEMP      POTENTIAL       TOTALAVG        TEMPAVG            PRESSURE      GPRESSURE         VOLUME       PRESSAVG      GPRESSAVG
FEPTITLE:    TS          BOND2         ELECT2           VDW2

ENERGY:       0         4.6891        17.7510         9.8167         0.0000         -10688.1967      1478.3434         0.0000         0.0000      1761.8804          -7415.7159       301.7762     -9177.5963     -7415.7159       301.7762            699.6528       790.8350     29543.5872       699.6528       790.8350
FEP:          0        32.2569    -10686.8784      1478.6767

PRESSURE: 100000 -127.037 -537.937 -213.308 -537.935 356.006 54.6569 -213.307 54.6565 -393.234
GPRESSURE: 100000 41.4517 -432.391 75.9235 -792.588 387.252 70.0583 -243.75 -237.098 -471.821
PRESSAVG: 100000 -48.0148 38.871 113.962 38.871 110.184 -78.7672 113.962 -78.7672 -125.589
GPRESSAVG: 100000 4.42714 -92.8474 112.017 169.464 100.875 -82.8514 175.28 -77.3778 22.6019
ENERGY:  100000         8.8178        23.6883         6.8961         0.0000         -10614.4443      1434.4536         0.0000         0.0000      1736.9788          -7403.6096       297.5111     -9140.5884     -7409.6627       299.6436            -54.7549       -14.3723     30126.0784       322.4490       388.2314
FEP:     100000        39.4023    -10613.7204      1435.1342

WRITING EXTENDED SYSTEM TO RESTART FILE AT STEP 100000
WRITING COORDINATES TO DCD FILE mobley_2261979_prod.dcd AT STEP 100000
WRITING COORDINATES TO RESTART FILE AT STEP 100000
FINISHED WRITING RESTART COORDINATES
WRITING VELOCITIES TO RESTART FILE AT STEP 100000
FINISHED WRITING RESTART VELOCITIES
PRESSURE: 200000 146.829 261.94 -380.115 261.943 577.686 671.466 -380.122 671.46 911.711
GPRESSURE: 200000 270.106 332.356 -210.593 144.106 749.66 625.725 -126.372 908.952 960.973
PRESSAVG: 200000 -68.3811 35.444 61.6444 35.444 114.939 -40.566 61.6444 -40.566 -125.805
GPRESSAVG: 200000 -11.4955 -80.7779 60.6297 160.772 108.126 -65.5836 131.405 -23.9223 26.4887
ENERGY:  200000         4.5974        22.3844         8.3387         0.0000         -10662.4660      1494.1451         0.0000         0.0000      1752.4464          -7380.5540       300.1604     -9133.0004     -7399.9598       299.8159            545.4090       660.2464     30024.3342       396.7690       478.9030
FEP:     200000        35.3205    -10662.4584      1494.5714

WRITING EXTENDED SYSTEM TO RESTART FILE AT STEP 200000
WRITING COORDINATES TO DCD FILE mobley_2261979_prod.dcd AT STEP 200000
WRITING COORDINATES TO RESTART FILE AT STEP 200000
FINISHED WRITING RESTART COORDINATES
WRITING VELOCITIES TO RESTART FILE AT STEP 200000
FINISHED WRITING RESTART VELOCITIES
PRESSURE: 300000 -1280.32 138.591 -508.346 138.59 -344.907 159.037 -508.348 159.041 -836.491
GPRESSURE: 300000 -1371.56 273.339 -487.094 212.378 -419.069 339.231 -671.748 7.15177 -497.176
PRESSAVG: 300000 -91.7296 32.646 18.6801 32.646 113.126 -51.8 18.6801 -51.8 -95.13
GPRESSAVG: 300000 -50.1717 -77.0896 13.658 152.201 109.664 -63.9057 78.248 -43.1224 66.1989
ENERGY:  300000         8.2853        17.5768         7.5990         0.0000         -10503.0785      1356.5581         0.0000         0.0000      1713.1478          -7399.9116       293.4293     -9113.0593     -7399.9478       298.2192           -820.5709      -762.6029     30261.9510        92.4340       168.5266
FEP:     300000        33.4610    -10502.6339      1357.4828

WRITING EXTENDED SYSTEM TO RESTART FILE AT STEP 300000
WRITING COORDINATES TO DCD FILE mobley_2261979_prod.dcd AT STEP 300000
WRITING COORDINATES TO RESTART FILE AT STEP 300000
FINISHED WRITING RESTART COORDINATES
WRITING VELOCITIES TO RESTART FILE AT STEP 300000
FINISHED WRITING RESTART VELOCITIES
PRESSURE: 400000 -129.716 74.497 136.011 74.4988 17.517 200.246 136.008 200.251 933.958
GPRESSURE: 400000 -0.308403 375.381 189.49 143.938 -84.7486 225.103 -148.207 -127.555 1099.8
PRESSAVG: 400000 -61.1953 29.0945 8.17963 29.0945 131.662 -58.0982 8.17963 -58.0982 28.4203
GPRESSAVG: 400000 -19.9861 -68.1963 0.650503 140.26 128.149 -68.1286 51.3884 -69.1669 186.524
ENERGY:  400000         3.6434        18.0546         7.4423         0.0000         -10591.4287      1428.1988         0.0000         0.0000      1742.3403          -7391.7493       298.4294     -9134.0896     -7398.3081       298.2613            273.9198       338.2482     29846.5841       128.7312       202.4709
FEP:     400000        29.1403    -10590.5338      1428.4699

WRITING EXTENDED SYSTEM TO RESTART FILE AT STEP 400000
WRITING COORDINATES TO DCD FILE mobley_2261979_prod.dcd AT STEP 400000
WRITING COORDINATES TO RESTART FILE AT STEP 400000
FINISHED WRITING RESTART COORDINATES
WRITING VELOCITIES TO RESTART FILE AT STEP 400000
FINISHED WRITING RESTART VELOCITIES
PRESSURE: 500000 857.955 408.572 -261.315 408.573 -415.89 -567.413 -261.311 -567.411 363.793
GPRESSURE: 500000 818.323 486.527 -402.903 317.383 -433.228 -1041.02 -77.0412 -341.697 462.444
PRESSAVG: 500000 15.6187 45.2772 30.7772 45.2772 125.239 -98.5251 30.7772 -98.5251 5.06255
GPRESSAVG: 500000 45.0789 -59.028 22.2882 153.54 120.594 -124.852 62.6243 -92.4012 167.865
ENERGY:  500000         4.2571        23.0238         9.7557         0.0000         -10611.3507      1448.2820         0.0000         0.0000      1743.2763          -7382.7558       298.5897     -9126.0322     -7395.7160       298.3160            268.6192       282.5133     29979.1724       152.0458       215.8113
FEP:     500000        37.0365    -10611.0805      1448.6877

WRITING EXTENDED SYSTEM TO RESTART FILE AT STEP 500000
WRITING COORDINATES TO DCD FILE mobley_2261979_prod.dcd AT STEP 500000
WRITING COORDINATES TO RESTART FILE AT STEP 500000
FINISHED WRITING RESTART COORDINATES
WRITING VELOCITIES TO RESTART FILE AT STEP 500000
FINISHED WRITING RESTART VELOCITIES
PRESSURE: 600000 -326.959 -1.50569 161.038 -1.50546 -364.891 -672.397 161.036 -672.403 -162.456
GPRESSURE: 600000 -468.703 139.027 289.989 -269.552 -423.91 -701.305 234.197 -666.748 -29.1982
PRESSAVG: 600000 63.8658 68.5392 22.0905 68.5392 41.0714 -132.851 22.0905 -132.851 -2.99948
GPRESSAVG: 600000 74.3429 -16.4178 23.4187 154.368 39.6806 -157.556 46.879 -127.623 165.941
ENERGY:  600000         5.2212        19.5726         5.9029         0.0000         -10600.0477      1373.7738         0.0000         0.0000      1771.7107          -7423.8665       303.4600     -9195.5773     -7399.7375       299.0509           -284.7688      -307.2703     30003.5055        89.6438       141.0853
FEP:     600000        30.6967    -10599.1999      1373.2518

WRITING EXTENDED SYSTEM TO RESTART FILE AT STEP 600000
WRITING COORDINATES TO DCD FILE mobley_2261979_prod.dcd AT STEP 600000
WRITING COORDINATES TO RESTART FILE AT STEP 600000
FINISHED WRITING RESTART COORDINATES
WRITING VELOCITIES TO RESTART FILE AT STEP 600000
FINISHED WRITING RESTART VELOCITIES
PRESSURE: 700000 117.095 378.181 -348.767 378.181 -384.779 -388.339 -348.771 -388.334 -302.263
GPRESSURE: 700000 201.788 404.531 -13.6005 295.789 -500.368 -337.004 -623.411 -254.369 -107.133
PRESSAVG: 700000 59.0863 90.2138 -62.1814 90.2138 -12.1406 -175.585 -62.1814 -175.585 -11.1823
GPRESSAVG: 700000 75.8535 7.71978 -50.1294 168.311 -9.31785 -204.104 -44.2708 -165.777 150.119
ENERGY:  700000         4.8730        16.8226         5.7837         0.0000         -10494.9304      1397.3111         0.0000         0.0000      1727.1044          -7343.0356       295.8198     -9070.1400     -7392.6498       298.6470           -189.9824      -135.2377     30341.4636        54.6905       106.5450
FEP:     700000        27.4793    -10494.2809      1397.5773

WRITING EXTENDED SYSTEM TO RESTART FILE AT STEP 700000
WRITING COORDINATES TO DCD FILE mobley_2261979_prod.dcd AT STEP 700000
WRITING COORDINATES TO RESTART FILE AT STEP 700000
FINISHED WRITING RESTART COORDINATES
WRITING VELOCITIES TO RESTART FILE AT STEP 700000
FINISHED WRITING RESTART VELOCITIES
PRESSURE: 800000 -269.599 660.204 288.102 660.203 187.103 -74.8237 288.101 -74.8201 -443.16
GPRESSURE: 800000 -164.776 588.069 534.834 853.859 220.543 -221.309 -72.5561 146.322 -428.224
PRESSAVG: 800000 23.3971 135.98 -37.4017 135.98 -18.3735 -154.514 -37.4017 -154.514 -54.0444
GPRESSAVG: 800000 45.4641 48.8245 -4.24946 216.338 -11.0366 -200.646 -58.0301 -134.186 96.7804
ENERGY:  800000         4.7891        20.5423         5.9259         0.0000         -10577.4186      1378.0784         0.0000         0.0000      1739.3640          -7428.7188       297.9196     -9168.0828     -7396.6574       298.5662           -175.2186      -124.1525     30021.5860        29.1450        80.9119
FEP:     800000        31.2574    -10576.7692      1378.3288

WRITING EXTENDED SYSTEM TO RESTART FILE AT STEP 800000
WRITING COORDINATES TO DCD FILE mobley_2261979_prod.dcd AT STEP 800000
WRITING COORDINATES TO RESTART FILE AT STEP 800000
FINISHED WRITING RESTART COORDINATES
WRITING VELOCITIES TO RESTART FILE AT STEP 800000
FINISHED WRITING RESTART VELOCITIES
PRESSURE: 900000 -438.172 192.119 466.658 192.121 855.888 369.052 466.658 369.047 1384.57
GPRESSURE: 900000 -434.363 311.381 258.574 285.125 1016.65 76.4283 621.046 621.058 1468.13
PRESSAVG: 900000 17.3188 125.304 -7.83158 125.304 47.4884 -99.7228 -7.83158 -99.7228 27.8481
GPRESSAVG: 900000 35.6263 57.8089 8.8654 204.354 75.2096 -138.221 -23.3409 -83.5284 170.995
ENERGY:  900000         3.9895        20.3781        12.4879         0.0000         -10651.2207      1467.2378         0.0000         0.0000      1715.7404          -7431.3870       293.8733     -9147.1274     -7400.1304       298.0969            600.7622       683.4714     29613.5372        86.3067       141.1679
FEP:     900000        36.8555    -10650.4113      1467.2118

WRITING EXTENDED SYSTEM TO RESTART FILE AT STEP 900000
WRITING COORDINATES TO DCD FILE mobley_2261979_prod.dcd AT STEP 900000
WRITING COORDINATES TO RESTART FILE AT STEP 900000
FINISHED WRITING RESTART COORDINATES
WRITING VELOCITIES TO RESTART FILE AT STEP 900000
FINISHED WRITING RESTART VELOCITIES
PRESSURE: 1000000 -262.407 162.488 -230.435 162.488 -209.664 -334.165 -230.436 -334.171 -664.174
GPRESSURE: 1000000 -212.529 657.123 -531.371 -44.7934 -112.783 -111.104 -247.713 -510.755 -651.73
PRESSAVG: 1000000 24.4853 122.729 -40.5539 122.729 25.7899 -121.265 -40.5539 -121.265 -37.9147
GPRESSAVG: 1000000 46.5624 103.695 -53.0366 175.581 50.5032 -175.543 -39.7398 -106.015 106.639
TIMING: 1000000  CPU: 3503.75, 0.000412011/step  Wall: 3586.14, 0.000422212/step, 409.273 ns/days, 0.0586405 hours remaining, 0.000000 MB of memory in use.
PERFORMANCE: 1000000  averaging 409.542 ns/day, 0.000421935 sec/step with standard deviation 1.7054e-06
ETITLE:      TS           BOND          ANGLE          DIHED          IMPRP               ELECT            VDW       BOUNDARY           MISC        KINETIC               TOTAL           TEMP      POTENTIAL       TOTALAVG        TEMPAVG            PRESSURE      GPRESSURE         VOLUME       PRESSAVG      GPRESSAVG
FEPTITLE:    TS          BOND2         ELECT2           VDW2

ENERGY: 1000000         5.1258        19.6146         6.5298         0.0000         -10490.4120      1354.1193         0.0000         0.0000      1713.7100          -7391.3126       293.5256     -9105.0226     -7399.3288       297.6813           -378.7485      -325.6809     30206.2254        44.0290        98.7271
FEP:    1000000        31.2702    -10489.1375      1353.8401

WRITING EXTENDED SYSTEM TO RESTART FILE AT STEP 1000000
WRITING COORDINATES TO DCD FILE mobley_2261979_prod.dcd AT STEP 1000000
WRITING COORDINATES TO RESTART FILE AT STEP 1000000
FINISHED WRITING RESTART COORDINATES
WRITING VELOCITIES TO RESTART FILE AT STEP 1000000
FINISHED WRITING RESTART VELOCITIES
PRESSURE: 1100000 -1562.92 -107.937 62.9249 -107.939 -881.553 -82.6848 62.9349 -82.6839 -381.298
GPRESSURE: 1100000 -1412.64 62.5281 -171.947 -348.112 -879.606 -190.674 65.8746 -42.4214 -379.639
PRESSAVG: 1100000 -42.655 118.94 -6.69726 118.94 13.0759 -76.1276 -6.69726 -76.1276 -72.5703
GPRESSAVG: 1100000 -11.2421 107.612 -38.0966 163.5 29.1977 -153.713 5.31265 -78.485 75.084
ENERGY: 1100000         6.3686        22.1166         8.6505         0.0000         -10485.4614      1323.0855         0.0000         0.0000      1734.1937          -7391.0465       297.0340     -9125.2403     -7398.6386       297.6274           -941.9222      -890.6268     30438.9108       -38.1336        16.2809
FEP:    1100000        37.1357    -10484.6697      1321.9709

WRITING EXTENDED SYSTEM TO RESTART FILE AT STEP 1100000
WRITING COORDINATES TO DCD FILE mobley_2261979_prod.dcd AT STEP 1100000
WRITING COORDINATES TO RESTART FILE AT STEP 1100000
FINISHED WRITING RESTART COORDINATES
WRITING VELOCITIES TO RESTART FILE AT STEP 1100000
FINISHED WRITING RESTART VELOCITIES
PRESSURE: 1200000 -250.755 -609.33 -416.793 -609.332 12.1814 106.093 -416.792 106.095 -507.713
GPRESSURE: 1200000 -95.0713 -533.509 -412.114 -352.524 -326.357 18.0549 -306.607 119.128 -217.032
PRESSAVG: 1200000 -10.6879 118.446 -33.437 118.446 39.4251 -70.6262 -33.437 -70.6262 -36.5286
GPRESSAVG: 1200000 27.6527 115.436 -61.6078 157.843 26.1677 -149.229 -22.9131 -69.8311 121.834
ENERGY: 1200000         9.6307        17.9130         6.4615         0.0000         -10621.6160      1394.2580         0.0000         0.0000      1801.2004          -7392.1524       308.5110     -9193.3528     -7398.1397       298.4646           -248.7622      -212.8204     29830.9797       -54.3358        -1.3423
FEP:    1200000        34.0053    -10621.4131      1394.5170

WRITING EXTENDED SYSTEM TO RESTART FILE AT STEP 1200000
WRITING COORDINATES TO DCD FILE mobley_2261979_prod.dcd AT STEP 1200000
WRITING COORDINATES TO RESTART FILE AT STEP 1200000
FINISHED WRITING RESTART COORDINATES
WRITING VELOCITIES TO RESTART FILE AT STEP 1200000
FINISHED WRITING RESTART VELOCITIES
PRESSURE: 1300000 943.538 -169.802 -56.7088 -169.802 -299.783 40.1722 -56.7084 40.1713 1036.32
GPRESSURE: 1300000 907.981 -0.728015 248.086 -121.359 -248.495 125.903 107.434 -50.7592 1089.83
PRESSAVG: 1300000 31.9754 114.213 -65.8363 114.213 -8.00971 -76.57 -65.8363 -76.57 0.270477
GPRESSAVG: 1300000 75.3031 141.679 -64.4195 136.504 -14.1381 -141.197 -52.0562 -87.7775 141.489
ENERGY: 1300000         6.6115        17.2343         4.4301         0.0000         -10780.1437      1498.1549         0.0000         0.0000      1790.1749          -7463.5380       306.6225     -9253.7129     -7402.8110       299.0473            560.0239       583.1054     29757.9130       -10.4530        40.4040
FEP:    1300000        28.2759    -10779.3652      1497.8747

WRITING EXTENDED SYSTEM TO RESTART FILE AT STEP 1300000
WRITING COORDINATES TO DCD FILE mobley_2261979_prod.dcd AT STEP 1300000
WRITING COORDINATES TO RESTART FILE AT STEP 1300000
FINISHED WRITING RESTART COORDINATES
WRITING VELOCITIES TO RESTART FILE AT STEP 1300000
FINISHED WRITING RESTART VELOCITIES
PRESSURE: 1400000 -622.067 -375.427 -759.271 -375.429 -1285.5 70.287 -759.268 70.2893 -163.636
GPRESSURE: 1400000 -634.577 -407.428 -861.356 -288.535 -1150.49 208.864 -683.448 -49.2515 16.9794
PRESSAVG: 1400000 -36.9797 66.7298 -133.233 66.7298 -63.7367 -69.2147 -133.233 -69.2147 -37.5746
GPRESSAVG: 1400000 6.58297 117.183 -130.326 79.6552 -68.303 -119.874 -94.3856 -85.3427 104.173
ENERGY: 1400000         4.8189        21.7218         5.1635         0.0000         -10544.3492      1371.9664         0.0000         0.0000      1743.5664          -7397.1122       298.6394     -9140.6786     -7402.4310       299.0201           -690.3997      -589.3638     30488.1070       -55.7827        -1.5805
FEP:    1400000        31.7042    -10543.5540      1372.1103

WRITING EXTENDED SYSTEM TO RESTART FILE AT STEP 1400000
WRITING COORDINATES TO DCD FILE mobley_2261979_prod.dcd AT STEP 1400000
WRITING COORDINATES TO RESTART FILE AT STEP 1400000
FINISHED WRITING RESTART COORDINATES
WRITING VELOCITIES TO RESTART FILE AT STEP 1400000
FINISHED WRITING RESTART VELOCITIES
PRESSURE: 1500000 408.294 291.181 228.551 291.178 380.674 511.087 228.544 511.086 -0.882859
GPRESSURE: 1500000 431.724 285.349 139.341 179.337 435.407 560.265 -218.075 270.26 95.6769
PRESSAVG: 1500000 38.7537 59.2287 -128.768 59.2287 -62.9788 -17.7758 -128.768 -17.7758 35.055
GPRESSAVG: 1500000 83.1432 120.355 -111.229 59.4989 -65.2103 -79.4138 -116.811 -30.2071 169.526
ENERGY: 1500000         3.4596        22.2208         6.5063         0.0000         -10587.0044      1410.0081         0.0000         0.0000      1812.5384          -7332.2713       310.4530     -9144.8097     -7398.0461       299.7346            262.6951       320.9360     29701.5776       -35.8779        18.5768
FEP:    1500000        32.1867    -10586.7927      1410.3666

WRITING EXTENDED SYSTEM TO RESTART FILE AT STEP 1500000
WRITING COORDINATES TO DCD FILE mobley_2261979_prod.dcd AT STEP 1500000
WRITING COORDINATES TO RESTART FILE AT STEP 1500000
FINISHED WRITING RESTART COORDINATES
WRITING VELOCITIES TO RESTART FILE AT STEP 1500000
FINISHED WRITING RESTART VELOCITIES
TCL: Running FEP window   7: Lambda1 0.6999999999999997 Lambda2 0.6499999999999997 [dLambda -0.050000000000000044]
TCL: Setting parameter firsttimestep to 0
TCL: Setting parameter alchLambda to 0.6999999999999997
Info: NONBONDED TABLE R-SQUARED SPACING: 0.0625
Info: NONBONDED TABLE SIZE: 705 POINTS
Info: INCONSISTENCY IN FAST TABLE ENERGY VS FORCE: 0.000290481 AT 0.251946
Info: INCONSISTENCY IN SCOR TABLE ENERGY VS FORCE: 0.000238233 AT 8.9687
Info: ABSOLUTE IMPRECISION IN VDWA TABLE ENERGY: 1.21169e-27 AT 8.99653
Info: ABSOLUTE IMPRECISION IN VDWA TABLE FORCE: 2.57484e-27 AT 8.99653
Info: INCONSISTENCY IN VDWA TABLE ENERGY VS FORCE: 0.0040507 AT 0.251946
Info: INCONSISTENCY IN VDWB TABLE ENERGY VS FORCE: 0.00150189 AT 0.251946
TCL: Setting parameter alchLambda2 to 0.6499999999999997
Info: NONBONDED TABLE R-SQUARED SPACING: 0.0625
Info: NONBONDED TABLE SIZE: 705 POINTS
Info: INCONSISTENCY IN FAST TABLE ENERGY VS FORCE: 0.000290481 AT 0.251946
Info: INCONSISTENCY IN SCOR TABLE ENERGY VS FORCE: 0.000238233 AT 8.9687
Info: ABSOLUTE IMPRECISION IN VDWA TABLE ENERGY: 1.21169e-27 AT 8.99653
Info: ABSOLUTE IMPRECISION IN VDWA TABLE FORCE: 2.57484e-27 AT 8.99653
Info: INCONSISTENCY IN VDWA TABLE ENERGY VS FORCE: 0.0040507 AT 0.251946
Info: INCONSISTENCY IN VDWB TABLE ENERGY VS FORCE: 0.00150189 AT 0.251946
TCL: Running for 1500000 steps
FEP: RESETTING FOR NEW FEP WINDOW LAMBDA SET TO 0.7 LAMBDA2 0.65
FEP: WINDOW TO HAVE 100000 STEPS OF EQUILIBRATION PRIOR TO FEP DATA COLLECTION.
FEP: USING CONSTANT TEMPERATURE OF 300 K FOR FEP CALCULATION
PRESSURE: 0 411.841 301.008 222.417 301.011 298.172 482.623 222.422 482.622 -65.5265
GPRESSURE: 0 425.619 291.221 138.219 185.541 423.511 563.045 -217.396 274.573 91.0282
ETITLE:      TS           BOND          ANGLE          DIHED          IMPRP               ELECT            VDW       BOUNDARY           MISC        KINETIC               TOTAL           TEMP      POTENTIAL       TOTALAVG        TEMPAVG            PRESSURE      GPRESSURE         VOLUME       PRESSAVG      GPRESSAVG
FEPTITLE:    TS          BOND2         ELECT2           VDW2

ENERGY:       0         3.4596        22.2208         6.5063         0.0000         -10586.7933      1410.3670         0.0000         0.0000      1811.6263          -7332.6134       310.2967     -9144.2396     -7332.6134       310.2967            214.8289       313.3861     29701.5776       214.8289       313.3861
FEP:          0        32.1867    -10586.5818      1410.9552

PRESSURE: 100000 154.271 145.588 586.389 145.589 403.468 -328.596 586.392 -328.6 -529.287
GPRESSURE: 100000 235.971 340.757 571.481 -239.74 504.649 -444.616 638.327 -113.467 -466.155
PRESSAVG: 100000 14.711 57.477 -62.6535 57.477 -47.3006 -31.1735 -62.6535 -31.1735 10.3754
GPRESSAVG: 100000 63.534 150.017 -64.4262 31.7741 -45.3139 -78.4613 -75.5785 -37.0772 126.823
ENERGY:  100000         4.0505        19.5368         6.7199         0.0000         -10711.2878      1452.3488         0.0000         0.0000      1716.5624          -7512.0694       294.0141     -9228.6318     -7422.3414       302.1554              9.4841        91.4882     29630.9302       112.1565       202.4371
FEP:     100000        30.3072    -10710.2023      1452.8529

WRITING EXTENDED SYSTEM TO RESTART FILE AT STEP 100000
WRITING COORDINATES TO DCD FILE mobley_2261979_prod.dcd AT STEP 100000
WRITING COORDINATES TO RESTART FILE AT STEP 100000
FINISHED WRITING RESTART COORDINATES
WRITING VELOCITIES TO RESTART FILE AT STEP 100000
FINISHED WRITING RESTART VELOCITIES
PRESSURE: 200000 -537.104 -323.85 658.081 -323.845 -430.307 -613.956 658.084 -613.957 -819.414
GPRESSURE: 200000 -700.071 -90.4986 830.257 -304.992 -215.843 -698.067 753.441 -451.597 -694.092
PRESSAVG: 200000 -28.1331 28.8912 -48.9544 28.8912 -22.9747 -62.3517 -48.9544 -62.3517 24.0549
GPRESSAVG: 200000 12.1238 143.099 -39.3561 -0.0404234 -20.923 -118.776 -69.919 -56.1204 153.759
ENERGY:  200000         5.0086        22.0528         9.6281         0.0000         -10537.2778      1381.3358         0.0000         0.0000      1741.8415          -7377.4109       298.3440     -9119.2524     -7407.3645       300.8849           -595.6085      -536.6688     30756.6365      -123.7652       -43.9315
FEP:     200000        36.6895    -10537.3525      1381.8538

WRITING EXTENDED SYSTEM TO RESTART FILE AT STEP 200000
WRITING COORDINATES TO DCD FILE mobley_2261979_prod.dcd AT STEP 200000
WRITING COORDINATES TO RESTART FILE AT STEP 200000
FINISHED WRITING RESTART COORDINATES
WRITING VELOCITIES TO RESTART FILE AT STEP 200000
FINISHED WRITING RESTART VELOCITIES
PRESSURE: 300000 673.565 -247.079 560.377 -247.079 101.936 -209.352 560.378 -209.352 110.189
GPRESSURE: 300000 795.554 -441.56 323.998 -336.116 142 86.5646 853.061 -473.056 99.1352
PRESSAVG: 300000 -51.9832 23.8433 -5.28887 23.8433 -46.1895 -53.6728 -5.28887 -53.6728 0.655986
GPRESSAVG: 300000 -8.38283 126.477 1.22136 -20.4237 -30.0928 -78.6395 -22.6573 -64.3976 115.125
ENERGY:  300000         7.7582        17.8894        10.6322         0.0000         -10596.3410      1441.5245         0.0000         0.0000      1779.5975          -7338.9392       304.8108     -9118.5367     -7390.2582       301.8664            295.2301       345.5632     29764.9355       -19.0163        53.4422
FEP:     300000        36.2798    -10595.6035      1441.8473

WRITING EXTENDED SYSTEM TO RESTART FILE AT STEP 300000
WRITING COORDINATES TO DCD FILE mobley_2261979_prod.dcd AT STEP 300000
WRITING COORDINATES TO RESTART FILE AT STEP 300000
FINISHED WRITING RESTART COORDINATES
WRITING VELOCITIES TO RESTART FILE AT STEP 300000
FINISHED WRITING RESTART VELOCITIES
PRESSURE: 400000 -589.431 -396.448 855.135 -396.451 -281.642 -328.048 855.141 -328.051 -1247.94
GPRESSURE: 400000 -410.672 -640.049 785.671 10.2954 -396.481 -168.746 763.062 -458.258 -1040.28
PRESSAVG: 400000 -134.154 12.2529 52.5317 12.2529 -85.414 -46.7533 52.5317 -46.7533 -88.847
GPRESSAVG: 400000 -88.8376 100.071 64.7442 -23.5281 -65.5857 -50.7303 20.0059 -71.4793 20.0761
ENERGY:  400000         8.7905        18.4339         4.8650         0.0000         -10503.9272      1362.4271         0.0000         0.0000      1671.8007          -7437.6102       286.3473     -9109.4108     -7399.7286       298.7626           -706.3388      -615.8100     30181.0873      -156.4808       -80.4083
FEP:     400000        32.0893    -10503.2095      1363.1070

WRITING EXTENDED SYSTEM TO RESTART FILE AT STEP 400000
WRITING COORDINATES TO DCD FILE mobley_2261979_prod.dcd AT STEP 400000
WRITING COORDINATES TO RESTART FILE AT STEP 400000
FINISHED WRITING RESTART COORDINATES
WRITING VELOCITIES TO RESTART FILE AT STEP 400000
FINISHED WRITING RESTART VELOCITIES
PRESSURE: 500000 -724.478 -183.737 -125.411 -183.735 -589.018 767.067 -125.407 767.068 416.725
GPRESSURE: 500000 -776.87 -110.712 -200.769 -168.197 -355.339 640.136 -175.398 883.374 324.313
PRESSAVG: 500000 -164.027 29.9629 56.9267 29.9629 -132.665 -11.1327 56.9267 -11.1327 -48.3491
GPRESSAVG: 500000 -129.754 116.155 50.9096 7.69144 -102.715 -22.2264 23.4234 -15.4557 59.8828
ENERGY:  500000         5.6488        18.5643         9.0995         0.0000         -10537.3303      1366.0320         0.0000         0.0000      1751.4665          -7386.5192       299.9925     -9137.9857     -7397.5270       298.9676           -298.9239      -269.2987     30206.1852      -180.2213      -111.8900
FEP:     500000        33.3127    -10537.0346      1366.7384

WRITING EXTENDED SYSTEM TO RESTART FILE AT STEP 500000
WRITING COORDINATES TO DCD FILE mobley_2261979_prod.dcd AT STEP 500000
WRITING COORDINATES TO RESTART FILE AT STEP 500000
FINISHED WRITING RESTART COORDINATES
WRITING VELOCITIES TO RESTART FILE AT STEP 500000
FINISHED WRITING RESTART VELOCITIES
PRESSURE: 600000 -41.9804 46.3016 -82.3402 46.3003 -806.413 4.32683 -82.3418 4.33226 -86.9498
GPRESSURE: 600000 -144.302 399.93 24.7224 -340.154 -769.5 -96.404 -118.354 -12.0626 239.907
PRESSAVG: 600000 -173.467 19.1808 71.8157 19.1808 -201.87 -44.4891 71.8157 -44.4891 -98.2821
GPRESSAVG: 600000 -150.474 119.534 62.6753 -16.5215 -178.673 -58.3328 23.8244 -61.5064 23.8295
ENERGY:  600000         4.8177        17.5445         6.0235         0.0000         -10551.4551      1391.9221         0.0000         0.0000      1710.0032          -7421.1441       292.8907     -9131.1473     -7400.9009       298.0994           -311.7810      -224.6316     30056.3480      -199.0156      -127.9960
FEP:     600000        28.3858    -10551.4267      1392.5187

WRITING EXTENDED SYSTEM TO RESTART FILE AT STEP 600000
WRITING COORDINATES TO DCD FILE mobley_2261979_prod.dcd AT STEP 600000
WRITING COORDINATES TO RESTART FILE AT STEP 600000
FINISHED WRITING RESTART COORDINATES
WRITING VELOCITIES TO RESTART FILE AT STEP 600000
FINISHED WRITING RESTART VELOCITIES
PRESSURE: 700000 1977.6 -49.1574 54.1518 -49.1568 305.828 426.152 54.1543 426.151 198.499
GPRESSURE: 700000 1825.53 -75.1994 3.08001 -151.115 611.876 543.631 318.635 360.448 159.185
PRESSAVG: 700000 -10.5714 9.79346 99.9408 9.79346 -169.333 -31.1336 99.9408 -31.1336 -46.5326
GPRESSAVG: 700000 9.38047 102.107 87.184 -34.6962 -127.126 -48.1128 73.3435 -43.8416 56.6475
ENERGY:  700000         1.5382        20.7121        13.8015         0.0000         -10711.7661      1489.3022         0.0000         0.0000      1776.9291          -7409.4830       304.3538     -9186.4121     -7401.9737       298.8812            827.3079       865.5295     29580.3318       -70.7251        -3.8053
FEP:     700000        36.0518    -10711.2495      1490.2175

WRITING EXTENDED SYSTEM TO RESTART FILE AT STEP 700000
WRITING COORDINATES TO DCD FILE mobley_2261979_prod.dcd AT STEP 700000
WRITING COORDINATES TO RESTART FILE AT STEP 700000
FINISHED WRITING RESTART COORDINATES
WRITING VELOCITIES TO RESTART FILE AT STEP 700000
FINISHED WRITING RESTART VELOCITIES
PRESSURE: 800000 53.0387 45.0102 576.589 45.0095 -1511.75 725.353 576.59 725.347 447.259
GPRESSURE: 800000 214.085 103.524 689.687 224.305 -1473.93 766.702 571.636 414.184 498.83
PRESSAVG: 800000 -1.43372 8.319 121.97 8.319 -245.797 -4.87873 121.97 -4.87873 -70.8676
GPRESSAVG: 800000 20.1001 88.5142 112.194 -30.6778 -196.585 -21.0329 109.336 -16.7547 26.599
ENERGY:  800000         3.8854        22.3758         6.8387         0.0000         -10658.7928      1405.3149         0.0000         0.0000      1762.2761          -7458.1020       301.8440     -9220.3781     -7408.2101       299.2104           -337.1497      -253.6703     29964.9733      -100.3279       -31.5681
FEP:     800000        33.0999    -10658.4420      1406.0320

WRITING EXTENDED SYSTEM TO RESTART FILE AT STEP 800000
WRITING COORDINATES TO DCD FILE mobley_2261979_prod.dcd AT STEP 800000
WRITING COORDINATES TO RESTART FILE AT STEP 800000
FINISHED WRITING RESTART COORDINATES
WRITING VELOCITIES TO RESTART FILE AT STEP 800000
FINISHED WRITING RESTART VELOCITIES
PRESSURE: 900000 -33.2603 -8.6861 -79.1918 -8.68502 -717.216 -147.908 -79.1932 -147.906 -627.728
GPRESSURE: 900000 12.2895 -90.3731 -224.674 363.002 -857.57 -91.2816 -59.4718 -308.512 -412.403
PRESSAVG: 900000 -45.9945 -12.5439 131.076 -12.5439 -260.863 16.0966 131.076 16.0966 -120.444
GPRESSAVG: 900000 -20.2015 59.6692 121.105 -28.3969 -217.802 26.4542 110.214 -15.0955 -17.1434
ENERGY:  900000         5.9795        25.7471         5.5483         0.0000         -10587.2905      1406.3304         0.0000         0.0000      1721.2681          -7422.4172       294.8201     -9143.6852     -7409.6308       298.7714           -459.4016      -419.2278     30316.1156      -136.2352       -70.3340
FEP:     900000        37.2749    -10587.0020      1406.4297

WRITING EXTENDED SYSTEM TO RESTART FILE AT STEP 900000
WRITING COORDINATES TO DCD FILE mobley_2261979_prod.dcd AT STEP 900000
WRITING COORDINATES TO RESTART FILE AT STEP 900000
FINISHED WRITING RESTART COORDINATES
WRITING VELOCITIES TO RESTART FILE AT STEP 900000
FINISHED WRITING RESTART VELOCITIES
PRESSURE: 1000000 949.298 208.075 88.8304 208.073 9.97454 -129.918 88.8295 -129.917 -192.192
GPRESSURE: 1000000 768.243 250.662 -172.983 342.43 155.96 -190.077 448.608 -2.22358 -142.64
PRESSAVG: 1000000 17.8184 -2.06497 127.466 -2.06497 -242.12 43.2209 127.466 43.2209 -121.93
GPRESSAVG: 1000000 41.6457 65.2509 97.9568 2.20225 -188.809 52.0156 120.935 18.1307 -22.8155
TIMING: 1000000  CPU: 4122.57, 0.000412885/step  Wall: 4222.99, 0.000424375/step, 407.187 ns/days, 0.058941 hours remaining, 0.000000 MB of memory in use.
PERFORMANCE: 1000000  averaging 409.203 ns/day, 0.000422284 sec/step with standard deviation 1.80946e-06
ETITLE:      TS           BOND          ANGLE          DIHED          IMPRP               ELECT            VDW       BOUNDARY           MISC        KINETIC               TOTAL           TEMP      POTENTIAL       TOTALAVG        TEMPAVG            PRESSURE      GPRESSURE         VOLUME       PRESSAVG      GPRESSAVG
FEPTITLE:    TS          BOND2         ELECT2           VDW2

ENERGY: 1000000         6.4297        24.1112         4.8272         0.0000         -10592.8782      1440.0783         0.0000         0.0000      1731.2973          -7386.1345       296.5379     -9117.4318     -7407.4948       298.5684            255.6937       260.5209     30037.4472      -100.6053       -40.2563
FEP:    1000000        35.3681    -10592.2273      1440.6198

WRITING EXTENDED SYSTEM TO RESTART FILE AT STEP 1000000
WRITING COORDINATES TO DCD FILE mobley_2261979_prod.dcd AT STEP 1000000
WRITING COORDINATES TO RESTART FILE AT STEP 1000000
FINISHED WRITING RESTART COORDINATES
WRITING VELOCITIES TO RESTART FILE AT STEP 1000000
FINISHED WRITING RESTART VELOCITIES
PRESSURE: 1100000 939.019 -338.149 -72.1559 -338.147 8.69537 113.045 -72.1565 113.047 118.918
GPRESSURE: 1100000 963.199 -662.129 90.722 -275.323 120.169 220.245 104.155 30.7531 148.414
PRESSAVG: 1100000 58.9146 -37.8814 141.296 -37.8814 -222.446 68.2899 141.296 68.2899 -100.871
GPRESSAVG: 1100000 79.7163 11.9179 103.173 -26.3533 -157.782 79.878 157.313 32.3868 -10.0381
ENERGY: 1100000         6.5448        19.1913         5.9259         0.0000         -10643.3983      1491.2345         0.0000         0.0000      1686.5756          -7433.9261       288.8780     -9120.5018     -7409.6974       297.7608            355.5441       410.5939     30058.9308       -62.5929        -2.6855
FEP:    1100000        31.6620    -10642.8811      1491.8674

WRITING EXTENDED SYSTEM TO RESTART FILE AT STEP 1100000
WRITING COORDINATES TO DCD FILE mobley_2261979_prod.dcd AT STEP 1100000
WRITING COORDINATES TO RESTART FILE AT STEP 1100000
FINISHED WRITING RESTART COORDINATES
WRITING VELOCITIES TO RESTART FILE AT STEP 1100000
FINISHED WRITING RESTART VELOCITIES
PRESSURE: 1200000 575.152 -277.987 518.238 -277.984 1065.01 224.433 518.236 224.434 1109.65
GPRESSURE: 1200000 658.419 -443.235 651.237 -430.996 1007.75 147.923 608.952 470.358 1170.27
PRESSAVG: 1200000 101.152 -84.7907 152.803 -84.7907 -178.551 83.2526 152.803 83.2526 -23.231
GPRESSAVG: 1200000 120.876 -39.6473 108.993 -90.5961 -118.421 98.3396 191.388 48.5886 69.8865
ENERGY: 1200000         4.0528        21.7864         6.8778         0.0000         -10749.3406      1557.7916         0.0000         0.0000      1762.1720          -7396.6601       301.8262     -9158.8320     -7408.6946       298.0735            916.6022       945.4804     30102.0265        12.7298        70.2504
FEP:    1200000        32.7170    -10748.4609      1558.4752

WRITING EXTENDED SYSTEM TO RESTART FILE AT STEP 1200000
WRITING COORDINATES TO DCD FILE mobley_2261979_prod.dcd AT STEP 1200000
WRITING COORDINATES TO RESTART FILE AT STEP 1200000
FINISHED WRITING RESTART COORDINATES
WRITING VELOCITIES TO RESTART FILE AT STEP 1200000
FINISHED WRITING RESTART VELOCITIES
PRESSURE: 1300000 942.05 243.53 -269.838 243.532 -108.839 -458.566 -269.835 -458.567 662.547
GPRESSURE: 1300000 990.263 353.112 85.1191 343.495 -206.869 -397.556 -306.137 -378.032 923.904
PRESSAVG: 1300000 170.163 -82.2202 115.978 -82.2202 -226.787 41.8719 115.978 41.8719 -59.3322
GPRESSAVG: 1300000 192.107 -37.5607 100.32 -87.6776 -179.597 74.6404 145.029 -1.36589 42.6752
ENERGY: 1300000         7.1268        22.8771         6.9391         0.0000         -10708.1480      1522.1210         0.0000         0.0000      1745.1404          -7403.9437       298.9090     -9149.0841     -7408.3552       298.1332            498.5860       569.0994     30189.4486        47.4338       105.8825
FEP:    1300000        36.9430    -10707.7932      1522.5048

WRITING EXTENDED SYSTEM TO RESTART FILE AT STEP 1300000
WRITING COORDINATES TO DCD FILE mobley_2261979_prod.dcd AT STEP 1300000
WRITING COORDINATES TO RESTART FILE AT STEP 1300000
FINISHED WRITING RESTART COORDINATES
WRITING VELOCITIES TO RESTART FILE AT STEP 1300000
FINISHED WRITING RESTART VELOCITIES
PRESSURE: 1400000 -476.747 -27.5511 -144.213 -27.5492 89.0138 -189.733 -144.22 -189.731 121.235
GPRESSURE: 1400000 -301.029 145.857 -138.302 -147.529 94.0171 -26.2573 116.161 -189.29 128.583
PRESSAVG: 1400000 159.446 -91.722 120.289 -91.722 -211.853 49.0939 120.289 49.0939 -20.0617
GPRESSAVG: 1400000 187.682 -63.124 119.974 -92.8144 -169.257 78.8827 163.223 14.7073 81.6908
ENERGY: 1400000         5.4264        20.9755         6.0489         0.0000         -10696.0128      1428.9020         0.0000         0.0000      1761.7859          -7472.8740       301.7600     -9234.6599     -7412.6565       298.3750            -88.8327       -26.1431     29962.4739        38.3494        97.0808
FEP:    1400000        32.4508    -10695.8642      1429.4095

WRITING EXTENDED SYSTEM TO RESTART FILE AT STEP 1400000
WRITING COORDINATES TO DCD FILE mobley_2261979_prod.dcd AT STEP 1400000
WRITING COORDINATES TO RESTART FILE AT STEP 1400000
FINISHED WRITING RESTART COORDINATES
WRITING VELOCITIES TO RESTART FILE AT STEP 1400000
FINISHED WRITING RESTART VELOCITIES
PRESSURE: 1500000 -813.106 251.088 -292.806 251.087 -735.353 -403.146 -292.805 -403.147 -540.117
GPRESSURE: 1500000 -628.953 132.229 -439.538 295.909 -618.664 -265.686 -317.036 -53.0992 -696.496
PRESSAVG: 1500000 196.937 -73.7708 102.502 -73.7708 -204.543 33.0707 102.502 33.0707 -28.0027
GPRESSAVG: 1500000 226.866 -59.639 106.594 -60.6133 -156.21 75.1321 144.077 14.1734 65.8479
ENERGY: 1500000         6.0830        23.6425         4.4602         0.0000         -10496.7061      1335.6410         0.0000         0.0000      1763.7342          -7363.1451       302.0937     -9126.8793     -7409.5620       298.6074           -696.1921      -648.0375     30165.1950        -7.5594        50.5109
FEP:    1500000        34.1858    -10496.3998      1335.8820

WRITING EXTENDED SYSTEM TO RESTART FILE AT STEP 1500000
WRITING COORDINATES TO DCD FILE mobley_2261979_prod.dcd AT STEP 1500000
WRITING COORDINATES TO RESTART FILE AT STEP 1500000
FINISHED WRITING RESTART COORDINATES
WRITING VELOCITIES TO RESTART FILE AT STEP 1500000
FINISHED WRITING RESTART VELOCITIES
TCL: Running FEP window   8: Lambda1 0.6499999999999997 Lambda2 0.5999999999999996 [dLambda -0.050000000000000044]
TCL: Setting parameter firsttimestep to 0
TCL: Setting parameter alchLambda to 0.6499999999999997
Info: NONBONDED TABLE R-SQUARED SPACING: 0.0625
Info: NONBONDED TABLE SIZE: 705 POINTS
Info: INCONSISTENCY IN FAST TABLE ENERGY VS FORCE: 0.000290481 AT 0.251946
Info: INCONSISTENCY IN SCOR TABLE ENERGY VS FORCE: 0.000238233 AT 8.9687
Info: ABSOLUTE IMPRECISION IN VDWA TABLE ENERGY: 1.21169e-27 AT 8.99653
Info: ABSOLUTE IMPRECISION IN VDWA TABLE FORCE: 2.57484e-27 AT 8.99653
Info: INCONSISTENCY IN VDWA TABLE ENERGY VS FORCE: 0.0040507 AT 0.251946
Info: INCONSISTENCY IN VDWB TABLE ENERGY VS FORCE: 0.00150189 AT 0.251946
TCL: Setting parameter alchLambda2 to 0.5999999999999996
Info: NONBONDED TABLE R-SQUARED SPACING: 0.0625
Info: NONBONDED TABLE SIZE: 705 POINTS
Info: INCONSISTENCY IN FAST TABLE ENERGY VS FORCE: 0.000290481 AT 0.251946
Info: INCONSISTENCY IN SCOR TABLE ENERGY VS FORCE: 0.000238233 AT 8.9687
Info: ABSOLUTE IMPRECISION IN VDWA TABLE ENERGY: 1.21169e-27 AT 8.99653
Info: ABSOLUTE IMPRECISION IN VDWA TABLE FORCE: 2.57484e-27 AT 8.99653
Info: INCONSISTENCY IN VDWA TABLE ENERGY VS FORCE: 0.0040507 AT 0.251946
Info: INCONSISTENCY IN VDWB TABLE ENERGY VS FORCE: 0.00150189 AT 0.251946
TCL: Running for 1500000 steps
FEP: RESETTING FOR NEW FEP WINDOW LAMBDA SET TO 0.65 LAMBDA2 0.6
FEP: WINDOW TO HAVE 100000 STEPS OF EQUILIBRATION PRIOR TO FEP DATA COLLECTION.
FEP: USING CONSTANT TEMPERATURE OF 300 K FOR FEP CALCULATION
PRESSURE: 0 -859.236 280.316 -299.525 280.313 -784.05 -366.252 -299.52 -366.253 -615.953
GPRESSURE: 0 -637.94 132.281 -433.816 293.063 -620.828 -263.422 -310.439 -51.1228 -708.818
ETITLE:      TS           BOND          ANGLE          DIHED          IMPRP               ELECT            VDW       BOUNDARY           MISC        KINETIC               TOTAL           TEMP      POTENTIAL       TOTALAVG        TEMPAVG            PRESSURE      GPRESSURE         VOLUME       PRESSAVG      GPRESSAVG
FEPTITLE:    TS          BOND2         ELECT2           VDW2

ENERGY:       0         6.0830        23.6425         4.4602         0.0000         -10496.4017      1335.8816         0.0000         0.0000      1762.8661          -7363.4682       301.9451     -9126.3343     -7363.4682       301.9451           -753.0796      -655.8617     30165.1950      -753.0796      -655.8617
FEP:          0        34.1858    -10496.0954      1336.3537

PRESSURE: 100000 -31.459 -173.702 73.7707 -173.701 615.218 -59.7572 73.7736 -59.7519 -217.031
GPRESSURE: 100000 221.64 62.0141 17.5824 -359.975 538.548 -378.493 314.426 -81.9796 -19.4011
PRESSAVG: 100000 117.763 -29.4835 114.89 -29.4835 -198.605 4.45714 114.89 4.45714 -96.0821
GPRESSAVG: 100000 165.406 -23.2124 93.9839 -40.2648 -131.581 35.8385 154.235 4.09987 -14.2029
ENERGY:  100000         4.6791        23.1054         7.4750         0.0000         -10646.4263      1437.5727         0.0000         0.0000      1762.6667          -7410.9273       301.9109     -9173.5940     -7387.1978       301.9280            122.2426       246.9292     29674.4421      -315.4185      -204.4662
FEP:     100000        35.2595    -10646.4136      1437.7083

WRITING EXTENDED SYSTEM TO RESTART FILE AT STEP 100000
WRITING COORDINATES TO DCD FILE mobley_2261979_prod.dcd AT STEP 100000
WRITING COORDINATES TO RESTART FILE AT STEP 100000
FINISHED WRITING RESTART COORDINATES
WRITING VELOCITIES TO RESTART FILE AT STEP 100000
FINISHED WRITING RESTART VELOCITIES
PRESSURE: 200000 -72.116 -770.485 386.514 -770.486 -74.8072 -255.94 386.52 -255.941 -229.462
GPRESSURE: 200000 -144.051 -1087.21 51.8705 -372.166 157.756 -169.708 641.031 -385.9 -77.1428
PRESSAVG: 200000 145.26 -49.2364 172.179 -49.2364 -138.07 -11.8544 172.179 -11.8544 -99.3734
GPRESSAVG: 200000 189.932 -57.2017 139.645 -44.4463 -66.1686 16.91 220.459 -12.7326 -18.909
ENERGY:  200000         3.2219        17.0722         7.1532         0.0000         -10553.3663      1406.5356         0.0000         0.0000      1768.3625          -7351.0208       302.8865     -9119.3833     -7375.1388       302.2475           -125.4618       -21.1459     29782.3350      -252.0996      -143.3595
FEP:     200000        27.4474    -10552.5128      1406.5296

WRITING EXTENDED SYSTEM TO RESTART FILE AT STEP 200000
WRITING COORDINATES TO DCD FILE mobley_2261979_prod.dcd AT STEP 200000
WRITING COORDINATES TO RESTART FILE AT STEP 200000
FINISHED WRITING RESTART COORDINATES
WRITING VELOCITIES TO RESTART FILE AT STEP 200000
FINISHED WRITING RESTART VELOCITIES
PRESSURE: 300000 -867.854 68.8704 -98.8079 68.8705 -653.275 -372.796 -98.811 -372.795 -102.648
GPRESSURE: 300000 -921.171 -196.54 -87.7604 124.986 -560.993 -203.766 -311.204 -606.837 92.7658
PRESSAVG: 300000 81.453 -60.3518 155.812 -60.3518 -189.768 -56.0485 155.812 -56.0485 -104.462
GPRESSAVG: 300000 122.288 -81.2962 128.29 -47.1639 -115.989 -21.2916 215.803 -56.5875 -19.0546
ENERGY:  300000         5.9288        23.2040         8.8411         0.0000         -10534.1790      1359.4689         0.0000         0.0000      1814.8747          -7321.8614       310.8531     -9136.7362     -7361.8194       304.3989           -541.2589      -463.1326     30385.0661      -324.3894      -223.3027
FEP:     300000        37.9739    -10533.4732      1359.9621

WRITING EXTENDED SYSTEM TO RESTART FILE AT STEP 300000
WRITING COORDINATES TO DCD FILE mobley_2261979_prod.dcd AT STEP 300000
WRITING COORDINATES TO RESTART FILE AT STEP 300000
FINISHED WRITING RESTART COORDINATES
WRITING VELOCITIES TO RESTART FILE AT STEP 300000
FINISHED WRITING RESTART VELOCITIES
PRESSURE: 400000 739.63 -22.277 -141.312 -22.2775 -171.403 120.541 -141.307 120.543 112.663
GPRESSURE: 400000 807.14 -200.532 -552.476 364.286 8.22175 -332.665 232.876 104.703 267.569
PRESSAVG: 400000 97.8424 -76.5162 137.625 -76.5162 -213.246 -74.1524 137.625 -74.1524 -95.5522
GPRESSAVG: 400000 141.364 -105.884 93.7554 -38.2266 -136.753 -66.0771 238.317 -65.0809 -10.2275
ENERGY:  400000         5.4627        20.4562         6.8218         0.0000         -10667.0048      1478.0242         0.0000         0.0000      1789.2618          -7366.9781       306.4661     -9156.2398     -7362.8512       304.8123            226.9634       360.9768     30116.5734      -214.1188      -106.4468
FEP:     400000        32.7407    -10667.2880      1478.2830

WRITING EXTENDED SYSTEM TO RESTART FILE AT STEP 400000
WRITING COORDINATES TO DCD FILE mobley_2261979_prod.dcd AT STEP 400000
WRITING COORDINATES TO RESTART FILE AT STEP 400000
FINISHED WRITING RESTART COORDINATES
WRITING VELOCITIES TO RESTART FILE AT STEP 400000
FINISHED WRITING RESTART VELOCITIES
PRESSURE: 500000 -381.794 -65.3152 -342.872 -65.314 170.638 -55.5018 -342.87 -55.505 -380.095
GPRESSURE: 500000 -300.722 -164.234 -269.834 -302.489 175.954 -52.7189 -377.614 295.286 -394.102
PRESSAVG: 500000 71.0392 -87.0613 91.162 -87.0613 -224.888 -60.4976 91.162 -60.4976 -88.0926
GPRESSAVG: 500000 114.529 -131.133 51.6896 -41.364 -153.188 -46.4822 187.52 -44.6433 -6.62487
ENERGY:  500000         4.3711        21.4733         7.3756         0.0000         -10599.6561      1398.9119         0.0000         0.0000      1808.3691          -7359.1552       309.7388     -9167.5243     -7362.2352       305.6334           -197.0834      -172.9570     29947.4112      -211.2796      -117.5319
FEP:     500000        33.2200    -10599.0590      1398.6277

WRITING EXTENDED SYSTEM TO RESTART FILE AT STEP 500000
WRITING COORDINATES TO DCD FILE mobley_2261979_prod.dcd AT STEP 500000
WRITING COORDINATES TO RESTART FILE AT STEP 500000
FINISHED WRITING RESTART COORDINATES
WRITING VELOCITIES TO RESTART FILE AT STEP 500000
FINISHED WRITING RESTART VELOCITIES
PRESSURE: 600000 602.072 -327.911 111.892 -327.913 964.303 583.949 111.887 583.947 126.082
GPRESSURE: 600000 567.061 -213.556 339.805 -345.897 1103.82 597.861 -118.437 594.566 236.826
PRESSAVG: 600000 127.998 -87.2647 63.8521 -87.2647 -155.157 -0.602414 63.8521 -0.602414 -40.8177
GPRESSAVG: 600000 177.886 -137.286 27.167 -43.4092 -87.2045 18.3142 143.926 7.66486 39.9211
ENERGY:  600000         4.8330        18.3200         7.4119         0.0000         -10495.5989      1455.7411         0.0000         0.0000      1711.4489          -7297.8440       293.1383     -9009.2929     -7353.0364       303.8484            564.1525       635.9035     30324.0307      -100.5036        -9.8982
FEP:     600000        30.5649    -10495.1365      1456.3626

WRITING EXTENDED SYSTEM TO RESTART FILE AT STEP 600000
WRITING COORDINATES TO DCD FILE mobley_2261979_prod.dcd AT STEP 600000
WRITING COORDINATES TO RESTART FILE AT STEP 600000
FINISHED WRITING RESTART COORDINATES
WRITING VELOCITIES TO RESTART FILE AT STEP 600000
FINISHED WRITING RESTART VELOCITIES
PRESSURE: 700000 81.6718 416.748 416.069 416.749 606.356 233.078 416.069 233.076 1224.81
GPRESSURE: 700000 263.286 231.856 494.94 412.492 729.647 30.8025 238.619 185.778 1309.05
PRESSAVG: 700000 98.4034 -54.0733 56.6366 -54.0733 -129.936 21.519 56.6366 21.519 14.9136
GPRESSAVG: 700000 151.272 -103.615 35.7141 -5.97879 -57.8222 15.5261 113.204 40.6065 100.417
ENERGY:  700000         3.0308        19.2971         6.8014         0.0000         -10778.5938      1523.3437         0.0000         0.0000      1748.5553          -7477.5655       299.4939     -9226.1207     -7368.6026       303.3041            637.6141       767.3274     29914.1491        -8.2389        87.2550
FEP:     700000        29.1293    -10777.9356      1523.7754

WRITING EXTENDED SYSTEM TO RESTART FILE AT STEP 700000
WRITING COORDINATES TO DCD FILE mobley_2261979_prod.dcd AT STEP 700000
WRITING COORDINATES TO RESTART FILE AT STEP 700000
FINISHED WRITING RESTART COORDINATES
WRITING VELOCITIES TO RESTART FILE AT STEP 700000
FINISHED WRITING RESTART VELOCITIES
PRESSURE: 800000 141.186 234.967 291.573 234.967 -988.166 82.586 291.569 82.5902 -300.787
GPRESSURE: 800000 267.128 28.73 184.335 405.459 -871.282 285.285 206.121 114.315 -524.246
PRESSAVG: 800000 134.934 -22.5024 28.458 -22.5024 -165.263 42.0511 28.458 42.0511 62.2714
GPRESSAVG: 800000 185.162 -70.1765 5.64736 13.7794 -81.5623 38.2276 85.3565 69.2352 126.218
ENERGY:  800000         9.4315        18.4705         7.3554         0.0000         -10497.2830      1350.3905         0.0000         0.0000      1738.5230          -7373.1121       297.7755     -9111.6350     -7369.1036       302.6898           -382.5891      -376.1334     30439.0003       -49.8333        35.7674
FEP:     800000        35.2575    -10496.9920      1350.9352

WRITING EXTENDED SYSTEM TO RESTART FILE AT STEP 800000
WRITING COORDINATES TO DCD FILE mobley_2261979_prod.dcd AT STEP 800000
WRITING COORDINATES TO RESTART FILE AT STEP 800000
FINISHED WRITING RESTART COORDINATES
WRITING VELOCITIES TO RESTART FILE AT STEP 800000
FINISHED WRITING RESTART VELOCITIES
PRESSURE: 900000 -720.799 -281.158 -649.125 -281.156 437.849 250.716 -649.126 250.707 -206.064
GPRESSURE: 900000 -577.821 -10.6301 -168.143 -530.826 488.194 -247.383 -796.216 798.966 -143.962
PRESSAVG: 900000 135.118 -27.3735 2.27207 -27.3735 -113.919 16.233 2.27207 16.233 31.1319
GPRESSAVG: 900000 195.115 -65.1724 7.27865 -4.35206 -39.3856 -6.14838 54.3156 65.0148 102.805
ENERGY:  900000         5.4804        22.2833         9.3400         0.0000         -10567.7430      1394.0345         0.0000         0.0000      1831.2333          -7305.3714       313.6550     -9136.6047     -7362.7304       303.7863           -163.0046       -77.8630     30139.8133       -61.1505        24.4043
FEP:     900000        37.1037    -10567.5685      1394.1989

WRITING EXTENDED SYSTEM TO RESTART FILE AT STEP 900000
WRITING COORDINATES TO DCD FILE mobley_2261979_prod.dcd AT STEP 900000
WRITING COORDINATES TO RESTART FILE AT STEP 900000
FINISHED WRITING RESTART COORDINATES
WRITING VELOCITIES TO RESTART FILE AT STEP 900000
FINISHED WRITING RESTART VELOCITIES
PRESSURE: 1000000 378.534 -104.775 -10.5617 -104.774 -257.13 248.099 -10.5645 248.102 730.682
GPRESSURE: 1000000 416.237 -144.453 -173.959 -193.91 -243.956 185.995 -104.332 218.673 794.859
PRESSAVG: 1000000 156.144 -34.9272 5.86094 -34.9272 -86.4552 28.4215 5.86094 28.4215 72.0135
GPRESSAVG: 1000000 223.142 -92.3916 -2.65542 2.96015 -13.1084 7.97158 55.0168 76.5516 130.552
TIMING: 1000000  CPU: 4741.3, 0.000412385/step  Wall: 4861.47, 0.000427301/step, 404.399 ns/days, 0.0593474 hours remaining, 0.000000 MB of memory in use.
PERFORMANCE: 1000000  averaging 408.597 ns/day, 0.000422911 sec/step with standard deviation 2.43992e-06
ETITLE:      TS           BOND          ANGLE          DIHED          IMPRP               ELECT            VDW       BOUNDARY           MISC        KINETIC               TOTAL           TEMP      POTENTIAL       TOTALAVG        TEMPAVG            PRESSURE      GPRESSURE         VOLUME       PRESSAVG      GPRESSAVG
FEPTITLE:    TS          BOND2         ELECT2           VDW2

ENERGY: 1000000         7.5391        18.9594         6.9739         0.0000         -10705.9975      1473.3558         0.0000         0.0000      1804.7528          -7394.4165       309.1194     -9199.1693     -7365.6110       304.2712            284.0286       322.3799     29693.9598       -29.7705        51.4930
FEP:    1000000        33.4724    -10704.8509      1473.6157

WRITING EXTENDED SYSTEM TO RESTART FILE AT STEP 1000000
WRITING COORDINATES TO DCD FILE mobley_2261979_prod.dcd AT STEP 1000000
WRITING COORDINATES TO RESTART FILE AT STEP 1000000
FINISHED WRITING RESTART COORDINATES
WRITING VELOCITIES TO RESTART FILE AT STEP 1000000
FINISHED WRITING RESTART VELOCITIES
PRESSURE: 1100000 279.641 -226.434 -91.158 -226.432 -286.355 -151.678 -91.1599 -151.682 -285.433
GPRESSURE: 1100000 415.763 -442.994 -186.059 -76.7504 -452.766 -206.518 -107.751 -116.782 -204.069
PRESSAVG: 1100000 71.2462 -43.791 -1.40478 -43.791 -116.064 -0.470121 -1.40478 -0.470121 47.8169
GPRESSAVG: 1100000 152.653 -110.781 -12.1124 6.67839 -66.3405 -29.5358 33.6975 52.6901 112.389
ENERGY: 1100000         6.2074        19.6722         6.8410         0.0000         -10566.1486      1395.5562         0.0000         0.0000      1728.6068          -7409.2649       296.0771     -9137.8717     -7369.2488       303.5883            -97.3824       -80.3574     29891.0480       -35.4049        40.5055
FEP:    1100000        32.7207    -10565.6780      1395.7939

WRITING EXTENDED SYSTEM TO RESTART FILE AT STEP 1100000
WRITING COORDINATES TO DCD FILE mobley_2261979_prod.dcd AT STEP 1100000
WRITING COORDINATES TO RESTART FILE AT STEP 1100000
FINISHED WRITING RESTART COORDINATES
WRITING VELOCITIES TO RESTART FILE AT STEP 1100000
FINISHED WRITING RESTART VELOCITIES
PRESSURE: 1200000 415.77 -38.1082 167.81 -38.1094 334.529 216.463 167.808 216.466 942.571
GPRESSURE: 1200000 342.824 -187.796 468.593 -31.7148 563.208 -75.3435 275.443 427.03 996.946
PRESSAVG: 1200000 89.3828 -47.9469 -21.8439 -47.9469 -23.7506 -25.9142 -21.8439 -25.9142 72.5825
GPRESSAVG: 1200000 159.09 -125.347 -23.1671 -6.12262 35.5162 -71.6381 18.8878 53.3324 137.295
ENERGY: 1200000         5.8491        17.2811         7.4795         0.0000         -10460.0260      1444.0087         0.0000         0.0000      1756.9299          -7228.4776       300.9283     -8985.4076     -7358.4202       303.3837            564.2901       634.3260     30548.0627        10.7255        86.1840
FEP:    1200000        30.6097    -10459.7076      1444.6122

WRITING EXTENDED SYSTEM TO RESTART FILE AT STEP 1200000
WRITING COORDINATES TO DCD FILE mobley_2261979_prod.dcd AT STEP 1200000
WRITING COORDINATES TO RESTART FILE AT STEP 1200000
FINISHED WRITING RESTART COORDINATES
WRITING VELOCITIES TO RESTART FILE AT STEP 1200000
FINISHED WRITING RESTART VELOCITIES
PRESSURE: 1300000 -637.884 -19.0494 53.7013 -19.0485 -1516.62 -176.597 53.7059 -176.601 -872.983
GPRESSURE: 1300000 -422.559 52.2648 198.826 -8.80822 -1306.22 -431.038 -132.407 -46.3288 -820.379
PRESSAVG: 1300000 59.1516 -48.4651 -15.1989 -48.4651 -63.7208 -27.3489 -15.1989 -27.3489 60.3197
GPRESSAVG: 1300000 137.348 -118.215 -1.99212 -24.7131 13.0839 -88.6259 15.2411 66.4416 116.896
ENERGY: 1300000         4.1370        18.4495         4.8672         0.0000         -10501.2045      1334.0334         0.0000         0.0000      1737.6809          -7402.0365       297.6313     -9139.7174     -7361.5357       302.9728          -1009.1624      -849.7184     30413.6243       -62.1236        19.3338
FEP:    1300000        27.4537    -10500.8440      1334.6071

WRITING EXTENDED SYSTEM TO RESTART FILE AT STEP 1300000
WRITING COORDINATES TO DCD FILE mobley_2261979_prod.dcd AT STEP 1300000
WRITING COORDINATES TO RESTART FILE AT STEP 1300000
FINISHED WRITING RESTART COORDINATES
WRITING VELOCITIES TO RESTART FILE AT STEP 1300000
FINISHED WRITING RESTART VELOCITIES
PRESSURE: 1400000 868.397 351.251 -508.827 351.252 136.802 441.821 -508.825 441.827 745.972
GPRESSURE: 1400000 878.413 40.2239 -520.147 563.727 192.416 195.913 -288.848 171.601 883.599
PRESSAVG: 1400000 55.1066 -41.3061 -45.0816 -41.3061 -57.3794 1.23828 -45.0816 1.23828 107.228
GPRESSAVG: 1400000 142.856 -128.737 -19.3503 -13.6483 14.9066 -69.3264 -21.6317 75.1328 168.208
ENERGY: 1400000         3.0853        21.8570         7.4495         0.0000         -10736.0159      1506.9685         0.0000         0.0000      1780.3586          -7416.2969       304.9412     -9196.6556     -7365.1864       303.1040            583.7235       651.4761     29865.9875       -19.0672        61.4766
FEP:    1400000        32.3919    -10736.4782      1507.2842

WRITING EXTENDED SYSTEM TO RESTART FILE AT STEP 1400000
WRITING COORDINATES TO DCD FILE mobley_2261979_prod.dcd AT STEP 1400000
WRITING COORDINATES TO RESTART FILE AT STEP 1400000
FINISHED WRITING RESTART COORDINATES
WRITING VELOCITIES TO RESTART FILE AT STEP 1400000
FINISHED WRITING RESTART VELOCITIES
PRESSURE: 1500000 175.892 387.662 238.887 387.661 -230.56 -291.623 238.889 -291.624 -265.831
GPRESSURE: 1500000 90.5731 618.372 118.481 220.429 52.7041 -327.67 -69.0891 -90.6796 -175.613
PRESSAVG: 1500000 16.9502 -5.01572 -29.5293 -5.01572 -69.3422 -18.9953 -29.5293 -18.9953 87.9904
GPRESSAVG: 1500000 99.2251 -64.7123 -17.9624 11.1393 11.5334 -96.7222 -30.2939 69.0612 152.007
ENERGY: 1500000         6.7399        21.0192         6.1399         0.0000         -10617.5096      1435.4263         0.0000         0.0000      1722.7097          -7425.4747       295.0670     -9148.1844     -7368.9544       302.6017           -106.8334       -10.7786     30522.8357       -24.5525        56.9607
FEP:    1500000        33.8989    -10617.2231      1435.2106

WRITING EXTENDED SYSTEM TO RESTART FILE AT STEP 1500000
WRITING COORDINATES TO DCD FILE mobley_2261979_prod.dcd AT STEP 1500000
WRITING COORDINATES TO RESTART FILE AT STEP 1500000
FINISHED WRITING RESTART COORDINATES
WRITING VELOCITIES TO RESTART FILE AT STEP 1500000
FINISHED WRITING RESTART VELOCITIES
TCL: Running FEP window   9: Lambda1 0.5999999999999996 Lambda2 0.5499999999999996 [dLambda -0.050000000000000044]
TCL: Setting parameter firsttimestep to 0
TCL: Setting parameter alchLambda to 0.5999999999999996
Info: NONBONDED TABLE R-SQUARED SPACING: 0.0625
Info: NONBONDED TABLE SIZE: 705 POINTS
Info: INCONSISTENCY IN FAST TABLE ENERGY VS FORCE: 0.000290481 AT 0.251946
Info: INCONSISTENCY IN SCOR TABLE ENERGY VS FORCE: 0.000238233 AT 8.9687
Info: ABSOLUTE IMPRECISION IN VDWA TABLE ENERGY: 1.21169e-27 AT 8.99653
Info: ABSOLUTE IMPRECISION IN VDWA TABLE FORCE: 2.57484e-27 AT 8.99653
Info: INCONSISTENCY IN VDWA TABLE ENERGY VS FORCE: 0.0040507 AT 0.251946
Info: INCONSISTENCY IN VDWB TABLE ENERGY VS FORCE: 0.00150189 AT 0.251946
TCL: Setting parameter alchLambda2 to 0.5499999999999996
Info: NONBONDED TABLE R-SQUARED SPACING: 0.0625
Info: NONBONDED TABLE SIZE: 705 POINTS
Info: INCONSISTENCY IN FAST TABLE ENERGY VS FORCE: 0.000290481 AT 0.251946
Info: INCONSISTENCY IN SCOR TABLE ENERGY VS FORCE: 0.000238233 AT 8.9687
Info: ABSOLUTE IMPRECISION IN VDWA TABLE ENERGY: 1.21169e-27 AT 8.99653
Info: ABSOLUTE IMPRECISION IN VDWA TABLE FORCE: 2.57484e-27 AT 8.99653
Info: INCONSISTENCY IN VDWA TABLE ENERGY VS FORCE: 0.0040507 AT 0.251946
Info: INCONSISTENCY IN VDWB TABLE ENERGY VS FORCE: 0.00150189 AT 0.251946
TCL: Running for 1500000 steps
FEP: RESETTING FOR NEW FEP WINDOW LAMBDA SET TO 0.6 LAMBDA2 0.55
FEP: WINDOW TO HAVE 100000 STEPS OF EQUILIBRATION PRIOR TO FEP DATA COLLECTION.
FEP: USING CONSTANT TEMPERATURE OF 300 K FOR FEP CALCULATION
PRESSURE: 0 109.002 359.912 224.374 359.912 -149.271 -325.316 224.375 -325.319 -248.093
GPRESSURE: 0 61.9536 622.572 122.506 220.83 44.5394 -326.134 -66.5807 -91.0729 -184.434
ETITLE:      TS           BOND          ANGLE          DIHED          IMPRP               ELECT            VDW       BOUNDARY           MISC        KINETIC               TOTAL           TEMP      POTENTIAL       TOTALAVG        TEMPAVG            PRESSURE      GPRESSURE         VOLUME       PRESSAVG      GPRESSAVG
FEPTITLE:    TS          BOND2         ELECT2           VDW2

ENERGY:       0         6.7399        21.0192         6.1399         0.0000         -10617.2238      1435.2101         0.0000         0.0000      1721.8557          -7426.2590       294.9208     -9148.1147     -7426.2590       294.9208            -96.1203       -25.9803     30522.8357       -96.1203       -25.9803
FEP:          0        33.8989    -10616.9373      1435.3705

PRESSURE: 100000 806.043 342.238 -366.997 342.235 1267.97 -29.2651 -366.989 -29.2592 677.057
GPRESSURE: 100000 871.639 77.7511 -159.921 195.012 1340.77 -149.249 -432.798 -137.052 610.621
PRESSAVG: 100000 -13.1577 31.8142 -49.0801 31.8142 -61.2158 -25.0175 -49.0801 -25.0175 20.8289
GPRESSAVG: 100000 63.4706 -25.19 -56.6509 36.3065 40.7546 -108.01 -70.4036 53.0386 68.6078
ENERGY:  100000         6.3506        21.0508         7.0206         0.0000         -10609.0110      1490.9473         0.0000         0.0000      1790.7228          -7292.9189       306.7164     -9083.6416     -7359.5890       300.8186            917.0220       941.0099     30171.9034       410.4508       457.5148
FEP:     100000        34.4221    -10608.7538      1491.0861

WRITING EXTENDED SYSTEM TO RESTART FILE AT STEP 100000
WRITING COORDINATES TO DCD FILE mobley_2261979_prod.dcd AT STEP 100000
WRITING COORDINATES TO RESTART FILE AT STEP 100000
FINISHED WRITING RESTART COORDINATES
WRITING VELOCITIES TO RESTART FILE AT STEP 100000
FINISHED WRITING RESTART VELOCITIES
PRESSURE: 200000 -544.014 25.5433 -269.238 25.5423 -99.1754 629.405 -269.234 629.408 141.819
GPRESSURE: 200000 -418.227 -133.005 -167.767 91.7824 2.91556 832.928 -179.1 268.517 -9.83476
PRESSAVG: 200000 -16.521 34.4688 -55.3308 34.4688 -70.6253 15.9395 -55.3308 15.9395 21.8581
GPRESSAVG: 200000 57.6107 -39.1331 -58.1242 48.272 36.1995 -65.0504 -85.1667 75.929 61.6869
ENERGY:  200000         6.7490        20.1439         6.6990         0.0000         -10493.7006      1374.5187         0.0000         0.0000      1747.1619          -7338.4282       299.2552     -9085.5901     -7352.5354       300.2975           -167.1235      -141.7153     30124.9927       217.9260       257.7714
FEP:     200000        33.5918    -10493.2618      1375.4366

WRITING EXTENDED SYSTEM TO RESTART FILE AT STEP 200000
WRITING COORDINATES TO DCD FILE mobley_2261979_prod.dcd AT STEP 200000
WRITING COORDINATES TO RESTART FILE AT STEP 200000
FINISHED WRITING RESTART COORDINATES
WRITING VELOCITIES TO RESTART FILE AT STEP 200000
FINISHED WRITING RESTART VELOCITIES
PRESSURE: 300000 -60.8052 393.505 -151.967 393.503 160.932 -25.8701 -151.966 -25.8688 -483.862
GPRESSURE: 300000 -90.4435 501.196 -515.732 373.092 512.003 -157.753 280.095 229.379 -554.294
PRESSAVG: 300000 21.094 41.5896 -48.2888 41.5896 -25.811 34.8034 -48.2888 34.8034 24.6709
GPRESSAVG: 300000 84.5362 -20.6847 -61.9339 52.1312 92.7329 -59.6538 -55.3101 90.0529 68.797
ENERGY:  300000         8.2762        18.7186         6.8146         0.0000         -10574.8362      1410.0406         0.0000         0.0000      1734.6429          -7396.3434       297.1110     -9130.9862     -7363.4874       299.5008           -127.9116       -44.2451     30113.0872       131.4666       182.2673
FEP:     300000        33.8094    -10574.6121      1410.5243

WRITING EXTENDED SYSTEM TO RESTART FILE AT STEP 300000
WRITING COORDINATES TO DCD FILE mobley_2261979_prod.dcd AT STEP 300000
WRITING COORDINATES TO RESTART FILE AT STEP 300000
FINISHED WRITING RESTART COORDINATES
WRITING VELOCITIES TO RESTART FILE AT STEP 300000
FINISHED WRITING RESTART VELOCITIES
PRESSURE: 400000 -566.866 -131.987 -228.41 -131.983 -862.796 424.46 -228.407 424.46 -553.881
GPRESSURE: 400000 -461.883 -6.9569 -128.481 -579.34 -670.142 374.999 -19.7421 372.489 -615.968
PRESSAVG: 400000 35.7125 20.9748 -44.7332 20.9748 -29.7483 74.339 -44.7332 74.339 27.7745
GPRESSAVG: 400000 93.339 -27.6466 -46.6672 8.51099 90.2671 -27.7327 -40.7753 111.233 73.4394
ENERGY:  400000         3.6257        18.9030         5.3262         0.0000         -10445.9458      1347.1615         0.0000         0.0000      1780.3224          -7290.6070       304.9350     -9070.9294     -7348.9113       300.5877           -661.1812      -582.6644     30552.0722       -27.0629        29.2810
FEP:     400000        27.8548    -10446.1545      1346.9526

WRITING EXTENDED SYSTEM TO RESTART FILE AT STEP 400000
WRITING COORDINATES TO DCD FILE mobley_2261979_prod.dcd AT STEP 400000
WRITING COORDINATES TO RESTART FILE AT STEP 400000
FINISHED WRITING RESTART COORDINATES
WRITING VELOCITIES TO RESTART FILE AT STEP 400000
FINISHED WRITING RESTART VELOCITIES
PRESSURE: 500000 -387.414 -89.5079 86.742 -89.506 1319.22 -1125.09 86.739 -1125.09 1142
GPRESSURE: 500000 34.0001 296.021 245.867 -185.429 1007.89 -874.62 127.875 -1016.97 1154.4
PRESSAVG: 500000 17.9148 25.1846 -44.0849 25.1846 5.45164 21.0722 -44.0849 21.0722 95.7259
GPRESSAVG: 500000 83.957 -15.9463 -35.2529 17.2383 113.734 -52.5391 -50.1028 64.4838 132.13
ENERGY:  500000         7.1381        21.3650         7.4654         0.0000         -10625.5495      1481.5245         0.0000         0.0000      1725.3480          -7382.7086       295.5189     -9108.0565     -7354.5442       299.7429            691.2670       732.0988     29851.7553        92.6587       146.4173
FEP:     500000        35.9685    -10625.5853      1482.0486

WRITING EXTENDED SYSTEM TO RESTART FILE AT STEP 500000
WRITING COORDINATES TO DCD FILE mobley_2261979_prod.dcd AT STEP 500000
WRITING COORDINATES TO RESTART FILE AT STEP 500000
FINISHED WRITING RESTART COORDINATES
WRITING VELOCITIES TO RESTART FILE AT STEP 500000
FINISHED WRITING RESTART VELOCITIES
PRESSURE: 600000 336.721 718.053 31.5844 718.052 -412.364 -530.56 31.5845 -530.557 584.056
GPRESSURE: 600000 375.805 963.474 71.0151 753.302 -229.025 -473.542 63.1797 -413.051 764.809
PRESSAVG: 600000 38.3566 99.6115 -61.8317 99.6115 -11.4262 7.34134 -61.8317 7.34134 136.402
GPRESSAVG: 600000 109.95 86.5881 -34.2957 73.5117 94.3953 -67.7308 -78.9954 63.1263 174.227
ENERGY:  600000         4.8547        18.8220         6.6400         0.0000         -10719.5867      1472.2857         0.0000         0.0000      1795.1973          -7421.7870       307.4828     -9216.9842     -7364.1503       300.8486            169.4712       303.8630     29870.3743       103.6319       168.9095
FEP:     600000        30.3167    -10719.6441      1471.8060

WRITING EXTENDED SYSTEM TO RESTART FILE AT STEP 600000
WRITING COORDINATES TO DCD FILE mobley_2261979_prod.dcd AT STEP 600000
WRITING COORDINATES TO RESTART FILE AT STEP 600000
FINISHED WRITING RESTART COORDINATES
WRITING VELOCITIES TO RESTART FILE AT STEP 600000
FINISHED WRITING RESTART VELOCITIES
PRESSURE: 700000 322.41 -54.0726 -339.029 -54.0751 106.481 150.307 -339.031 150.308 -9.47151
GPRESSURE: 700000 642.913 -218.489 -574.43 -246.143 181.218 78.9372 -394.637 94.8673 -193.525
PRESSAVG: 700000 97.8699 93.4642 -73.8427 93.4642 26.5616 33.4965 -73.8427 33.4965 141.061
GPRESSAVG: 700000 188.154 85.4907 -58.6292 54.9552 131.506 -53.5956 -83.1671 98.2115 159.913
ENERGY:  700000         2.9172        22.3678         6.0016         0.0000         -10569.3177      1420.8376         0.0000         0.0000      1753.2932          -7363.9004       300.3054     -9117.1936     -7364.1191       300.7807            139.8066       210.2018     30031.1822       108.1538       174.0711
FEP:     700000        31.2865    -10568.9144      1421.4448

WRITING EXTENDED SYSTEM TO RESTART FILE AT STEP 700000
WRITING COORDINATES TO DCD FILE mobley_2261979_prod.dcd AT STEP 700000
WRITING COORDINATES TO RESTART FILE AT STEP 700000
FINISHED WRITING RESTART COORDINATES
WRITING VELOCITIES TO RESTART FILE AT STEP 700000
FINISHED WRITING RESTART VELOCITIES
PRESSURE: 800000 -77.8619 -1.68854 -44.5879 -1.68929 -113.034 162.483 -44.5852 162.48 -102.652
GPRESSURE: 800000 -6.70778 236.96 -49.0031 -128.811 -100.606 116.085 74.1759 181.088 7.61949
PRESSAVG: 800000 56.9953 94.4936 -69.0066 94.4936 29.4801 35.5934 -69.0066 35.5934 130.295
GPRESSAVG: 800000 147.462 107.365 -33.4555 30.3004 126.064 -31.1581 -91.102 102.031 146.915
ENERGY:  800000        11.4744        22.9478         5.8265         0.0000         -10590.5382      1416.0489         0.0000         0.0000      1697.1778          -7437.0629       290.6939     -9134.2407     -7372.2239       299.6599            -97.8493       -33.2314     30314.0023        85.2645       151.0375
FEP:     800000        40.2487    -10590.5665      1416.1028

WRITING EXTENDED SYSTEM TO RESTART FILE AT STEP 800000
WRITING COORDINATES TO DCD FILE mobley_2261979_prod.dcd AT STEP 800000
WRITING COORDINATES TO RESTART FILE AT STEP 800000
FINISHED WRITING RESTART COORDINATES
WRITING VELOCITIES TO RESTART FILE AT STEP 800000
FINISHED WRITING RESTART VELOCITIES
PRESSURE: 900000 -146.791 139.565 416.175 139.567 -311.082 265.997 416.171 266 -170.196
GPRESSURE: 900000 -147.136 -248.815 260.633 634.742 -156.405 377.715 575.236 256.445 -168.591
PRESSAVG: 900000 68.7454 104.738 -31.0545 104.738 5.39404 51.6686 -31.0545 51.6686 140.79
GPRESSAVG: 900000 155.141 103.136 -6.93212 77.1619 109.447 -9.63645 -43.4596 100.089 158.191
ENERGY:  900000         3.7106        22.8999         4.6968         0.0000         -10514.2522      1392.4322         0.0000         0.0000      1716.7651          -7373.7476       294.0488     -9090.5127     -7372.3763       299.0988           -209.3562      -157.3776     30180.2425        55.8025       120.1959
FEP:     900000        31.3073    -10514.0506      1392.0909

WRITING EXTENDED SYSTEM TO RESTART FILE AT STEP 900000
WRITING COORDINATES TO DCD FILE mobley_2261979_prod.dcd AT STEP 900000
WRITING COORDINATES TO RESTART FILE AT STEP 900000
FINISHED WRITING RESTART COORDINATES
WRITING VELOCITIES TO RESTART FILE AT STEP 900000
FINISHED WRITING RESTART VELOCITIES
PRESSURE: 1000000 -42.8261 167.539 11.2155 167.535 469.897 937.048 11.218 937.055 -546.11
GPRESSURE: 1000000 95.0122 352.794 12.4487 397.9 307.924 841.746 165.821 1214.75 -375.028
PRESSAVG: 1000000 36.5005 129.51 -36.088 129.51 -19.3262 69.324 -36.088 69.324 107.18
GPRESSAVG: 1000000 131.538 131.454 -23.2999 114.352 69.6515 2.55783 -29.2467 131.098 127.598
TIMING: 1000000  CPU: 5361.83, 0.000414405/step  Wall: 5500.61, 0.000428086/step, 403.657 ns/days, 0.0594564 hours remaining, 0.000000 MB of memory in use.
PERFORMANCE: 1000000  averaging 408.042 ns/day, 0.000423486 sec/step with standard deviation 2.86086e-06
ETITLE:      TS           BOND          ANGLE          DIHED          IMPRP               ELECT            VDW       BOUNDARY           MISC        KINETIC               TOTAL           TEMP      POTENTIAL       TOTALAVG        TEMPAVG            PRESSURE      GPRESSURE         VOLUME       PRESSAVG      GPRESSAVG
FEPTITLE:    TS          BOND2         ELECT2           VDW2

ENERGY: 1000000         5.4172        21.2562         5.7677         0.0000         -10589.2936      1417.2599         0.0000         0.0000      1756.3759          -7383.2166       300.8334     -9139.5925     -7373.3618       299.2565            -39.6798         9.3026     29992.9205        47.1223       110.1147
FEP:    1000000        32.4411    -10588.9667      1417.1176

WRITING EXTENDED SYSTEM TO RESTART FILE AT STEP 1000000
WRITING COORDINATES TO DCD FILE mobley_2261979_prod.dcd AT STEP 1000000
WRITING COORDINATES TO RESTART FILE AT STEP 1000000
FINISHED WRITING RESTART COORDINATES
WRITING VELOCITIES TO RESTART FILE AT STEP 1000000
FINISHED WRITING RESTART VELOCITIES
PRESSURE: 1100000 -181.884 65.0042 -559.01 65.0017 -653.848 -100.51 -559.011 -100.507 168.879
GPRESSURE: 1100000 -44.3438 202.829 -571.458 118.839 -631.872 -272.522 -440.253 167.156 61.3083
PRESSAVG: 1100000 23.3227 111.923 -84.8419 111.923 -82.3364 52.6448 -84.8419 52.6448 54.3833
GPRESSAVG: 1100000 116.157 130.002 -76.6199 99.6691 1.57559 -12.6084 -63.1903 130.167 65.2111
ENERGY: 1100000         8.0256        19.6891         8.4142         0.0000         -10466.4137      1363.4376         0.0000         0.0000      1796.0441          -7270.8033       307.6278     -9066.8474     -7364.8152       299.9541           -222.2844      -204.9691     30174.1699        24.6717        83.8577
FEP:    1100000        36.1288    -10465.7183      1363.4586

WRITING EXTENDED SYSTEM TO RESTART FILE AT STEP 1100000
WRITING COORDINATES TO DCD FILE mobley_2261979_prod.dcd AT STEP 1100000
WRITING COORDINATES TO RESTART FILE AT STEP 1100000
FINISHED WRITING RESTART COORDINATES
WRITING VELOCITIES TO RESTART FILE AT STEP 1100000
FINISHED WRITING RESTART VELOCITIES
PRESSURE: 1200000 1019.93 176.312 151.364 176.312 1051.85 -267.996 151.364 -268.003 255.219
GPRESSURE: 1200000 999.224 -36.5725 78.1975 250.006 1366.7 -136.82 286.394 -377.696 88.329
PRESSAVG: 1200000 67.26 108.99 -91.8522 108.99 19.6645 35.1151 -91.8522 35.1151 82.1836
GPRESSAVG: 1200000 152.762 126.737 -81.9267 91.8964 113.475 -33.7136 -59.1767 105.566 95.8399
ENERGY: 1200000         4.3086        22.1337         8.3771         0.0000         -10726.0745      1537.4727         0.0000         0.0000      1722.8794          -7430.9030       295.0961     -9153.7824     -7369.8989       299.5804            775.6681       818.0837     30150.5855        82.4407       140.3367
FEP:    1200000        34.8194    -10725.7758      1536.9664

WRITING EXTENDED SYSTEM TO RESTART FILE AT STEP 1200000
WRITING COORDINATES TO DCD FILE mobley_2261979_prod.dcd AT STEP 1200000
WRITING COORDINATES TO RESTART FILE AT STEP 1200000
FINISHED WRITING RESTART COORDINATES
WRITING VELOCITIES TO RESTART FILE AT STEP 1200000
FINISHED WRITING RESTART VELOCITIES
PRESSURE: 1300000 -716.54 -155.324 351.477 -155.322 221.337 911.918 351.472 911.912 -829.127
GPRESSURE: 1300000 -656.173 -0.521421 354.999 -120.382 324.73 998.151 499.851 1008.56 -897.784
PRESSAVG: 1300000 67.473 115.282 -41.8223 115.282 8.83888 68.1754 -41.8223 68.1754 51.0305
GPRESSAVG: 1300000 148.844 127.243 -55.7696 112.419 105.301 28.5631 5.62667 116.046 58.1488
ENERGY: 1300000         8.4800        22.3010         4.9084         0.0000         -10494.5369      1354.0212         0.0000         0.0000      1752.3771          -7352.4491       300.1485     -9104.8262     -7368.6525       299.6210           -441.4435      -409.7423     30034.7906        45.0204       101.0453
FEP:    1300000        35.6895    -10493.9265      1354.4266

WRITING EXTENDED SYSTEM TO RESTART FILE AT STEP 1300000
WRITING COORDINATES TO DCD FILE mobley_2261979_prod.dcd AT STEP 1300000
WRITING COORDINATES TO RESTART FILE AT STEP 1300000
FINISHED WRITING RESTART COORDINATES
WRITING VELOCITIES TO RESTART FILE AT STEP 1300000
FINISHED WRITING RESTART VELOCITIES
PRESSURE: 1400000 34.0832 -318.856 3.40124 -318.857 -693.13 -244.772 3.39997 -244.768 44.9516
GPRESSURE: 1400000 200.23 102.614 -97.7739 -209.135 -629.689 -158.101 57.5742 -588.486 37.7556
PRESSAVG: 1400000 50.2504 104.578 -41.1241 104.578 -12.9611 43.5319 -41.1241 43.5319 16.744
GPRESSAVG: 1400000 138.044 139.596 -51.9604 111.657 86.0147 11.3583 13.722 75.6882 20.2936
ENERGY: 1400000         5.6276        18.6062         5.7424         0.0000         -10591.0774      1422.0003         0.0000         0.0000      1729.5737          -7409.5272       296.2427     -9139.1009     -7371.3775       299.3958           -204.6985      -130.5679     30402.2056        28.3724        85.6044
FEP:    1400000        29.9762    -10590.5113      1422.4326

WRITING EXTENDED SYSTEM TO RESTART FILE AT STEP 1400000
WRITING COORDINATES TO DCD FILE mobley_2261979_prod.dcd AT STEP 1400000
WRITING COORDINATES TO RESTART FILE AT STEP 1400000
FINISHED WRITING RESTART COORDINATES
WRITING VELOCITIES TO RESTART FILE AT STEP 1400000
FINISHED WRITING RESTART VELOCITIES
PRESSURE: 1500000 158.899 770.417 399.306 770.416 -146.847 70.6269 399.301 70.6266 -223.435
GPRESSURE: 1500000 174.36 928.947 433.731 464.696 -223.637 137.024 175.886 79.9148 -135.718
PRESSAVG: 1500000 44.2133 154.42 -16.6011 154.42 -5.98573 54.6473 -16.6011 54.6473 19.8439
GPRESSAVG: 1500000 125.974 208.193 -20.9709 138.73 97.4712 28.5354 27.9038 85.523 23.7112
ENERGY: 1500000         6.6336        18.3784         6.4634         0.0000         -10553.9867      1422.1196         0.0000         0.0000      1753.1749          -7347.2167       300.2851     -9100.3916     -7369.8674       299.4514            -70.4611       -61.6650     30205.5061        22.1953        76.4001
FEP:    1500000        31.4754    -10553.5089      1422.6012

WRITING EXTENDED SYSTEM TO RESTART FILE AT STEP 1500000
WRITING COORDINATES TO DCD FILE mobley_2261979_prod.dcd AT STEP 1500000
WRITING COORDINATES TO RESTART FILE AT STEP 1500000
FINISHED WRITING RESTART COORDINATES
WRITING VELOCITIES TO RESTART FILE AT STEP 1500000
FINISHED WRITING RESTART VELOCITIES
TCL: Running FEP window  10: Lambda1 0.5499999999999996 Lambda2 0.4999999999999996 [dLambda -0.04999999999999999]
TCL: Setting parameter firsttimestep to 0
TCL: Setting parameter alchLambda to 0.5499999999999996
Info: NONBONDED TABLE R-SQUARED SPACING: 0.0625
Info: NONBONDED TABLE SIZE: 705 POINTS
Info: INCONSISTENCY IN FAST TABLE ENERGY VS FORCE: 0.000290481 AT 0.251946
Info: INCONSISTENCY IN SCOR TABLE ENERGY VS FORCE: 0.000238233 AT 8.9687
Info: ABSOLUTE IMPRECISION IN VDWA TABLE ENERGY: 1.21169e-27 AT 8.99653
Info: ABSOLUTE IMPRECISION IN VDWA TABLE FORCE: 2.57484e-27 AT 8.99653
Info: INCONSISTENCY IN VDWA TABLE ENERGY VS FORCE: 0.0040507 AT 0.251946
Info: INCONSISTENCY IN VDWB TABLE ENERGY VS FORCE: 0.00150189 AT 0.251946
TCL: Setting parameter alchLambda2 to 0.4999999999999996
Info: NONBONDED TABLE R-SQUARED SPACING: 0.0625
Info: NONBONDED TABLE SIZE: 705 POINTS
Info: INCONSISTENCY IN FAST TABLE ENERGY VS FORCE: 0.000290481 AT 0.251946
Info: INCONSISTENCY IN SCOR TABLE ENERGY VS FORCE: 0.000238233 AT 8.9687
Info: ABSOLUTE IMPRECISION IN VDWA TABLE ENERGY: 1.21169e-27 AT 8.99653
Info: ABSOLUTE IMPRECISION IN VDWA TABLE FORCE: 2.57484e-27 AT 8.99653
Info: INCONSISTENCY IN VDWA TABLE ENERGY VS FORCE: 0.0040507 AT 0.251946
Info: INCONSISTENCY IN VDWB TABLE ENERGY VS FORCE: 0.00150189 AT 0.251946
TCL: Running for 1500000 steps
FEP: RESETTING FOR NEW FEP WINDOW LAMBDA SET TO 0.55 LAMBDA2 0.5
FEP: WINDOW TO HAVE 100000 STEPS OF EQUILIBRATION PRIOR TO FEP DATA COLLECTION.
FEP: USING CONSTANT TEMPERATURE OF 300 K FOR FEP CALCULATION
PRESSURE: 0 105.716 782.206 377.175 782.205 -243.274 58.0616 377.177 58.0637 -305.153
GPRESSURE: 0 171.452 928.117 437.778 462.653 -222.883 139.685 179.665 82.3941 -139.095
ETITLE:      TS           BOND          ANGLE          DIHED          IMPRP               ELECT            VDW       BOUNDARY           MISC        KINETIC               TOTAL           TEMP      POTENTIAL       TOTALAVG        TEMPAVG            PRESSURE      GPRESSURE         VOLUME       PRESSAVG      GPRESSAVG
FEPTITLE:    TS          BOND2         ELECT2           VDW2

ENERGY:       0         6.6336        18.3784         6.4634         0.0000         -10553.5098      1422.6013         0.0000         0.0000      1752.2820          -7347.1510       300.1322     -9099.4331     -7347.1510       300.1322           -147.5703       -63.5085     30205.5061      -147.5703       -63.5085
FEP:          0        31.4754    -10553.0321      1423.2023

PRESSURE: 100000 -1219.56 -33.3153 -3.08712 -33.3147 -497.698 -49.0302 -3.08654 -49.0259 -610.064
GPRESSURE: 100000 -1180 -185.832 -111.046 92.8865 -344.505 109.331 3.61001 -232.197 -731.018
PRESSAVG: 100000 -0.373413 194.722 -8.97223 194.722 16.0702 53.106 -8.97223 53.106 -29.3963
GPRESSAVG: 100000 79.533 252.084 -38.0052 168.533 106.252 66.3053 29.9157 58.9978 -28.6228
ENERGY:  100000         4.1933        17.0420         7.4383         0.0000         -10515.5043      1348.3297         0.0000         0.0000      1707.5313          -7430.9697       292.4673     -9138.5010     -7389.0604       296.2997           -775.7751      -751.8410     30328.6895      -461.6727      -407.6747
FEP:     100000        28.6736    -10515.4921      1348.6977

WRITING EXTENDED SYSTEM TO RESTART FILE AT STEP 100000
WRITING COORDINATES TO DCD FILE mobley_2261979_prod.dcd AT STEP 100000
WRITING COORDINATES TO RESTART FILE AT STEP 100000
FINISHED WRITING RESTART COORDINATES
WRITING VELOCITIES TO RESTART FILE AT STEP 100000
FINISHED WRITING RESTART VELOCITIES
PRESSURE: 200000 515.985 -196.473 -259.907 -196.47 139.51 -386.588 -259.912 -386.588 420.823
GPRESSURE: 200000 742.817 -391.029 -203.529 182.747 184.272 -374.465 -330.801 -145.709 519.982
PRESSAVG: 200000 -17.994 167.336 3.47341 167.336 16.2057 11.6852 3.47341 11.6852 -45.6537
GPRESSAVG: 200000 72.7532 230.521 -22.1743 149.484 105.845 37.7864 27.8181 43.1323 -46.8037
ENERGY:  200000         4.3741        16.8909         5.6312         0.0000         -10750.7810      1485.9813         0.0000         0.0000      1764.5539          -7473.3496       302.2341     -9237.9035     -7417.1568       298.2779            358.7728       482.3569     29689.6979      -188.1909      -110.9975
FEP:     200000        26.8962    -10750.3204      1486.4559

WRITING EXTENDED SYSTEM TO RESTART FILE AT STEP 200000
WRITING COORDINATES TO DCD FILE mobley_2261979_prod.dcd AT STEP 200000
WRITING COORDINATES TO RESTART FILE AT STEP 200000
FINISHED WRITING RESTART COORDINATES
WRITING VELOCITIES TO RESTART FILE AT STEP 200000
FINISHED WRITING RESTART VELOCITIES
PRESSURE: 300000 -57.5944 188.579 -69.2319 188.579 279.394 -303.865 -69.2302 -303.87 191.143
GPRESSURE: 300000 87.7236 300.079 189.174 435.306 381.328 -93.22 -31.2375 -256.114 130.801
PRESSAVG: 300000 -29.6683 157.382 -11.9326 157.382 41.7034 11.0729 -11.9326 11.0729 -22.805
GPRESSAVG: 300000 72.6107 214.607 -18.6396 160.228 122.276 49.5089 29.7106 34.8606 -31.483
ENERGY:  300000         5.9080        22.4949         7.9948         0.0000         -10624.8746      1463.0315         0.0000         0.0000      1807.5170          -7317.9284       309.5929     -9125.4454     -7392.3497       301.1066            137.6477       199.9507     30574.2123      -106.7312       -33.2605
FEP:     300000        36.3977    -10624.2740      1462.9818

WRITING EXTENDED SYSTEM TO RESTART FILE AT STEP 300000
WRITING COORDINATES TO DCD FILE mobley_2261979_prod.dcd AT STEP 300000
WRITING COORDINATES TO RESTART FILE AT STEP 300000
FINISHED WRITING RESTART COORDINATES
WRITING VELOCITIES TO RESTART FILE AT STEP 300000
FINISHED WRITING RESTART VELOCITIES
PRESSURE: 400000 668.659 -194.586 79.3238 -194.586 318.189 -130.462 79.3254 -130.462 -300.428
GPRESSURE: 400000 645.405 -147.067 75.8071 -281.995 544.739 -493.063 13.4112 335.176 -338.165
PRESSAVG: 400000 -1.6855 129.657 -19.185 129.657 65.0764 20.8158 -19.185 20.8158 -25.4218
GPRESSAVG: 400000 101.783 176.125 -20.9746 135.087 147.286 41.1624 33.7102 56.173 -39.1696
ENERGY:  400000         8.6958        21.8024         5.6201         0.0000         -10709.7477      1464.1178         0.0000         0.0000      1800.7469          -7408.7648       308.4333     -9209.5116     -7395.6327       302.5720            228.8066       283.9927     29946.1581       -39.6237        30.1902
FEP:     400000        36.1183    -10709.6469      1464.6696

WRITING EXTENDED SYSTEM TO RESTART FILE AT STEP 400000
WRITING COORDINATES TO DCD FILE mobley_2261979_prod.dcd AT STEP 400000
WRITING COORDINATES TO RESTART FILE AT STEP 400000
FINISHED WRITING RESTART COORDINATES
WRITING VELOCITIES TO RESTART FILE AT STEP 400000
FINISHED WRITING RESTART VELOCITIES
PRESSURE: 500000 -376.871 48.7065 131.89 48.7041 908.058 287.97 131.894 287.973 834.019
GPRESSURE: 500000 -347.736 65.2588 172.802 -31.4178 819.684 282.315 494.583 554.86 855.797
PRESSAVG: 500000 -60.8312 114.981 5.7591 114.981 47.081 36.6774 5.7591 36.6774 -17.5737
GPRESSAVG: 500000 40.8145 175.5 -4.33845 123.765 121.232 62.7406 80.0793 90.7686 -26.9108
ENERGY:  500000         7.7857        21.2376         4.6892         0.0000         -10575.1785      1485.1377         0.0000         0.0000      1804.1358          -7252.1925       309.0138     -9056.3283     -7371.7260       303.6456            455.0688       442.5817     30632.1740        42.8251        98.9221
FEP:     500000        33.7124    -10575.5087      1485.3207

WRITING EXTENDED SYSTEM TO RESTART FILE AT STEP 500000
WRITING COORDINATES TO DCD FILE mobley_2261979_prod.dcd AT STEP 500000
WRITING COORDINATES TO RESTART FILE AT STEP 500000
FINISHED WRITING RESTART COORDINATES
WRITING VELOCITIES TO RESTART FILE AT STEP 500000
FINISHED WRITING RESTART VELOCITIES
PRESSURE: 600000 -1140.35 127.114 135.365 127.113 -582.993 -78.9547 135.362 -78.9499 -365.69
GPRESSURE: 600000 -895.565 -213.563 289.259 197.171 -664.988 -603.969 290.526 -36.5105 -294.216
PRESSAVG: 600000 -90.6482 120.059 25.9889 120.059 22.8901 1.2595 25.9889 1.2595 -42.9492
GPRESSAVG: 600000 16.9476 171.472 18.5129 129.034 87.8368 -9.10426 103.561 75.5173 -41.1298
ENERGY:  600000         6.4941        24.5717         5.0675         0.0000         -10554.7148      1361.8444         0.0000         0.0000      1711.1017          -7445.6353       293.0788     -9156.7370     -7382.2845       302.1361           -696.3456      -618.2563     30246.1083       -62.7707        -3.5320
FEP:     600000        36.1334    -10554.9743      1362.2960

WRITING EXTENDED SYSTEM TO RESTART FILE AT STEP 600000
WRITING COORDINATES TO DCD FILE mobley_2261979_prod.dcd AT STEP 600000
WRITING COORDINATES TO RESTART FILE AT STEP 600000
FINISHED WRITING RESTART COORDINATES
WRITING VELOCITIES TO RESTART FILE AT STEP 600000
FINISHED WRITING RESTART VELOCITIES
PRESSURE: 700000 242.889 176.099 84.0966 176.099 -793.559 448.029 84.0949 448.032 264.126
GPRESSURE: 700000 135.616 183.786 514.885 53.3917 -478.172 538.248 -348.315 205.617 314.437
PRESSAVG: 700000 -75.4634 109.189 37.7919 109.189 -24.8344 24.9546 37.7919 24.9546 -5.54976
GPRESSAVG: 700000 28.2506 155.602 70.0438 113.049 38.328 25.6958 72.14 74.3292 2.30671
ENERGY:  700000         4.2221        17.6730         4.8334         0.0000         -10621.0616      1415.4898         0.0000         0.0000      1777.3326          -7401.5107       304.4229     -9178.8434     -7384.6878       302.4219            -95.5145        -9.3730     29851.0148       -66.8637        -4.2621
FEP:     700000        26.7285    -10620.6809      1416.0210

WRITING EXTENDED SYSTEM TO RESTART FILE AT STEP 700000
WRITING COORDINATES TO DCD FILE mobley_2261979_prod.dcd AT STEP 700000
WRITING COORDINATES TO RESTART FILE AT STEP 700000
FINISHED WRITING RESTART COORDINATES
WRITING VELOCITIES TO RESTART FILE AT STEP 700000
FINISHED WRITING RESTART VELOCITIES
PRESSURE: 800000 686.18 536.888 -332.623 536.89 267.061 563.469 -332.615 563.471 283.948
GPRESSURE: 800000 1057.69 316.15 -378.631 630.254 75.4231 273.588 -221.807 595.986 242.33
PRESSAVG: 800000 -12.8112 142.633 32.5815 142.633 31.6584 31.9051 32.5815 31.9051 36.3417
GPRESSAVG: 800000 104.23 171.757 57.5363 173.529 75.6063 20.6252 62.0368 85.504 45.2216
ENERGY:  800000         4.4386        21.0851         5.3043         0.0000         -10590.6777      1445.3979         0.0000         0.0000      1789.7728          -7324.6790       306.5536     -9114.4518     -7378.0201       302.8810            412.3959       458.4827     29987.2554       -13.6126        47.1540
FEP:     800000        30.8280    -10590.3957      1445.6979

WRITING EXTENDED SYSTEM TO RESTART FILE AT STEP 800000
WRITING COORDINATES TO DCD FILE mobley_2261979_prod.dcd AT STEP 800000
WRITING COORDINATES TO RESTART FILE AT STEP 800000
FINISHED WRITING RESTART COORDINATES
WRITING VELOCITIES TO RESTART FILE AT STEP 800000
FINISHED WRITING RESTART VELOCITIES
PRESSURE: 900000 224.382 206.092 -285.094 206.09 -565.526 289.243 -285.091 289.241 615.368
GPRESSURE: 900000 109.126 258.721 -470.68 14.9936 -507.505 397.66 305.323 179.199 628.942
PRESSAVG: 900000 17.7786 157.413 13.99 157.413 -62.5788 102.622 13.99 102.622 10.0102
GPRESSAVG: 900000 107.986 169.892 21.7089 183.55 -0.163604 84.2392 70.9092 145.313 18.9486
ENERGY:  900000         4.8884        19.4750         8.5519         0.0000         -10655.4545      1450.4685         0.0000         0.0000      1789.1004          -7382.9703       306.4385     -9172.0707     -7378.5151       303.2367             91.4080        76.8545     30302.2420        -3.1106        50.1241
FEP:     900000        32.9153    -10655.4152      1450.8689

WRITING EXTENDED SYSTEM TO RESTART FILE AT STEP 900000
WRITING COORDINATES TO DCD FILE mobley_2261979_prod.dcd AT STEP 900000
WRITING COORDINATES TO RESTART FILE AT STEP 900000
FINISHED WRITING RESTART COORDINATES
WRITING VELOCITIES TO RESTART FILE AT STEP 900000
FINISHED WRITING RESTART VELOCITIES
PRESSURE: 1000000 -891.124 -263.302 386.597 -263.3 -1556.26 -372.221 386.598 -372.22 -1215.24
GPRESSURE: 1000000 -715.188 206.475 231.565 -382.33 -1170.57 99.8254 698.03 -531.699 -1368.27
PRESSAVG: 1000000 -43.6136 108.345 31.7407 108.345 -119.774 110.539 31.7407 110.539 -79.9543
GPRESSAVG: 1000000 53.4362 132.042 29.7364 126.769 -47.241 112.908 102.652 139.38 -87.7054
TIMING: 1000000  CPU: 5981.91, 0.000413453/step  Wall: 6140.84, 0.000426017/step, 405.618 ns/days, 0.059169 hours remaining, 0.000000 MB of memory in use.
PERFORMANCE: 1000000  averaging 407.798 ns/day, 0.000423739 sec/step with standard deviation 2.81349e-06
ETITLE:      TS           BOND          ANGLE          DIHED          IMPRP               ELECT            VDW       BOUNDARY           MISC        KINETIC               TOTAL           TEMP      POTENTIAL       TOTALAVG        TEMPAVG            PRESSURE      GPRESSURE         VOLUME       PRESSAVG      GPRESSAVG
FEPTITLE:    TS          BOND2         ELECT2           VDW2

ENERGY: 1000000         2.4229        26.4916         6.7122         0.0000         -10546.7479      1310.4111         0.0000         0.0000      1769.1265          -7431.5836       303.0173     -9200.7101     -7383.3395       303.2168          -1220.8729     -1084.6771     30536.7205      -113.8162       -53.0397
FEP:    1000000        35.6266    -10546.7440      1310.1855

WRITING EXTENDED SYSTEM TO RESTART FILE AT STEP 1000000
WRITING COORDINATES TO DCD FILE mobley_2261979_prod.dcd AT STEP 1000000
WRITING COORDINATES TO RESTART FILE AT STEP 1000000
FINISHED WRITING RESTART COORDINATES
WRITING VELOCITIES TO RESTART FILE AT STEP 1000000
FINISHED WRITING RESTART VELOCITIES
PRESSURE: 1100000 -545.921 213.49 -140.23 213.491 -77.6263 326.572 -140.231 326.583 -338.697
GPRESSURE: 1100000 -486.726 329.38 -162.474 127.987 -9.21494 142.63 106.162 704.288 -384.148
PRESSAVG: 1100000 -87.0302 121.723 41.6807 121.723 -128.979 119.352 41.6807 119.352 -96.4156
GPRESSAVG: 1100000 -3.04578 159.436 50.3342 145.475 -56.7626 116.092 127.692 169.851 -97.2366
ENERGY: 1100000         2.4851        21.9670         4.2596         0.0000         -10613.0950      1405.1102         0.0000         0.0000      1700.7450          -7478.5282       291.3049     -9179.2731     -7391.2719       302.2241           -320.7480      -293.3631     30258.6576      -131.0605       -73.0666
FEP:    1100000        28.7117    -10613.2655      1405.4288

WRITING EXTENDED SYSTEM TO RESTART FILE AT STEP 1100000
WRITING COORDINATES TO DCD FILE mobley_2261979_prod.dcd AT STEP 1100000
WRITING COORDINATES TO RESTART FILE AT STEP 1100000
FINISHED WRITING RESTART COORDINATES
WRITING VELOCITIES TO RESTART FILE AT STEP 1100000
FINISHED WRITING RESTART VELOCITIES
PRESSURE: 1200000 -365.716 -297.816 -315.284 -297.816 416.57 -77.6544 -315.278 -77.6583 -334.233
GPRESSURE: 1200000 -141.365 -395.228 -233.162 -13.8471 559.4 -13.8253 -387.923 -73.8293 -279.224
PRESSAVG: 1200000 -101.423 106.917 28.146 106.917 -102.499 107.345 28.146 107.345 -107.995
GPRESSAVG: 1200000 -9.77864 127.826 41.1263 151.223 -23.7624 109.597 104.587 157.105 -111.579
ENERGY: 1200000         4.9152        19.6876         8.7128         0.0000         -10550.4442      1401.9738         0.0000         0.0000      1780.6526          -7334.5022       304.9915     -9115.1548     -7386.9050       302.4370            -94.4596        46.2702     29761.9218      -128.2451       -63.8869
FEP:    1200000        33.3155    -10550.3474      1401.1946

WRITING EXTENDED SYSTEM TO RESTART FILE AT STEP 1200000
WRITING COORDINATES TO DCD FILE mobley_2261979_prod.dcd AT STEP 1200000
WRITING COORDINATES TO RESTART FILE AT STEP 1200000
FINISHED WRITING RESTART COORDINATES
WRITING VELOCITIES TO RESTART FILE AT STEP 1200000
FINISHED WRITING RESTART VELOCITIES
PRESSURE: 1300000 -178.522 -377.83 82.0275 -377.83 -227.888 -209.291 82.0297 -209.288 387.471
GPRESSURE: 1300000 -265.363 -264.521 -139.29 -309.024 -271.165 94.1105 314.83 -440.651 461.914
PRESSAVG: 1300000 -103.009 81.047 11.439 81.047 -98.339 83.5809 11.439 83.5809 -80.1113
GPRESSAVG: 1300000 -15.69 127.041 21.1301 104.035 -29.5003 95.4165 91.5664 122.251 -80.0535
ENERGY: 1300000         4.1326        21.7578         4.6447         0.0000         -10665.0221      1445.1058         0.0000         0.0000      1783.3738          -7406.0075       305.4576     -9189.3813     -7388.2695       302.6528             -6.3128       -24.8713     30178.1134      -119.5356       -61.1001
FEP:    1300000        30.5350    -10665.1222      1445.2059

WRITING EXTENDED SYSTEM TO RESTART FILE AT STEP 1300000
WRITING COORDINATES TO DCD FILE mobley_2261979_prod.dcd AT STEP 1300000
WRITING COORDINATES TO RESTART FILE AT STEP 1300000
FINISHED WRITING RESTART COORDINATES
WRITING VELOCITIES TO RESTART FILE AT STEP 1300000
FINISHED WRITING RESTART VELOCITIES
PRESSURE: 1400000 228.004 -196.032 -90.5167 -196.033 -748.933 242.581 -90.5119 242.578 -129.002
GPRESSURE: 1400000 250.599 -289.231 -68.0909 126.471 -750.153 437.23 128.09 158.59 83.6521
PRESSAVG: 1400000 -89.4679 62.8686 6.35249 62.8686 -159.281 48.8571 6.35249 48.8571 -59.2559
GPRESSAVG: 1400000 -7.91065 94.9397 17.1031 90.4637 -82.4042 75.1906 89.6799 69.4425 -57.1195
ENERGY: 1400000         1.5751        19.1263         5.7132         0.0000         -10539.6799      1408.7242         0.0000         0.0000      1733.4632          -7371.0779       296.9089     -9104.5411     -7387.1234       302.2698           -216.6438      -138.6342     30500.5369      -126.0095       -66.2690
FEP:    1400000        26.4146    -10539.2152      1409.2178

WRITING EXTENDED SYSTEM TO RESTART FILE AT STEP 1400000
WRITING COORDINATES TO DCD FILE mobley_2261979_prod.dcd AT STEP 1400000
WRITING COORDINATES TO RESTART FILE AT STEP 1400000
FINISHED WRITING RESTART COORDINATES
WRITING VELOCITIES TO RESTART FILE AT STEP 1400000
FINISHED WRITING RESTART VELOCITIES
PRESSURE: 1500000 -905.391 -248.214 115.046 -248.216 -450.399 -45.8121 115.045 -45.8149 -31.0603
GPRESSURE: 1500000 -750.539 -429.337 30.1912 -226.754 -496.789 -356.301 71.4119 89.7689 170.149
PRESSAVG: 1500000 -125.643 47.2077 40.0553 47.2077 -149.108 51.5917 40.0553 51.5917 -69.2528
GPRESSAVG: 1500000 -43.2204 63.3314 47.1856 73.184 -75.65 71.0017 115.263 65.5731 -51.6775
ENERGY: 1500000         8.6924        15.3444         8.4058         0.0000         -10587.5776      1374.1952         0.0000         0.0000      1734.8066          -7446.1333       297.1390     -9180.9399     -7390.8115       301.9492           -462.2834      -359.0597     30003.1201      -147.0266       -84.5684
FEP:    1500000        32.4425    -10587.5647      1374.5527

WRITING EXTENDED SYSTEM TO RESTART FILE AT STEP 1500000
WRITING COORDINATES TO DCD FILE mobley_2261979_prod.dcd AT STEP 1500000
WRITING COORDINATES TO RESTART FILE AT STEP 1500000
FINISHED WRITING RESTART COORDINATES
WRITING VELOCITIES TO RESTART FILE AT STEP 1500000
FINISHED WRITING RESTART VELOCITIES
TCL: Running FEP window  11: Lambda1 0.4999999999999996 Lambda2 0.4499999999999996 [dLambda -0.04999999999999999]
TCL: Setting parameter firsttimestep to 0
TCL: Setting parameter alchLambda to 0.4999999999999996
Info: NONBONDED TABLE R-SQUARED SPACING: 0.0625
Info: NONBONDED TABLE SIZE: 705 POINTS
Info: INCONSISTENCY IN FAST TABLE ENERGY VS FORCE: 0.000290481 AT 0.251946
Info: INCONSISTENCY IN SCOR TABLE ENERGY VS FORCE: 0.000238233 AT 8.9687
Info: ABSOLUTE IMPRECISION IN VDWA TABLE ENERGY: 1.21169e-27 AT 8.99653
Info: ABSOLUTE IMPRECISION IN VDWA TABLE FORCE: 2.57484e-27 AT 8.99653
Info: INCONSISTENCY IN VDWA TABLE ENERGY VS FORCE: 0.0040507 AT 0.251946
Info: INCONSISTENCY IN VDWB TABLE ENERGY VS FORCE: 0.00150189 AT 0.251946
TCL: Setting parameter alchLambda2 to 0.4499999999999996
Info: NONBONDED TABLE R-SQUARED SPACING: 0.0625
Info: NONBONDED TABLE SIZE: 705 POINTS
Info: INCONSISTENCY IN FAST TABLE ENERGY VS FORCE: 0.000290481 AT 0.251946
Info: INCONSISTENCY IN SCOR TABLE ENERGY VS FORCE: 0.000238233 AT 8.9687
Info: ABSOLUTE IMPRECISION IN VDWA TABLE ENERGY: 1.21169e-27 AT 8.99653
Info: ABSOLUTE IMPRECISION IN VDWA TABLE FORCE: 2.57484e-27 AT 8.99653
Info: INCONSISTENCY IN VDWA TABLE ENERGY VS FORCE: 0.0040507 AT 0.251946
Info: INCONSISTENCY IN VDWB TABLE ENERGY VS FORCE: 0.00150189 AT 0.251946
TCL: Running for 1500000 steps
FEP: RESETTING FOR NEW FEP WINDOW LAMBDA SET TO 0.5 LAMBDA2 0.45
FEP: WINDOW TO HAVE 100000 STEPS OF EQUILIBRATION PRIOR TO FEP DATA COLLECTION.
FEP: USING CONSTANT TEMPERATURE OF 300 K FOR FEP CALCULATION
PRESSURE: 0 -913.117 -295.569 68.9778 -295.567 -452.966 -26.3055 68.9832 -26.3019 15.1251
GPRESSURE: 0 -754.091 -432.738 26.6467 -230.237 -502.057 -360.599 70.8642 84.5944 157.657
ETITLE:      TS           BOND          ANGLE          DIHED          IMPRP               ELECT            VDW       BOUNDARY           MISC        KINETIC               TOTAL           TEMP      POTENTIAL       TOTALAVG        TEMPAVG            PRESSURE      GPRESSURE         VOLUME       PRESSAVG      GPRESSAVG
FEPTITLE:    TS          BOND2         ELECT2           VDW2

ENERGY:       0         8.6924        15.3444         8.4058         0.0000         -10587.5652      1374.5527         0.0000         0.0000      1733.9629          -7446.6071       296.9945     -9180.5699     -7446.6071       296.9945           -450.3192      -366.1636     30003.1201      -450.3192      -366.1636
FEP:          0        32.4425    -10587.5652      1375.0994

PRESSURE: 100000 47.7813 433.136 -311.274 433.138 764.87 -200.216 -311.27 -200.217 876.389
GPRESSURE: 100000 130.239 648.965 -367.672 183.28 889.086 -65.7293 -140.174 -294.68 858.382
PRESSAVG: 100000 -184.08 53.0368 2.79918 53.0368 -197.172 8.07031 2.79918 8.07031 4.0183
GPRESSAVG: 100000 -91.5656 75.9975 8.47453 64.3549 -140.87 6.61868 72.4854 23.5256 39.5972
ENERGY:  100000         6.5996        20.3956         5.6367         0.0000         -10665.2092      1493.1043         0.0000         0.0000      1734.4684          -7405.0046       297.0811     -9139.4730     -7425.8058       297.0378            563.0132       625.9019     29869.8151        56.3470       129.8692
FEP:     100000        32.6319    -10665.2092      1493.4336

WRITING EXTENDED SYSTEM TO RESTART FILE AT STEP 100000
WRITING COORDINATES TO DCD FILE mobley_2261979_prod.dcd AT STEP 100000
WRITING COORDINATES TO RESTART FILE AT STEP 100000
FINISHED WRITING RESTART COORDINATES
WRITING VELOCITIES TO RESTART FILE AT STEP 100000
FINISHED WRITING RESTART VELOCITIES
PRESSURE: 200000 2.3865 134.134 117.415 134.135 -119.282 83.5124 117.414 83.5119 -399.234
GPRESSURE: 200000 -267.918 394.051 183.277 156.466 160.546 18.2454 301.254 203.489 -227.274
PRESSAVG: 200000 -185.665 75.6864 8.49986 75.6864 -168.48 24.4843 8.49986 24.4843 -18.191
GPRESSAVG: 200000 -114.973 90.5693 22.5271 82.6349 -101.358 15.436 84.6694 63.1243 26.3457
ENERGY:  200000         2.0214        20.0314         6.9423         0.0000         -10606.1611      1433.8735         0.0000         0.0000      1741.1075          -7402.1850       298.2182     -9143.2926     -7417.9322       297.4313           -172.0433      -111.5487     30624.4125       -19.7831        49.3965
FEP:     200000        28.9951    -10606.1611      1434.3114

WRITING EXTENDED SYSTEM TO RESTART FILE AT STEP 200000
WRITING COORDINATES TO DCD FILE mobley_2261979_prod.dcd AT STEP 200000
WRITING COORDINATES TO RESTART FILE AT STEP 200000
FINISHED WRITING RESTART COORDINATES
WRITING VELOCITIES TO RESTART FILE AT STEP 200000
FINISHED WRITING RESTART VELOCITIES
PRESSURE: 300000 -633.788 -306.884 378.657 -306.885 169.951 -48.146 378.662 -48.1394 141.484
GPRESSURE: 300000 -510.368 -358.806 815.813 -78.141 198.507 200.566 161.28 -646.512 203.947
PRESSAVG: 300000 -225.299 21.8213 7.46794 21.8213 -152.64 18.546 7.46794 18.546 0.0549353
GPRESSAVG: 300000 -149.209 26.1817 41.6312 55.4931 -80.251 18.6131 83.9391 26.803 43.3289
ENERGY:  300000         4.6111        21.3573         5.7091         0.0000         -10556.0717      1395.4822         0.0000         0.0000      1784.6227          -7344.2892       305.6715     -9128.9119     -7399.5215       299.4913           -107.4511       -35.9714     29674.4164       -41.7001        28.0546
FEP:     300000        31.6776    -10556.0717      1395.6930

WRITING EXTENDED SYSTEM TO RESTART FILE AT STEP 300000
WRITING COORDINATES TO DCD FILE mobley_2261979_prod.dcd AT STEP 300000
WRITING COORDINATES TO RESTART FILE AT STEP 300000
FINISHED WRITING RESTART COORDINATES
WRITING VELOCITIES TO RESTART FILE AT STEP 300000
FINISHED WRITING RESTART VELOCITIES
PRESSURE: 400000 -185.726 286.578 -249.919 286.579 -423.081 569.402 -249.922 569.399 -903.786
GPRESSURE: 400000 -115.338 182.26 -309.317 34.994 -460.649 888.791 -297.842 357.949 -978.97
PRESSAVG: 400000 -239.871 -2.95997 -23.887 -2.95997 -161.63 44.1127 -23.887 44.1127 -29.8767
GPRESSAVG: 400000 -163.549 -11.1112 4.27643 34.1101 -92.1393 56.0684 60.0638 40.5807 1.33513
ENERGY:  400000         4.3347        21.4040         4.3520         0.0000         -10563.8495      1390.5073         0.0000         0.0000      1717.7691          -7425.4825       294.2208     -9143.2516     -7404.7137       298.4372           -504.1977      -518.3192     30288.2229      -134.1996       -81.2202
FEP:     400000        30.0907    -10563.8495      1391.3271

WRITING EXTENDED SYSTEM TO RESTART FILE AT STEP 400000
WRITING COORDINATES TO DCD FILE mobley_2261979_prod.dcd AT STEP 400000
WRITING COORDINATES TO RESTART FILE AT STEP 400000
FINISHED WRITING RESTART COORDINATES
WRITING VELOCITIES TO RESTART FILE AT STEP 400000
FINISHED WRITING RESTART VELOCITIES
PRESSURE: 500000 -438.64 -540.208 75.6433 -540.209 5.98275 -314.923 75.6407 -314.926 -1081.77
GPRESSURE: 500000 -119.999 -176.136 92.5322 -490.562 78.1994 47.876 104.957 -364.355 -1143.62
PRESSAVG: 500000 -200.825 -28.3047 -19.9507 -28.3047 -136.446 30.8177 -19.9507 30.8177 -53.4621
GPRESSAVG: 500000 -110.549 -10.6264 14.4553 4.93769 -71.0041 52.9956 65.1311 33.9728 -19.2949
ENERGY:  500000         3.8149        20.3596         6.3993         0.0000         -10470.3745      1353.5641         0.0000         0.0000      1820.0198          -7266.2169       311.7344     -9086.2366     -7381.6309       300.6534           -504.8096      -395.1391     30326.6226      -195.9679      -133.5400
FEP:     500000        30.5738    -10470.3745      1353.7890

WRITING EXTENDED SYSTEM TO RESTART FILE AT STEP 500000
WRITING COORDINATES TO DCD FILE mobley_2261979_prod.dcd AT STEP 500000
WRITING COORDINATES TO RESTART FILE AT STEP 500000
FINISHED WRITING RESTART COORDINATES
WRITING VELOCITIES TO RESTART FILE AT STEP 500000
FINISHED WRITING RESTART VELOCITIES
PRESSURE: 600000 292.236 103.64 -529.582 103.639 663.548 227.91 -529.581 227.909 1150.27
GPRESSURE: 600000 535.775 36.155 -808.763 240.588 618.102 150.658 -474.899 117.642 1178.56
PRESSAVG: 600000 -212.012 -13.2992 -33.4341 -13.2992 -110.244 61.5426 -33.4341 61.5426 -16.9895
GPRESSAVG: 600000 -120.901 10.7328 -15.8064 7.82973 -49.3126 79.2517 57.9262 47.1403 13.634
ENERGY:  600000         4.0253        20.6712         7.0560         0.0000         -10688.5170      1528.3948         0.0000         0.0000      1728.8669          -7399.5027       296.1217     -9128.3697     -7384.1840       300.0060            702.0198       777.4788     30258.6521       -67.6840        -3.3945
FEP:     600000        31.7526    -10688.5170      1528.8011

WRITING EXTENDED SYSTEM TO RESTART FILE AT STEP 600000
WRITING COORDINATES TO DCD FILE mobley_2261979_prod.dcd AT STEP 600000
WRITING COORDINATES TO RESTART FILE AT STEP 600000
FINISHED WRITING RESTART COORDINATES
WRITING VELOCITIES TO RESTART FILE AT STEP 600000
FINISHED WRITING RESTART VELOCITIES
PRESSURE: 700000 -155.954 -153.285 507.125 -153.286 494.007 -293.065 507.128 -293.062 -537.564
GPRESSURE: 700000 -202.236 -234.441 556.104 125.967 535.983 114.116 351.976 -348.44 -420.133
PRESSAVG: 700000 -216.93 -30.3925 -4.61622 -30.3925 -99.5138 62.083 -4.61622 62.083 -53.4248
GPRESSAVG: 700000 -135.399 -15.9932 2.54014 -7.63726 -41.5798 89.6186 77.0869 42.524 -13.9127
ENERGY:  700000         5.9048        19.5508         6.8995         0.0000         -10516.8698      1412.2988         0.0000         0.0000      1720.7144          -7351.5015       294.7253     -9072.2159     -7380.0987       299.3459            -66.5037       -28.7951     30477.0713       -67.5364        -6.5696
FEP:     700000        32.3551    -10516.8698      1412.7420

WRITING EXTENDED SYSTEM TO RESTART FILE AT STEP 700000
WRITING COORDINATES TO DCD FILE mobley_2261979_prod.dcd AT STEP 700000
WRITING COORDINATES TO RESTART FILE AT STEP 700000
FINISHED WRITING RESTART COORDINATES
WRITING VELOCITIES TO RESTART FILE AT STEP 700000
FINISHED WRITING RESTART VELOCITIES
PRESSURE: 800000 -504.936 333.535 277.344 333.535 370.23 -187.39 277.347 -187.391 -106.925
GPRESSURE: 800000 -339.345 388.886 134.632 198.279 517.995 -140.982 140.181 -213.161 -288.356
PRESSAVG: 800000 -275.61 -3.98643 5.28487 -3.98643 -96.9118 59.2365 5.28487 59.2365 -43.7497
GPRESSAVG: 800000 -184.636 10.8044 5.48137 16.3764 -42.917 107.223 83.4254 15.1072 -11.4222
ENERGY:  800000        12.4395        19.1123         8.0116         0.0000         -10574.0978      1437.9830         0.0000         0.0000      1736.9487          -7359.6026       297.5059     -9096.5514     -7377.8213       299.1415            -80.5435       -36.5685     30561.2298       -68.9817        -9.9028
FEP:     800000        39.5634    -10574.0978      1438.4662

WRITING EXTENDED SYSTEM TO RESTART FILE AT STEP 800000
WRITING COORDINATES TO DCD FILE mobley_2261979_prod.dcd AT STEP 800000
WRITING COORDINATES TO RESTART FILE AT STEP 800000
FINISHED WRITING RESTART COORDINATES
WRITING VELOCITIES TO RESTART FILE AT STEP 800000
FINISHED WRITING RESTART VELOCITIES
PRESSURE: 900000 67.6637 -471.553 -299.313 -471.551 635.173 -181.715 -299.315 -181.717 -574.081
GPRESSURE: 900000 -219.196 -531.809 -125.969 -240.081 795.581 -126.353 -433.837 -279.021 -473.977
PRESSAVG: 900000 -253.383 -29.9992 -16.2756 -29.9992 -110.556 35.752 -16.2756 35.752 -114.155
GPRESSAVG: 900000 -178.209 -19.0489 -9.45715 5.94327 -44.1222 86.7892 37.0044 -26.5868 -77.9109
ENERGY:  900000         6.8920        21.9016         6.1771         0.0000         -10621.1239      1441.3436         0.0000         0.0000      1783.7382          -7361.0713       305.5201     -9144.8095     -7376.1463       299.7793             42.9187        34.1360     30139.9380       -57.7916        -5.4989
FEP:     900000        34.9708    -10621.1239      1441.9701

WRITING EXTENDED SYSTEM TO RESTART FILE AT STEP 900000
WRITING COORDINATES TO DCD FILE mobley_2261979_prod.dcd AT STEP 900000
WRITING COORDINATES TO RESTART FILE AT STEP 900000
FINISHED WRITING RESTART COORDINATES
WRITING VELOCITIES TO RESTART FILE AT STEP 900000
FINISHED WRITING RESTART VELOCITIES
PRESSURE: 1000000 271.716 340.944 -668.231 340.945 709.08 998.534 -668.227 998.53 -537.506
GPRESSURE: 1000000 269.925 94.6239 -527.541 479.545 672.17 934.92 -781.365 1151.42 -425.859
PRESSAVG: 1000000 -182.78 -19.3076 -56.4551 -19.3076 -45.9524 89.626 -56.4551 89.626 -122.745
GPRESSAVG: 1000000 -119.935 -3.63958 -50.2971 20.062 22.7357 163.734 -16.5901 32.8097 -84.493
TIMING: 1000000  CPU: 6601.83, 0.000413178/step  Wall: 6780.04, 0.000427901/step, 403.832 ns/days, 0.0594307 hours remaining, 0.000000 MB of memory in use.
PERFORMANCE: 1000000  averaging 407.434 ns/day, 0.000424117 sec/step with standard deviation 2.94936e-06
ETITLE:      TS           BOND          ANGLE          DIHED          IMPRP               ELECT            VDW       BOUNDARY           MISC        KINETIC               TOTAL           TEMP      POTENTIAL       TOTALAVG        TEMPAVG            PRESSURE      GPRESSURE         VOLUME       PRESSAVG      GPRESSAVG
FEPTITLE:    TS          BOND2         ELECT2           VDW2

ENERGY: 1000000         6.8483        19.0076         5.6811         0.0000         -10597.8799      1442.2255         0.0000         0.0000      1763.2504          -7360.8670       302.0109     -9124.1174     -7374.7573       299.9822            147.7632       172.0786     30256.8426       -39.1048        10.6445
FEP:    1000000        31.5370    -10597.8799      1442.5613

WRITING EXTENDED SYSTEM TO RESTART FILE AT STEP 1000000
WRITING COORDINATES TO DCD FILE mobley_2261979_prod.dcd AT STEP 1000000
WRITING COORDINATES TO RESTART FILE AT STEP 1000000
FINISHED WRITING RESTART COORDINATES
WRITING VELOCITIES TO RESTART FILE AT STEP 1000000
FINISHED WRITING RESTART VELOCITIES
PRESSURE: 1100000 1238.99 278.975 186.994 278.976 1049.55 -258.799 186.993 -258.802 1064.96
GPRESSURE: 1100000 1519.84 70.1447 18.0333 26.3119 1052.99 -203.995 236.998 -433.828 815.479
PRESSAVG: 1100000 -132.975 -14.1637 -51.3101 -14.1637 46.2032 54.2843 -51.3101 54.2843 -82.7038
GPRESSAVG: 1100000 -50.7237 -9.32165 -75.1397 18.708 99.2936 126.622 12.6755 0.837448 -59.4409
ENERGY: 1100000         6.9126        27.0772         4.7771         0.0000         -10680.5226      1543.5794         0.0000         0.0000      1739.2569          -7358.9195       297.9012     -9098.1764     -7373.4375       299.8088           1117.8325      1129.4348     29948.5508        57.3066       103.8770
FEP:    1100000        38.7669    -10680.5226      1544.0066

WRITING EXTENDED SYSTEM TO RESTART FILE AT STEP 1100000
WRITING COORDINATES TO DCD FILE mobley_2261979_prod.dcd AT STEP 1100000
WRITING COORDINATES TO RESTART FILE AT STEP 1100000
FINISHED WRITING RESTART COORDINATES
WRITING VELOCITIES TO RESTART FILE AT STEP 1100000
FINISHED WRITING RESTART VELOCITIES
PRESSURE: 1200000 175.394 66.6535 386.521 66.6513 144.108 46.8722 386.525 46.8716 -338.18
GPRESSURE: 1200000 361.731 171.949 229.105 -130.234 -17.8076 668.348 187.977 -211.222 -276.592
PRESSAVG: 1200000 -158.514 -37.6756 -15.3531 -37.6756 40.0555 28.4543 -15.3531 28.4543 -113.81
GPRESSAVG: 1200000 -85.5219 -16.5317 -44.753 -19.3164 94.6321 146.36 33.1647 -39.5229 -85.3871
ENERGY: 1200000         9.5603        17.6151         5.6963         0.0000         -10645.0597      1459.0999         0.0000         0.0000      1747.0855          -7406.0027       299.2421     -9153.0882     -7375.9425       299.7652             -6.2260        22.4436     29917.4413        52.4195        97.6129
FEP:    1200000        32.8716    -10645.0597      1459.8925

WRITING EXTENDED SYSTEM TO RESTART FILE AT STEP 1200000
WRITING COORDINATES TO DCD FILE mobley_2261979_prod.dcd AT STEP 1200000
WRITING COORDINATES TO RESTART FILE AT STEP 1200000
FINISHED WRITING RESTART COORDINATES
WRITING VELOCITIES TO RESTART FILE AT STEP 1200000
FINISHED WRITING RESTART VELOCITIES
PRESSURE: 1300000 -239.06 -282.758 147.924 -282.76 203.736 -482.289 147.924 -482.281 -386.419
GPRESSURE: 1300000 -35.8266 -294.566 516.633 -487.295 145.005 -722.736 318.558 75.9066 -519.502
PRESSAVG: 1300000 -181.686 -62.1181 6.29763 -62.1181 78.5186 -10.1218 6.29763 -10.1218 -163.899
GPRESSAVG: 1300000 -92.7695 -44.1961 4.61265 -44.4308 127.258 90.3398 33.8265 -44.6875 -142.809
ENERGY: 1300000         4.4931        23.4744         6.1928         0.0000         -10651.4943      1421.6551         0.0000         0.0000      1743.8016          -7451.8773       298.6797     -9195.6790     -7381.3664       299.6877           -140.5809      -136.7745     30005.3188        38.6337        80.8710
FEP:    1300000        34.1603    -10651.4943      1422.0415

WRITING EXTENDED SYSTEM TO RESTART FILE AT STEP 1300000
WRITING COORDINATES TO DCD FILE mobley_2261979_prod.dcd AT STEP 1300000
WRITING COORDINATES TO RESTART FILE AT STEP 1300000
FINISHED WRITING RESTART COORDINATES
WRITING VELOCITIES TO RESTART FILE AT STEP 1300000
FINISHED WRITING RESTART VELOCITIES
PRESSURE: 1400000 -371.728 1051.24 205.592 1051.25 586.727 -153.601 205.59 -153.598 -551.977
GPRESSURE: 1400000 -402.718 1241.16 331.653 912.447 624.126 -150.411 71.0761 24.3102 -445.851
PRESSAVG: 1400000 -155.717 3.60928 -2.75276 3.60928 185.668 0.809307 -2.75276 0.809307 -130.737
GPRESSAVG: 1400000 -77.146 7.53811 9.61709 20.308 216.993 77.828 2.47877 -16.8871 -96.6883
ENERGY: 1400000         5.3832        16.0695         6.3670         0.0000         -10675.8564      1443.0006         0.0000         0.0000      1797.9824          -7407.0538       307.9598     -9205.0361     -7383.0789       300.2391           -112.3258       -74.8140     30180.5687        28.5698        70.4920
FEP:    1400000        27.8197    -10675.8564      1442.3239

WRITING EXTENDED SYSTEM TO RESTART FILE AT STEP 1400000
WRITING COORDINATES TO DCD FILE mobley_2261979_prod.dcd AT STEP 1400000
WRITING COORDINATES TO RESTART FILE AT STEP 1400000
FINISHED WRITING RESTART COORDINATES
WRITING VELOCITIES TO RESTART FILE AT STEP 1400000
FINISHED WRITING RESTART VELOCITIES
PRESSURE: 1500000 1028.59 -421.668 677.488 -421.669 -881.388 -446.33 677.489 -446.329 -342.719
GPRESSURE: 1500000 1085.46 -593.419 353.268 -287.262 -799.22 -498.826 572.406 -151.397 -316.198
PRESSAVG: 1500000 -76.991 -28.1488 38.1332 -28.1488 145.48 -37.8363 38.1332 -37.8363 -130.938
GPRESSAVG: 1500000 1.46357 -38.6018 35.4042 -0.454388 177.492 45.7551 25.791 -59.6713 -93.2908
ENERGY: 1500000         7.5234        24.2225         7.0902         0.0000         -10485.0896      1391.8321         0.0000         0.0000      1733.4403          -7320.9811       296.9050     -9054.4214     -7379.1978       300.0308            -65.1719        -9.9845     29844.0617        22.7109        65.4622
FEP:    1500000        38.8361    -10485.0896      1391.8849

WRITING EXTENDED SYSTEM TO RESTART FILE AT STEP 1500000
WRITING COORDINATES TO DCD FILE mobley_2261979_prod.dcd AT STEP 1500000
WRITING COORDINATES TO RESTART FILE AT STEP 1500000
FINISHED WRITING RESTART COORDINATES
WRITING VELOCITIES TO RESTART FILE AT STEP 1500000
FINISHED WRITING RESTART VELOCITIES
TCL: Running FEP window  12: Lambda1 0.4499999999999996 Lambda2 0.39999999999999963 [dLambda -0.04999999999999999]
TCL: Setting parameter firsttimestep to 0
TCL: Setting parameter alchLambda to 0.4499999999999996
Info: NONBONDED TABLE R-SQUARED SPACING: 0.0625
Info: NONBONDED TABLE SIZE: 705 POINTS
Info: INCONSISTENCY IN FAST TABLE ENERGY VS FORCE: 0.000290481 AT 0.251946
Info: INCONSISTENCY IN SCOR TABLE ENERGY VS FORCE: 0.000238233 AT 8.9687
Info: ABSOLUTE IMPRECISION IN VDWA TABLE ENERGY: 1.21169e-27 AT 8.99653
Info: ABSOLUTE IMPRECISION IN VDWA TABLE FORCE: 2.57484e-27 AT 8.99653
Info: INCONSISTENCY IN VDWA TABLE ENERGY VS FORCE: 0.0040507 AT 0.251946
Info: INCONSISTENCY IN VDWB TABLE ENERGY VS FORCE: 0.00150189 AT 0.251946
TCL: Setting parameter alchLambda2 to 0.39999999999999963
Info: NONBONDED TABLE R-SQUARED SPACING: 0.0625
Info: NONBONDED TABLE SIZE: 705 POINTS
Info: INCONSISTENCY IN FAST TABLE ENERGY VS FORCE: 0.000290481 AT 0.251946
Info: INCONSISTENCY IN SCOR TABLE ENERGY VS FORCE: 0.000238233 AT 8.9687
Info: ABSOLUTE IMPRECISION IN VDWA TABLE ENERGY: 1.21169e-27 AT 8.99653
Info: ABSOLUTE IMPRECISION IN VDWA TABLE FORCE: 2.57484e-27 AT 8.99653
Info: INCONSISTENCY IN VDWA TABLE ENERGY VS FORCE: 0.0040507 AT 0.251946
Info: INCONSISTENCY IN VDWB TABLE ENERGY VS FORCE: 0.00150189 AT 0.251946
TCL: Running for 1500000 steps
FEP: RESETTING FOR NEW FEP WINDOW LAMBDA SET TO 0.45 LAMBDA2 0.4
FEP: WINDOW TO HAVE 100000 STEPS OF EQUILIBRATION PRIOR TO FEP DATA COLLECTION.
FEP: USING CONSTANT TEMPERATURE OF 300 K FOR FEP CALCULATION
PRESSURE: 0 1053.54 -455.522 723.732 -455.521 -890.641 -412.176 723.73 -412.171 -439.381
GPRESSURE: 0 1075.97 -595.531 349.182 -290.337 -801.685 -504.514 566.96 -154.604 -330.473
ETITLE:      TS           BOND          ANGLE          DIHED          IMPRP               ELECT            VDW       BOUNDARY           MISC        KINETIC               TOTAL           TEMP      POTENTIAL       TOTALAVG        TEMPAVG            PRESSURE      GPRESSURE         VOLUME       PRESSAVG      GPRESSAVG
FEPTITLE:    TS          BOND2         ELECT2           VDW2

ENERGY:       0         7.5234        24.2225         7.0902         0.0000         -10485.0894      1391.8845         0.0000         0.0000      1732.5695          -7321.7993       296.7558     -9054.3688     -7321.7993       296.7558            -92.1602       -18.7296     29844.0617       -92.1602       -18.7296
FEP:          0        38.8361    -10485.0894      1392.2130

PRESSURE: 100000 -445.137 -65.4998 -16.8316 -65.5021 273.376 -377.463 -16.8302 -377.462 -907.38
GPRESSURE: 100000 -532.803 281.763 -278.48 -177.258 351.306 -350.92 -180.209 -432.589 -876.993
PRESSAVG: 100000 -19.3589 -20.4176 85.1407 -20.4176 105.183 -62.9706 85.1407 -62.9706 -200.938
GPRESSAVG: 100000 48.9583 -21.3028 57.5619 -7.6906 140.562 -1.0308 48.7831 -63.3069 -162.799
ENERGY:  100000         5.4265        23.4445         4.4386         0.0000         -10450.4404      1376.2676         0.0000         0.0000      1767.2893          -7273.5739       302.7027     -9040.8632     -7297.6866       299.7293           -359.7135      -352.8301     30761.7010      -225.9369      -185.7798
FEP:     100000        33.3096    -10450.4404      1376.3713

WRITING EXTENDED SYSTEM TO RESTART FILE AT STEP 100000
WRITING COORDINATES TO DCD FILE mobley_2261979_prod.dcd AT STEP 100000
WRITING COORDINATES TO RESTART FILE AT STEP 100000
FINISHED WRITING RESTART COORDINATES
WRITING VELOCITIES TO RESTART FILE AT STEP 100000
FINISHED WRITING RESTART VELOCITIES
PRESSURE: 200000 -1035.57 -767.726 -367.334 -767.726 -493.511 45.0475 -367.338 45.0446 -164.034
GPRESSURE: 200000 -935.782 -693.122 -380.127 -630.624 -264.333 -41.8281 -346.301 24.5023 -310.706
PRESSAVG: 200000 -82.5377 -49.0023 71.2993 -49.0023 117.954 -72.8473 71.2993 -72.8473 -202.689
GPRESSAVG: 200000 -10.3607 -41.4974 41.9601 -45.5453 164.853 -24.9837 25.0636 -70.0114 -182.516
ENERGY:  200000         5.8329        23.8535         5.8431         0.0000         -10456.7424      1342.6387         0.0000         0.0000      1768.4214          -7310.1529       302.8966     -9078.5742     -7301.8420       300.7850           -564.3726      -503.6070     30387.9247      -338.7488      -291.7222
FEP:     200000        35.5295    -10456.7424      1343.1707

WRITING EXTENDED SYSTEM TO RESTART FILE AT STEP 200000
WRITING COORDINATES TO DCD FILE mobley_2261979_prod.dcd AT STEP 200000
WRITING COORDINATES TO RESTART FILE AT STEP 200000
FINISHED WRITING RESTART COORDINATES
WRITING VELOCITIES TO RESTART FILE AT STEP 200000
FINISHED WRITING RESTART VELOCITIES
PRESSURE: 300000 -1531.51 -363.69 -51.2538 -363.687 -740.029 -68.844 -51.254 -68.8426 -252.674
GPRESSURE: 300000 -1358.75 -246.386 97.5161 -438.812 -471.544 1.79958 -123.048 177.17 -482.294
PRESSAVG: 300000 -113.843 -54.7758 62.9844 -54.7758 103.472 -73.9987 62.9844 -73.9987 -213.77
GPRESSAVG: 300000 -40.7712 -32.3499 45.3263 -56.1483 166.115 -7.07865 15.3406 -65.6413 -215.139
ENERGY:  300000         5.9638        22.8424         6.4738         0.0000         -10520.7406      1362.6812         0.0000         0.0000      1739.5831          -7383.1962       297.9571     -9122.7794     -7322.1806       300.0781           -841.4029      -770.8621     30362.2286      -464.4123      -411.5072
FEP:     300000        35.2801    -10520.7406      1363.1063

WRITING EXTENDED SYSTEM TO RESTART FILE AT STEP 300000
WRITING COORDINATES TO DCD FILE mobley_2261979_prod.dcd AT STEP 300000
WRITING COORDINATES TO RESTART FILE AT STEP 300000
FINISHED WRITING RESTART COORDINATES
WRITING VELOCITIES TO RESTART FILE AT STEP 300000
FINISHED WRITING RESTART VELOCITIES
PRESSURE: 400000 237.501 -429.971 -94.1182 -429.969 127.76 -555.683 -94.1266 -555.684 916.216
GPRESSURE: 400000 410.277 -482.433 219.59 -453.626 54.712 -999.877 -280.432 -190.073 1066.27
PRESSAVG: 400000 -56.3126 -61.4959 54.8289 -61.4959 132.508 -100.468 54.8289 -100.468 -168.715
GPRESSAVG: 400000 17.4472 -34.8346 54.9735 -67.3177 193.953 -39.0426 -2.22421 -79.3746 -169.708
ENERGY:  400000         4.8267        17.0282         6.5719         0.0000         -10654.8273      1489.9193         0.0000         0.0000      1756.0998          -7380.3815       300.7861     -9136.4813     -7333.8207       300.2197            427.1589       510.4199     30100.1066      -286.0981      -227.1218
FEP:     400000        28.4268    -10654.8273      1490.3891

WRITING EXTENDED SYSTEM TO RESTART FILE AT STEP 400000
WRITING COORDINATES TO DCD FILE mobley_2261979_prod.dcd AT STEP 400000
WRITING COORDINATES TO RESTART FILE AT STEP 400000
FINISHED WRITING RESTART COORDINATES
WRITING VELOCITIES TO RESTART FILE AT STEP 400000
FINISHED WRITING RESTART VELOCITIES
PRESSURE: 500000 -72.3316 -284.98 -119.094 -284.98 561.174 4.8893 -119.089 4.8906 204.921
GPRESSURE: 500000 37.1971 -363.465 10.5221 -383.063 559.112 125.832 -106.559 177.846 232.727
PRESSAVG: 500000 -62.3182 -97.4018 64.4379 -97.4018 122.324 -90.2124 64.4379 -90.2124 -202.289
GPRESSAVG: 500000 12.7951 -85.4561 73.8832 -95.6349 177.455 -29.4645 -0.543428 -55.7483 -200.991
ENERGY:  500000         9.5004        17.3712         7.1485         0.0000         -10662.3237      1477.7012         0.0000         0.0000      1757.5554          -7393.0470       301.0354     -9150.6024     -7343.6918       300.3556            231.2545       276.3453     30370.6064      -199.8726      -143.2106
FEP:     500000        34.0201    -10662.3237      1478.2705

WRITING EXTENDED SYSTEM TO RESTART FILE AT STEP 500000
WRITING COORDINATES TO DCD FILE mobley_2261979_prod.dcd AT STEP 500000
WRITING COORDINATES TO RESTART FILE AT STEP 500000
FINISHED WRITING RESTART COORDINATES
WRITING VELOCITIES TO RESTART FILE AT STEP 500000
FINISHED WRITING RESTART VELOCITIES
PRESSURE: 600000 -912.444 115.206 -443.944 115.206 -279.242 -324.979 -443.94 -324.983 -528.629
GPRESSURE: 600000 -813.658 -58.4974 -719.864 275.392 -262.782 -316.218 -351.076 -228.199 -519.628
PRESSAVG: 600000 -108.06 -98.3483 36.3702 -98.3483 114.326 -110.637 36.3702 -110.637 -208.758
GPRESSAVG: 600000 -14.4919 -108.084 28.7261 -89.6886 156.288 -46.1876 -33.1599 -77.3327 -215.608
ENERGY:  600000         4.6885        17.3395         5.3229         0.0000         -10443.5294      1339.7273         0.0000         0.0000      1762.3856          -7314.0656       301.8628     -9076.4512     -7339.4595       300.5709           -573.4385      -532.0227     30188.8591      -253.2392      -198.7552
FEP:     600000        27.3509    -10443.5294      1340.1702

WRITING EXTENDED SYSTEM TO RESTART FILE AT STEP 600000
WRITING COORDINATES TO DCD FILE mobley_2261979_prod.dcd AT STEP 600000
WRITING COORDINATES TO RESTART FILE AT STEP 600000
FINISHED WRITING RESTART COORDINATES
WRITING VELOCITIES TO RESTART FILE AT STEP 600000
FINISHED WRITING RESTART VELOCITIES
PRESSURE: 700000 203.627 82.2684 -109.971 82.2695 1841.5 239.908 -109.977 239.906 380.796
GPRESSURE: 700000 303.884 83.0352 -202.457 149.402 1795.48 318.969 -182.174 541.638 281.158
PRESSAVG: 700000 -66.189 -78.8905 11.9383 -78.8905 197.903 -96.2349 11.9383 -96.2349 -196.793
GPRESSAVG: 700000 26.2208 -85.9915 -22.1873 -78.3114 236.137 -40.2675 -50.3326 -17.9252 -211.748
ENERGY:  700000         4.2484        25.2489         8.7516         0.0000         -10584.5305      1485.3630         0.0000         0.0000      1751.0234          -7309.8953       299.9166     -9060.9187     -7335.7639       300.4891            808.6422       793.5065     29739.6919      -120.5040       -74.7225
FEP:     700000        38.2489    -10584.5305      1485.5223

WRITING EXTENDED SYSTEM TO RESTART FILE AT STEP 700000
WRITING COORDINATES TO DCD FILE mobley_2261979_prod.dcd AT STEP 700000
WRITING COORDINATES TO RESTART FILE AT STEP 700000
FINISHED WRITING RESTART COORDINATES
WRITING VELOCITIES TO RESTART FILE AT STEP 700000
FINISHED WRITING RESTART VELOCITIES
PRESSURE: 800000 -150.976 2.91793 511.715 2.9189 922.083 -200.527 511.716 -200.524 592.877
GPRESSURE: 800000 93.451 168.509 538.371 190.046 724.313 -110.236 499.024 185.927 746.396
PRESSAVG: 800000 -64.4516 -93.0735 50.0202 -93.0735 265.161 -134.731 50.0202 -134.731 -121.96
GPRESSAVG: 800000 36.6602 -86.679 20.1971 -70.5588 295.385 -90.2188 -10.4893 -26.5263 -125.48
ENERGY:  800000         3.5572        22.0247         5.7854         0.0000         -10685.0756      1476.9546         0.0000         0.0000      1713.3944          -7463.3593       293.4715     -9176.7537     -7349.9412       299.7094            454.6612       521.3867     29841.8903       -56.5968        -8.4881
FEP:     800000        31.3673    -10685.0756      1477.5341

WRITING EXTENDED SYSTEM TO RESTART FILE AT STEP 800000
WRITING COORDINATES TO DCD FILE mobley_2261979_prod.dcd AT STEP 800000
WRITING COORDINATES TO RESTART FILE AT STEP 800000
FINISHED WRITING RESTART COORDINATES
WRITING VELOCITIES TO RESTART FILE AT STEP 800000
FINISHED WRITING RESTART VELOCITIES
PRESSURE: 900000 809.354 62.6818 175.771 62.6809 304.397 -792.289 175.765 -792.288 968.175
GPRESSURE: 900000 1017.28 132.752 143.958 -231.676 153.828 -275.247 202.299 -1053.19 1335.29
PRESSAVG: 900000 -2.05187 -62.929 55.0264 -62.929 280.082 -158.599 55.0264 -158.599 -19.4624
GPRESSAVG: 900000 93.5243 -71.2346 22.7683 -57.6145 299.166 -106.375 -5.62219 -60.9682 -1.53393
ENERGY:  900000         7.7476        14.9964        12.3157         0.0000         -10654.4646      1510.0310         0.0000         0.0000      1762.1151          -7347.2587       301.8164     -9109.3739     -7349.6730       299.9201            693.9750       835.4685     29864.1075        18.4604        75.9075
FEP:     900000        35.0597    -10654.4646      1510.6410

WRITING EXTENDED SYSTEM TO RESTART FILE AT STEP 900000
WRITING COORDINATES TO DCD FILE mobley_2261979_prod.dcd AT STEP 900000
WRITING COORDINATES TO RESTART FILE AT STEP 900000
FINISHED WRITING RESTART COORDINATES
WRITING VELOCITIES TO RESTART FILE AT STEP 900000
FINISHED WRITING RESTART VELOCITIES
PRESSURE: 1000000 830.089 456.388 -259.914 456.385 1301.74 71.7641 -259.911 71.77 647.539
GPRESSURE: 1000000 824.376 420.251 -213.082 423.826 1265.05 70.4683 -203.837 142.815 892.39
PRESSAVG: 1000000 24.8408 -45.2917 68.5099 -45.2917 311.992 -166.406 68.5099 -166.406 -44.5991
GPRESSAVG: 1000000 107.954 -52.0298 52.5524 -48.4526 331.514 -110.384 7.93093 -59.7095 -15.8424
TIMING: 1000000  CPU: 7220.4, 0.000412429/step  Wall: 7445.34, 0.000442576/step, 390.442 ns/days, 0.0614688 hours remaining, 0.000000 MB of memory in use.
PERFORMANCE: 1000000  averaging 405.962 ns/day, 0.000425656 sec/step with standard deviation 6.02494e-06
ETITLE:      TS           BOND          ANGLE          DIHED          IMPRP               ELECT            VDW       BOUNDARY           MISC        KINETIC               TOTAL           TEMP      POTENTIAL       TOTALAVG        TEMPAVG            PRESSURE      GPRESSURE         VOLUME       PRESSAVG      GPRESSAVG
FEPTITLE:    TS          BOND2         ELECT2           VDW2

ENERGY: 1000000         4.3874        24.1727         6.2517         0.0000         -10623.6363      1504.8119         0.0000         0.0000      1809.7578          -7274.2548       309.9767     -9084.0126     -7342.8168       300.8343            926.4548       993.9397     29707.8696       101.0053       159.3650
FEP:    1000000        34.8118    -10623.6363      1505.2354

WRITING EXTENDED SYSTEM TO RESTART FILE AT STEP 1000000
WRITING COORDINATES TO DCD FILE mobley_2261979_prod.dcd AT STEP 1000000
WRITING COORDINATES TO RESTART FILE AT STEP 1000000
FINISHED WRITING RESTART COORDINATES
WRITING VELOCITIES TO RESTART FILE AT STEP 1000000
FINISHED WRITING RESTART VELOCITIES
PRESSURE: 1100000 -400.7 -387.196 226.626 -387.196 -455.805 81.3774 226.627 81.3781 -412.334
GPRESSURE: 1100000 -332.243 -594.421 348.938 -239.516 -568.371 -103.835 32.8894 311.723 -185.82
PRESSAVG: 1100000 12.6035 -56.9873 54.4849 -56.9873 264.501 -147.684 54.4849 -147.684 -38.3377
GPRESSAVG: 1100000 101.454 -70.0288 42.1941 -66.7267 276.296 -121.282 -8.02342 -26.7014 -4.12674
ENERGY: 1100000         6.7275        17.5019         4.8336         0.0000         -10547.9317      1374.4760         0.0000         0.0000      1809.5530          -7334.8396       309.9416     -9144.3926     -7342.1520       301.5933           -422.9465      -362.1445     30019.4077        57.3427       115.9059
FEP:    1100000        29.0630    -10547.9317      1374.5567

WRITING EXTENDED SYSTEM TO RESTART FILE AT STEP 1100000
WRITING COORDINATES TO DCD FILE mobley_2261979_prod.dcd AT STEP 1100000
WRITING COORDINATES TO RESTART FILE AT STEP 1100000
FINISHED WRITING RESTART COORDINATES
WRITING VELOCITIES TO RESTART FILE AT STEP 1100000
FINISHED WRITING RESTART VELOCITIES
PRESSURE: 1200000 -950.582 359.113 -343.573 359.115 -383.912 133.232 -343.571 133.231 -1041.55
GPRESSURE: 1200000 -667.584 303.447 -526.152 339.52 -300.407 227.855 -37.1939 180.152 -1085.04
PRESSAVG: 1200000 -9.67876 -55.7083 23.439 -55.7083 226.794 -131.653 23.439 -131.653 -85.0689
GPRESSAVG: 1200000 85.0421 -74.3008 9.15488 -59.6646 235.376 -102.84 -16.8921 -7.03576 -43.9611
ENERGY: 1200000         8.2546        23.0059         5.6172         0.0000         -10576.3210      1381.0293         0.0000         0.0000      1684.8002          -7473.6138       288.5739     -9158.4140     -7352.2644       300.5918           -792.0146      -684.3447     30383.6198        -7.9925        54.3482
FEP:    1200000        36.8778    -10576.3210      1381.8975

WRITING EXTENDED SYSTEM TO RESTART FILE AT STEP 1200000
WRITING COORDINATES TO DCD FILE mobley_2261979_prod.dcd AT STEP 1200000
WRITING COORDINATES TO RESTART FILE AT STEP 1200000
FINISHED WRITING RESTART COORDINATES
WRITING VELOCITIES TO RESTART FILE AT STEP 1200000
FINISHED WRITING RESTART VELOCITIES
PRESSURE: 1300000 -878.653 -100.347 290.84 -100.349 -545.118 504.303 290.834 504.312 -1481.12
GPRESSURE: 1300000 -675.737 -172.576 490.909 -27.0562 -446.036 362.882 323.205 756.338 -1623.83
PRESSAVG: 1300000 -56.9946 -37.1482 52.9464 -37.1482 167.779 -97.3515 52.9464 -97.3515 -130.421
GPRESSAVG: 1300000 62.215 -56.3392 39.9988 -49.0134 173.295 -78.3784 20.96 44.7321 -101.454
ENERGY: 1300000         4.6981        20.9215         8.9934         0.0000         -10444.4406      1305.3907         0.0000         0.0000      1776.6174          -7327.8195       304.3004     -9104.4369     -7350.5184       300.8567           -968.2970      -915.2027     30338.8837       -76.5857       -14.9055
FEP:    1300000        34.6130    -10444.4406      1305.8476

WRITING EXTENDED SYSTEM TO RESTART FILE AT STEP 1300000
WRITING COORDINATES TO DCD FILE mobley_2261979_prod.dcd AT STEP 1300000
WRITING COORDINATES TO RESTART FILE AT STEP 1300000
FINISHED WRITING RESTART COORDINATES
WRITING VELOCITIES TO RESTART FILE AT STEP 1300000
FINISHED WRITING RESTART VELOCITIES
PRESSURE: 1400000 378.687 114.071 298.207 114.071 904.967 220.948 298.208 220.949 1046.06
GPRESSURE: 1400000 343.613 376.652 84.2429 213.21 993.694 341.919 463.672 183.39 1118.75
PRESSAVG: 1400000 -51.646 -48.4919 101.268 -48.4919 177.574 -136.231 101.268 -136.231 -51.2427
GPRESSAVG: 1400000 65.8994 -42.2377 70.588 -62.3302 189.371 -108.028 83.2118 -3.66934 -24.2238
ENERGY: 1400000         2.5168        17.8036         9.7726         0.0000         -10663.1494      1514.3577         0.0000         0.0000      1705.9596          -7412.7389       292.1981     -9118.6985     -7354.6664       300.2794            776.5707       818.6843     30197.7925       -19.7086        40.6672
FEP:    1400000        30.0931    -10663.1494      1514.1869

WRITING EXTENDED SYSTEM TO RESTART FILE AT STEP 1400000
WRITING COORDINATES TO DCD FILE mobley_2261979_prod.dcd AT STEP 1400000
WRITING COORDINATES TO RESTART FILE AT STEP 1400000
FINISHED WRITING RESTART COORDINATES
WRITING VELOCITIES TO RESTART FILE AT STEP 1400000
FINISHED WRITING RESTART VELOCITIES
PRESSURE: 1500000 -140.039 78.2768 181.487 78.2744 -385.183 287.19 181.487 287.188 1092.21
GPRESSURE: 1500000 -123.642 37.8946 79.3637 -67.454 -148.85 454.811 63.0957 477.101 930.21
PRESSAVG: 1500000 -120.597 -58.527 100.993 -58.527 105.837 -108.931 100.993 -108.931 -49.88
GPRESSAVG: 1500000 -16.2747 -43.8502 73.6545 -67.0185 129.28 -75.0881 74.5167 41.8771 -18.4872
ENERGY: 1500000         4.4128        20.7766         4.3985         0.0000         -10616.0300      1431.4647         0.0000         0.0000      1736.4695          -7418.5080       297.4238     -9154.9774     -7358.6565       300.1010            188.9974       219.2392     29712.4189        -6.6644        51.8279
FEP:    1500000        29.5879    -10616.0300      1431.5304

WRITING EXTENDED SYSTEM TO RESTART FILE AT STEP 1500000
WRITING COORDINATES TO DCD FILE mobley_2261979_prod.dcd AT STEP 1500000
WRITING COORDINATES TO RESTART FILE AT STEP 1500000
FINISHED WRITING RESTART COORDINATES
WRITING VELOCITIES TO RESTART FILE AT STEP 1500000
FINISHED WRITING RESTART VELOCITIES
TCL: Running FEP window  13: Lambda1 0.39999999999999963 Lambda2 0.34999999999999964 [dLambda -0.04999999999999999]
TCL: Setting parameter firsttimestep to 0
TCL: Setting parameter alchLambda to 0.39999999999999963
Info: NONBONDED TABLE R-SQUARED SPACING: 0.0625
Info: NONBONDED TABLE SIZE: 705 POINTS
Info: INCONSISTENCY IN FAST TABLE ENERGY VS FORCE: 0.000290481 AT 0.251946
Info: INCONSISTENCY IN SCOR TABLE ENERGY VS FORCE: 0.000238233 AT 8.9687
Info: ABSOLUTE IMPRECISION IN VDWA TABLE ENERGY: 1.21169e-27 AT 8.99653
Info: ABSOLUTE IMPRECISION IN VDWA TABLE FORCE: 2.57484e-27 AT 8.99653
Info: INCONSISTENCY IN VDWA TABLE ENERGY VS FORCE: 0.0040507 AT 0.251946
Info: INCONSISTENCY IN VDWB TABLE ENERGY VS FORCE: 0.00150189 AT 0.251946
TCL: Setting parameter alchLambda2 to 0.34999999999999964
Info: NONBONDED TABLE R-SQUARED SPACING: 0.0625
Info: NONBONDED TABLE SIZE: 705 POINTS
Info: INCONSISTENCY IN FAST TABLE ENERGY VS FORCE: 0.000290481 AT 0.251946
Info: INCONSISTENCY IN SCOR TABLE ENERGY VS FORCE: 0.000238233 AT 8.9687
Info: ABSOLUTE IMPRECISION IN VDWA TABLE ENERGY: 1.21169e-27 AT 8.99653
Info: ABSOLUTE IMPRECISION IN VDWA TABLE FORCE: 2.57484e-27 AT 8.99653
Info: INCONSISTENCY IN VDWA TABLE ENERGY VS FORCE: 0.0040507 AT 0.251946
Info: INCONSISTENCY IN VDWB TABLE ENERGY VS FORCE: 0.00150189 AT 0.251946
TCL: Running for 1500000 steps
FEP: RESETTING FOR NEW FEP WINDOW LAMBDA SET TO 0.4 LAMBDA2 0.35
FEP: WINDOW TO HAVE 100000 STEPS OF EQUILIBRATION PRIOR TO FEP DATA COLLECTION.
FEP: USING CONSTANT TEMPERATURE OF 300 K FOR FEP CALCULATION
PRESSURE: 0 -203.979 48.6158 152.38 48.6154 -392.203 293.115 152.379 293.121 1000.32
GPRESSURE: 0 -129.311 40.2368 77.7176 -66.3959 -159.257 452.594 60.9793 473.89 923.253
ETITLE:      TS           BOND          ANGLE          DIHED          IMPRP               ELECT            VDW       BOUNDARY           MISC        KINETIC               TOTAL           TEMP      POTENTIAL       TOTALAVG        TEMPAVG            PRESSURE      GPRESSURE         VOLUME       PRESSAVG      GPRESSAVG
FEPTITLE:    TS          BOND2         ELECT2           VDW2

ENERGY:       0         4.4128        20.7766         4.3985         0.0000         -10616.0314      1431.5305         0.0000         0.0000      1735.5817          -7419.3313       297.2718     -9154.9130     -7419.3313       297.2718            134.7141       211.5620     29712.4189       134.7141       211.5620
FEP:          0        29.5879    -10616.0314      1431.8658

PRESSURE: 100000 -350.285 476.679 124.27 476.678 -554.581 -594.334 124.271 -594.334 -474.075
GPRESSURE: 100000 -402.571 31.0622 -100.504 657.289 -605.81 -462.259 653.079 -748.202 -254.42
PRESSAVG: 100000 -145.127 -21.4569 88.1029 -21.4569 41.1054 -102.221 88.1029 -102.221 12.6624
GPRESSAVG: 100000 -59.1639 -34.1544 35.2283 -6.59737 84.6663 -72.852 84.8929 34.9273 54.7592
ENERGY:  100000         7.2096        20.6001        10.0131         0.0000         -10478.1952      1360.4089         0.0000         0.0000      1761.9800          -7317.9834       301.7933     -9079.9634     -7368.6574       299.5325           -459.6471      -420.9335     30185.2554      -162.4665      -104.6858
FEP:     100000        37.8229    -10478.1952      1359.7048

WRITING EXTENDED SYSTEM TO RESTART FILE AT STEP 100000
WRITING COORDINATES TO DCD FILE mobley_2261979_prod.dcd AT STEP 100000
WRITING COORDINATES TO RESTART FILE AT STEP 100000
FINISHED WRITING RESTART COORDINATES
WRITING VELOCITIES TO RESTART FILE AT STEP 100000
FINISHED WRITING RESTART VELOCITIES
PRESSURE: 200000 501.842 -149.303 -51.6841 -149.304 -642.762 -147.764 -51.6836 -147.767 -290.694
GPRESSURE: 200000 374.413 -561.272 -108.879 -116.774 -360.707 -98.742 -87.9838 71.5094 -176.386
PRESSAVG: 200000 -101.449 -81.4845 75.2392 -81.4845 -20.369 -101.93 75.2392 -101.93 25.7266
GPRESSAVG: 200000 -20.3074 -124.276 13.2017 -58.0584 35.4246 -70.2686 76.9399 37.2872 68.2324
ENERGY:  200000         6.5915        19.7995         6.9973         0.0000         -10593.8826      1423.2974         0.0000         0.0000      1717.9766          -7419.2202       294.2564     -9137.1969     -7385.5117       297.7738           -143.8714       -54.2267     29933.3165      -156.2681       -87.8661
FEP:     200000        33.3883    -10593.8826      1423.7537

WRITING EXTENDED SYSTEM TO RESTART FILE AT STEP 200000
WRITING COORDINATES TO DCD FILE mobley_2261979_prod.dcd AT STEP 200000
WRITING COORDINATES TO RESTART FILE AT STEP 200000
FINISHED WRITING RESTART COORDINATES
WRITING VELOCITIES TO RESTART FILE AT STEP 200000
FINISHED WRITING RESTART VELOCITIES
PRESSURE: 300000 -872.947 183.269 -702.859 183.27 -1412.82 328.582 -702.857 328.583 -155.142
GPRESSURE: 300000 -996.329 -101.96 -653.697 222.401 -1249.76 264.383 -569.24 210.54 -290.949
PRESSAVG: 300000 -196.526 -51.2376 6.22196 -51.2376 -46.9408 -63.1841 6.22196 -63.1841 35.1054
GPRESSAVG: 300000 -124.397 -99.703 -37.1465 -32.5753 12.8978 -32.1081 19.8576 55.3841 69.4948
ENERGY:  300000         4.2162        20.0954        10.7135         0.0000         -10493.8604      1327.1573         0.0000         0.0000      1764.0795          -7367.5984       302.1529     -9131.6779     -7381.0333       298.8686           -813.6374      -845.6782     30482.4042      -320.6104      -277.3191
FEP:     300000        35.0251    -10493.8604      1327.5290

WRITING EXTENDED SYSTEM TO RESTART FILE AT STEP 300000
WRITING COORDINATES TO DCD FILE mobley_2261979_prod.dcd AT STEP 300000
WRITING COORDINATES TO RESTART FILE AT STEP 300000
FINISHED WRITING RESTART COORDINATES
WRITING VELOCITIES TO RESTART FILE AT STEP 300000
FINISHED WRITING RESTART VELOCITIES
PRESSURE: 400000 -23.2457 -173.958 -18.4109 -173.958 -794.951 -639.177 -18.4085 -639.177 166.897
GPRESSURE: 400000 -49.9431 -79.5043 48.6631 -275.596 -652.054 -723.144 46.1969 -409.291 302.448
PRESSAVG: 400000 -250.365 -37.1594 -30.8849 -37.1594 -42.1563 -74.5344 -30.8849 -74.5344 65.4193
GPRESSAVG: 400000 -180.693 -73.9017 -52.1725 -31.8383 20.3793 -43.0396 -6.18057 42.6497 101.141
ENERGY:  400000         6.2108        20.4929         7.2095         0.0000         -10520.7990      1403.9410         0.0000         0.0000      1800.3954          -7282.5494       308.3731     -9082.9448     -7361.3366       300.7695           -217.0999      -133.1831     30448.7071      -299.9083      -248.4919
FEP:     400000        33.9132    -10520.7990      1403.7875

WRITING EXTENDED SYSTEM TO RESTART FILE AT STEP 400000
WRITING COORDINATES TO DCD FILE mobley_2261979_prod.dcd AT STEP 400000
WRITING COORDINATES TO RESTART FILE AT STEP 400000
FINISHED WRITING RESTART COORDINATES
WRITING VELOCITIES TO RESTART FILE AT STEP 400000
FINISHED WRITING RESTART VELOCITIES
PRESSURE: 500000 -344.451 -362.364 187.591 -362.362 -86.2285 -87.7242 187.586 -87.7261 326.545
GPRESSURE: 500000 -106.727 -378.79 121.275 -240.691 -177.401 -252.64 686.525 119.535 304.974
PRESSAVG: 500000 -245.331 -52.0024 -20.6641 -52.0024 -60.1365 -60.0476 -20.6641 -60.0476 127.116
GPRESSAVG: 500000 -159.389 -106.929 -32.1847 -35.0099 -6.05601 -38.1256 37.1562 70.2559 160.239
ENERGY:  500000         6.1727        21.0104         7.3759         0.0000         -10509.2706      1422.7703         0.0000         0.0000      1687.9289          -7364.0123       289.1098     -9051.9413     -7361.7825       298.8262            -34.7116         6.9489     30559.2710      -255.7089      -205.9184
FEP:     500000        34.5591    -10509.2706      1422.9372

WRITING EXTENDED SYSTEM TO RESTART FILE AT STEP 500000
WRITING COORDINATES TO DCD FILE mobley_2261979_prod.dcd AT STEP 500000
WRITING COORDINATES TO RESTART FILE AT STEP 500000
FINISHED WRITING RESTART COORDINATES
WRITING VELOCITIES TO RESTART FILE AT STEP 500000
FINISHED WRITING RESTART VELOCITIES
PRESSURE: 600000 -367.38 -75.715 62.6046 -75.7129 24.7291 667.638 62.6058 667.639 -1137.77
GPRESSURE: 600000 -209.2 134.322 117.677 -134.129 26.3122 684.125 -66.3192 686.607 -1024.2
PRESSAVG: 600000 -211.921 -17.4018 0.833076 -17.4018 -34.2245 -28.9179 0.833076 -28.9179 78.4285
GPRESSAVG: 600000 -123.06 -65.5571 -7.29453 -10.1852 8.47626 -1.82795 51.1552 103.361 124.564
ENERGY:  600000         5.8271        23.2277         8.4433         0.0000         -10643.7138      1394.0670         0.0000         0.0000      1695.8747          -7516.2739       290.4707     -9212.1486     -7383.8527       297.6326           -493.4754      -402.3637     29814.9539      -289.6755      -233.9821
FEP:     600000        37.4982    -10643.7138      1394.0639

WRITING EXTENDED SYSTEM TO RESTART FILE AT STEP 600000
WRITING COORDINATES TO DCD FILE mobley_2261979_prod.dcd AT STEP 600000
WRITING COORDINATES TO RESTART FILE AT STEP 600000
FINISHED WRITING RESTART COORDINATES
WRITING VELOCITIES TO RESTART FILE AT STEP 600000
FINISHED WRITING RESTART VELOCITIES
PRESSURE: 700000 -513.081 19.9141 -356.134 19.912 -264.776 -147.217 -356.135 -147.223 -1786.05
GPRESSURE: 700000 -601.261 36.8319 -283.494 -274.36 -369.747 -334.44 -365.6 -372.439 -1418.64
PRESSAVG: 700000 -161 1.77821 -14.411 1.77821 -10.4619 -32.8369 -14.411 -32.8369 1.7599
GPRESSAVG: 700000 -85.1854 -51.3962 -26.3451 -1.96254 13.5661 -18.6399 39.0276 75.8807 77.7472
ENERGY:  700000         2.3408        20.5671         5.8947         0.0000         -10622.8828      1370.4927         0.0000         0.0000      1744.5864          -7479.0011       298.8141     -9223.5874     -7395.7463       297.7802           -854.6344      -796.5487     30367.9955      -360.2954      -304.3029
FEP:     700000        28.8026    -10622.8828      1371.2775

WRITING EXTENDED SYSTEM TO RESTART FILE AT STEP 700000
WRITING COORDINATES TO DCD FILE mobley_2261979_prod.dcd AT STEP 700000
WRITING COORDINATES TO RESTART FILE AT STEP 700000
FINISHED WRITING RESTART COORDINATES
WRITING VELOCITIES TO RESTART FILE AT STEP 700000
FINISHED WRITING RESTART VELOCITIES
PRESSURE: 800000 -680.372 -48.7007 43.6539 -48.6977 49.0229 -269.215 43.6571 -269.215 485.94
GPRESSURE: 800000 -1005.14 -120.902 219.355 237.769 273.151 -215.424 44.0432 -254.548 857.638
PRESSAVG: 800000 -206.893 20.8418 -7.5218 20.8418 -14.3987 -18.5135 -7.5218 -18.5135 -19.7539
GPRESSAVG: 800000 -155.956 -33.3197 -26.3568 32.6072 24.4881 20.5827 55.2514 72.6569 67.3155
ENERGY:  800000         3.9914        20.4680         6.9247         0.0000         -10575.9587      1438.4437         0.0000         0.0000      1795.3535          -7310.7774       307.5095     -9106.1309     -7386.3053       298.8613            -48.4695        41.8825     30482.2380      -325.6481      -265.8378
FEP:     800000        31.3841    -10575.9587      1438.6494

WRITING EXTENDED SYSTEM TO RESTART FILE AT STEP 800000
WRITING COORDINATES TO DCD FILE mobley_2261979_prod.dcd AT STEP 800000
WRITING COORDINATES TO RESTART FILE AT STEP 800000
FINISHED WRITING RESTART COORDINATES
WRITING VELOCITIES TO RESTART FILE AT STEP 800000
FINISHED WRITING RESTART VELOCITIES
PRESSURE: 900000 -741.151 -328.937 287.282 -328.938 -603.62 -67.2133 287.279 -67.2141 -1676.43
GPRESSURE: 900000 -551.473 -299.148 313.531 -343.771 -452.951 -120.361 284.432 174.485 -1744.62
PRESSAVG: 900000 -240.334 18.6439 12.7966 18.6439 -72.6384 -22.1187 12.7966 -22.1187 -113.822
GPRESSAVG: 900000 -185.39 -30.1039 -11.2063 34.5718 -26.1151 8.27307 74.8009 72.4889 -31.5517
ENERGY:  900000         8.5397        15.6124         7.4564         0.0000         -10644.6926      1370.4754         0.0000         0.0000      1787.0221          -7455.5865       306.0825     -9242.6087     -7393.2334       299.5834          -1007.0671      -916.3470     29919.6631      -393.7900      -330.8888
FEP:     900000        31.6085    -10644.6926      1371.2089

WRITING EXTENDED SYSTEM TO RESTART FILE AT STEP 900000
WRITING COORDINATES TO DCD FILE mobley_2261979_prod.dcd AT STEP 900000
WRITING COORDINATES TO RESTART FILE AT STEP 900000
FINISHED WRITING RESTART COORDINATES
WRITING VELOCITIES TO RESTART FILE AT STEP 900000
FINISHED WRITING RESTART VELOCITIES
PRESSURE: 1000000 -32.5927 108.666 -199.882 108.665 -184.143 377.968 -199.877 377.968 949.051
GPRESSURE: 1000000 -10.6278 198.043 -12.2218 120.967 -80.4584 500.173 -52.1663 5.68609 1060.82
PRESSAVG: 1000000 -196.342 18.3169 24.9997 18.3169 -67.8834 13.0289 24.9997 13.0289 -39.9375
GPRESSAVG: 1000000 -145.238 -17.2769 24.1758 26.8505 -16.9989 49.0926 89.7464 84.1832 47.471
TIMING: 1000000  CPU: 7839.31, 0.000412747/step  Wall: 8119.24, 0.000448615/step, 385.186 ns/days, 0.0623076 hours remaining, 0.000000 MB of memory in use.
PERFORMANCE: 1000000  averaging 404.285 ns/day, 0.000427422 sec/step with standard deviation 8.59204e-06
ETITLE:      TS           BOND          ANGLE          DIHED          IMPRP               ELECT            VDW       BOUNDARY           MISC        KINETIC               TOTAL           TEMP      POTENTIAL       TOTALAVG        TEMPAVG            PRESSURE      GPRESSURE         VOLUME       PRESSAVG      GPRESSAVG
FEPTITLE:    TS          BOND2         ELECT2           VDW2

ENERGY: 1000000         3.9470        22.5011         7.8878         0.0000         -10568.6088      1461.0731         0.0000         0.0000      1757.9745          -7315.2253       301.1072     -9073.1998     -7386.1418       299.7219            244.1052       323.2461     30275.8160      -335.7995      -271.4219
FEP:    1000000        34.3359    -10568.6088      1461.6891

WRITING EXTENDED SYSTEM TO RESTART FILE AT STEP 1000000
WRITING COORDINATES TO DCD FILE mobley_2261979_prod.dcd AT STEP 1000000
WRITING COORDINATES TO RESTART FILE AT STEP 1000000
FINISHED WRITING RESTART COORDINATES
WRITING VELOCITIES TO RESTART FILE AT STEP 1000000
FINISHED WRITING RESTART VELOCITIES
PRESSURE: 1100000 705.789 -912.424 -16.5813 -912.422 3.76807 288.529 -16.5836 288.533 -107.347
GPRESSURE: 1100000 749.865 -1095.87 -55.9476 -425.808 -13.3946 203.024 157.843 68.8776 -33.5759
PRESSAVG: 1100000 -171.234 -31.4177 29.6694 -31.4177 -159.77 15.4602 29.6694 15.4602 -64.3446
GPRESSAVG: 1100000 -122.939 -76.2223 31.5012 -1.91 -107.443 43.2953 106.747 60.5452 31.7343
ENERGY: 1100000         5.7091        19.3561         5.8633         0.0000         -10554.5034      1409.3785         0.0000         0.0000      1787.7143          -7326.4820       306.2011     -9114.1964     -7381.1701       300.2619            200.7369       234.2981     29652.5807      -291.0881      -229.2786
FEP:    1100000        30.9285    -10554.5034      1408.7938

WRITING EXTENDED SYSTEM TO RESTART FILE AT STEP 1100000
WRITING COORDINATES TO DCD FILE mobley_2261979_prod.dcd AT STEP 1100000
WRITING COORDINATES TO RESTART FILE AT STEP 1100000
FINISHED WRITING RESTART COORDINATES
WRITING VELOCITIES TO RESTART FILE AT STEP 1100000
FINISHED WRITING RESTART VELOCITIES
PRESSURE: 1200000 103.747 318.965 240.873 318.962 -379.646 168.986 240.877 168.987 286.052
GPRESSURE: 1200000 205.159 277.85 436.51 416.538 -373.317 81.0168 196.247 180.75 401.875
PRESSAVG: 1200000 -158.497 -15.6155 16.1274 -15.6155 -224.857 33.9358 16.1274 33.9358 -79.6859
GPRESSAVG: 1200000 -117.354 -70.7552 26.4082 9.41458 -162.324 52.8579 91.6083 60.2863 14.5082
ENERGY: 1200000         5.9163        19.7645         8.1651         0.0000         -10580.8547      1410.8835         0.0000         0.0000      1713.2971          -7422.8282       293.4548     -9136.1253     -7384.3746       299.7382              3.3843        77.9053     29762.8685      -268.4364      -205.6491
FEP:    1200000        33.8460    -10580.8547      1410.2893

WRITING EXTENDED SYSTEM TO RESTART FILE AT STEP 1200000
WRITING COORDINATES TO DCD FILE mobley_2261979_prod.dcd AT STEP 1200000
WRITING COORDINATES TO RESTART FILE AT STEP 1200000
FINISHED WRITING RESTART COORDINATES
WRITING VELOCITIES TO RESTART FILE AT STEP 1200000
FINISHED WRITING RESTART VELOCITIES
PRESSURE: 1300000 -562.607 -326.077 199.663 -326.076 762.773 210.96 199.67 210.968 33.765
GPRESSURE: 1300000 -622.081 -7.69821 220.631 -329.285 706.45 -58.2103 545.397 243.968 284.945
PRESSAVG: 1300000 -227.096 -35.0534 17.3227 -35.0534 -201.938 84.0986 17.3227 84.0986 -126.406
GPRESSAVG: 1300000 -199.322 -77.7777 30.2418 4.53416 -134.693 63.7097 108.763 125.144 -38.0092
ENERGY: 1300000         9.8005        19.5603         7.5271         0.0000         -10589.8954      1452.0441         0.0000         0.0000      1753.3262          -7347.6372       300.3111     -9100.9634     -7381.7505       299.7792             77.9771       123.1051     30130.3068      -243.6926      -182.1666
FEP:    1300000        36.8879    -10589.8954      1452.5254

WRITING EXTENDED SYSTEM TO RESTART FILE AT STEP 1300000
WRITING COORDINATES TO DCD FILE mobley_2261979_prod.dcd AT STEP 1300000
WRITING COORDINATES TO RESTART FILE AT STEP 1300000
FINISHED WRITING RESTART COORDINATES
WRITING VELOCITIES TO RESTART FILE AT STEP 1300000
FINISHED WRITING RESTART VELOCITIES
PRESSURE: 1400000 25.5648 -205.233 -150.505 -205.234 475.889 -148.907 -150.504 -148.914 6.23668
GPRESSURE: 1400000 115.627 -669.255 141.317 -106.089 422.857 -250.877 -480.729 -356.14 -79.7157
PRESSAVG: 1400000 -267.322 -68.1343 22.793 -68.1343 -243.23 73.0644 22.793 73.0644 -158.471
GPRESSAVG: 1400000 -234.76 -132.253 47.9618 -21.9616 -176.803 47.6424 94.9186 100.197 -86.6145
ENERGY: 1400000         6.0112        18.2380         4.5919         0.0000         -10523.8408      1433.2178         0.0000         0.0000      1808.5068          -7253.2752       309.7624     -9061.7820     -7373.1855       300.4447            169.2302       152.9226     30037.1174      -216.1644      -159.8274
FEP:    1400000        28.8411    -10523.8408      1432.9693

WRITING EXTENDED SYSTEM TO RESTART FILE AT STEP 1400000
WRITING COORDINATES TO DCD FILE mobley_2261979_prod.dcd AT STEP 1400000
WRITING COORDINATES TO RESTART FILE AT STEP 1400000
FINISHED WRITING RESTART COORDINATES
WRITING VELOCITIES TO RESTART FILE AT STEP 1400000
FINISHED WRITING RESTART VELOCITIES
PRESSURE: 1500000 1024.38 -410.251 76.8352 -410.252 727.704 -213.884 76.8374 -213.886 132.371
GPRESSURE: 1500000 1067.64 -662.817 -99.2143 -203.03 826.121 -497.421 145.373 121.168 276.753
PRESSAVG: 1500000 -196.068 -69.2871 15.3036 -69.2871 -184.055 58.3012 15.3036 58.3012 -131.236
GPRESSAVG: 1500000 -164.766 -135.673 25.5542 -20.1373 -107.078 27.9631 100.543 90.6689 -63.4859
ENERGY: 1500000         3.8022        20.8326         7.0461         0.0000         -10652.9924      1489.1816         0.0000         0.0000      1737.5612          -7394.5687       297.6108     -9132.1299     -7374.5219       300.2676            628.1532       723.5038     29844.4975      -163.3945      -104.6192
FEP:    1500000        31.6809    -10652.9924      1488.9610

WRITING EXTENDED SYSTEM TO RESTART FILE AT STEP 1500000
WRITING COORDINATES TO DCD FILE mobley_2261979_prod.dcd AT STEP 1500000
WRITING COORDINATES TO RESTART FILE AT STEP 1500000
FINISHED WRITING RESTART COORDINATES
WRITING VELOCITIES TO RESTART FILE AT STEP 1500000
FINISHED WRITING RESTART VELOCITIES
TCL: Running FEP window  14: Lambda1 0.34999999999999964 Lambda2 0.29999999999999966 [dLambda -0.04999999999999999]
TCL: Setting parameter firsttimestep to 0
TCL: Setting parameter alchLambda to 0.34999999999999964
Info: NONBONDED TABLE R-SQUARED SPACING: 0.0625
Info: NONBONDED TABLE SIZE: 705 POINTS
Info: INCONSISTENCY IN FAST TABLE ENERGY VS FORCE: 0.000290481 AT 0.251946
Info: INCONSISTENCY IN SCOR TABLE ENERGY VS FORCE: 0.000238233 AT 8.9687
Info: ABSOLUTE IMPRECISION IN VDWA TABLE ENERGY: 1.21169e-27 AT 8.99653
Info: ABSOLUTE IMPRECISION IN VDWA TABLE FORCE: 2.57484e-27 AT 8.99653
Info: INCONSISTENCY IN VDWA TABLE ENERGY VS FORCE: 0.0040507 AT 0.251946
Info: INCONSISTENCY IN VDWB TABLE ENERGY VS FORCE: 0.00150189 AT 0.251946
TCL: Setting parameter alchLambda2 to 0.29999999999999966
Info: NONBONDED TABLE R-SQUARED SPACING: 0.0625
Info: NONBONDED TABLE SIZE: 705 POINTS
Info: INCONSISTENCY IN FAST TABLE ENERGY VS FORCE: 0.000290481 AT 0.251946
Info: INCONSISTENCY IN SCOR TABLE ENERGY VS FORCE: 0.000238233 AT 8.9687
Info: ABSOLUTE IMPRECISION IN VDWA TABLE ENERGY: 1.21169e-27 AT 8.99653
Info: ABSOLUTE IMPRECISION IN VDWA TABLE FORCE: 2.57484e-27 AT 8.99653
Info: INCONSISTENCY IN VDWA TABLE ENERGY VS FORCE: 0.0040507 AT 0.251946
Info: INCONSISTENCY IN VDWB TABLE ENERGY VS FORCE: 0.00150189 AT 0.251946
TCL: Running for 1500000 steps
FEP: RESETTING FOR NEW FEP WINDOW LAMBDA SET TO 0.35 LAMBDA2 0.3
FEP: WINDOW TO HAVE 100000 STEPS OF EQUILIBRATION PRIOR TO FEP DATA COLLECTION.
FEP: USING CONSTANT TEMPERATURE OF 300 K FOR FEP CALCULATION
PRESSURE: 0 964.212 -424.9 43.3782 -424.9 691.855 -238.237 43.3762 -238.24 206.493
GPRESSURE: 0 1063.25 -657.103 -105.262 -197.51 822.354 -489.399 139.378 129.561 267.342
ETITLE:      TS           BOND          ANGLE          DIHED          IMPRP               ELECT            VDW       BOUNDARY           MISC        KINETIC               TOTAL           TEMP      POTENTIAL       TOTALAVG        TEMPAVG            PRESSURE      GPRESSURE         VOLUME       PRESSAVG      GPRESSAVG
FEPTITLE:    TS          BOND2         ELECT2           VDW2

ENERGY:       0         3.8022        20.8326         7.0461         0.0000         -10652.9932      1488.9612         0.0000         0.0000      1736.7368          -7395.6143       297.4696     -9132.3511     -7395.6143       297.4696            620.8534       717.6472     29844.4975       620.8534       717.6472
FEP:          0        31.6809    -10652.9932      1489.0564

PRESSURE: 100000 56.4442 180.598 -280.205 180.601 -692.54 211.632 -280.207 211.627 -146.166
GPRESSURE: 100000 168.994 278.791 -270.689 4.67947 -553.892 305.122 -229.368 146.834 -104.638
PRESSAVG: 100000 -53.5729 -94.4403 6.09885 -94.4403 -137.637 25.0933 6.09885 25.0933 -2.08635
GPRESSAVG: 100000 -35.9875 -161.132 8.51873 -45.4021 -56.3329 -10.7875 81.7428 57.6641 80.0932
ENERGY:  100000         1.6284        26.2969         6.0239         0.0000         -10560.8320      1384.5075         0.0000         0.0000      1781.0552          -7361.3201       305.0605     -9142.3753     -7378.4672       301.2651           -260.7539      -163.1786     29821.7307       180.0498       277.2343
FEP:     100000        33.9492    -10560.8320      1384.9837

WRITING EXTENDED SYSTEM TO RESTART FILE AT STEP 100000
WRITING COORDINATES TO DCD FILE mobley_2261979_prod.dcd AT STEP 100000
WRITING COORDINATES TO RESTART FILE AT STEP 100000
FINISHED WRITING RESTART COORDINATES
WRITING VELOCITIES TO RESTART FILE AT STEP 100000
FINISHED WRITING RESTART VELOCITIES
PRESSURE: 200000 419.18 49.0738 -361.218 49.0732 168.157 333.085 -361.217 333.083 -197.183
GPRESSURE: 200000 329.129 395.672 -267.496 67.636 130.821 259.95 -378.153 265.75 60.3694
PRESSAVG: 200000 -51.5483 -97.6902 -26.8724 -97.6902 -174.478 30.7 -26.8724 30.7 -64.2484
GPRESSAVG: 200000 -36.7117 -160.181 -9.06819 -52.6807 -99.4765 -14.886 39.6515 61.7821 27.1744
ENERGY:  200000         8.6534        18.9227         6.1228         0.0000         -10670.8553      1462.3496         0.0000         0.0000      1713.8393          -7460.9677       293.5477     -9174.8069     -7405.9673       298.6926            130.0512       173.4399     29916.1898       163.3836       242.6361
FEP:     200000        33.6988    -10670.8553      1463.1577

WRITING EXTENDED SYSTEM TO RESTART FILE AT STEP 200000
WRITING COORDINATES TO DCD FILE mobley_2261979_prod.dcd AT STEP 200000
WRITING COORDINATES TO RESTART FILE AT STEP 200000
FINISHED WRITING RESTART COORDINATES
WRITING VELOCITIES TO RESTART FILE AT STEP 200000
FINISHED WRITING RESTART VELOCITIES
PRESSURE: 300000 -522.389 -67.5205 -448.568 -67.5214 -1355.6 366.763 -448.573 366.763 -1247.66
GPRESSURE: 300000 -512.732 42.8771 -693.251 -115.171 -1166.54 554.821 -115.549 158.844 -1205.24
PRESSAVG: 300000 -70.6658 -104.98 -58.3754 -104.98 -222.999 34.6788 -58.3754 34.6788 -181.242
GPRESSAVG: 300000 -56.1662 -159.932 -47.6989 -55.0666 -150.361 -9.8855 30.7193 45.8693 -79.5981
ENERGY:  300000         3.4414        24.2972         7.2406         0.0000         -10466.5250      1321.3128         0.0000         0.0000      1748.4572          -7361.7758       299.4771     -9110.2330     -7394.9195       298.8887          -1041.8843      -961.5024     30417.3756      -137.9334       -58.3985
FEP:     300000        34.9792    -10466.5250      1322.0625

WRITING EXTENDED SYSTEM TO RESTART FILE AT STEP 300000
WRITING COORDINATES TO DCD FILE mobley_2261979_prod.dcd AT STEP 300000
WRITING COORDINATES TO RESTART FILE AT STEP 300000
FINISHED WRITING RESTART COORDINATES
WRITING VELOCITIES TO RESTART FILE AT STEP 300000
FINISHED WRITING RESTART VELOCITIES
PRESSURE: 400000 -1369.16 11.9526 -27.3591 11.9521 252.488 -354.103 -27.3635 -354.098 -891.606
GPRESSURE: 400000 -1325.12 -107.597 -17.8973 304.985 252.092 -378.043 66.6707 -259.167 -711.777
PRESSAVG: 400000 -128.925 -106.813 -67.3625 -106.813 -190.764 2.31785 -67.3625 2.31785 -275.839
GPRESSAVG: 400000 -115.957 -167.324 -52.4797 -36.4975 -129.793 -51.4173 31.0038 9.21648 -161.35
ENERGY:  400000         3.8587        22.3295         6.6033         0.0000         -10553.1113      1361.3670         0.0000         0.0000      1759.8497          -7399.1031       301.4284     -9158.9528     -7395.7562       299.3967           -669.4260      -594.9347     30028.7791      -244.2319      -165.7057
FEP:     400000        32.7915    -10553.1113      1361.9625

WRITING EXTENDED SYSTEM TO RESTART FILE AT STEP 400000
WRITING COORDINATES TO DCD FILE mobley_2261979_prod.dcd AT STEP 400000
WRITING COORDINATES TO RESTART FILE AT STEP 400000
FINISHED WRITING RESTART COORDINATES
WRITING VELOCITIES TO RESTART FILE AT STEP 400000
FINISHED WRITING RESTART VELOCITIES
PRESSURE: 500000 1314.59 -6.40753 -659.687 -6.4066 253.596 266.556 -659.693 266.559 -532.479
GPRESSURE: 500000 1283.78 -465.059 -677.715 -54.3111 384.326 510.72 -528.996 44.712 -399.148
PRESSAVG: 500000 -45.6812 -130.967 -106.561 -130.967 -150.356 45.3625 -106.561 45.3625 -278.759
GPRESSAVG: 500000 -31.6393 -192.13 -81.3402 -72.0775 -80.2866 -2.76837 -28.0999 48.8622 -168.586
ENERGY:  500000         6.6880        24.5488         5.4552         0.0000         -10696.4848      1501.0190         0.0000         0.0000      1795.6473          -7363.1265       307.5598     -9158.7738     -7390.3179       300.7572            345.2353       422.9843     30227.6955      -145.9874       -67.5907
FEP:     500000        36.6920    -10696.4848      1501.5420

WRITING EXTENDED SYSTEM TO RESTART FILE AT STEP 500000
WRITING COORDINATES TO DCD FILE mobley_2261979_prod.dcd AT STEP 500000
WRITING COORDINATES TO RESTART FILE AT STEP 500000
FINISHED WRITING RESTART COORDINATES
WRITING VELOCITIES TO RESTART FILE AT STEP 500000
FINISHED WRITING RESTART VELOCITIES
PRESSURE: 600000 -120.034 212.109 -54.9785 212.11 -399.447 -107.099 -54.9793 -107.093 -907.321
GPRESSURE: 600000 96.0685 58.9464 -202.188 164.814 -310.102 89.1724 273.096 265.266 -1014.04
PRESSAVG: 600000 -76.775 -112.897 -106.726 -112.897 -138.19 47.3962 -106.726 47.3962 -309.59
GPRESSAVG: 600000 -45.5566 -161.119 -86.0057 -57.9982 -77.7563 6.62734 -10.0459 58.55 -210.468
ENERGY:  600000         4.9700        20.1554        11.2732         0.0000         -10589.7123      1392.0430         0.0000         0.0000      1752.7408          -7408.5298       300.2108     -9161.2707     -7392.9196       300.6791           -475.6004      -409.3563     30055.6649      -193.0749      -116.4144
FEP:     600000        36.3987    -10589.7123      1392.5691

WRITING EXTENDED SYSTEM TO RESTART FILE AT STEP 600000
WRITING COORDINATES TO DCD FILE mobley_2261979_prod.dcd AT STEP 600000
WRITING COORDINATES TO RESTART FILE AT STEP 600000
FINISHED WRITING RESTART COORDINATES
WRITING VELOCITIES TO RESTART FILE AT STEP 600000
FINISHED WRITING RESTART VELOCITIES
PRESSURE: 700000 -751.252 284.927 -738.898 284.927 375.193 -107.337 -738.9 -107.333 554.793
GPRESSURE: 700000 -740.665 179.16 -898.961 -90.158 249.732 41.4531 -497.209 -403.651 762.545
PRESSAVG: 700000 -70.6902 -107.814 -108.528 -107.814 -48.789 25.6004 -108.528 25.6004 -274.093
GPRESSAVG: 700000 -32.7733 -147.063 -98.269 -73.6261 -2.78189 -4.51916 -6.4444 27.8404 -157.794
ENERGY:  700000         6.9112        18.6437        10.4389         0.0000         -10615.3763      1447.2240         0.0000         0.0000      1728.1917          -7403.9669       296.0060     -9132.1586     -7394.3005       300.0950             59.5780        90.5372     29972.9664      -161.4933       -90.5454
FEP:     700000        35.9937    -10615.3763      1447.7426

WRITING EXTENDED SYSTEM TO RESTART FILE AT STEP 700000
WRITING COORDINATES TO DCD FILE mobley_2261979_prod.dcd AT STEP 700000
WRITING COORDINATES TO RESTART FILE AT STEP 700000
FINISHED WRITING RESTART COORDINATES
WRITING VELOCITIES TO RESTART FILE AT STEP 700000
FINISHED WRITING RESTART VELOCITIES
PRESSURE: 800000 -366.973 -196.582 -134.657 -196.582 -345.135 -122.103 -134.652 -122.098 -703.655
GPRESSURE: 800000 -414.669 -205.274 -110.137 -613.426 -260.364 -193.254 -362.082 24.2364 -574.397
PRESSAVG: 800000 -87.8766 -108.945 -114.34 -108.945 -26.2982 51.4544 -114.34 51.4544 -317.621
GPRESSAVG: 800000 -51.0096 -153.351 -106.209 -90.5176 16.8026 21.9753 -26.8583 49.5168 -201.636
ENERGY:  800000         2.4254        19.6651         6.4108         0.0000         -10622.2588      1400.0082         0.0000         0.0000      1717.8520          -7475.8972       294.2350     -9193.7492     -7403.3668       299.4439           -471.9211      -416.4769     30263.8213      -195.9853      -126.7600
FEP:     800000        28.5013    -10622.2588      1400.4157

WRITING EXTENDED SYSTEM TO RESTART FILE AT STEP 800000
WRITING COORDINATES TO DCD FILE mobley_2261979_prod.dcd AT STEP 800000
WRITING COORDINATES TO RESTART FILE AT STEP 800000
FINISHED WRITING RESTART COORDINATES
WRITING VELOCITIES TO RESTART FILE AT STEP 800000
FINISHED WRITING RESTART VELOCITIES
PRESSURE: 900000 62.6737 9.62039 63.2753 9.62191 895.255 123.89 63.2739 123.894 -384.828
GPRESSURE: 900000 235.591 -506.941 -79.0798 426.846 675.81 -140.951 80.6031 399.439 -196.595
PRESSAVG: 900000 -67.5204 -90.3458 -120.555 -90.3458 22.776 62.0354 -120.555 62.0354 -353.19
GPRESSAVG: 900000 -33.8937 -159.759 -116.227 -57.1407 59.4632 27.5598 -57.1544 63.512 -226.715
ENERGY:  900000        10.2305        24.1718        10.7399         0.0000         -10610.5272      1452.7270         0.0000         0.0000      1769.6535          -7343.0046       303.1076     -9112.6581     -7397.3306       299.8103            191.0335       238.2687     30187.8143      -157.2834       -90.2572
FEP:     900000        45.1421    -10610.5272      1452.1508

WRITING EXTENDED SYSTEM TO RESTART FILE AT STEP 900000
WRITING COORDINATES TO DCD FILE mobley_2261979_prod.dcd AT STEP 900000
WRITING COORDINATES TO RESTART FILE AT STEP 900000
FINISHED WRITING RESTART COORDINATES
WRITING VELOCITIES TO RESTART FILE AT STEP 900000
FINISHED WRITING RESTART VELOCITIES
PRESSURE: 1000000 -48.7125 -408.464 -331.32 -408.463 -525.14 595.362 -331.319 595.362 -193.665
GPRESSURE: 1000000 -38.6427 -476.474 -311.426 -336.093 -418.458 385.169 -183.619 850.176 -310.976
PRESSAVG: 1000000 -51.587 -106.983 -140.252 -106.983 -4.7175 58.4215 -140.252 58.4215 -305.984
GPRESSAVG: 1000000 -25.3659 -190.298 -137.682 -67.2389 37.2246 12.612 -63.0194 71.6904 -191.053
TIMING: 1000000  CPU: 8458.47, 0.000412801/step  Wall: 8797.62, 0.000452229/step, 382.107 ns/days, 0.0628096 hours remaining, 0.000000 MB of memory in use.
PERFORMANCE: 1000000  averaging 402.615 ns/day, 0.000429194 sec/step with standard deviation 1.05878e-05
ETITLE:      TS           BOND          ANGLE          DIHED          IMPRP               ELECT            VDW       BOUNDARY           MISC        KINETIC               TOTAL           TEMP      POTENTIAL       TOTALAVG        TEMPAVG            PRESSURE      GPRESSURE         VOLUME       PRESSAVG      GPRESSAVG
FEPTITLE:    TS          BOND2         ELECT2           VDW2

ENERGY: 1000000         6.3061        21.8635        10.1200         0.0000         -10458.5818      1366.7895         0.0000         0.0000      1730.1090          -7323.3937       296.3344     -9053.5027     -7390.6091       299.4943           -255.8394      -256.0257     30030.2653      -166.2431      -105.3270
FEP:    1000000        38.2897    -10458.5818      1365.2420

WRITING EXTENDED SYSTEM TO RESTART FILE AT STEP 1000000
WRITING COORDINATES TO DCD FILE mobley_2261979_prod.dcd AT STEP 1000000
WRITING COORDINATES TO RESTART FILE AT STEP 1000000
FINISHED WRITING RESTART COORDINATES
WRITING VELOCITIES TO RESTART FILE AT STEP 1000000
FINISHED WRITING RESTART VELOCITIES
PRESSURE: 1100000 -538.818 -68.0652 -45.4355 -68.0668 -185.908 -399.405 -45.4345 -399.402 -751.911
GPRESSURE: 1100000 -478.297 67.4708 -99.3703 -204.147 -265.403 -232.055 3.45618 -614.342 -680.441
PRESSAVG: 1100000 -52.8738 -111.382 -124.717 -111.382 -0.774102 45.8126 -124.717 45.8126 -254.277
GPRESSAVG: 1100000 -19.2177 -188.767 -128.476 -63.7283 42.4418 17.7312 -44.5666 59.5953 -154.143
ENERGY: 1100000         3.1718        26.7748         5.9818         0.0000         -10579.7122      1394.6892         0.0000         0.0000      1797.3473          -7351.7472       307.8510     -9149.0945     -7387.3706       300.1907           -492.2122      -474.7136     30507.1048      -193.4071      -136.1093
FEP:    1100000        35.9284    -10579.7122      1394.9195

WRITING EXTENDED SYSTEM TO RESTART FILE AT STEP 1100000
WRITING COORDINATES TO DCD FILE mobley_2261979_prod.dcd AT STEP 1100000
WRITING COORDINATES TO RESTART FILE AT STEP 1100000
FINISHED WRITING RESTART COORDINATES
WRITING VELOCITIES TO RESTART FILE AT STEP 1100000
FINISHED WRITING RESTART VELOCITIES
PRESSURE: 1200000 192.237 -55.1797 346.038 -55.1812 410.022 78.2839 346.04 78.2793 -557.041
GPRESSURE: 1200000 385.643 -331.515 620.07 17.651 431.937 157.149 233.118 76.9164 -563.993
PRESSAVG: 1200000 -9.2434 -111.706 -109.598 -111.706 17.2758 63.1873 -109.598 63.1873 -306.426
GPRESSAVG: 1200000 50.3215 -199.297 -108.44 -74.7342 50.3811 36.3599 -35.1129 76.1685 -225.225
ENERGY: 1200000         4.1103        19.9214         7.2911         0.0000         -10620.5490      1434.7277         0.0000         0.0000      1755.8604          -7398.6382       300.7451     -9154.4986     -7388.2373       300.2333             15.0725        84.5289     30200.6162      -177.3702      -119.1371
FEP:    1200000        31.3228    -10620.5490      1435.3170

WRITING EXTENDED SYSTEM TO RESTART FILE AT STEP 1200000
WRITING COORDINATES TO DCD FILE mobley_2261979_prod.dcd AT STEP 1200000
WRITING COORDINATES TO RESTART FILE AT STEP 1200000
FINISHED WRITING RESTART COORDINATES
WRITING VELOCITIES TO RESTART FILE AT STEP 1200000
FINISHED WRITING RESTART VELOCITIES
PRESSURE: 1300000 241.406 -596.738 55.0796 -596.735 -218.989 271.42 55.0719 271.421 -388.477
GPRESSURE: 1300000 488.82 -316.101 -193.767 -839.18 -391.894 267.66 217.602 187.065 -237.642
PRESSAVG: 1300000 39.8844 -125.096 -121.208 -125.096 36.5074 80.119 -121.208 80.119 -242.029
GPRESSAVG: 1300000 102.336 -200.145 -133.805 -99.5046 53.434 55.7609 -38.4544 76.7975 -149.876
ENERGY: 1300000         5.2694        16.8341         6.4416         0.0000         -10534.2242      1372.1671         0.0000         0.0000      1714.3892          -7419.1227       293.6419     -9133.5119     -7390.4434       299.7625           -122.0200       -46.9051     29589.6156      -173.4167      -113.9777
FEP:    1300000        28.5452    -10534.2242      1371.9433

WRITING EXTENDED SYSTEM TO RESTART FILE AT STEP 1300000
WRITING COORDINATES TO DCD FILE mobley_2261979_prod.dcd AT STEP 1300000
WRITING COORDINATES TO RESTART FILE AT STEP 1300000
FINISHED WRITING RESTART COORDINATES
WRITING VELOCITIES TO RESTART FILE AT STEP 1300000
FINISHED WRITING RESTART VELOCITIES
PRESSURE: 1400000 -142.294 414.64 -549.724 414.642 206.221 -404.834 -549.722 -404.834 543.751
GPRESSURE: 1400000 80.4688 590.523 -346.353 321.911 268.227 -378.882 -1081.76 -502.383 389.358
PRESSAVG: 1400000 34.3993 -109.798 -138.7 -109.798 56.0256 40.9789 -138.7 40.9789 -262.294
GPRESSAVG: 1400000 106.891 -180.521 -150.511 -89.4574 70.8682 11.8081 -89.9338 51.394 -183.449
ENERGY: 1400000         2.4449        23.9450         6.7263         0.0000         -10610.4667      1435.3562         0.0000         0.0000      1718.3189          -7423.6755       294.3150     -9141.9944     -7392.6589       299.3993            202.5592       246.0179     29905.5266      -148.3516       -89.9780
FEP:    1400000        33.1161    -10610.4667      1435.7169

WRITING EXTENDED SYSTEM TO RESTART FILE AT STEP 1400000
WRITING COORDINATES TO DCD FILE mobley_2261979_prod.dcd AT STEP 1400000
WRITING COORDINATES TO RESTART FILE AT STEP 1400000
FINISHED WRITING RESTART COORDINATES
WRITING VELOCITIES TO RESTART FILE AT STEP 1400000
FINISHED WRITING RESTART VELOCITIES
PRESSURE: 1500000 287.446 -288.423 264.717 -288.421 172.669 -773.76 264.714 -773.761 -153.178
GPRESSURE: 1500000 181.373 -406.891 53.1795 -53.5421 464.072 -248.241 329.549 -698.182 -8.44158
PRESSAVG: 1500000 13.4822 -78.5975 -124.635 -78.5975 64.4706 -12.1358 -124.635 -12.1358 -264.585
GPRESSAVG: 1500000 78.4664 -146.072 -145.055 -70.8441 94.7416 -10.7551 -81.3485 13.041 -182.193
ENERGY: 1500000         2.9232        18.7194         7.4536         0.0000         -10597.9566      1441.2817         0.0000         0.0000      1724.3768          -7403.2019       295.3526     -9127.5787     -7393.3178       299.1464            102.3124       212.3346     29841.3194      -132.6851       -71.0834
FEP:    1500000        29.0962    -10597.9566      1441.9545

WRITING EXTENDED SYSTEM TO RESTART FILE AT STEP 1500000
WRITING COORDINATES TO DCD FILE mobley_2261979_prod.dcd AT STEP 1500000
WRITING COORDINATES TO RESTART FILE AT STEP 1500000
FINISHED WRITING RESTART COORDINATES
WRITING VELOCITIES TO RESTART FILE AT STEP 1500000
FINISHED WRITING RESTART VELOCITIES
TCL: Running FEP window  15: Lambda1 0.29999999999999966 Lambda2 0.24999999999999967 [dLambda -0.04999999999999999]
TCL: Setting parameter firsttimestep to 0
TCL: Setting parameter alchLambda to 0.29999999999999966
Info: NONBONDED TABLE R-SQUARED SPACING: 0.0625
Info: NONBONDED TABLE SIZE: 705 POINTS
Info: INCONSISTENCY IN FAST TABLE ENERGY VS FORCE: 0.000290481 AT 0.251946
Info: INCONSISTENCY IN SCOR TABLE ENERGY VS FORCE: 0.000238233 AT 8.9687
Info: ABSOLUTE IMPRECISION IN VDWA TABLE ENERGY: 1.21169e-27 AT 8.99653
Info: ABSOLUTE IMPRECISION IN VDWA TABLE FORCE: 2.57484e-27 AT 8.99653
Info: INCONSISTENCY IN VDWA TABLE ENERGY VS FORCE: 0.0040507 AT 0.251946
Info: INCONSISTENCY IN VDWB TABLE ENERGY VS FORCE: 0.00150189 AT 0.251946
TCL: Setting parameter alchLambda2 to 0.24999999999999967
Info: NONBONDED TABLE R-SQUARED SPACING: 0.0625
Info: NONBONDED TABLE SIZE: 705 POINTS
Info: INCONSISTENCY IN FAST TABLE ENERGY VS FORCE: 0.000290481 AT 0.251946
Info: INCONSISTENCY IN SCOR TABLE ENERGY VS FORCE: 0.000238233 AT 8.9687
Info: ABSOLUTE IMPRECISION IN VDWA TABLE ENERGY: 1.21169e-27 AT 8.99653
Info: ABSOLUTE IMPRECISION IN VDWA TABLE FORCE: 2.57484e-27 AT 8.99653
Info: INCONSISTENCY IN VDWA TABLE ENERGY VS FORCE: 0.0040507 AT 0.251946
Info: INCONSISTENCY IN VDWB TABLE ENERGY VS FORCE: 0.00150189 AT 0.251946
TCL: Running for 1500000 steps
FEP: RESETTING FOR NEW FEP WINDOW LAMBDA SET TO 0.3 LAMBDA2 0.25
FEP: WINDOW TO HAVE 100000 STEPS OF EQUILIBRATION PRIOR TO FEP DATA COLLECTION.
FEP: USING CONSTANT TEMPERATURE OF 300 K FOR FEP CALCULATION
PRESSURE: 0 328.487 -314.787 296.03 -314.785 187.655 -674.804 296.03 -674.806 -148.491
GPRESSURE: 0 185.071 -405.779 54.6973 -52.4146 463.866 -248.159 330.768 -698.308 -7.39129
ETITLE:      TS           BOND          ANGLE          DIHED          IMPRP               ELECT            VDW       BOUNDARY           MISC        KINETIC               TOTAL           TEMP      POTENTIAL       TOTALAVG        TEMPAVG            PRESSURE      GPRESSURE         VOLUME       PRESSAVG      GPRESSAVG
FEPTITLE:    TS          BOND2         ELECT2           VDW2

ENERGY:       0         2.9232        18.7194         7.4536         0.0000         -10597.9571      1441.9542         0.0000         0.0000      1723.4746          -7403.4322       295.1980     -9126.9067     -7403.4322       295.1980            122.5502       213.8485     29841.3194       122.5502       213.8485
FEP:          0        29.0962    -10597.9571      1442.6866

PRESSURE: 100000 -126.529 -253.023 -199.234 -253.026 -483.82 733.859 -199.238 733.856 409.687
GPRESSURE: 100000 55.0215 -425.144 -182.182 -63.4713 -335.461 550.173 5.07835 750.356 377.47
PRESSAVG: 100000 46.5231 -106.632 -141.823 -106.632 30.506 -28.1811 -141.823 -28.1811 -267.516
GPRESSAVG: 100000 111.317 -201.125 -184.286 -81.001 84.5052 3.20532 -101.638 -5.5925 -198.03
ENERGY:  100000         4.4477        21.6892         8.1498         0.0000         -10535.2611      1395.3238         0.0000         0.0000      1752.8623          -7352.7881       300.2316     -9105.6505     -7378.1102       297.7148            -66.8873        32.3435     29945.4334        27.8315       123.0960
FEP:     100000        34.2868    -10535.2611      1395.3530

WRITING EXTENDED SYSTEM TO RESTART FILE AT STEP 100000
WRITING COORDINATES TO DCD FILE mobley_2261979_prod.dcd AT STEP 100000
WRITING COORDINATES TO RESTART FILE AT STEP 100000
FINISHED WRITING RESTART COORDINATES
WRITING VELOCITIES TO RESTART FILE AT STEP 100000
FINISHED WRITING RESTART VELOCITIES
PRESSURE: 200000 -1398.73 -353.937 478 -353.934 -756.539 344.629 477.998 344.624 -889.34
GPRESSURE: 200000 -1362.29 -238.569 351.68 -388.887 -528.018 327.743 541.821 22.9259 -902.161
PRESSAVG: 200000 -24.6917 -114.067 -110.398 -114.067 -31.1154 -3.50415 -110.398 -3.50415 -312.295
GPRESSAVG: 200000 37.4215 -179.591 -173.768 -95.1409 36.9614 32.1363 -50.5109 13.3608 -239.152
ENERGY:  200000         6.6058        25.4485         6.2987         0.0000         -10453.7416      1333.0471         0.0000         0.0000      1783.6459          -7298.6955       305.5042     -9082.3414     -7351.6386       300.3113          -1014.8701      -930.8218     30935.8532      -319.7357      -228.2099
FEP:     200000        38.3530    -10453.7416      1333.5942

WRITING EXTENDED SYSTEM TO RESTART FILE AT STEP 200000
WRITING COORDINATES TO DCD FILE mobley_2261979_prod.dcd AT STEP 200000
WRITING COORDINATES TO RESTART FILE AT STEP 200000
FINISHED WRITING RESTART COORDINATES
WRITING VELOCITIES TO RESTART FILE AT STEP 200000
FINISHED WRITING RESTART VELOCITIES
PRESSURE: 300000 -170.668 -1.37443 147.064 -1.37425 -136.193 921.74 147.066 921.739 1112.28
GPRESSURE: 300000 -152.304 86.9333 154.145 22.9586 -192.382 1140.27 244.439 565.417 1208.85
PRESSAVG: 300000 -84.4443 -93.6235 -106.886 -93.6235 -74.3102 53.2771 -106.886 53.2771 -263.3
GPRESSAVG: 300000 -23.5757 -142.104 -161.1 -83.8415 -13.9637 114.021 -45.5577 35.5732 -192.547
ENERGY:  300000         3.5284        21.5203         5.5266         0.0000         -10712.1201      1491.4142         0.0000         0.0000      1743.6398          -7446.4907       298.6520     -9190.1305     -7375.3516       299.8965            268.4730       288.0558     30165.9721      -172.6836       -99.1435
FEP:     300000        30.5754    -10712.1201      1491.4583

WRITING EXTENDED SYSTEM TO RESTART FILE AT STEP 300000
WRITING COORDINATES TO DCD FILE mobley_2261979_prod.dcd AT STEP 300000
WRITING COORDINATES TO RESTART FILE AT STEP 300000
FINISHED WRITING RESTART COORDINATES
WRITING VELOCITIES TO RESTART FILE AT STEP 300000
FINISHED WRITING RESTART VELOCITIES
PRESSURE: 400000 -188.462 3.30062 356.732 3.29894 479.075 -191.41 356.738 -191.409 -62.8803
GPRESSURE: 400000 122.437 -291.56 274.143 485.877 483.698 -505.239 353.57 -104.155 -187.385
PRESSAVG: 400000 -142.078 -72.2135 -91.2184 -72.2135 -84.9492 55.6186 -91.2184 55.6186 -276.769
GPRESSAVG: 400000 -70.6161 -123.826 -142.13 -49.6721 -30.8965 113.229 -34.8481 23.8875 -215.283
ENERGY:  400000         4.8591        19.7226         5.4320         0.0000         -10490.1306      1427.8865         0.0000         0.0000      1803.8692          -7228.3613       308.9681     -9032.2305     -7345.9536       301.7108             75.9107       139.5835     30408.4177      -122.9647       -51.3981
FEP:     400000        30.0137    -10490.1306      1428.4639

WRITING EXTENDED SYSTEM TO RESTART FILE AT STEP 400000
WRITING COORDINATES TO DCD FILE mobley_2261979_prod.dcd AT STEP 400000
WRITING COORDINATES TO RESTART FILE AT STEP 400000
FINISHED WRITING RESTART COORDINATES
WRITING VELOCITIES TO RESTART FILE AT STEP 400000
FINISHED WRITING RESTART VELOCITIES
PRESSURE: 500000 -300.871 726.745 -491.956 726.746 303.032 122.031 -491.955 122.037 38.9717
GPRESSURE: 500000 -244.393 494.52 -452.323 776.463 389.044 395.935 -348.973 -197.117 -78.8263
PRESSAVG: 500000 -159.944 -44.9063 -101.806 -44.9063 -35.1706 51.1391 -101.806 51.1391 -267.512
GPRESSAVG: 500000 -91.2855 -113.04 -151.212 -11.0829 16.2504 117.769 -40.8284 6.6899 -213.993
ENERGY:  500000         5.2909        20.6047         5.0468         0.0000         -10686.2603      1465.8791         0.0000         0.0000      1798.5426          -7390.8962       308.0558     -9189.4388     -7353.4440       302.7683             13.7111        21.9416     30028.1005      -100.1854       -39.1748
FEP:     500000        30.9424    -10686.2603      1466.2608

WRITING EXTENDED SYSTEM TO RESTART FILE AT STEP 500000
WRITING COORDINATES TO DCD FILE mobley_2261979_prod.dcd AT STEP 500000
WRITING COORDINATES TO RESTART FILE AT STEP 500000
FINISHED WRITING RESTART COORDINATES
WRITING VELOCITIES TO RESTART FILE AT STEP 500000
FINISHED WRITING RESTART VELOCITIES
PRESSURE: 600000 -290.493 -165.601 -325.269 -165.6 -695.511 -217.715 -325.266 -217.715 -365.743
GPRESSURE: 600000 -153.526 -221.095 -84.1337 124.791 -436.192 -310.978 -6.80006 -578.133 -427.257
PRESSAVG: 600000 -195.427 -55.64 -100.008 -55.64 -78.354 23.5992 -100.008 23.5992 -275.94
GPRESSAVG: 600000 -115.418 -143.878 -142.043 -8.22518 -12.1003 89.223 -22.2607 -35.5042 -238.374
ENERGY:  600000         9.9284        18.3302         6.8271         0.0000         -10678.3291      1421.1489         0.0000         0.0000      1686.6965          -7535.3980       288.8987     -9222.0945     -7379.4374       300.7869           -450.5822      -338.9914     29774.0272      -150.2421       -82.0057
FEP:     600000        35.0857    -10678.3291      1421.9408

WRITING EXTENDED SYSTEM TO RESTART FILE AT STEP 600000
WRITING COORDINATES TO DCD FILE mobley_2261979_prod.dcd AT STEP 600000
WRITING COORDINATES TO RESTART FILE AT STEP 600000
FINISHED WRITING RESTART COORDINATES
WRITING VELOCITIES TO RESTART FILE AT STEP 600000
FINISHED WRITING RESTART VELOCITIES
PRESSURE: 700000 -365.784 314.115 -282.993 314.113 -31.673 242.615 -282.992 242.614 104.872
GPRESSURE: 700000 -467.107 233.825 -124.973 291.274 129.39 194.497 -493.904 -16.0289 161.249
PRESSAVG: 700000 -187.597 -36.5583 -91.7292 -36.5583 -12.1575 17.3917 -91.7292 17.3917 -208.313
GPRESSAVG: 700000 -113.137 -134.331 -113.63 12.0971 52.696 71.2068 -41.1785 -44.2479 -170.05
ENERGY:  700000         7.6128        18.2271         5.7436         0.0000         -10639.9360      1422.7459         0.0000         0.0000      1726.8514          -7458.7553       295.7764     -9185.6066     -7389.3522       300.1606            -97.5286       -58.8225     29923.8923      -143.6529       -79.1078
FEP:     700000        31.5835    -10639.9360      1423.2572

WRITING EXTENDED SYSTEM TO RESTART FILE AT STEP 700000
WRITING COORDINATES TO DCD FILE mobley_2261979_prod.dcd AT STEP 700000
WRITING COORDINATES TO RESTART FILE AT STEP 700000
FINISHED WRITING RESTART COORDINATES
WRITING VELOCITIES TO RESTART FILE AT STEP 700000
FINISHED WRITING RESTART VELOCITIES
PRESSURE: 800000 -751.171 -379.326 308.702 -379.327 -993.936 207.836 308.703 207.834 68.0859
GPRESSURE: 800000 -654.98 -158.475 119.272 -446.247 -828.271 388.971 164.49 333.985 190.89
PRESSAVG: 800000 -156.698 -56.1222 -74.9258 -56.1222 -74.4786 45.4884 -74.9258 45.4884 -160.328
GPRESSAVG: 800000 -79.6301 -136.875 -106.771 -25.4645 -1.32217 109.557 -36.2875 -14.5903 -124.916
ENERGY:  800000         3.3060        19.8595        10.2335         0.0000         -10535.7423      1389.2984         0.0000         0.0000      1690.9625          -7422.0824       289.6293     -9113.0449     -7392.9889       298.9905           -559.0071      -430.7872     30464.6530      -189.8034      -118.1833
FEP:     800000        33.3990    -10535.7423      1389.9696

WRITING EXTENDED SYSTEM TO RESTART FILE AT STEP 800000
WRITING COORDINATES TO DCD FILE mobley_2261979_prod.dcd AT STEP 800000
WRITING COORDINATES TO RESTART FILE AT STEP 800000
FINISHED WRITING RESTART COORDINATES
WRITING VELOCITIES TO RESTART FILE AT STEP 800000
FINISHED WRITING RESTART VELOCITIES
PRESSURE: 900000 -491.785 234.75 -50.8391 234.75 -1023.24 -135.763 -50.8376 -135.761 -925.509
GPRESSURE: 900000 -422.265 262.902 -324.658 373.362 -1101.63 92.2718 195.891 80.3178 -877.648
PRESSAVG: 900000 -247.016 -44.0644 -44.4831 -44.0644 -138.32 25.3723 -44.4831 25.3723 -179.98
GPRESSAVG: 900000 -164.932 -100.477 -89.1182 -4.08087 -75.6198 88.6351 -0.0431696 -12.8101 -148.841
ENERGY:  900000         2.5838        18.9275        11.6991         0.0000         -10621.1853      1376.8266         0.0000         0.0000      1733.5370          -7477.6112       296.9216     -9211.1483     -7401.4511       298.7836           -813.5106      -800.5131     30390.4421      -252.1741      -186.4163
FEP:     900000        33.2104    -10621.1853      1377.4678

WRITING EXTENDED SYSTEM TO RESTART FILE AT STEP 900000
WRITING COORDINATES TO DCD FILE mobley_2261979_prod.dcd AT STEP 900000
WRITING COORDINATES TO RESTART FILE AT STEP 900000
FINISHED WRITING RESTART COORDINATES
WRITING VELOCITIES TO RESTART FILE AT STEP 900000
FINISHED WRITING RESTART VELOCITIES
PRESSURE: 1000000 -135.076 -174.275 -267.281 -174.276 -952.335 -454.545 -267.282 -454.543 -1115.22
GPRESSURE: 1000000 -219.313 -128.043 -475.997 -326.819 -862.753 -366 -173.496 -516.27 -1058.63
PRESSAVG: 1000000 -247.769 -63.3836 -55.0982 -63.3836 -165.965 7.99988 -55.0982 7.99988 -190.375
GPRESSAVG: 1000000 -180.701 -109.826 -102.809 -28.6625 -103.252 65.8765 -22.3728 -51.8868 -151.071
TIMING: 1000000  CPU: 9077.48, 0.000412295/step  Wall: 9487.51, 0.000460295/step, 375.412 ns/days, 0.0639298 hours remaining, 0.000000 MB of memory in use.
PERFORMANCE: 1000000  averaging 400.68 ns/day, 0.000431267 sec/step with standard deviation 1.29838e-05
ETITLE:      TS           BOND          ANGLE          DIHED          IMPRP               ELECT            VDW       BOUNDARY           MISC        KINETIC               TOTAL           TEMP      POTENTIAL       TOTALAVG        TEMPAVG            PRESSURE      GPRESSURE         VOLUME       PRESSAVG      GPRESSAVG
FEPTITLE:    TS          BOND2         ELECT2           VDW2

ENERGY: 1000000         5.5009        20.4639         6.0398         0.0000         -10519.5892      1343.9340         0.0000         0.0000      1763.6660          -7379.9846       302.0821     -9143.6507     -7399.4996       299.0834           -734.2086      -713.5666     30398.3026      -295.9954      -234.3390
FEP:    1000000        32.0046    -10519.5892      1344.1606

WRITING EXTENDED SYSTEM TO RESTART FILE AT STEP 1000000
WRITING COORDINATES TO DCD FILE mobley_2261979_prod.dcd AT STEP 1000000
WRITING COORDINATES TO RESTART FILE AT STEP 1000000
FINISHED WRITING RESTART COORDINATES
WRITING VELOCITIES TO RESTART FILE AT STEP 1000000
FINISHED WRITING RESTART VELOCITIES
PRESSURE: 1100000 -670.864 337.304 -11.5424 337.304 -608.412 -100.308 -11.5432 -100.304 -663.953
GPRESSURE: 1100000 -488.542 490.657 -327.935 45.7831 -664.769 72.383 35.3485 126.377 -676.499
PRESSAVG: 1100000 -243.749 -60.7648 -18.7304 -60.7648 -215.145 8.3513 -18.7304 8.3513 -251.312
GPRESSAVG: 1100000 -168.095 -94.2514 -74.2574 -21.8654 -148.977 67.423 4.25508 -25.3854 -223.023
ENERGY: 1100000        12.1237        18.6159         7.8679         0.0000         -10529.4542      1380.1182         0.0000         0.0000      1730.1285          -7380.6001       296.3377     -9110.7286     -7397.9246       298.8546           -647.7429      -609.9368     30593.3874      -325.3077      -265.6389
FEP:    1100000        38.6075    -10529.4542      1380.4557

WRITING EXTENDED SYSTEM TO RESTART FILE AT STEP 1100000
WRITING COORDINATES TO DCD FILE mobley_2261979_prod.dcd AT STEP 1100000
WRITING COORDINATES TO RESTART FILE AT STEP 1100000
FINISHED WRITING RESTART COORDINATES
WRITING VELOCITIES TO RESTART FILE AT STEP 1100000
FINISHED WRITING RESTART VELOCITIES
PRESSURE: 1200000 -840.337 -121.514 -2.03337 -121.513 -552.045 96.0231 -2.03704 96.0256 -334.333
GPRESSURE: 1200000 -690.818 -121.744 -187.602 -69.7864 -600.42 93.2741 -171.513 231.613 -195.523
PRESSAVG: 1200000 -267.417 -57.0114 -12.0996 -57.0114 -225.49 19.2575 -12.0996 19.2575 -232.846
GPRESSAVG: 1200000 -181.902 -90.075 -78.1306 5.31655 -165.98 81.7494 13.7835 -15.0166 -204.079
ENERGY: 1200000         4.0787        24.0787         7.5589         0.0000         -10478.5459      1351.5171         0.0000         0.0000      1730.0159          -7361.2966       296.3184     -9091.3125     -7395.1071       298.6595           -575.5718      -495.5867     29896.5673      -344.5588      -283.3272
FEP:    1200000        35.7164    -10478.5459      1350.7358

WRITING EXTENDED SYSTEM TO RESTART FILE AT STEP 1200000
WRITING COORDINATES TO DCD FILE mobley_2261979_prod.dcd AT STEP 1200000
WRITING COORDINATES TO RESTART FILE AT STEP 1200000
FINISHED WRITING RESTART COORDINATES
WRITING VELOCITIES TO RESTART FILE AT STEP 1200000
FINISHED WRITING RESTART VELOCITIES
PRESSURE: 1300000 -1102.13 189.164 -417.166 189.163 -427.938 34.8706 -417.167 34.8726 -1335.58
GPRESSURE: 1300000 -771.238 -7.23142 -425.616 154.618 -572.81 65.5103 -442.859 75.8695 -1323
PRESSAVG: 1300000 -325.657 -48.0343 -36.1217 -48.0343 -291.65 14.8064 -36.1217 14.8064 -280.384
GPRESSAVG: 1300000 -232.244 -65.0895 -95.4574 -8.29487 -228.411 92.0725 -12.3896 -31.195 -260.4
ENERGY: 1300000         8.4367        19.2338         6.2461         0.0000         -10401.4615      1297.4387         0.0000         0.0000      1747.1893          -7322.9169       299.2599     -9070.1062     -7389.9507       298.7024           -955.2163      -889.0153     29954.9741      -388.1772      -326.5906
FEP:    1300000        33.9165    -10401.4615      1296.9607

WRITING EXTENDED SYSTEM TO RESTART FILE AT STEP 1300000
WRITING COORDINATES TO DCD FILE mobley_2261979_prod.dcd AT STEP 1300000
WRITING COORDINATES TO RESTART FILE AT STEP 1300000
FINISHED WRITING RESTART COORDINATES
WRITING VELOCITIES TO RESTART FILE AT STEP 1300000
FINISHED WRITING RESTART VELOCITIES
PRESSURE: 1400000 -300.593 -351.32 -323.731 -351.32 88.8893 -365.099 -323.737 -365.095 -1076.87
GPRESSURE: 1400000 -379.068 -55.7792 -798.229 -488.491 55.3249 -568.36 223.503 -271.129 -839.337
PRESSAVG: 1400000 -338.252 -45.1772 -35.7426 -45.1772 -260.949 -33.2164 -35.7426 -33.2164 -324.544
GPRESSAVG: 1400000 -249.265 -44.0547 -119.798 -15.9148 -204.722 44.396 7.96652 -87.2603 -286.818
ENERGY: 1400000         7.4375        16.4262         8.7776         0.0000         -10529.5878      1400.0273         0.0000         0.0000      1771.4373          -7325.4819       303.4131     -9096.9193     -7385.6527       299.0165           -429.5237      -387.6935     30304.0379      -390.9336      -330.6641
FEP:    1400000        32.6413    -10529.5878      1400.6292

WRITING EXTENDED SYSTEM TO RESTART FILE AT STEP 1400000
WRITING COORDINATES TO DCD FILE mobley_2261979_prod.dcd AT STEP 1400000
WRITING COORDINATES TO RESTART FILE AT STEP 1400000
FINISHED WRITING RESTART COORDINATES
WRITING VELOCITIES TO RESTART FILE AT STEP 1400000
FINISHED WRITING RESTART VELOCITIES
PRESSURE: 1500000 172.338 -340.679 165.245 -340.677 645.82 -179.383 165.245 -179.384 -696.965
GPRESSURE: 1500000 144.108 -435.116 425.933 -93.6099 755.347 -248.985 -270.978 -312.603 -688.576
PRESSAVG: 1500000 -302.694 -58.8077 -25.2086 -58.8077 -219.362 -22.2155 -25.2086 -22.2155 -321.796
GPRESSAVG: 1500000 -218.145 -69.1841 -93.5324 -10.3879 -153.684 43.5495 -5.75519 -72.1733 -287.224
ENERGY: 1500000         5.9949        21.2177         4.3036         0.0000         -10612.2540      1419.0494         0.0000         0.0000      1758.1474          -7403.5410       301.1368     -9161.6884     -7386.7708       299.1490             40.3978        70.2933     29653.3878      -363.9754      -305.6043
FEP:    1500000        31.5163    -10612.2540      1419.5489

WRITING EXTENDED SYSTEM TO RESTART FILE AT STEP 1500000
WRITING COORDINATES TO DCD FILE mobley_2261979_prod.dcd AT STEP 1500000
WRITING COORDINATES TO RESTART FILE AT STEP 1500000
FINISHED WRITING RESTART COORDINATES
WRITING VELOCITIES TO RESTART FILE AT STEP 1500000
FINISHED WRITING RESTART VELOCITIES
TCL: Running FEP window  16: Lambda1 0.24999999999999967 Lambda2 0.19999999999999968 [dLambda -0.04999999999999999]
TCL: Setting parameter firsttimestep to 0
TCL: Setting parameter alchLambda to 0.24999999999999967
Info: NONBONDED TABLE R-SQUARED SPACING: 0.0625
Info: NONBONDED TABLE SIZE: 705 POINTS
Info: INCONSISTENCY IN FAST TABLE ENERGY VS FORCE: 0.000290481 AT 0.251946
Info: INCONSISTENCY IN SCOR TABLE ENERGY VS FORCE: 0.000238233 AT 8.9687
Info: ABSOLUTE IMPRECISION IN VDWA TABLE ENERGY: 1.21169e-27 AT 8.99653
Info: ABSOLUTE IMPRECISION IN VDWA TABLE FORCE: 2.57484e-27 AT 8.99653
Info: INCONSISTENCY IN VDWA TABLE ENERGY VS FORCE: 0.0040507 AT 0.251946
Info: INCONSISTENCY IN VDWB TABLE ENERGY VS FORCE: 0.00150189 AT 0.251946
TCL: Setting parameter alchLambda2 to 0.19999999999999968
Info: NONBONDED TABLE R-SQUARED SPACING: 0.0625
Info: NONBONDED TABLE SIZE: 705 POINTS
Info: INCONSISTENCY IN FAST TABLE ENERGY VS FORCE: 0.000290481 AT 0.251946
Info: INCONSISTENCY IN SCOR TABLE ENERGY VS FORCE: 0.000238233 AT 8.9687
Info: ABSOLUTE IMPRECISION IN VDWA TABLE ENERGY: 1.21169e-27 AT 8.99653
Info: ABSOLUTE IMPRECISION IN VDWA TABLE FORCE: 2.57484e-27 AT 8.99653
Info: INCONSISTENCY IN VDWA TABLE ENERGY VS FORCE: 0.0040507 AT 0.251946
Info: INCONSISTENCY IN VDWB TABLE ENERGY VS FORCE: 0.00150189 AT 0.251946
TCL: Running for 1500000 steps
FEP: RESETTING FOR NEW FEP WINDOW LAMBDA SET TO 0.25 LAMBDA2 0.2
FEP: WINDOW TO HAVE 100000 STEPS OF EQUILIBRATION PRIOR TO FEP DATA COLLECTION.
FEP: USING CONSTANT TEMPERATURE OF 300 K FOR FEP CALCULATION
PRESSURE: 0 112.733 -306.572 202.187 -306.575 568.631 -266.782 202.191 -266.777 -758.482
GPRESSURE: 0 138.841 -436.614 426.074 -94.5385 758.931 -247.869 -271.038 -311.226 -688.918
ETITLE:      TS           BOND          ANGLE          DIHED          IMPRP               ELECT            VDW       BOUNDARY           MISC        KINETIC               TOTAL           TEMP      POTENTIAL       TOTALAVG        TEMPAVG            PRESSURE      GPRESSURE         VOLUME       PRESSAVG      GPRESSAVG
FEPTITLE:    TS          BOND2         ELECT2           VDW2

ENERGY:       0         5.9950        21.2177         4.3036         0.0000         -10612.2529      1419.5489         0.0000         0.0000      1757.3205          -7403.8671       300.9952     -9161.1876     -7403.8671       300.9952            -25.7061        69.6178     29653.3878       -25.7061        69.6178
FEP:          0        31.5163    -10612.2529      1420.1660

PRESSURE: 100000 -1049.34 22.4933 -352.389 22.4913 -503.849 -32.1356 -352.396 -32.1368 -440.657
GPRESSURE: 100000 -976.561 -61.1562 -32.5446 21.4185 -494.603 -80.6974 -506.186 249.798 -415.311
PRESSAVG: 100000 -371.206 -40.416 -52.7744 -40.416 -225.675 -54.6462 -52.7744 -54.6462 -334.477
GPRESSAVG: 100000 -303.754 -61.6918 -95.1711 27.0325 -142.47 5.88076 -67.1524 -88.4438 -302.354
ENERGY:  100000         5.7777        18.8235         9.0699         0.0000         -10495.4422      1350.9378         0.0000         0.0000      1775.9208          -7334.9125       304.1811     -9110.8333     -7369.3898       302.5881           -664.6148      -628.8249     30187.6324      -345.1604      -279.6036
FEP:     100000        33.6711    -10495.4422      1351.1577

WRITING EXTENDED SYSTEM TO RESTART FILE AT STEP 100000
WRITING COORDINATES TO DCD FILE mobley_2261979_prod.dcd AT STEP 100000
WRITING COORDINATES TO RESTART FILE AT STEP 100000
FINISHED WRITING RESTART COORDINATES
WRITING VELOCITIES TO RESTART FILE AT STEP 100000
FINISHED WRITING RESTART VELOCITIES
PRESSURE: 200000 607.445 146.079 749.537 146.077 594.312 69.4307 749.541 69.4254 -226.154
GPRESSURE: 200000 703.692 -212.268 849.162 348.292 702.521 -1.89226 521.48 60.6278 -246.627
PRESSAVG: 200000 -333.719 -53.8442 12.1887 -53.8442 -206.27 -30.9332 12.1887 -30.9332 -372.973
GPRESSAVG: 200000 -272.593 -101.831 -35.3953 28.3515 -120.756 24.7303 13.0094 -60.2932 -334.153
ENERGY:  200000         8.6785        15.2607        14.8071         0.0000         -10585.5224      1477.3986         0.0000         0.0000      1738.4451          -7330.9325       297.7622     -9069.3776     -7356.5707       300.9795            325.2008       386.5288     30294.4461      -121.7067       -57.5594
FEP:     200000        38.7463    -10585.5224      1478.1086

WRITING EXTENDED SYSTEM TO RESTART FILE AT STEP 200000
WRITING COORDINATES TO DCD FILE mobley_2261979_prod.dcd AT STEP 200000
WRITING COORDINATES TO RESTART FILE AT STEP 200000
FINISHED WRITING RESTART COORDINATES
WRITING VELOCITIES TO RESTART FILE AT STEP 200000
FINISHED WRITING RESTART VELOCITIES
PRESSURE: 300000 -493.126 -151.624 -395.084 -151.622 -483.12 -208.468 -395.082 -208.469 756.554
GPRESSURE: 300000 -261.091 -161.762 -421.925 -185.289 -324.529 -286.14 -354.899 -202.097 514.36
PRESSAVG: 300000 -372.748 -47.0043 -20.8011 -47.0043 -239.06 -2.6686 -20.8011 -2.6686 -327.486
GPRESSAVG: 300000 -294.716 -89.5749 -59.1506 21.7642 -160.186 22.8353 -21.213 -35.4889 -308.013
ENERGY:  300000         3.6066        21.3668         5.9582         0.0000         -10369.9469      1382.2732         0.0000         0.0000      1679.1301          -7277.6119       287.6027     -8956.7420     -7336.8310       297.6353            -73.2305       -23.7533     30486.9497      -109.5876       -49.1079
FEP:     300000        30.9316    -10369.9469      1382.3681

WRITING EXTENDED SYSTEM TO RESTART FILE AT STEP 300000
WRITING COORDINATES TO DCD FILE mobley_2261979_prod.dcd AT STEP 300000
WRITING COORDINATES TO RESTART FILE AT STEP 300000
FINISHED WRITING RESTART COORDINATES
WRITING VELOCITIES TO RESTART FILE AT STEP 300000
FINISHED WRITING RESTART VELOCITIES
PRESSURE: 400000 1653.18 -100.422 185.102 -100.421 865.306 -359.354 185.1 -359.356 723.049
GPRESSURE: 400000 1746.74 -145.841 517.848 -82.9184 1014.52 -399.057 323.635 -501.344 735.295
PRESSAVG: 400000 -306.513 -36.2861 -26.3476 -36.2861 -205.177 13.1039 -26.3476 13.1039 -283.909
GPRESSAVG: 400000 -216.632 -76.578 -35.993 20.239 -132.653 15.2904 -21.5697 -25.6407 -270.879
ENERGY:  400000         4.4598        16.7521         6.6833         0.0000         -10738.4486      1546.6937         0.0000         0.0000      1791.7607          -7372.0990       306.8941     -9163.8597     -7343.8846       299.4871           1080.5128      1165.5191     29486.0937       128.4324       193.8175
FEP:     400000        27.8952    -10738.4486      1546.8658

WRITING EXTENDED SYSTEM TO RESTART FILE AT STEP 400000
WRITING COORDINATES TO DCD FILE mobley_2261979_prod.dcd AT STEP 400000
WRITING COORDINATES TO RESTART FILE AT STEP 400000
FINISHED WRITING RESTART COORDINATES
WRITING VELOCITIES TO RESTART FILE AT STEP 400000
FINISHED WRITING RESTART VELOCITIES
PRESSURE: 500000 1037.75 7.69416 -126.887 7.69292 1264.73 -0.47271 -126.875 -0.472188 869.055
GPRESSURE: 500000 1063.7 -216.95 161.812 79.1333 1609.88 341.222 -454.799 -244.203 650.148
PRESSAVG: 500000 -248.299 -23.2501 -22.7294 -23.2501 -117.75 -23.6125 -22.7294 -23.6125 -260.941
GPRESSAVG: 500000 -166.199 -66.1683 -18.7933 27.3692 -35.3861 4.84282 -44.5635 -75.3687 -257.245
ENERGY:  500000         7.4131        20.2544         5.5115         0.0000         -10659.3392      1525.9144         0.0000         0.0000      1737.9620          -7362.2838       297.6795     -9100.2458     -7346.9511       299.1858           1057.1784      1107.9074     29605.4707       283.2234       346.1658
FEP:     500000        33.1789    -10659.3392      1525.9102

WRITING EXTENDED SYSTEM TO RESTART FILE AT STEP 500000
WRITING COORDINATES TO DCD FILE mobley_2261979_prod.dcd AT STEP 500000
WRITING COORDINATES TO RESTART FILE AT STEP 500000
FINISHED WRITING RESTART COORDINATES
WRITING VELOCITIES TO RESTART FILE AT STEP 500000
FINISHED WRITING RESTART VELOCITIES
PRESSURE: 600000 -208.143 -327.795 -297.937 -327.795 1011.68 -379.643 -297.939 -379.645 741.516
GPRESSURE: 600000 64.0082 -368.957 -199.777 -162.719 870.19 -316.896 -156.565 -250.501 725.448
PRESSAVG: 600000 -188.77 -21.9432 -61.5263 -21.9432 -29.3387 -59.826 -61.5263 -59.826 -179.398
GPRESSAVG: 600000 -94.8839 -72.6877 -46.3662 38.6776 34.5244 -27.3891 -79.4829 -89.04 -175.865
ENERGY:  600000         5.6983        19.3410        11.5943         0.0000         -10670.7984      1502.5653         0.0000         0.0000      1696.8875          -7434.7120       290.6442     -9131.5995     -7359.4884       297.9656            515.0166       553.2154     29853.3208       316.3367       375.7443
FEP:     600000        36.6337    -10670.7984      1502.4372

WRITING EXTENDED SYSTEM TO RESTART FILE AT STEP 600000
WRITING COORDINATES TO DCD FILE mobley_2261979_prod.dcd AT STEP 600000
WRITING COORDINATES TO RESTART FILE AT STEP 600000
FINISHED WRITING RESTART COORDINATES
WRITING VELOCITIES TO RESTART FILE AT STEP 600000
FINISHED WRITING RESTART VELOCITIES
PRESSURE: 700000 119.017 201.752 -477.557 201.75 -847.338 -277.491 -477.559 -277.497 -435.739
GPRESSURE: 700000 54.9515 135.275 -247.893 240.072 -674.669 -476.375 -546.402 -45.1228 -376.062
PRESSAVG: 700000 -174.285 -11.787 -92.7575 -11.787 -64.896 -119.788 -92.7575 -119.788 -256.799
GPRESSAVG: 700000 -84.5211 -70.2706 -66.4681 49.5333 10.41 -108.221 -119.025 -119.567 -255.11
ENERGY:  700000         4.0105        18.9330        12.2985         0.0000         -10586.5376      1394.8707         0.0000         0.0000      1762.8089          -7393.6160       301.9353     -9156.4249     -7363.7544       298.4618           -388.0200      -331.9263     30647.1538       228.2921       287.2855
FEP:     700000        35.2420    -10586.5376      1395.0660

WRITING EXTENDED SYSTEM TO RESTART FILE AT STEP 700000
WRITING COORDINATES TO DCD FILE mobley_2261979_prod.dcd AT STEP 700000
WRITING COORDINATES TO RESTART FILE AT STEP 700000
FINISHED WRITING RESTART COORDINATES
WRITING VELOCITIES TO RESTART FILE AT STEP 700000
FINISHED WRITING RESTART VELOCITIES
PRESSURE: 800000 318.291 213.391 399.057 213.391 -273.509 -551.699 399.061 -551.698 -207.705
GPRESSURE: 800000 304.531 337.634 -90.9883 222.592 -403.913 -477.002 763.262 -605.616 -125.146
PRESSAVG: 800000 -148.948 -1.28239 -90.6413 -1.28239 -102.525 -137.802 -90.6413 -137.802 -264.04
GPRESSAVG: 800000 -75.4164 -38.8109 -84.7247 36.369 -33.9706 -106.809 -98.5402 -144.64 -251.999
ENERGY:  800000         5.2660        23.5145         5.6397         0.0000         -10666.6081      1446.5894         0.0000         0.0000      1680.7327          -7504.8659       287.8772     -9185.5986     -7379.4334       297.2857            -54.3075       -74.8429     29950.3819       196.8922       247.0490
FEP:     800000        34.4202    -10666.6081      1445.8256

WRITING EXTENDED SYSTEM TO RESTART FILE AT STEP 800000
WRITING COORDINATES TO DCD FILE mobley_2261979_prod.dcd AT STEP 800000
WRITING COORDINATES TO RESTART FILE AT STEP 800000
FINISHED WRITING RESTART COORDINATES
WRITING VELOCITIES TO RESTART FILE AT STEP 800000
FINISHED WRITING RESTART VELOCITIES
PRESSURE: 900000 -711.76 145.935 59.7899 145.936 -174.314 254.699 59.7871 254.695 -633.202
GPRESSURE: 900000 -542.637 393.477 264.469 81.0064 -289.364 147.579 -196.992 110.568 -633.266
PRESSAVG: 900000 -169.492 -30.3229 -63.0543 -30.3229 -126.392 -131.169 -63.0543 -131.169 -297.649
GPRESSAVG: 900000 -90.3286 -43.863 -48.8851 1.59618 -67.891 -119.227 -90.9412 -129.256 -279.721
ENERGY:  900000         3.7936        19.2309         6.1600         0.0000         -10594.1617      1403.1252         0.0000         0.0000      1738.8730          -7422.9791       297.8355     -9161.8521     -7383.7880       297.3407           -506.4254      -488.4224     30179.7573       126.5604       173.5019
FEP:     900000        29.1844    -10594.1617      1403.2850

WRITING EXTENDED SYSTEM TO RESTART FILE AT STEP 900000
WRITING COORDINATES TO DCD FILE mobley_2261979_prod.dcd AT STEP 900000
WRITING COORDINATES TO RESTART FILE AT STEP 900000
FINISHED WRITING RESTART COORDINATES
WRITING VELOCITIES TO RESTART FILE AT STEP 900000
FINISHED WRITING RESTART VELOCITIES
PRESSURE: 1000000 -958.111 -12.4659 411.171 -12.4648 -1036.31 -124.252 411.176 -124.257 785.537
GPRESSURE: 1000000 -899.441 -178.21 589.58 -50.688 -807.29 90.6447 366.859 -248.282 624.239
PRESSAVG: 1000000 -202.873 -22.6661 -26.2322 -22.6661 -143.432 -126.496 -26.2322 -126.496 -240.085
GPRESSAVG: 1000000 -127.624 -41.7188 -15.1994 -7.17775 -86.4459 -99.1461 -72.2582 -112.763 -227.146
TIMING: 1000000  CPU: 9696.86, 0.00041309/step  Wall: 10187.7, 0.000467261/step, 369.815 ns/days, 0.0648973 hours remaining, 0.000000 MB of memory in use.
PERFORMANCE: 1000000  averaging 398.601 ns/day, 0.000433517 sec/step with standard deviation 1.54374e-05
ETITLE:      TS           BOND          ANGLE          DIHED          IMPRP               ELECT            VDW       BOUNDARY           MISC        KINETIC               TOTAL           TEMP      POTENTIAL       TOTALAVG        TEMPAVG            PRESSURE      GPRESSURE         VOLUME       PRESSAVG      GPRESSAVG
FEPTITLE:    TS          BOND2         ELECT2           VDW2

ENERGY: 1000000         7.9820        18.7850         5.7632         0.0000         -10523.0861      1358.6396         0.0000         0.0000      1760.6838          -7371.2325       301.5713     -9131.9164     -7382.6466       297.7253           -402.9605      -360.8308     29821.7970        78.4222       124.9262
FEP:    1000000        32.5301    -10523.0861      1358.9686

WRITING EXTENDED SYSTEM TO RESTART FILE AT STEP 1000000
WRITING COORDINATES TO DCD FILE mobley_2261979_prod.dcd AT STEP 1000000
WRITING COORDINATES TO RESTART FILE AT STEP 1000000
FINISHED WRITING RESTART COORDINATES
WRITING VELOCITIES TO RESTART FILE AT STEP 1000000
FINISHED WRITING RESTART VELOCITIES
PRESSURE: 1100000 -2143.05 413.231 -155.945 413.227 -1199.09 562.2 -155.945 562.2 -1808.44
GPRESSURE: 1100000 -2011.94 207.328 10.3879 779.2 -1066.95 512.946 -169.949 629.027 -1695.96
PRESSAVG: 1100000 -291.736 -17.7104 -19.8798 -17.7104 -201.803 -110.517 -19.8798 -110.517 -335.75
GPRESSAVG: 1100000 -204.866 -43.0436 -8.43138 17.2185 -146.263 -83.2236 -56.0604 -80.5105 -320.006
ENERGY: 1100000         5.1827        19.5245         4.1776         0.0000         -10331.7675      1241.4589         0.0000         0.0000      1773.1347          -7288.2891       303.7039     -9061.4238     -7374.7835       298.2235          -1716.8606     -1591.6181     30830.6536       -71.1847       -18.1192
FEP:    1100000        28.8848    -10331.7675      1241.8377

WRITING EXTENDED SYSTEM TO RESTART FILE AT STEP 1100000
WRITING COORDINATES TO DCD FILE mobley_2261979_prod.dcd AT STEP 1100000
WRITING COORDINATES TO RESTART FILE AT STEP 1100000
FINISHED WRITING RESTART COORDINATES
WRITING VELOCITIES TO RESTART FILE AT STEP 1100000
FINISHED WRITING RESTART VELOCITIES
PRESSURE: 1200000 699.963 -135.644 -793.185 -135.646 490.905 324.407 -793.193 324.403 643.547
GPRESSURE: 1200000 721.853 -220.924 -801.809 139.567 445.047 311.937 -733.685 -58.4099 755.756
PRESSAVG: 1200000 -219.179 -5.52635 -74.9746 -5.52635 -127.561 -104.689 -74.9746 -104.689 -306.977
GPRESSAVG: 1200000 -136.024 -46.1661 -54.4854 46.5093 -82.5969 -87.0753 -100.969 -100.13 -291.763
ENERGY: 1200000         6.1953        21.5191         5.9759         0.0000         -10671.3514      1506.7898         0.0000         0.0000      1793.5000          -7337.3715       307.1920     -9130.8715     -7371.9056       298.9134            611.4717       640.8852     29985.1772       -18.6727        32.5735
FEP:    1200000        33.6902    -10671.3514      1506.1496

WRITING EXTENDED SYSTEM TO RESTART FILE AT STEP 1200000
WRITING COORDINATES TO DCD FILE mobley_2261979_prod.dcd AT STEP 1200000
WRITING COORDINATES TO RESTART FILE AT STEP 1200000
FINISHED WRITING RESTART COORDINATES
WRITING VELOCITIES TO RESTART FILE AT STEP 1200000
FINISHED WRITING RESTART VELOCITIES
PRESSURE: 1300000 -674.639 -362.17 28.4723 -362.171 -211.137 -423.087 28.4724 -423.084 227.58
GPRESSURE: 1300000 -657.997 -386.693 89.9059 -177.441 -171.076 -638.776 -109.358 -143.051 213.46
PRESSAVG: 1300000 -228.322 -35.3724 -71.0091 -35.3724 -86.9563 -119.055 -71.0091 -119.055 -249.323
GPRESSAVG: 1300000 -147.811 -78.6459 -33.7572 18.9691 -36.0694 -123.628 -116.232 -111.299 -237.208
ENERGY: 1300000         5.9241        22.2740         6.8513         0.0000         -10666.5987      1449.7742         0.0000         0.0000      1738.5922          -7443.1829       297.7874     -9181.7751     -7376.9969       298.8330           -219.3988      -205.2044     30471.1164       -33.0103        15.5893
FEP:    1300000        35.0494    -10666.5987      1450.2809

WRITING EXTENDED SYSTEM TO RESTART FILE AT STEP 1300000
WRITING COORDINATES TO DCD FILE mobley_2261979_prod.dcd AT STEP 1300000
WRITING COORDINATES TO RESTART FILE AT STEP 1300000
FINISHED WRITING RESTART COORDINATES
WRITING VELOCITIES TO RESTART FILE AT STEP 1300000
FINISHED WRITING RESTART VELOCITIES
PRESSURE: 1400000 -329.612 355.45 -648.432 355.451 924.679 -82.272 -648.429 -82.2741 -76.8554
GPRESSURE: 1400000 -320.944 229.703 -359.503 458.354 1162.65 86.8472 -582.624 126.384 -82.3101
PRESSAVG: 1400000 -238.049 -8.8861 -90.0664 -8.8861 6.89437 -100.441 -90.0664 -100.441 -197.405
GPRESSAVG: 1400000 -152.893 -60.7586 -27.9325 58.2277 65.2009 -100.985 -136.688 -79.166 -188.392
ENERGY: 1400000         5.3630        19.7899         7.4985         0.0000         -10610.5193      1448.1704         0.0000         0.0000      1766.0477          -7363.6500       302.4900     -9129.6976     -7376.1071       299.0768            172.7371       253.1328     30172.8230       -19.2938        31.4256
FEP:    1400000        32.6513    -10610.5193      1448.5508

WRITING EXTENDED SYSTEM TO RESTART FILE AT STEP 1400000
WRITING COORDINATES TO DCD FILE mobley_2261979_prod.dcd AT STEP 1400000
WRITING COORDINATES TO RESTART FILE AT STEP 1400000
FINISHED WRITING RESTART COORDINATES
WRITING VELOCITIES TO RESTART FILE AT STEP 1400000
FINISHED WRITING RESTART VELOCITIES
PRESSURE: 1500000 -125.972 607.023 298.659 607.022 -187.806 288.191 298.658 288.188 -161.34
GPRESSURE: 1500000 -348.347 444.308 421.181 682.12 -138.062 60.103 579.633 15.789 151.829
PRESSAVG: 1500000 -210.804 4.59979 -74.5564 4.59979 27.9247 -81.0167 -74.5564 -81.0167 -172.274
GPRESSAVG: 1500000 -145.883 -63.076 9.52327 90.0446 91.5363 -101.599 -109.474 -84.6954 -146.975
ENERGY: 1500000         3.6906        20.7799         8.3581         0.0000         -10533.3634      1376.6009         0.0000         0.0000      1762.5178          -7361.4161       301.8854     -9123.9339     -7375.1889       299.2523           -158.3727      -111.5267     29698.5035       -27.9862        22.4911
FEP:    1500000        32.8286    -10533.3634      1376.9838

WRITING EXTENDED SYSTEM TO RESTART FILE AT STEP 1500000
WRITING COORDINATES TO DCD FILE mobley_2261979_prod.dcd AT STEP 1500000
WRITING COORDINATES TO RESTART FILE AT STEP 1500000
FINISHED WRITING RESTART COORDINATES
WRITING VELOCITIES TO RESTART FILE AT STEP 1500000
FINISHED WRITING RESTART VELOCITIES
TCL: Running FEP window  17: Lambda1 0.19999999999999968 Lambda2 0.1499999999999997 [dLambda -0.04999999999999999]
TCL: Setting parameter firsttimestep to 0
TCL: Setting parameter alchLambda to 0.19999999999999968
Info: NONBONDED TABLE R-SQUARED SPACING: 0.0625
Info: NONBONDED TABLE SIZE: 705 POINTS
Info: INCONSISTENCY IN FAST TABLE ENERGY VS FORCE: 0.000290481 AT 0.251946
Info: INCONSISTENCY IN SCOR TABLE ENERGY VS FORCE: 0.000238233 AT 8.9687
Info: ABSOLUTE IMPRECISION IN VDWA TABLE ENERGY: 1.21169e-27 AT 8.99653
Info: ABSOLUTE IMPRECISION IN VDWA TABLE FORCE: 2.57484e-27 AT 8.99653
Info: INCONSISTENCY IN VDWA TABLE ENERGY VS FORCE: 0.0040507 AT 0.251946
Info: INCONSISTENCY IN VDWB TABLE ENERGY VS FORCE: 0.00150189 AT 0.251946
TCL: Setting parameter alchLambda2 to 0.1499999999999997
Info: NONBONDED TABLE R-SQUARED SPACING: 0.0625
Info: NONBONDED TABLE SIZE: 705 POINTS
Info: INCONSISTENCY IN FAST TABLE ENERGY VS FORCE: 0.000290481 AT 0.251946
Info: INCONSISTENCY IN SCOR TABLE ENERGY VS FORCE: 0.000238233 AT 8.9687
Info: ABSOLUTE IMPRECISION IN VDWA TABLE ENERGY: 1.21169e-27 AT 8.99653
Info: ABSOLUTE IMPRECISION IN VDWA TABLE FORCE: 2.57484e-27 AT 8.99653
Info: INCONSISTENCY IN VDWA TABLE ENERGY VS FORCE: 0.0040507 AT 0.251946
Info: INCONSISTENCY IN VDWB TABLE ENERGY VS FORCE: 0.00150189 AT 0.251946
TCL: Running for 1500000 steps
FEP: RESETTING FOR NEW FEP WINDOW LAMBDA SET TO 0.2 LAMBDA2 0.15
FEP: WINDOW TO HAVE 100000 STEPS OF EQUILIBRATION PRIOR TO FEP DATA COLLECTION.
FEP: USING CONSTANT TEMPERATURE OF 300 K FOR FEP CALCULATION
PRESSURE: 0 -174.915 564.433 351.94 564.433 -189.356 237.932 351.942 237.937 -251.384
GPRESSURE: 0 -345.133 444.972 421.889 682.556 -140.606 55.2466 580.282 10.5931 153.486
ETITLE:      TS           BOND          ANGLE          DIHED          IMPRP               ELECT            VDW       BOUNDARY           MISC        KINETIC               TOTAL           TEMP      POTENTIAL       TOTALAVG        TEMPAVG            PRESSURE      GPRESSURE         VOLUME       PRESSAVG      GPRESSAVG
FEPTITLE:    TS          BOND2         ELECT2           VDW2

ENERGY:       0         3.6906        20.7799         8.3581         0.0000         -10533.3627      1376.9841         0.0000         0.0000      1761.6318          -7361.9182       301.7336     -9123.5500     -7361.9182       301.7336           -205.2181      -110.7509     29698.5035      -205.2181      -110.7509
FEP:          0        32.8286    -10533.3627      1377.5194

PRESSURE: 100000 165.838 -261.02 999.911 -261.019 -144.007 -378.255 999.907 -378.258 174.969
GPRESSURE: 100000 166.01 12.7964 1006.97 -522.153 3.82861 -186.923 1014.74 -606.219 337.51
PRESSAVG: 100000 -114.135 16.388 13.9963 16.388 60.2557 -94.5777 13.9963 -94.5777 -92.5993
GPRESSAVG: 100000 -81.7362 -33.7388 111.627 93.8231 143.359 -116.122 0.996154 -129.851 -46.4993
ENERGY:  100000         3.6560        24.1414         8.0950         0.0000         -10624.8200      1444.3810         0.0000         0.0000      1799.0491          -7345.4975       308.1425     -9144.5466     -7353.7078       304.9381             65.6002       169.1161     29804.4554       -69.8090        29.1826
FEP:     100000        35.8924    -10624.8200      1443.9469

WRITING EXTENDED SYSTEM TO RESTART FILE AT STEP 100000
WRITING COORDINATES TO DCD FILE mobley_2261979_prod.dcd AT STEP 100000
WRITING COORDINATES TO RESTART FILE AT STEP 100000
FINISHED WRITING RESTART COORDINATES
WRITING VELOCITIES TO RESTART FILE AT STEP 100000
FINISHED WRITING RESTART VELOCITIES
PRESSURE: 200000 412.558 -345.68 1207.95 -345.679 321.861 -137.981 1207.95 -137.981 431.679
GPRESSURE: 200000 662.361 -358.822 1390.85 -663.172 420.743 -246.367 1151.48 -213.091 323.287
PRESSAVG: 200000 -78.4773 16.67 90.5807 16.67 71.9043 -83.222 90.5807 -83.222 -17.172
GPRESSAVG: 200000 -29.6647 -48.8909 221.081 85.0891 161.63 -100.023 47.3953 -126.949 11.6318
ENERGY:  200000         4.3735        17.7061         7.0951         0.0000         -10518.8080      1419.8863         0.0000         0.0000      1716.8498          -7352.8971       294.0634     -9069.7470     -7353.4376       301.3132            388.6993       468.7970     29763.0457        83.0271       175.7207
FEP:     200000        29.1747    -10518.8080      1420.4635

WRITING EXTENDED SYSTEM TO RESTART FILE AT STEP 200000
WRITING COORDINATES TO DCD FILE mobley_2261979_prod.dcd AT STEP 200000
WRITING COORDINATES TO RESTART FILE AT STEP 200000
FINISHED WRITING RESTART COORDINATES
WRITING VELOCITIES TO RESTART FILE AT STEP 200000
FINISHED WRITING RESTART VELOCITIES
PRESSURE: 300000 -316.6 -50.6994 -165.898 -50.6982 709.319 46.0457 -165.9 46.0438 18.9276
GPRESSURE: 300000 -209.105 -256.956 -207.662 45.6681 742.146 177.369 -307.427 273.079 147.287
PRESSAVG: 300000 -102.924 31.169 74.0234 31.169 75.0792 -71.9506 74.0234 -71.9506 18.6226
GPRESSAVG: 300000 -47.3254 -39.9829 189.402 92.053 160.97 -78.705 45.5728 -97.6649 53.425
ENERGY:  300000         4.8646        17.7169         7.9623         0.0000         -10534.0547      1442.1676         0.0000         0.0000      1740.5714          -7320.7719       298.1264     -9061.3433     -7345.2712       300.5165            137.2155       226.7760     30792.8407        96.5742       188.4846
FEP:     300000        30.5438    -10534.0547      1442.6265

WRITING EXTENDED SYSTEM TO RESTART FILE AT STEP 300000
WRITING COORDINATES TO DCD FILE mobley_2261979_prod.dcd AT STEP 300000
WRITING COORDINATES TO RESTART FILE AT STEP 300000
FINISHED WRITING RESTART COORDINATES
WRITING VELOCITIES TO RESTART FILE AT STEP 300000
FINISHED WRITING RESTART VELOCITIES
PRESSURE: 400000 266.379 222.664 -47.2695 222.664 888.873 -126.175 -47.2661 -126.177 175.108
GPRESSURE: 400000 420.978 -83.7679 -272.619 -132.334 792.798 114.997 190.642 -151.32 264.948
PRESSAVG: 400000 -95.2419 57.6309 61.5506 57.6309 91.0913 -64.9206 61.5506 -64.9206 65.3021
GPRESSAVG: 400000 -33.2185 -22.3406 154.467 90.1633 162.663 -60.5617 68.6568 -89.6696 101.118
ENERGY:  400000         8.3912        19.8855         6.7375         0.0000         -10627.6396      1500.6678         0.0000         0.0000      1762.8483          -7329.1094       301.9420     -9091.9577     -7342.0388       300.8016            443.4533       492.9079     30187.1785       165.9500       249.3692
FEP:     400000        35.0142    -10627.6396      1500.7824

WRITING EXTENDED SYSTEM TO RESTART FILE AT STEP 400000
WRITING COORDINATES TO DCD FILE mobley_2261979_prod.dcd AT STEP 400000
WRITING COORDINATES TO RESTART FILE AT STEP 400000
FINISHED WRITING RESTART COORDINATES
WRITING VELOCITIES TO RESTART FILE AT STEP 400000
FINISHED WRITING RESTART VELOCITIES
PRESSURE: 500000 -663.184 -212.766 540.376 -212.766 -972.536 220.769 540.375 220.773 720.75
GPRESSURE: 500000 -595.152 197.949 854.816 -233.729 -764.695 277.053 209.43 48.8178 791.369
PRESSAVG: 500000 -75.9342 45.868 106.189 45.868 67.6569 -52.2751 106.189 -52.2751 123.372
GPRESSAVG: 500000 -14.1481 -9.38538 198.835 77.4059 149.158 -42.6742 104.438 -99.7186 161.452
ENERGY:  500000         4.6867        19.9469         6.2915         0.0000         -10555.2296      1405.1750         0.0000         0.0000      1727.6575          -7391.4720       295.9145     -9119.1295     -7350.2777       299.9871           -304.9901      -189.4930     30035.9306        87.4600       176.2255
FEP:     500000        30.9251    -10555.2296      1404.5610

WRITING EXTENDED SYSTEM TO RESTART FILE AT STEP 500000
WRITING COORDINATES TO DCD FILE mobley_2261979_prod.dcd AT STEP 500000
WRITING COORDINATES TO RESTART FILE AT STEP 500000
FINISHED WRITING RESTART COORDINATES
WRITING VELOCITIES TO RESTART FILE AT STEP 500000
FINISHED WRITING RESTART VELOCITIES
PRESSURE: 600000 -95.5845 -504.482 226.193 -504.481 -879.642 515.515 226.189 515.517 -172.05
GPRESSURE: 600000 4.89709 -440.214 137.234 -436.166 -848.195 672.884 243.441 472.893 95.7437
PRESSAVG: 600000 -111.086 13.3401 80.0215 13.3401 -6.04078 -29.9705 80.0215 -29.9705 126.078
GPRESSAVG: 600000 -49.0879 -20.7827 163.239 38.183 71.6226 -8.93539 90.5357 -79.1054 178.571
ENERGY:  600000         4.0002        20.8378         7.7023         0.0000         -10477.5169      1395.2602         0.0000         0.0000      1724.9727          -7324.7436       295.4546     -9049.7163     -7346.6300       299.3396           -382.4256      -249.1849     30437.2220        20.3335       115.4526
FEP:     600000        32.5404    -10477.5169      1395.8135

WRITING EXTENDED SYSTEM TO RESTART FILE AT STEP 600000
WRITING COORDINATES TO DCD FILE mobley_2261979_prod.dcd AT STEP 600000
WRITING COORDINATES TO RESTART FILE AT STEP 600000
FINISHED WRITING RESTART COORDINATES
WRITING VELOCITIES TO RESTART FILE AT STEP 600000
FINISHED WRITING RESTART VELOCITIES
PRESSURE: 700000 -919.073 238.877 -281.645 238.877 -322.832 401.124 -281.645 401.124 -405.039
GPRESSURE: 700000 -607.121 776.5 -1.31537 -101.459 -491.023 556.056 -432.445 302.486 -286.403
PRESSAVG: 700000 -132.383 32.8651 85.6934 32.8651 1.9736 0.509143 85.6934 0.509143 67.9981
GPRESSAVG: 700000 -66.3894 26.1304 184.269 42.3745 63.2979 33.1744 86.6584 -53.8762 138.533
ENERGY:  700000         7.5284        19.6114         9.0063         0.0000         -10539.3176      1375.9821         0.0000         0.0000      1773.7337          -7353.4558       303.8065     -9127.1895     -7347.4832       299.8979           -548.9813      -461.5158     29969.5729       -50.8309        43.3316
FEP:     700000        36.1460    -10539.3176      1376.3022

WRITING EXTENDED SYSTEM TO RESTART FILE AT STEP 700000
WRITING COORDINATES TO DCD FILE mobley_2261979_prod.dcd AT STEP 700000
WRITING COORDINATES TO RESTART FILE AT STEP 700000
FINISHED WRITING RESTART COORDINATES
WRITING VELOCITIES TO RESTART FILE AT STEP 700000
FINISHED WRITING RESTART VELOCITIES
PRESSURE: 800000 8.34984 412.548 -31.3602 412.546 675.45 624.143 -31.3656 624.15 -369.831
GPRESSURE: 800000 189.28 448.036 188.551 238.929 683.366 454.571 -54.1121 450.148 -543.317
PRESSAVG: 800000 -214.625 58.5134 74.8701 58.5134 -7.51919 49.6844 74.8701 49.6844 13.3541
GPRESSAVG: 800000 -144.263 55.8242 167.804 58.4669 46.7402 75.8558 67.7711 -6.30165 74.602
ENERGY:  800000         2.7549        19.4652         6.6113         0.0000         -10584.8778      1412.6062         0.0000         0.0000      1746.8818          -7396.5584       299.2072     -9143.4401     -7352.9360       299.8212            104.6566       109.7762     29563.8362       -33.5545        50.7143
FEP:     800000        28.8314    -10584.8778      1412.9156

WRITING EXTENDED SYSTEM TO RESTART FILE AT STEP 800000
WRITING COORDINATES TO DCD FILE mobley_2261979_prod.dcd AT STEP 800000
WRITING COORDINATES TO RESTART FILE AT STEP 800000
FINISHED WRITING RESTART COORDINATES
WRITING VELOCITIES TO RESTART FILE AT STEP 800000
FINISHED WRITING RESTART VELOCITIES
PRESSURE: 900000 -687.206 -435.005 -139.921 -435.004 1556.32 265.671 -139.928 265.67 237.63
GPRESSURE: 900000 -658.866 -304.721 -273.179 -608.804 1689.99 359.443 132.132 394.986 385.373
PRESSAVG: 900000 -300.872 36.3786 74.2175 36.3786 7.06008 62.9916 74.2175 62.9916 -18.2172
GPRESSAVG: 900000 -230.391 51.4357 146.055 24.07 50.7461 76.7669 97.1176 25.6578 61.3633
ENERGY:  900000         6.3233        19.9441         5.8651         0.0000         -10709.1117      1502.6581         0.0000         0.0000      1757.8918          -7416.4294       301.0930     -9174.3211     -7359.2853       299.9484            368.9139       472.1669     30007.9168         6.6924        92.8596
FEP:     900000        32.1325    -10709.1117      1502.6096

WRITING EXTENDED SYSTEM TO RESTART FILE AT STEP 900000
WRITING COORDINATES TO DCD FILE mobley_2261979_prod.dcd AT STEP 900000
WRITING COORDINATES TO RESTART FILE AT STEP 900000
FINISHED WRITING RESTART COORDINATES
WRITING VELOCITIES TO RESTART FILE AT STEP 900000
FINISHED WRITING RESTART VELOCITIES
PRESSURE: 1000000 -196.542 -0.119912 197.328 -0.12141 -261.821 93.667 197.334 93.661 55.9878
GPRESSURE: 1000000 -27.3408 -123.276 555.111 -86.7289 -337.473 223.588 322.41 24.6838 129.005
PRESSAVG: 1000000 -300.292 52.7623 98.9812 52.7623 -56.6148 86.6569 98.9812 86.6569 -52.4936
GPRESSAVG: 1000000 -234.958 63.7197 183.799 27.8695 -9.63704 103.791 121.066 39.417 31.5411
TIMING: 1000000  CPU: 10315.4, 0.000412889/step  Wall: 10883.1, 0.000468164/step, 369.102 ns/days, 0.0650227 hours remaining, 0.000000 MB of memory in use.
PERFORMANCE: 1000000  averaging 396.735 ns/day, 0.000435555 sec/step with standard deviation 1.71473e-05
ETITLE:      TS           BOND          ANGLE          DIHED          IMPRP               ELECT            VDW       BOUNDARY           MISC        KINETIC               TOTAL           TEMP      POTENTIAL       TOTALAVG        TEMPAVG            PRESSURE      GPRESSURE         VOLUME       PRESSAVG      GPRESSAVG
FEPTITLE:    TS          BOND2         ELECT2           VDW2

ENERGY: 1000000         4.6750        23.4760         8.1506         0.0000         -10541.8204      1414.3389         0.0000         0.0000      1755.2059          -7335.9740       300.6330     -9091.1800     -7357.1661       300.0106           -134.1252       -78.6028     30162.4000        -6.1092        77.2721
FEP:    1000000        36.3016    -10541.8204      1414.3373

WRITING EXTENDED SYSTEM TO RESTART FILE AT STEP 1000000
WRITING COORDINATES TO DCD FILE mobley_2261979_prod.dcd AT STEP 1000000
WRITING COORDINATES TO RESTART FILE AT STEP 1000000
FINISHED WRITING RESTART COORDINATES
WRITING VELOCITIES TO RESTART FILE AT STEP 1000000
FINISHED WRITING RESTART VELOCITIES
PRESSURE: 1100000 -770.463 -526.734 -617.324 -526.732 -846.356 -247.686 -617.331 -247.688 -824.494
GPRESSURE: 1100000 -765.367 -444.834 -848.699 -712.651 -771.457 -333.511 -627.77 -142.986 -738.375
PRESSAVG: 1100000 -344.766 16.3382 91.9926 16.3382 -56.5657 88.1473 91.9926 88.1473 -71.9313
GPRESSAVG: 1100000 -275.974 34.7142 153.759 -19.7666 -14.4765 110.934 116.998 34.5239 13.4255
ENERGY: 1100000         3.9800        16.5016         5.8239         0.0000         -10509.7576      1334.6348         0.0000         0.0000      1748.4562          -7400.3610       299.4769     -9148.8172     -7360.7657       299.9661           -813.7711      -758.3998     29908.1071       -73.4144         7.6327
FEP:    1100000        26.3055    -10509.7576      1334.9670

WRITING EXTENDED SYSTEM TO RESTART FILE AT STEP 1100000
WRITING COORDINATES TO DCD FILE mobley_2261979_prod.dcd AT STEP 1100000
WRITING COORDINATES TO RESTART FILE AT STEP 1100000
FINISHED WRITING RESTART COORDINATES
WRITING VELOCITIES TO RESTART FILE AT STEP 1100000
FINISHED WRITING RESTART VELOCITIES
PRESSURE: 1200000 -445.554 -27.5881 -123.533 -27.5882 -722.42 -18.9977 -123.529 -18.996 -667.282
GPRESSURE: 1200000 -537.847 -6.53673 -184.536 -1.86613 -464.515 -112.352 82.6137 -204.969 -673.194
PRESSAVG: 1200000 -382.959 4.28921 65.8631 4.28921 -79.0113 114.782 65.8631 114.782 -94.9101
GPRESSAVG: 1200000 -318.093 17.5057 149.081 -30.9895 -17.5065 129.167 82.9656 54.5562 -13.9769
ENERGY: 1200000         3.3570        20.6380         5.0723         0.0000         -10463.2551      1357.5868         0.0000         0.0000      1726.2938          -7350.3072       295.6809     -9076.6010     -7359.9612       299.6365           -611.7519      -558.5184     30431.8542      -114.8250       -35.9173
FEP:    1200000        29.0673    -10463.2551      1357.6151

WRITING EXTENDED SYSTEM TO RESTART FILE AT STEP 1200000
WRITING COORDINATES TO DCD FILE mobley_2261979_prod.dcd AT STEP 1200000
WRITING COORDINATES TO RESTART FILE AT STEP 1200000
FINISHED WRITING RESTART COORDINATES
WRITING VELOCITIES TO RESTART FILE AT STEP 1200000
FINISHED WRITING RESTART VELOCITIES
PRESSURE: 1300000 212.685 -682.254 -37.2599 -682.254 413.321 413.044 -37.2617 413.047 -270.005
GPRESSURE: 1300000 222.24 -488.963 248.738 -819.294 376.007 100.238 -192.486 496.136 -155.741
PRESSAVG: 1300000 -336.736 -37.1203 61.0106 -37.1203 -49.6296 122.7 61.0106 122.7 -76.7503
GPRESSAVG: 1300000 -279.849 -26.6163 148.295 -76.0046 15.762 126.8 83.1909 73.8347 9.89932
ENERGY: 1300000         2.8834        26.6750        10.3007         0.0000         -10572.6656      1445.7976         0.0000         0.0000      1743.0911          -7343.9177       298.5580     -9087.0089     -7358.8152       299.5595            118.6669       147.5019     30711.2179       -98.1470       -22.8160
FEP:    1300000        39.8592    -10572.6656      1445.4559

WRITING EXTENDED SYSTEM TO RESTART FILE AT STEP 1300000
WRITING COORDINATES TO DCD FILE mobley_2261979_prod.dcd AT STEP 1300000
WRITING COORDINATES TO RESTART FILE AT STEP 1300000
FINISHED WRITING RESTART COORDINATES
WRITING VELOCITIES TO RESTART FILE AT STEP 1300000
FINISHED WRITING RESTART VELOCITIES
PRESSURE: 1400000 464.159 321.434 458.849 321.438 377.892 -85.7136 458.854 -85.7092 1068.93
GPRESSURE: 1400000 355.147 475.356 96.9928 306.095 375.483 12.0908 396.233 -242.323 1242.91
PRESSAVG: 1400000 -265.623 -20.4251 63.3945 -20.4251 21.0804 124.627 63.3945 124.627 -62.5804
GPRESSAVG: 1400000 -217.12 6.06197 123.665 -58.1654 74.9007 122.872 84.6596 74.1326 40.8331
ENERGY: 1400000         7.3846        22.8213         7.7458         0.0000         -10812.4598      1552.4687         0.0000         0.0000      1780.6958          -7441.3436       304.9989     -9222.0394     -7364.3171       299.9221            636.9949       657.8482     30442.9234       -49.1375        22.5616
FEP:    1400000        37.9518    -10812.4598      1552.1284

WRITING EXTENDED SYSTEM TO RESTART FILE AT STEP 1400000
WRITING COORDINATES TO DCD FILE mobley_2261979_prod.dcd AT STEP 1400000
WRITING COORDINATES TO RESTART FILE AT STEP 1400000
FINISHED WRITING RESTART COORDINATES
WRITING VELOCITIES TO RESTART FILE AT STEP 1400000
FINISHED WRITING RESTART VELOCITIES
PRESSURE: 1500000 44.1437 189.006 59.753 189.004 236.341 349.476 59.7505 349.476 -421.477
GPRESSURE: 1500000 206.783 101.276 -194.409 5.39485 286.622 297.982 87.8871 306.078 -258.213
PRESSAVG: 1500000 -156.263 -31.6363 74.1793 -31.6363 92.8522 113.991 74.1793 113.991 6.76779
GPRESSAVG: 1500000 -106.183 0.759356 113.426 -96.8556 142.579 112.124 97.5514 57.9852 112.721
ENERGY: 1500000         4.2691        23.5329         5.5677         0.0000         -10726.1856      1460.3730         0.0000         0.0000      1713.9997          -7518.4431       293.5752     -9232.4428     -7373.9500       299.5254            -46.9976        78.3972     29654.6620       -49.0038        26.0514
FEP:    1500000        33.3697    -10726.1856      1460.1174

WRITING EXTENDED SYSTEM TO RESTART FILE AT STEP 1500000
WRITING COORDINATES TO DCD FILE mobley_2261979_prod.dcd AT STEP 1500000
WRITING COORDINATES TO RESTART FILE AT STEP 1500000
FINISHED WRITING RESTART COORDINATES
WRITING VELOCITIES TO RESTART FILE AT STEP 1500000
FINISHED WRITING RESTART VELOCITIES
TCL: Running FEP window  18: Lambda1 0.1499999999999997 Lambda2 0.09999999999999969 [dLambda -0.05 ]
TCL: Setting parameter firsttimestep to 0
TCL: Setting parameter alchLambda to 0.1499999999999997
Info: NONBONDED TABLE R-SQUARED SPACING: 0.0625
Info: NONBONDED TABLE SIZE: 705 POINTS
Info: INCONSISTENCY IN FAST TABLE ENERGY VS FORCE: 0.000290481 AT 0.251946
Info: INCONSISTENCY IN SCOR TABLE ENERGY VS FORCE: 0.000238233 AT 8.9687
Info: ABSOLUTE IMPRECISION IN VDWA TABLE ENERGY: 1.21169e-27 AT 8.99653
Info: ABSOLUTE IMPRECISION IN VDWA TABLE FORCE: 2.57484e-27 AT 8.99653
Info: INCONSISTENCY IN VDWA TABLE ENERGY VS FORCE: 0.0040507 AT 0.251946
Info: INCONSISTENCY IN VDWB TABLE ENERGY VS FORCE: 0.00150189 AT 0.251946
TCL: Setting parameter alchLambda2 to 0.09999999999999969
Info: NONBONDED TABLE R-SQUARED SPACING: 0.0625
Info: NONBONDED TABLE SIZE: 705 POINTS
Info: INCONSISTENCY IN FAST TABLE ENERGY VS FORCE: 0.000290481 AT 0.251946
Info: INCONSISTENCY IN SCOR TABLE ENERGY VS FORCE: 0.000238233 AT 8.9687
Info: ABSOLUTE IMPRECISION IN VDWA TABLE ENERGY: 1.21169e-27 AT 8.99653
Info: ABSOLUTE IMPRECISION IN VDWA TABLE FORCE: 2.57484e-27 AT 8.99653
Info: INCONSISTENCY IN VDWA TABLE ENERGY VS FORCE: 0.0040507 AT 0.251946
Info: INCONSISTENCY IN VDWB TABLE ENERGY VS FORCE: 0.00150189 AT 0.251946
TCL: Running for 1500000 steps
FEP: RESETTING FOR NEW FEP WINDOW LAMBDA SET TO 0.15 LAMBDA2 0.1
FEP: WINDOW TO HAVE 100000 STEPS OF EQUILIBRATION PRIOR TO FEP DATA COLLECTION.
FEP: USING CONSTANT TEMPERATURE OF 300 K FOR FEP CALCULATION
PRESSURE: 0 80.0295 197.453 17.2026 197.45 289.192 323.845 17.1995 323.846 -412.749
GPRESSURE: 0 200.331 99.4854 -191.555 4.27166 281.408 296.388 90.6757 305.672 -268.232
ETITLE:      TS           BOND          ANGLE          DIHED          IMPRP               ELECT            VDW       BOUNDARY           MISC        KINETIC               TOTAL           TEMP      POTENTIAL       TOTALAVG        TEMPAVG            PRESSURE      GPRESSURE         VOLUME       PRESSAVG      GPRESSAVG
FEPTITLE:    TS          BOND2         ELECT2           VDW2

ENERGY:       0         4.2691        23.5329         5.5677         0.0000         -10726.1856      1460.1173         0.0000         0.0000      1713.1731          -7519.5255       293.4336     -9232.6986     -7519.5255       293.4336            -14.5094        71.1689     29654.6620       -14.5094        71.1689
FEP:          0        33.3697    -10726.1856      1460.2874

PRESSURE: 100000 1095.53 -166.083 -146.57 -166.082 806.884 -280.233 -146.573 -280.235 1679.68
GPRESSURE: 100000 1056.56 24.6181 180.154 -221.563 880.448 -115.4 -457.779 -432.741 1670.34
PRESSAVG: 100000 -98.7517 -5.17707 105.947 -5.17707 133.668 121.106 105.947 121.106 26.5578
GPRESSAVG: 100000 -46.5316 37.3454 148.451 -105.826 186.973 137.515 121.348 61.7048 134.365
ENERGY:  100000         3.0230        19.2485         7.0905         0.0000         -10787.1057      1559.5680         0.0000         0.0000      1750.6201          -7447.5556       299.8475     -9198.1757     -7483.5406       296.6406           1194.0295      1202.4496     29598.8474       589.7601       636.8093
FEP:     100000        29.3619    -10787.1057      1558.7456

WRITING EXTENDED SYSTEM TO RESTART FILE AT STEP 100000
WRITING COORDINATES TO DCD FILE mobley_2261979_prod.dcd AT STEP 100000
WRITING COORDINATES TO RESTART FILE AT STEP 100000
FINISHED WRITING RESTART COORDINATES
WRITING VELOCITIES TO RESTART FILE AT STEP 100000
FINISHED WRITING RESTART VELOCITIES
PRESSURE: 200000 516.104 189.935 293.552 189.935 121.607 -264.295 293.545 -264.294 480.458
GPRESSURE: 200000 763.437 -141.052 -27.4544 505.929 11.4542 -308.64 447.413 -210.066 314.178
PRESSAVG: 200000 -56.4659 -13.4529 153.045 -13.4529 93.5139 112.005 153.045 112.005 54.4234
GPRESSAVG: 200000 7.68743 18.8077 165.053 -103.448 129.413 117.741 172.85 44.8823 154.19
ENERGY:  200000         6.5174        18.8788         7.0568         0.0000         -10639.0027      1479.7120         0.0000         0.0000      1718.3562          -7408.4816       294.3214     -9126.8378     -7458.5209       295.8675            372.7229       363.0230     30097.7614       517.4144       545.5472
FEP:     200000        32.4530    -10639.0027      1479.6327

WRITING EXTENDED SYSTEM TO RESTART FILE AT STEP 200000
WRITING COORDINATES TO DCD FILE mobley_2261979_prod.dcd AT STEP 200000
WRITING COORDINATES TO RESTART FILE AT STEP 200000
FINISHED WRITING RESTART COORDINATES
WRITING VELOCITIES TO RESTART FILE AT STEP 200000
FINISHED WRITING RESTART VELOCITIES
PRESSURE: 300000 949.371 -265.258 580.582 -265.259 772.362 -136.791 580.583 -136.793 364.825
GPRESSURE: 300000 853.195 -456.873 253.419 -23.4196 820.092 -4.60635 421.349 -331.515 286.692
PRESSAVG: 300000 -2.69876 -57.0669 167.142 -57.0669 141.522 90.7557 167.142 90.7557 80.7317
GPRESSAVG: 300000 67.7645 -26.2514 156.665 -138.725 177.321 114.505 164.936 27.5171 160.933
ENERGY:  300000         1.4183        21.8778         6.7133         0.0000         -10688.0870      1490.1558         0.0000         0.0000      1794.4090          -7373.5127       307.3478     -9167.9217     -7437.2689       298.7376            695.5194       653.3263     29782.9497       561.9406       572.4920
FEP:     300000        30.0094    -10688.0870      1490.1030

WRITING EXTENDED SYSTEM TO RESTART FILE AT STEP 300000
WRITING COORDINATES TO DCD FILE mobley_2261979_prod.dcd AT STEP 300000
WRITING COORDINATES TO RESTART FILE AT STEP 300000
FINISHED WRITING RESTART COORDINATES
WRITING VELOCITIES TO RESTART FILE AT STEP 300000
FINISHED WRITING RESTART VELOCITIES
PRESSURE: 400000 -84.8249 -201.728 550.849 -201.729 -680.194 -56.756 550.847 -56.7552 354.132
GPRESSURE: 400000 118.437 -493.303 397.744 -62.2656 -583.623 -47.0713 435.94 78.374 441.832
PRESSAVG: 400000 1.80572 -95.3749 177.087 -95.3749 116.98 76.0211 177.087 76.0211 111.008
GPRESSAVG: 400000 90.943 -73.1652 155.458 -175.966 155.17 109.39 157.719 30.9061 175.35
ENERGY:  400000         6.3885        18.9354         7.7972         0.0000         -10630.6170      1431.3243         0.0000         0.0000      1739.3234          -7426.8481       297.9126     -9166.1715     -7435.1847       298.5726           -136.9622        -7.7846     30145.9579       422.1601       456.4366
FEP:     400000        33.1212    -10630.6170      1431.6447

WRITING EXTENDED SYSTEM TO RESTART FILE AT STEP 400000
WRITING COORDINATES TO DCD FILE mobley_2261979_prod.dcd AT STEP 400000
WRITING COORDINATES TO RESTART FILE AT STEP 400000
FINISHED WRITING RESTART COORDINATES
WRITING VELOCITIES TO RESTART FILE AT STEP 400000
FINISHED WRITING RESTART VELOCITIES
PRESSURE: 500000 149.378 -166.927 -79.9785 -166.927 -62.0183 26.2542 -79.9768 26.2567 250.011
GPRESSURE: 500000 304.694 -59.1248 -39.1907 -403.109 -113.558 -49.8932 -286.305 249.66 271.527
PRESSAVG: 500000 0.982713 -90.6703 123.093 -90.6703 121.08 96.2469 123.093 96.2469 114.76
GPRESSAVG: 500000 97.8772 -76.7613 103.15 -170.014 149.301 116.241 92.6664 73.7001 172.051
ENERGY:  500000         9.1020        22.3524         5.8070         0.0000         -10763.5998      1492.2997         0.0000         0.0000      1730.6344          -7503.4043       296.4244     -9234.0387     -7446.5546       298.2146            112.4569       154.2210     29697.4623       370.5429       406.0674
FEP:     500000        37.2614    -10763.5998      1492.9540

WRITING EXTENDED SYSTEM TO RESTART FILE AT STEP 500000
WRITING COORDINATES TO DCD FILE mobley_2261979_prod.dcd AT STEP 500000
WRITING COORDINATES TO RESTART FILE AT STEP 500000
FINISHED WRITING RESTART COORDINATES
WRITING VELOCITIES TO RESTART FILE AT STEP 500000
FINISHED WRITING RESTART VELOCITIES
PRESSURE: 600000 1385.82 159.66 330.883 159.659 655.91 -161.457 330.884 -161.465 741.342
GPRESSURE: 600000 1413.85 250.805 384.643 39.5148 634.321 -25.2805 327.589 -554.028 877.147
PRESSAVG: 600000 49.6456 -65.4034 79.2393 -65.4034 137.782 95.0727 79.2393 95.0727 130.243
GPRESSAVG: 600000 135.452 -46.2799 52.8392 -134.879 159.98 127.295 51.4716 56.6532 199.744
ENERGY:  600000         5.5636        21.6494         8.6290         0.0000         -10659.9615      1548.8603         0.0000         0.0000      1784.5052          -7290.7540       305.6514     -9075.2592     -7424.2974       299.2770            927.6895       975.1057     30190.8920       450.1352       487.3586
FEP:     600000        35.8420    -10659.9615      1549.2883

WRITING EXTENDED SYSTEM TO RESTART FILE AT STEP 600000
WRITING COORDINATES TO DCD FILE mobley_2261979_prod.dcd AT STEP 600000
WRITING COORDINATES TO RESTART FILE AT STEP 600000
FINISHED WRITING RESTART COORDINATES
WRITING VELOCITIES TO RESTART FILE AT STEP 600000
FINISHED WRITING RESTART VELOCITIES
PRESSURE: 700000 -173.709 -191.42 -168.191 -191.42 46.0373 -165.258 -168.188 -165.264 -480.994
GPRESSURE: 700000 -139.496 -431.544 -58.5189 -137.239 116.233 -104.991 -210.36 75.2889 -476.471
PRESSAVG: 700000 56.7902 -72.4396 79.1249 -72.4396 104.618 84.5073 79.1249 84.5073 105.247
GPRESSAVG: 700000 138.932 -55.0093 60.2963 -144.025 128.684 113.177 56.3249 46.7637 168.556
ENERGY:  700000         4.1387        18.6222         4.1759         0.0000         -10508.8829      1402.8165         0.0000         0.0000      1717.8320          -7361.2975       294.2316     -9079.1295     -7416.4224       298.6463           -202.8887      -166.5782     30261.6545       368.5073       405.6165
FEP:     700000        26.9369    -10508.8829      1402.8976

WRITING EXTENDED SYSTEM TO RESTART FILE AT STEP 700000
WRITING COORDINATES TO DCD FILE mobley_2261979_prod.dcd AT STEP 700000
WRITING COORDINATES TO RESTART FILE AT STEP 700000
FINISHED WRITING RESTART COORDINATES
WRITING VELOCITIES TO RESTART FILE AT STEP 700000
FINISHED WRITING RESTART VELOCITIES
PRESSURE: 800000 -1177.16 -238.872 67.9714 -238.871 -1178.15 -66.9082 67.9642 -66.9039 -386.289
GPRESSURE: 800000 -1132.98 -42.5781 82.3975 -219.945 -1321.41 -101.516 -373.672 -78.5913 -258.249
PRESSAVG: 800000 -15.3868 -95.5163 84.8864 -95.5163 1.26698 87.4709 84.8864 87.4709 77.1768
GPRESSAVG: 800000 61.2342 -52.9498 78.0471 -148.405 22.9738 102.352 28.1092 50.4002 142.396
ENERGY:  800000         3.2855        18.5878         9.0791         0.0000         -10548.6139      1352.9272         0.0000         0.0000      1764.8069          -7399.9274       302.2775     -9164.7343     -7414.5896       299.0498           -913.8671      -904.2138     30388.2006       226.0212       260.0798
FEP:     800000        30.9525    -10548.6139      1352.9414

WRITING EXTENDED SYSTEM TO RESTART FILE AT STEP 800000
WRITING COORDINATES TO DCD FILE mobley_2261979_prod.dcd AT STEP 800000
WRITING COORDINATES TO RESTART FILE AT STEP 800000
FINISHED WRITING RESTART COORDINATES
WRITING VELOCITIES TO RESTART FILE AT STEP 800000
FINISHED WRITING RESTART VELOCITIES
PRESSURE: 900000 -538.688 -77.9346 46.296 -77.9346 75.4748 -357.811 46.2994 -357.806 238.965
GPRESSURE: 900000 -302.443 210.674 -109.376 -113.527 154.284 -294.492 22.5984 -311.307 280.061
PRESSAVG: 900000 -9.16197 -88.7747 60.1826 -88.7747 53.6675 58.542 60.1826 58.542 53.0876
GPRESSAVG: 900000 75.8696 -52.3136 29.8375 -142.395 68.9227 73.7744 18.7676 32.3939 116.831
ENERGY:  900000         3.9112        21.7736         5.7475         0.0000         -10602.5387      1421.3465         0.0000         0.0000      1800.7916          -7348.9683       308.4410     -9149.7599     -7408.0275       299.9889            -74.7494        43.9671     30036.2042       195.9442       238.4685
FEP:     900000        31.4323    -10602.5387      1420.9504

WRITING EXTENDED SYSTEM TO RESTART FILE AT STEP 900000
WRITING COORDINATES TO DCD FILE mobley_2261979_prod.dcd AT STEP 900000
WRITING COORDINATES TO RESTART FILE AT STEP 900000
FINISHED WRITING RESTART COORDINATES
WRITING VELOCITIES TO RESTART FILE AT STEP 900000
FINISHED WRITING RESTART VELOCITIES
PRESSURE: 1000000 -273.093 -130.143 -1021.65 -130.143 308.856 699.379 -1021.65 699.38 170.683
GPRESSURE: 1000000 -311.278 -286.859 -1156.74 -118.76 571.065 511.058 -527.649 608.848 -74.4376
PRESSAVG: 1000000 -18.0374 -70.0578 -2.20951 -70.0578 113.092 67.7351 -2.20951 67.7351 70.2243
GPRESSAVG: 1000000 60.0609 -44.6458 -34.8611 -126.525 139.886 65.6831 -19.7869 39.1917 108.322
TIMING: 1000000  CPU: 10935.6, 0.000413316/step  Wall: 11578.1, 0.000463603/step, 372.733 ns/days, 0.0643892 hours remaining, 0.000000 MB of memory in use.
PERFORMANCE: 1000000  averaging 395.321 ns/day, 0.000437113 sec/step with standard deviation 1.79008e-05
ETITLE:      TS           BOND          ANGLE          DIHED          IMPRP               ELECT            VDW       BOUNDARY           MISC        KINETIC               TOTAL           TEMP      POTENTIAL       TOTALAVG        TEMPAVG            PRESSURE      GPRESSURE         VOLUME       PRESSAVG      GPRESSAVG
FEPTITLE:    TS          BOND2         ELECT2           VDW2

ENERGY: 1000000        10.3921        21.7705         9.8716         0.0000         -10605.3282      1460.3481         0.0000         0.0000      1805.9530          -7296.9930       309.3250     -9102.9460     -7397.9335       300.8376             68.8154        61.7833     30329.0874       184.3870       222.4062
FEP:    1000000        42.0342    -10605.3282      1460.6673

WRITING EXTENDED SYSTEM TO RESTART FILE AT STEP 1000000
WRITING COORDINATES TO DCD FILE mobley_2261979_prod.dcd AT STEP 1000000
WRITING COORDINATES TO RESTART FILE AT STEP 1000000
FINISHED WRITING RESTART COORDINATES
WRITING VELOCITIES TO RESTART FILE AT STEP 1000000
FINISHED WRITING RESTART VELOCITIES
PRESSURE: 1100000 -443.051 -30.8743 125.116 -30.8725 -508.047 83.9604 125.114 83.9572 434.112
GPRESSURE: 1100000 -368.919 143.247 -307.252 -73.2497 -599.998 206.736 452.028 -28.5466 631.695
PRESSAVG: 1100000 5.76373 -83.5453 18.1284 -83.5453 103.832 51.8768 18.1284 51.8768 112.182
GPRESSAVG: 1100000 71.971 -76.3085 -50.1579 -125.114 134.437 48.217 24.4368 22.64 154.227
ENERGY: 1100000         7.5803        20.8754         5.9497         0.0000         -10603.3041      1432.8430         0.0000         0.0000      1725.1098          -7410.9459       295.4781     -9136.0557     -7399.0178       300.3910           -172.3287      -112.4075     29884.6100       154.6607       194.5051
FEP:    1100000        34.4055    -10603.3041      1432.2303

WRITING EXTENDED SYSTEM TO RESTART FILE AT STEP 1100000
WRITING COORDINATES TO DCD FILE mobley_2261979_prod.dcd AT STEP 1100000
WRITING COORDINATES TO RESTART FILE AT STEP 1100000
FINISHED WRITING RESTART COORDINATES
WRITING VELOCITIES TO RESTART FILE AT STEP 1100000
FINISHED WRITING RESTART VELOCITIES
PRESSURE: 1200000 -872.29 291.488 -117.448 291.489 -677.304 86.0254 -117.445 86.0274 -567.966
GPRESSURE: 1200000 -950.759 239.214 -163.181 547.567 -755.41 36.3605 -281.314 -9.77114 -404.153
PRESSAVG: 1200000 -38.2683 -89.5982 13.8244 -89.5982 36.194 24.9707 13.8244 24.9707 102.275
GPRESSAVG: 1200000 14.969 -86.7496 -67.7445 -109.682 62.4982 27.3065 13.0767 -0.355903 161.185
ENERGY: 1200000         5.6477        20.1704         7.7073         0.0000         -10598.6619      1396.8381         0.0000         0.0000      1751.8132          -7416.4852       300.0519     -9168.2984     -7400.3615       300.3649           -705.8534      -703.4409     30513.3775        88.4673       125.4323
FEP:    1200000        33.5254    -10598.6619      1397.3573

WRITING EXTENDED SYSTEM TO RESTART FILE AT STEP 1200000
WRITING COORDINATES TO DCD FILE mobley_2261979_prod.dcd AT STEP 1200000
WRITING COORDINATES TO RESTART FILE AT STEP 1200000
FINISHED WRITING RESTART COORDINATES
WRITING VELOCITIES TO RESTART FILE AT STEP 1200000
FINISHED WRITING RESTART VELOCITIES
PRESSURE: 1300000 1135.31 129.888 -351.09 129.888 28.6006 207.883 -351.09 207.884 357.025
GPRESSURE: 1300000 1138.93 198.404 -399.04 158.208 46.3452 281.868 273.893 -55.1835 582.691
PRESSAVG: 1300000 52.8574 -61.3536 3.26635 -61.3536 -40.1919 22.0813 3.26635 22.0813 108.245
GPRESSAVG: 1300000 104.859 -61.5934 -74.0375 -71.3319 -19.6843 23.4277 20.1648 -22.8644 171.051
ENERGY: 1300000         3.7007        22.4042         9.8183         0.0000         -10612.0010      1492.7951         0.0000         0.0000      1709.6896          -7373.5930       292.8370     -9083.2826     -7398.4494       299.8272            506.9777       589.3211     30073.1923       118.3609       158.5672
FEP:    1300000        35.9232    -10612.0010      1492.8278

WRITING EXTENDED SYSTEM TO RESTART FILE AT STEP 1300000
WRITING COORDINATES TO DCD FILE mobley_2261979_prod.dcd AT STEP 1300000
WRITING COORDINATES TO RESTART FILE AT STEP 1300000
FINISHED WRITING RESTART COORDINATES
WRITING VELOCITIES TO RESTART FILE AT STEP 1300000
FINISHED WRITING RESTART VELOCITIES
PRESSURE: 1400000 -213.114 474.431 46.2637 474.431 -255.079 97.7785 46.2661 97.7821 669.318
GPRESSURE: 1400000 -204.404 377.727 177.748 344.919 -105.921 91.49 -52.0104 178.601 774.281
PRESSAVG: 1400000 52.0288 -37.6259 -4.28706 -37.6259 -39.8547 22.2874 -4.28706 22.2874 138.911
GPRESSAVG: 1400000 96.0055 -36.5432 -92.9056 -49.7495 -8.10668 16.8228 1.44373 -15.1685 203.314
ENERGY: 1400000         6.7582        20.4708         6.0907         0.0000         -10559.3037      1429.0913         0.0000         0.0000      1788.8538          -7308.0388       306.3962     -9096.8926     -7392.4221       300.2651             67.0416       154.6520     30281.3840       114.9396       158.3062
FEP:    1400000        33.3197    -10559.3037      1429.3779

WRITING EXTENDED SYSTEM TO RESTART FILE AT STEP 1400000
WRITING COORDINATES TO DCD FILE mobley_2261979_prod.dcd AT STEP 1400000
WRITING COORDINATES TO RESTART FILE AT STEP 1400000
FINISHED WRITING RESTART COORDINATES
WRITING VELOCITIES TO RESTART FILE AT STEP 1400000
FINISHED WRITING RESTART VELOCITIES
PRESSURE: 1500000 824.397 -172.058 434.48 -172.06 373.624 488.318 434.484 488.319 1242.88
GPRESSURE: 1500000 765.548 -31.8561 378.38 44.9664 506.995 519.826 372.438 212.924 1255.08
PRESSAVG: 1500000 131.772 -19.8923 48.3037 -19.8923 21.1443 59.0877 48.3037 59.0877 242.28
GPRESSAVG: 1500000 172.551 -15.8943 -31.5517 -11.8686 55.8159 59.4897 51.4541 2.62696 302.987
ENERGY: 1500000         4.0387        20.5806         8.2150         0.0000         -10723.9760      1546.4111         0.0000         0.0000      1722.1536          -7422.5771       294.9718     -9144.7307     -7394.3067       299.9343            813.6327       842.5395     30218.4866       158.6079       201.0708
FEP:    1500000        32.8342    -10723.9760      1546.9826

WRITING EXTENDED SYSTEM TO RESTART FILE AT STEP 1500000
WRITING COORDINATES TO DCD FILE mobley_2261979_prod.dcd AT STEP 1500000
WRITING COORDINATES TO RESTART FILE AT STEP 1500000
FINISHED WRITING RESTART COORDINATES
WRITING VELOCITIES TO RESTART FILE AT STEP 1500000
FINISHED WRITING RESTART VELOCITIES
TCL: Running FEP window  19: Lambda1 0.09999999999999969 Lambda2 0.049999999999999684 [dLambda -0.05 ]
TCL: Setting parameter firsttimestep to 0
TCL: Setting parameter alchLambda to 0.09999999999999969
Info: NONBONDED TABLE R-SQUARED SPACING: 0.0625
Info: NONBONDED TABLE SIZE: 705 POINTS
Info: INCONSISTENCY IN FAST TABLE ENERGY VS FORCE: 0.000290481 AT 0.251946
Info: INCONSISTENCY IN SCOR TABLE ENERGY VS FORCE: 0.000238233 AT 8.9687
Info: ABSOLUTE IMPRECISION IN VDWA TABLE ENERGY: 1.21169e-27 AT 8.99653
Info: ABSOLUTE IMPRECISION IN VDWA TABLE FORCE: 2.57484e-27 AT 8.99653
Info: INCONSISTENCY IN VDWA TABLE ENERGY VS FORCE: 0.0040507 AT 0.251946
Info: INCONSISTENCY IN VDWB TABLE ENERGY VS FORCE: 0.00150189 AT 0.251946
TCL: Setting parameter alchLambda2 to 0.049999999999999684
Info: NONBONDED TABLE R-SQUARED SPACING: 0.0625
Info: NONBONDED TABLE SIZE: 705 POINTS
Info: INCONSISTENCY IN FAST TABLE ENERGY VS FORCE: 0.000290481 AT 0.251946
Info: INCONSISTENCY IN SCOR TABLE ENERGY VS FORCE: 0.000238233 AT 8.9687
Info: ABSOLUTE IMPRECISION IN VDWA TABLE ENERGY: 1.21169e-27 AT 8.99653
Info: ABSOLUTE IMPRECISION IN VDWA TABLE FORCE: 2.57484e-27 AT 8.99653
Info: INCONSISTENCY IN VDWA TABLE ENERGY VS FORCE: 0.0040507 AT 0.251946
Info: INCONSISTENCY IN VDWB TABLE ENERGY VS FORCE: 0.00150189 AT 0.251946
TCL: Running for 1500000 steps
FEP: RESETTING FOR NEW FEP WINDOW LAMBDA SET TO 0.1 LAMBDA2 0.05
FEP: WINDOW TO HAVE 100000 STEPS OF EQUILIBRATION PRIOR TO FEP DATA COLLECTION.
FEP: USING CONSTANT TEMPERATURE OF 300 K FOR FEP CALCULATION
PRESSURE: 0 744.683 -191.137 447.241 -191.136 432.442 490.283 447.248 490.287 1122.83
GPRESSURE: 0 763.236 -33.1495 381.259 43.1382 510.868 520.462 375.592 213.188 1254.29
ETITLE:      TS           BOND          ANGLE          DIHED          IMPRP               ELECT            VDW       BOUNDARY           MISC        KINETIC               TOTAL           TEMP      POTENTIAL       TOTALAVG        TEMPAVG            PRESSURE      GPRESSURE         VOLUME       PRESSAVG      GPRESSAVG
FEPTITLE:    TS          BOND2         ELECT2           VDW2

ENERGY:       0         4.0387        20.5806         8.2150         0.0000         -10723.9762      1546.9824         0.0000         0.0000      1721.2886          -7422.8709       294.8236     -9144.1596     -7422.8709       294.8236            766.6526       842.7993     30218.4866       766.6526       842.7993
FEP:          0        32.8342    -10723.9762      1547.6641

PRESSURE: 100000 -1461.81 111.331 -29.5815 111.33 -591.669 -429.455 -29.5741 -429.459 -380.594
GPRESSURE: 100000 -1276.27 311.814 -304.808 150.542 -383.388 -333.853 -22.0297 -509.337 -286.757
PRESSAVG: 100000 107.559 11.6095 77.2269 11.6095 28.6379 42.4266 77.2269 42.4266 326.256
GPRESSAVG: 100000 162.68 22.8139 -30.9392 38.8734 66.6153 69.4258 74.6259 -26.7388 392.811
ENERGY:  100000         8.6871        17.4546         6.5914         0.0000         -10550.2379      1375.7403         0.0000         0.0000      1729.0346          -7412.7300       296.1504     -9141.7646     -7417.8004       295.4870           -811.3566      -648.8040     30389.9671       -22.3520        96.9977
FEP:     100000        32.7331    -10550.2379      1375.1422

WRITING EXTENDED SYSTEM TO RESTART FILE AT STEP 100000
WRITING COORDINATES TO DCD FILE mobley_2261979_prod.dcd AT STEP 100000
WRITING COORDINATES TO RESTART FILE AT STEP 100000
FINISHED WRITING RESTART COORDINATES
WRITING VELOCITIES TO RESTART FILE AT STEP 100000
FINISHED WRITING RESTART VELOCITIES
PRESSURE: 200000 163.889 -260.532 333.539 -260.529 555.603 -235.145 333.543 -235.144 -243.457
GPRESSURE: 200000 183.66 -307.278 401.493 -279.505 683.847 109.091 394.821 -366.088 -286.212
PRESSAVG: 200000 92.5456 -17.4889 70.9614 -17.4889 37.5234 34.9548 70.9614 34.9548 260.637
GPRESSAVG: 200000 154.106 -16.3178 -15.7142 9.59334 82.0336 74.2758 74.5552 -32.9271 316.354
ENERGY:  200000         6.9617        21.5345         6.2152         0.0000         -10612.1152      1453.8037         0.0000         0.0000      1756.5120          -7367.0881       300.8567     -9123.6001     -7400.8963       297.2769            158.6784       193.7653     29807.5807        37.9915       129.2535
FEP:     200000        34.7114    -10612.1152      1454.2383

WRITING EXTENDED SYSTEM TO RESTART FILE AT STEP 200000
WRITING COORDINATES TO DCD FILE mobley_2261979_prod.dcd AT STEP 200000
WRITING COORDINATES TO RESTART FILE AT STEP 200000
FINISHED WRITING RESTART COORDINATES
WRITING VELOCITIES TO RESTART FILE AT STEP 200000
FINISHED WRITING RESTART VELOCITIES
PRESSURE: 300000 -1143.36 124.389 80.0293 124.387 -619.713 -39.4388 80.0236 -39.4412 93.1821
GPRESSURE: 300000 -1143.75 -98.8808 124.633 364.494 -465.917 -22.1582 -239.929 26.9555 189.341
PRESSAVG: 300000 33.1702 -20.7198 71.975 -20.7198 -5.27922 15.509 71.975 15.509 286.37
GPRESSAVG: 300000 86.5788 -26.3256 0.237876 27.5483 44.4066 58.2688 58.1644 -46.8832 338.732
ENERGY:  300000         6.2176        19.3860         6.3183         0.0000         -10600.9205      1375.7001         0.0000         0.0000      1719.7388          -7473.5597       294.5582     -9193.2984     -7419.0622       296.5972           -556.6311      -473.4431     29777.4633      -110.6642       -21.4206
FEP:     300000        31.9219    -10600.9205      1376.0384

WRITING EXTENDED SYSTEM TO RESTART FILE AT STEP 300000
WRITING COORDINATES TO DCD FILE mobley_2261979_prod.dcd AT STEP 300000
WRITING COORDINATES TO RESTART FILE AT STEP 300000
FINISHED WRITING RESTART COORDINATES
WRITING VELOCITIES TO RESTART FILE AT STEP 300000
FINISHED WRITING RESTART VELOCITIES
PRESSURE: 400000 781.243 -553.839 -125.909 -553.841 353.087 -697.219 -125.905 -697.219 -388.795
GPRESSURE: 400000 666.55 -670.318 -352.641 -443.29 469.226 -834.153 -141.58 -860.966 -274.065
PRESSAVG: 400000 68.2309 -58.2843 64.8198 -58.2843 -2.08445 -35.5442 64.8198 -35.5442 287.567
GPRESSAVG: 400000 109.89 -64.8158 -7.81643 5.17024 53.7975 1.74169 46.5516 -105.215 338.44
ENERGY:  400000         7.4084        17.8273         7.1885         0.0000         -10692.1753      1506.5715         0.0000         0.0000      1758.2075          -7394.9720       301.1471     -9153.1796     -7414.2441       297.5072            248.5115       287.2368     30392.9393       -38.8291        40.3109
FEP:     400000        32.4243    -10692.1753      1506.4651

WRITING EXTENDED SYSTEM TO RESTART FILE AT STEP 400000
WRITING COORDINATES TO DCD FILE mobley_2261979_prod.dcd AT STEP 400000
WRITING COORDINATES TO RESTART FILE AT STEP 400000
FINISHED WRITING RESTART COORDINATES
WRITING VELOCITIES TO RESTART FILE AT STEP 400000
FINISHED WRITING RESTART VELOCITIES
PRESSURE: 500000 1152.42 -309.695 386.7 -309.691 161.199 348.486 386.704 348.482 -731.312
GPRESSURE: 500000 943.101 -235.699 223.58 -413.885 222.818 -136.274 863.83 510.779 -441.314
PRESSAVG: 500000 71.0757 -65.4647 91.4836 -65.4647 -34.3687 -4.10842 91.4836 -4.10842 167.018
GPRESSAVG: 500000 104.217 -77.8317 -5.64512 -4.44588 20.916 0.698022 112.632 -58.0391 232.858
ENERGY:  500000         3.8075        18.9596         5.5326         0.0000         -10609.6028      1457.9731         0.0000         0.0000      1755.0108          -7368.3192       300.5996     -9123.3300     -7406.5900       298.0226            194.1040       241.5345     30023.6429        -0.0069        73.8481
FEP:     500000        28.2997    -10609.6028      1458.2323

WRITING EXTENDED SYSTEM TO RESTART FILE AT STEP 500000
WRITING COORDINATES TO DCD FILE mobley_2261979_prod.dcd AT STEP 500000
WRITING COORDINATES TO RESTART FILE AT STEP 500000
FINISHED WRITING RESTART COORDINATES
WRITING VELOCITIES TO RESTART FILE AT STEP 500000
FINISHED WRITING RESTART VELOCITIES
PRESSURE: 600000 270.605 71.0502 -301.856 71.0482 -79.4181 250.309 -301.855 250.312 456.7
GPRESSURE: 600000 543.07 87.8965 -318.119 -58.3558 -85.8239 147.314 -49.9763 505.668 343.788
PRESSAVG: 600000 58.8007 -71.409 61.7136 -71.409 -44.4199 21.6219 61.7136 21.6219 165.83
GPRESSAVG: 600000 93.1984 -66.3842 -20.1784 -32.6601 16.0521 23.4957 87.7626 -22.2524 234.338
ENERGY:  600000         5.5496        21.9177         7.4345         0.0000         -10595.0208      1473.8246         0.0000         0.0000      1788.9063          -7297.3881       306.4052     -9086.2944     -7390.9897       299.2201            215.9622       267.0114     30223.3769        30.8459       101.4429
FEP:     600000        34.9018    -10595.0208      1473.6027

WRITING EXTENDED SYSTEM TO RESTART FILE AT STEP 600000
WRITING COORDINATES TO DCD FILE mobley_2261979_prod.dcd AT STEP 600000
WRITING COORDINATES TO RESTART FILE AT STEP 600000
FINISHED WRITING RESTART COORDINATES
WRITING VELOCITIES TO RESTART FILE AT STEP 600000
FINISHED WRITING RESTART VELOCITIES
PRESSURE: 700000 551.907 -469.215 -231.746 -469.216 -1138.62 -99.2669 -231.744 -99.2632 -80.9757
GPRESSURE: 700000 649.907 -154.883 -110.749 -434.459 -883.061 -110.421 -53.5236 -242.691 101.685
PRESSAVG: 700000 38.9275 -81.6069 21.0973 -81.6069 -139.969 23.4984 21.0973 23.4984 143.54
GPRESSAVG: 700000 83.034 -51.2847 -38.3868 -53.2121 -69.1056 18.205 64.019 -17.8112 225.088
ENERGY:  700000        10.0789        18.5572         6.6892         0.0000         -10621.8856      1455.3321         0.0000         0.0000      1747.4001          -7383.8280       299.2960     -9131.2281     -7390.0945       299.2296           -222.5640       -43.8231     30495.4517        -0.8304        83.2846
FEP:     700000        35.3253    -10621.8856      1454.4998

WRITING EXTENDED SYSTEM TO RESTART FILE AT STEP 700000
WRITING COORDINATES TO DCD FILE mobley_2261979_prod.dcd AT STEP 700000
WRITING COORDINATES TO RESTART FILE AT STEP 700000
FINISHED WRITING RESTART COORDINATES
WRITING VELOCITIES TO RESTART FILE AT STEP 700000
FINISHED WRITING RESTART VELOCITIES
PRESSURE: 800000 -1373.98 -551.681 253.293 -551.677 -955.7 -134.532 253.295 -134.526 -732.669
GPRESSURE: 800000 -1215.1 -594.599 217.657 -280.339 -935.136 53.511 -45.4954 -392.963 -564.543
PRESSAVG: 800000 -25.5304 -99.1043 6.21968 -99.1043 -153.744 19.6099 6.21968 19.6099 89.1998
GPRESSAVG: 800000 16.3569 -56.3494 -47.3912 -64.1158 -86.6812 23.2341 39.9473 -41.3781 174.769
ENERGY:  800000         5.4987        19.5409         4.4279         0.0000         -10421.7423      1314.1369         0.0000         0.0000      1764.0309          -7314.1071       302.1446     -9078.1379     -7381.6514       299.5535          -1020.7838      -904.9278     30154.3623      -114.1585       -26.5167
FEP:     800000        29.4675    -10421.7423      1313.8673

WRITING EXTENDED SYSTEM TO RESTART FILE AT STEP 800000
WRITING COORDINATES TO DCD FILE mobley_2261979_prod.dcd AT STEP 800000
WRITING COORDINATES TO RESTART FILE AT STEP 800000
FINISHED WRITING RESTART COORDINATES
WRITING VELOCITIES TO RESTART FILE AT STEP 800000
FINISHED WRITING RESTART VELOCITIES
PRESSURE: 900000 -1862.69 -100.65 -161.22 -100.654 -950.916 -34.2359 -161.214 -34.2403 -307.552
GPRESSURE: 900000 -1691.22 -92.1932 115.974 -253.373 -882.662 -165.475 -148.686 176.787 -218.11
PRESSAVG: 900000 -126.134 -95.7906 2.1578 -95.7906 -198.189 16.585 2.1578 16.585 61.3217
GPRESSAVG: 900000 -83.4389 -58.0029 -39.6329 -56.629 -125.136 17.455 46.8282 -45.0217 150.287
ENERGY:  900000         6.3174        16.7229         4.6215         0.0000         -10514.5090      1313.1442         0.0000         0.0000      1674.2699          -7499.4331       286.7702     -9173.7030     -7393.4296       298.2752          -1040.3846      -930.6648     29888.4058      -206.7811      -116.9315
FEP:     900000        27.6618    -10514.5090      1313.3758

WRITING EXTENDED SYSTEM TO RESTART FILE AT STEP 900000
WRITING COORDINATES TO DCD FILE mobley_2261979_prod.dcd AT STEP 900000
WRITING COORDINATES TO RESTART FILE AT STEP 900000
FINISHED WRITING RESTART COORDINATES
WRITING VELOCITIES TO RESTART FILE AT STEP 900000
FINISHED WRITING RESTART VELOCITIES
PRESSURE: 1000000 -1302.46 -437.361 -556.734 -437.359 -313.448 68.6767 -556.733 68.6743 -358.233
GPRESSURE: 1000000 -1149.15 -352.54 -620.24 -298.701 -95.8442 10.8261 -737.117 2.73838 -520.705
PRESSAVG: 1000000 -260.547 -125.642 -42.2231 -125.642 -246.657 28.0919 -42.2231 28.0919 6.34298
GPRESSAVG: 1000000 -211.589 -88.1701 -89.8771 -73.5398 -161.645 19.2603 -6.40713 -17.1834 80.3947
TIMING: 1000000  CPU: 11554.3, 0.000412537/step  Wall: 12389.6, 0.000545569/step, 316.734 ns/days, 0.0757734 hours remaining, 0.000000 MB of memory in use.
PERFORMANCE: 1000000  averaging 390.225 ns/day, 0.000442821 sec/step with standard deviation 3.03599e-05
ETITLE:      TS           BOND          ANGLE          DIHED          IMPRP               ELECT            VDW       BOUNDARY           MISC        KINETIC               TOTAL           TEMP      POTENTIAL       TOTALAVG        TEMPAVG            PRESSURE      GPRESSURE         VOLUME       PRESSAVG      GPRESSAVG
FEPTITLE:    TS          BOND2         ELECT2           VDW2

ENERGY: 1000000         3.8917        18.8170         6.6639         0.0000         -10544.4027      1376.1304         0.0000         0.0000      1775.1155          -7363.7842       304.0431     -9138.8997     -7390.7346       298.7995           -658.0469      -588.5654     30325.0218      -247.8053      -159.8073
FEP:    1000000        29.3726    -10544.4027      1375.7301

WRITING EXTENDED SYSTEM TO RESTART FILE AT STEP 1000000
WRITING COORDINATES TO DCD FILE mobley_2261979_prod.dcd AT STEP 1000000
WRITING COORDINATES TO RESTART FILE AT STEP 1000000
FINISHED WRITING RESTART COORDINATES
WRITING VELOCITIES TO RESTART FILE AT STEP 1000000
FINISHED WRITING RESTART VELOCITIES
FATAL ERROR: Error on writing to file rf.fepout: Disk quota exceeded
[8] Stack Traceback:
  [8:0] namd3 0x11031a8 CmiAbortHelper(char const*, char const*, char const*, int, int)
  [8:1] namd3 0x11032ad 
  [8:2] namd3 0x7b77c9 
  [8:3] namd3 0x7b7e09 NAMD_write(int, char const*, unsigned long, char const*)
  [8:4] namd3 0xaa4c37 ofstream_namd::flush()
  [8:5] namd3 0xa45777 Controller::outputFepEnergy(int)
  [8:6] namd3 0xa50684 Controller::printStep(int, NodeReduction*)
  [8:7] namd3 0xc3c7dd Sequencer::integrate_CUDA_SOA(int)
  [8:8] namd3 0xc3da2a Sequencer::algorithm()
  [8:9] namd3 0x10c4d05 CthStartThread
  [8:10] namd3 0x10c4f4f make_fcontext
[8] Stack Traceback:
  [8:0] namd3 0x110207e 
  [8:1] namd3 0x110311e LrtsAbort(char const*)
  [8:2] namd3 0x11031b0 CmiAbortHelper(char const*, char const*, char const*, int, int)
  [8:3] namd3 0x11032ad 
  [8:4] namd3 0x7b77c9 
  [8:5] namd3 0x7b7e09 NAMD_write(int, char const*, unsigned long, char const*)
  [8:6] namd3 0xaa4c37 ofstream_namd::flush()
  [8:7] namd3 0xa45777 Controller::outputFepEnergy(int)
  [8:8] namd3 0xa50684 Controller::printStep(int, NodeReduction*)
  [8:9] namd3 0xc3c7dd Sequencer::integrate_CUDA_SOA(int)
  [8:10] namd3 0xc3da2a Sequencer::algorithm()
  [8:11] namd3 0x10c4d05 CthStartThread
  [8:12] namd3 0x10c4f4f make_fcontext
