 CONF#         E (xTB)          ΔE (xTB)          E (DFT)          ΔE (DFT)        ΔGsolv (xTB)          Gtot             ΔGtot          Boltzmann weight   
                 [Eh]          [kcal/mol]          [Eh]           [kcal/mol]        [kcal/mol]           [Eh]           [kcal/mol]        % at 298.15 K     
 CONF1        -32.651444          0.00          -393.302357          0.00            0.534835         -393.301505          0.00                2.95         
 CONF2        -32.650588          0.54          -393.301831          0.33            0.544070         -393.300964          0.34                1.66         
 CONF3        -32.650584          0.54          -393.301925          0.27            0.544506         -393.301057          0.28                1.84         
 CONF4        -32.650576          0.54          -393.301818          0.34            0.545593         -393.300948          0.35                1.64         
 CONF5        -32.650550          0.56          -393.302112          0.15            0.547057         -393.301240          0.17                2.23         
 CONF6        -32.649833          1.01          -393.300815          0.97            0.553460         -393.299933          0.99                0.56         
 CONF7        -32.649827          1.01          -393.300759          1.00            0.553418         -393.299877          1.02                0.53         
 CONF8        -32.649821          1.02          -393.300857          0.94            0.553343         -393.299975          0.96                0.58         
 CONF9        -32.649819          1.02          -393.301121          0.78            0.556142         -393.300234          0.80                0.77         
CONF10        -32.649816          1.02          -393.301115          0.78            0.556050         -393.300229          0.80                0.76         
CONF11        -32.649808          1.03          -393.301122          0.78            0.556236         -393.300235          0.80                0.77         
CONF12        -32.649807          1.03          -393.301099          0.79            0.556378         -393.300212          0.81                0.75         
CONF13        -32.649788          1.04          -393.301074          0.81            0.555959         -393.300188          0.83                0.73         
CONF14        -32.649787          1.04          -393.301009          0.85            0.557289         -393.300121          0.87                0.68         
CONF15        -32.649724          1.08          -393.300828          0.96            0.553564         -393.299946          0.98                0.57         
CONF16        -32.649719          1.08          -393.300824          0.96            0.553549         -393.299942          0.98                0.56         
CONF17        -32.649712          1.09          -393.300852          0.94            0.553716         -393.299969          0.96                0.58         
CONF18        -32.649711          1.09          -393.301009          0.85            0.553485         -393.300127          0.86                0.69         
CONF19        -32.649729          1.08          -393.301496          0.54            0.564044         -393.300597          0.57                1.13         
CONF20        -32.649727          1.08          -393.301652          0.44            0.565852         -393.300750          0.47                1.33         
CONF21        -32.649724          1.08          -393.301532          0.52            0.566365         -393.300630          0.55                1.17         
CONF22        -32.649705          1.09          -393.301022          0.84            0.557399         -393.300133          0.86                0.69         
CONF23        -32.649704          1.09          -393.301147          0.76            0.557014         -393.300259          0.78                0.79         
CONF24        -32.649693          1.10          -393.301123          0.77            0.556732         -393.300235          0.80                0.77         
CONF25        -32.649686          1.10          -393.301080          0.80            0.556647         -393.300192          0.82                0.74         
CONF26        -32.649685          1.10          -393.301063          0.81            0.556595         -393.300176          0.83                0.72         
CONF27        -32.649682          1.11          -393.300852          0.94            0.556543         -393.299965          0.97                0.58         
CONF28        -32.649681          1.11          -393.300924          0.90            0.558215         -393.300034          0.92                0.62         
CONF29        -32.649678          1.11          -393.300843          0.95            0.558206         -393.299954          0.97                0.57         
CONF30        -32.649682          1.11          -393.301075          0.80            0.556737         -393.300188          0.83                0.73         
CONF31        -32.649673          1.11          -393.301166          0.75            0.557451         -393.300278          0.77                0.80         
CONF32        -32.649670          1.11          -393.301041          0.83            0.558332         -393.300151          0.85                0.70         
CONF33        -32.649678          1.11          -393.301556          0.50            0.564862         -393.300656          0.53                1.20         
CONF34        -32.649678          1.11          -393.301523          0.52            0.565020         -393.300623          0.55                1.16         
CONF35        -32.649663          1.12          -393.300941          0.89            0.559853         -393.300049          0.91                0.63         
CONF36        -32.649655          1.12          -393.301096          0.79            0.559249         -393.300204          0.82                0.74         
CONF37        -32.649730          1.08          -393.301485          0.55            0.564313         -393.300586          0.58                1.12         
CONF38        -32.649581          1.17          -393.300975          0.87            0.550512         -393.300098          0.88                0.67         
CONF39        -32.649550          1.19          -393.300901          0.91            0.550626         -393.300023          0.93                0.61         
CONF40        -32.649546          1.19          -393.300651          1.07            0.553271         -393.299770          1.09                0.47         
CONF41        -32.649084          1.48          -393.300041          1.45            0.562475         -393.299144          1.48                0.24         
CONF42        -32.649071          1.49          -393.300170          1.37            0.562353         -393.299274          1.40                0.28         
CONF43        -32.649036          1.51          -393.299919          1.53            0.567262         -393.299015          1.56                0.21         
CONF44        -32.649029          1.52          -393.300045          1.45            0.567334         -393.299141          1.48                0.24         
CONF45        -32.649028          1.52          -393.299839          1.58            0.567137         -393.298935          1.61                0.19         
CONF46        -32.649047          1.50          -393.300750          1.01            0.581164         -393.299824          1.05                0.50         
CONF47        -32.649024          1.52          -393.299979          1.49            0.567504         -393.299075          1.52                0.23         
CONF48        -32.649044          1.51          -393.300694          1.04            0.581231         -393.299768          1.09                0.47         
CONF49        -32.649048          1.50          -393.300748          1.01            0.581272         -393.299822          1.06                0.50         
CONF50        -32.649036          1.51          -393.300715          1.03            0.580953         -393.299789          1.08                0.48         
CONF51        -32.649027          1.52          -393.300638          1.08            0.579019         -393.299715          1.12                0.44         
CONF52        -32.649015          1.52          -393.300673          1.06            0.577451         -393.299753          1.10                0.46         
CONF53        -32.649011          1.53          -393.300615          1.09            0.578611         -393.299693          1.14                0.43         
CONF54        -32.648999          1.53          -393.300528          1.15            0.581191         -393.299602          1.19                0.39         
CONF55        -32.649011          1.53          -393.300621          1.09            0.585389         -393.299688          1.14                0.43         
CONF56        -32.648991          1.54          -393.300695          1.04            0.580606         -393.299769          1.09                0.47         
CONF57        -32.648973          1.55          -393.301322          0.65            0.584487         -393.300390          0.70                0.91         
CONF58        -32.648965          1.56          -393.301268          0.68            0.582706         -393.300340          0.73                0.86         
CONF59        -32.648967          1.55          -393.301298          0.66            0.585884         -393.300364          0.72                0.88         
CONF60        -32.648959          1.56          -393.300940          0.89            0.582403         -393.300012          0.94                0.61         
CONF61        -32.648959          1.56          -393.301317          0.65            0.587019         -393.300382          0.70                0.90         
CONF62        -32.648928          1.58          -393.300049          1.45            0.567706         -393.299144          1.48                0.24         
CONF63        -32.648908          1.59          -393.299921          1.53            0.569028         -393.299014          1.56                0.21         
CONF64        -32.648920          1.58          -393.299958          1.51            0.568318         -393.299052          1.54                0.22         
CONF65        -32.648930          1.58          -393.301086          0.80            0.579986         -393.300162          0.84                0.71         
CONF66        -32.648907          1.59          -393.300183          1.36            0.569207         -393.299276          1.40                0.28         
CONF67        -32.648897          1.60          -393.300013          1.47            0.569765         -393.299105          1.51                0.23         
CONF68        -32.648891          1.60          -393.300065          1.44            0.569731         -393.299157          1.47                0.25         
CONF69        -32.648887          1.60          -393.299985          1.49            0.569465         -393.299078          1.52                0.23         
CONF70        -32.648895          1.60          -393.300911          0.91            0.582449         -393.299983          0.96                0.59         
CONF71        -32.648870          1.62          -393.300364          1.25            0.576064         -393.299446          1.29                0.33         
CONF72        -32.648869          1.62          -393.300499          1.17            0.577032         -393.299580          1.21                0.38         
CONF73        -32.648846          1.63          -393.299777          1.62            0.562667         -393.298881          1.65                0.18         
CONF74        -32.648858          1.62          -393.300507          1.16            0.574670         -393.299591          1.20                0.39         
CONF75        -32.648841          1.63          -393.300447          1.20            0.573840         -393.299533          1.24                0.37         
CONF76        -32.648834          1.64          -393.300321          1.28            0.573578         -393.299407          1.32                0.32         
CONF77        -32.648818          1.65          -393.299974          1.50            0.559968         -393.299081          1.52                0.23         
CONF78        -32.648834          1.64          -393.300808          0.97            0.576297         -393.299889          1.01                0.53         
CONF79        -32.648831          1.64          -393.300592          1.11            0.576126         -393.299674          1.15                0.42         
CONF80        -32.648832          1.64          -393.300785          0.99            0.576758         -393.299865          1.03                0.52         
CONF81        -32.648830          1.64          -393.300752          1.01            0.575940         -393.299835          1.05                0.50         
CONF82        -32.648830          1.64          -393.300654          1.07            0.578649         -393.299732          1.11                0.45         
CONF83        -32.648819          1.65          -393.300519          1.15            0.576695         -393.299600          1.20                0.39         
CONF84        -32.648825          1.64          -393.300808          0.97            0.577202         -393.299888          1.01                0.53         
CONF85        -32.648813          1.65          -393.300380          1.24            0.574379         -393.299464          1.28                0.34         
CONF86        -32.648810          1.65          -393.300358          1.25            0.574386         -393.299443          1.29                0.33         
CONF87        -32.648809          1.65          -393.300291          1.30            0.573680         -393.299377          1.34                0.31         
CONF88        -32.648823          1.64          -393.300599          1.10            0.574898         -393.299683          1.14                0.43         
CONF89        -32.648786          1.67          -393.299913          1.53            0.560329         -393.299020          1.56                0.21         
CONF90        -32.648796          1.66          -393.300449          1.20            0.574204         -393.299534          1.24                0.37         
CONF91        -32.648772          1.68          -393.299799          1.61            0.560433         -393.298906          1.63                0.19         
CONF92        -32.648774          1.68          -393.299925          1.53            0.563772         -393.299027          1.55                0.21         
CONF93        -32.648769          1.68          -393.299952          1.51            0.564160         -393.299053          1.54                0.22         
CONF94        -32.648808          1.65          -393.300585          1.11            0.577682         -393.299665          1.15                0.42         
CONF95        -32.648804          1.66          -393.300692          1.05            0.583434         -393.299762          1.09                0.47         
CONF96        -32.648801          1.66          -393.300674          1.06            0.585105         -393.299742          1.11                0.46         
CONF97        -32.648800          1.66          -393.300329          1.27            0.573181         -393.299415          1.31                0.32         
CONF98        -32.648789          1.67          -393.300674          1.06            0.581504         -393.299747          1.10                0.46         
CONF99        -32.648778          1.67          -393.300533          1.15            0.577525         -393.299612          1.19                0.40         
CONF100       -32.648803          1.66          -393.300597          1.10            0.576860         -393.299678          1.15                0.43         
CONF101       -32.648804          1.66          -393.300596          1.11            0.577265         -393.299676          1.15                0.43         
CONF102       -32.648777          1.67          -393.300522          1.15            0.578209         -393.299600          1.20                0.39         
CONF103       -32.648752          1.69          -393.299722          1.65            0.564344         -393.298823          1.68                0.17         
CONF104       -32.648770          1.68          -393.299951          1.51            0.563608         -393.299053          1.54                0.22         
CONF105       -32.648802          1.66          -393.300489          1.17            0.583941         -393.299559          1.22                0.38         
CONF106       -32.648762          1.68          -393.300184          1.36            0.572060         -393.299272          1.40                0.28         
CONF107       -32.648800          1.66          -393.300691          1.05            0.582947         -393.299762          1.09                0.47         
CONF108       -32.648765          1.68          -393.300511          1.16            0.576186         -393.299593          1.20                0.39         
CONF109       -32.648755          1.69          -393.300176          1.37            0.574068         -393.299261          1.41                0.27         
CONF110       -32.648767          1.68          -393.300675          1.06            0.580904         -393.299750          1.10                0.46         
CONF111       -32.648753          1.69          -393.300193          1.36            0.574125         -393.299279          1.40                0.28         
CONF112       -32.648752          1.69          -393.300218          1.34            0.574242         -393.299303          1.38                0.29         
CONF113       -32.648757          1.69          -393.300249          1.32            0.577192         -393.299329          1.37                0.29         
CONF114       -32.648728          1.70          -393.299780          1.62            0.564684         -393.298880          1.65                0.18         
CONF115       -32.648755          1.69          -393.300209          1.35            0.574259         -393.299294          1.39                0.28         
CONF116       -32.648719          1.71          -393.300254          1.32            0.571105         -393.299344          1.36                0.30         
CONF117       -32.648716          1.71          -393.300168          1.37            0.569899         -393.299260          1.41                0.27         
CONF118       -32.648721          1.71          -393.300128          1.40            0.570163         -393.299220          1.43                0.26         
CONF119       -32.648701          1.72          -393.300502          1.16            0.571587         -393.299591          1.20                0.39         
CONF120       -32.648702          1.72          -393.300415          1.22            0.572281         -393.299503          1.26                0.35         
CONF121       -32.648680          1.73          -393.299889          1.55            0.564406         -393.298990          1.58                0.21         
CONF122       -32.648731          1.70          -393.300025          1.46            0.575529         -393.299108          1.50                0.23         
CONF123       -32.648731          1.70          -393.300019          1.47            0.575407         -393.299102          1.51                0.23         
CONF124       -32.648723          1.71          -393.300297          1.29            0.571134         -393.299386          1.33                0.31         
CONF125       -32.648679          1.74          -393.299934          1.52            0.564516         -393.299034          1.55                0.22         
CONF126       -32.648662          1.75          -393.299988          1.49            0.565063         -393.299088          1.52                0.23         
CONF127       -32.648720          1.71          -393.300139          1.39            0.570789         -393.299230          1.43                0.27         
CONF128       -32.648662          1.75          -393.299919          1.53            0.565341         -393.299018          1.56                0.21         
CONF129       -32.648657          1.75          -393.299785          1.61            0.566055         -393.298882          1.65                0.18         
CONF130       -32.648662          1.75          -393.299797          1.61            0.565988         -393.298895          1.64                0.19         
CONF131       -32.648651          1.75          -393.300047          1.45            0.565236         -393.299146          1.48                0.24         
CONF132       -32.648659          1.75          -393.299875          1.56            0.565453         -393.298974          1.59                0.20         
CONF133       -32.648646          1.76          -393.299956          1.51            0.565007         -393.299056          1.54                0.22         
CONF134       -32.648571          1.80          -393.299598          1.73            0.557784         -393.298709          1.75                0.15         
CONF135       -32.648536          1.82          -393.299779          1.62            0.560877         -393.298885          1.64                0.18         
CONF136       -32.648338          1.95          -393.299854          1.57            0.601255         -393.298896          1.64                0.19         
CONF137       -32.648354          1.94          -393.300368          1.25            0.619285         -393.299381          1.33                0.31         
CONF138       -32.648348          1.94          -393.300339          1.27            0.618194         -393.299354          1.35                0.30         
CONF139       -32.648343          1.95          -393.300369          1.25            0.622322         -393.299378          1.33                0.31         
CONF140       -32.648249          2.01          -393.299114          2.03            0.578651         -393.298192          2.08                0.09         
CONF141       -32.648276          1.99          -393.299944          1.51            0.599564         -393.298989          1.58                0.21         
CONF142       -32.648278          1.99          -393.299945          1.51            0.599790         -393.298990          1.58                0.21         
CONF143       -32.648269          1.99          -393.299954          1.51            0.598572         -393.299000          1.57                0.21         
CONF144       -32.648250          2.00          -393.299475          1.81            0.590530         -393.298534          1.86                0.13         
CONF145       -32.648238          2.01          -393.299733          1.65            0.589812         -393.298793          1.70                0.17         
CONF146       -32.648255          2.00          -393.300021          1.47            0.596942         -393.299069          1.53                0.22         
CONF147       -32.648239          2.01          -393.299689          1.67            0.590643         -393.298748          1.73                0.16         
CONF148       -32.648240          2.01          -393.299767          1.63            0.594942         -393.298819          1.69                0.17         
CONF149       -32.648277          1.99          -393.300374          1.24            0.625710         -393.299377          1.34                0.31         
CONF150       -32.648266          1.99          -393.300355          1.26            0.622473         -393.299363          1.34                0.31         
CONF151       -32.648265          1.99          -393.300345          1.26            0.624902         -393.299349          1.35                0.30         
CONF152       -32.648229          2.02          -393.300124          1.40            0.604416         -393.299161          1.47                0.25         
CONF153       -32.648209          2.03          -393.300098          1.42            0.602174         -393.299139          1.48                0.24         
CONF154       -32.648196          2.04          -393.300434          1.21            0.598753         -393.299479          1.27                0.35         
CONF155       -32.648195          2.04          -393.300049          1.45            0.602065         -393.299089          1.52                0.23         
CONF156       -32.648176          2.05          -393.300066          1.44            0.601444         -393.299108          1.50                0.23         
CONF157       -32.648117          2.09          -393.300806          0.97            0.598167         -393.299852          1.04                0.51         
CONF158       -32.648110          2.09          -393.299646          1.70            0.599039         -393.298691          1.77                0.15         
CONF159       -32.648104          2.10          -393.300668          1.06            0.597062         -393.299716          1.12                0.44         
CONF160       -32.648101          2.10          -393.299546          1.76            0.597791         -393.298593          1.83                0.14         
CONF161       -32.648112          2.09          -393.299825          1.59            0.606043         -393.298859          1.66                0.18         
CONF162       -32.648109          2.09          -393.299864          1.56            0.604059         -393.298902          1.63                0.19         
CONF163       -32.648112          2.09          -393.299861          1.57            0.607365         -393.298893          1.64                0.19         
CONF164       -32.648095          2.10          -393.299871          1.56            0.601994         -393.298912          1.63                0.19         
CONF165       -32.648105          2.10          -393.299880          1.55            0.610690         -393.298907          1.63                0.19         
CONF166       -32.648074          2.11          -393.299727          1.65            0.595582         -393.298778          1.71                0.16         
CONF167       -32.648071          2.12          -393.299679          1.68            0.596270         -393.298729          1.74                0.16         
CONF168       -32.648062          2.12          -393.299787          1.61            0.596403         -393.298836          1.67                0.17         
CONF169       -32.648062          2.12          -393.299740          1.64            0.596610         -393.298789          1.70                0.17         
CONF170       -32.648058          2.12          -393.299657          1.69            0.594787         -393.298709          1.75                0.15         
CONF171       -32.648061          2.12          -393.299787          1.61            0.596916         -393.298836          1.67                0.17         
CONF172       -32.648043          2.13          -393.299941          1.52            0.593569         -393.298995          1.58                0.21         
CONF173       -32.648041          2.14          -393.300081          1.43            0.593937         -393.299134          1.49                0.24         
CONF174       -32.648046          2.13          -393.300109          1.41            0.599012         -393.299154          1.48                0.24         
CONF175       -32.648051          2.13          -393.300034          1.46            0.600569         -393.299077          1.52                0.23         
CONF176       -32.648025          2.15          -393.299452          1.82            0.587928         -393.298515          1.88                0.12         
CONF177       -32.648037          2.14          -393.300111          1.41            0.598275         -393.299158          1.47                0.25         
CONF178       -32.648029          2.14          -393.299426          1.84            0.586555         -393.298491          1.89                0.12         
CONF179       -32.648029          2.14          -393.300048          1.45            0.593292         -393.299102          1.51                0.23         
CONF180       -32.648042          2.13          -393.299953          1.51            0.602645         -393.298993          1.58                0.21         
CONF181       -32.647995          2.16          -393.298939          2.15            0.575019         -393.298022          2.19                0.07         
CONF182       -32.648011          2.15          -393.299665          1.69            0.588448         -393.298727          1.74                0.16         
CONF183       -32.647989          2.17          -393.298905          2.17            0.575290         -393.297988          2.21                0.07         
CONF184       -32.648007          2.16          -393.299642          1.70            0.590172         -393.298702          1.76                0.15         
CONF185       -32.648003          2.16          -393.299685          1.68            0.588765         -393.298746          1.73                0.16         
CONF186       -32.648003          2.16          -393.299592          1.74            0.589374         -393.298652          1.79                0.14         
CONF187       -32.648008          2.16          -393.299632          1.71            0.589971         -393.298691          1.77                0.15         
CONF188       -32.647986          2.17          -393.299488          1.80            0.587049         -393.298553          1.85                0.13         
CONF189       -32.647986          2.17          -393.299480          1.81            0.587607         -393.298544          1.86                0.13         
CONF190       -32.647986          2.17          -393.299479          1.81            0.587645         -393.298543          1.86                0.13         
CONF191       -32.647989          2.17          -393.299386          1.86            0.589212         -393.298448          1.92                0.12         
CONF192       -32.647981          2.17          -393.299476          1.81            0.586040         -393.298542          1.86                0.13         
CONF193       -32.647986          2.17          -393.300067          1.44            0.593104         -393.299122          1.50                0.24         
CONF194       -32.647991          2.17          -393.299864          1.56            0.591933         -393.298921          1.62                0.19         
CONF195       -32.647978          2.17          -393.299727          1.65            0.590989         -393.298785          1.71                0.17         
CONF196       -32.647983          2.17          -393.299917          1.53            0.592960         -393.298972          1.59                0.20         
CONF197       -32.647984          2.17          -393.299891          1.55            0.595029         -393.298943          1.61                0.20         
CONF198       -32.647984          2.17          -393.299923          1.53            0.594102         -393.298976          1.59                0.20         
CONF199       -32.647981          2.17          -393.299877          1.56            0.593660         -393.298930          1.62                0.19         
CONF200       -32.647968          2.18          -393.300116          1.41            0.595211         -393.299167          1.47                0.25         
CONF201       -32.647947          2.19          -393.300080          1.43            0.593733         -393.299134          1.49                0.24         
CONF202       -32.647929          2.21          -393.299704          1.66            0.589488         -393.298765          1.72                0.16         
CONF203       -32.647912          2.22          -393.299969          1.50            0.590249         -393.299029          1.55                0.21         
CONF204       -32.647867          2.24          -393.298680          2.31            0.565804         -393.297778          2.34                0.06         
CONF205       -32.647893          2.23          -393.299347          1.89            0.581221         -393.298421          1.94                0.11         
CONF206       -32.647865          2.25          -393.298597          2.36            0.565464         -393.297696          2.39                0.05         
CONF207       -32.647904          2.22          -393.299300          1.92            0.582381         -393.298372          1.97                0.11         
CONF208       -32.647872          2.24          -393.298708          2.29            0.563888         -393.297809          2.32                0.06         
CONF209       -32.647860          2.25          -393.298352          2.51            0.562727         -393.297456          2.54                0.04         
CONF210       -32.647872          2.24          -393.298646          2.33            0.563865         -393.297747          2.36                0.06         
CONF211       -32.647872          2.24          -393.298698          2.30            0.563666         -393.297800          2.33                0.06         
CONF212       -32.647884          2.23          -393.299389          1.86            0.579562         -393.298466          1.91                0.12         
CONF213       -32.647922          2.21          -393.300199          1.35            0.607215         -393.299231          1.43                0.27         
CONF214       -32.647921          2.21          -393.300360          1.25            0.606653         -393.299393          1.33                0.32         
CONF215       -32.647915          2.21          -393.300127          1.40            0.605099         -393.299163          1.47                0.25         
CONF216       -32.647872          2.24          -393.299374          1.87            0.578990         -393.298451          1.92                0.12         
CONF217       -32.647920          2.21          -393.300067          1.44            0.605875         -393.299102          1.51                0.23         
CONF218       -32.647883          2.23          -393.299658          1.69            0.586599         -393.298723          1.75                0.15         
CONF219       -32.647882          2.24          -393.300071          1.43            0.594587         -393.299123          1.49                0.24         
CONF220       -32.647805          2.28          -393.299523          1.78            0.586058         -393.298589          1.83                0.13         
CONF221       -32.647858          2.25          -393.299855          1.57            0.589822         -393.298915          1.63                0.19         
CONF222       -32.647856          2.25          -393.299900          1.54            0.590173         -393.298960          1.60                0.20         
CONF223       -32.647830          2.27          -393.299730          1.65            0.586793         -393.298795          1.70                0.17         
CONF224       -32.647826          2.27          -393.299840          1.58            0.590842         -393.298899          1.64                0.19         
CONF225       -32.647769          2.31          -393.298407          2.48            0.567568         -393.297502          2.51                0.04         
CONF226       -32.647793          2.29          -393.299540          1.77            0.586431         -393.298605          1.82                0.14         
CONF227       -32.647794          2.29          -393.299981          1.49            0.590207         -393.299040          1.55                0.22         
CONF228       -32.647785          2.30          -393.299945          1.51            0.589965         -393.299005          1.57                0.21         
CONF229       -32.647795          2.29          -393.300003          1.48            0.591462         -393.299060          1.53                0.22         
CONF230       -32.647776          2.30          -393.299384          1.87            0.584990         -393.298451          1.92                0.12         
CONF231       -32.647771          2.30          -393.299886          1.55            0.591587         -393.298943          1.61                0.20         
CONF232       -32.647739          2.33          -393.298802          2.23            0.572543         -393.297890          2.27                0.06         
CONF233       -32.647728          2.33          -393.298818          2.22            0.572438         -393.297906          2.26                0.07         
CONF234       -32.647759          2.31          -393.299473          1.81            0.587180         -393.298538          1.86                0.13         
CONF235       -32.647736          2.33          -393.298811          2.23            0.572635         -393.297899          2.26                0.06         
CONF236       -32.647725          2.33          -393.298825          2.22            0.572521         -393.297913          2.25                0.07         
CONF237       -32.647735          2.33          -393.298692          2.30            0.572623         -393.297779          2.34                0.06         
CONF238       -32.647743          2.32          -393.299422          1.84            0.585683         -393.298489          1.89                0.12         
CONF239       -32.647771          2.31          -393.299403          1.85            0.584919         -393.298471          1.90                0.12         
CONF240       -32.647710          2.34          -393.299515          1.78            0.587639         -393.298578          1.84                0.13         
CONF241       -32.647754          2.32          -393.299602          1.73            0.587402         -393.298666          1.78                0.15         
CONF242       -32.647780          2.30          -393.299370          1.87            0.585149         -393.298437          1.93                0.11         
CONF243       -32.647696          2.35          -393.299249          1.95            0.578933         -393.298326          1.99                0.10         
CONF244       -32.647661          2.37          -393.299269          1.94            0.578188         -393.298348          1.98                0.10         
CONF245       -32.647659          2.38          -393.299059          2.07            0.578408         -393.298138          2.11                0.08         
CONF246       -32.647629          2.39          -393.299373          1.87            0.574407         -393.298458          1.91                0.12         
CONF247       -32.647611          2.41          -393.299305          1.92            0.573775         -393.298390          1.95                0.11         
CONF248       -32.647553          2.44          -393.299149          2.01            0.581664         -393.298222          2.06                0.09         
CONF249       -32.647512          2.47          -393.298803          2.23            0.573082         -393.297890          2.27                0.06         
CONF250       -32.647487          2.48          -393.298560          2.38            0.569018         -393.297653          2.42                0.05         
CONF251       -32.647554          2.44          -393.299371          1.87            0.634421         -393.298360          1.97                0.11         
CONF252       -32.647584          2.42          -393.299841          1.58            0.656410         -393.298795          1.70                0.17         
CONF253       -32.647462          2.50          -393.299430          1.84            0.618778         -393.298443          1.92                0.12         
CONF254       -32.647477          2.49          -393.299908          1.54            0.638546         -393.298890          1.64                0.19         
CONF255       -32.647477          2.49          -393.299901          1.54            0.638217         -393.298884          1.64                0.18         
CONF256       -32.647554          2.44          -393.299354          1.88            0.638208         -393.298337          1.99                0.10         
CONF257       -32.647473          2.49          -393.299887          1.55            0.638185         -393.298870          1.65                0.18         
CONF258       -32.647436          2.52          -393.299759          1.63            0.615438         -393.298778          1.71                0.16         
CONF259       -32.647434          2.52          -393.299741          1.64            0.615230         -393.298760          1.72                0.16         
CONF260       -32.647471          2.49          -393.299850          1.57            0.637168         -393.298835          1.68                0.17         
CONF261       -32.647414          2.53          -393.299086          2.05            0.613236         -393.298109          2.13                0.08         
CONF262       -32.647411          2.53          -393.299129          2.03            0.619032         -393.298142          2.11                0.08         
CONF263       -32.647403          2.54          -393.299173          2.00            0.618239         -393.298188          2.08                0.09         
CONF264       -32.647382          2.55          -393.300152          1.38            0.614328         -393.299173          1.46                0.25         
CONF265       -32.647383          2.55          -393.299254          1.95            0.618781         -393.298268          2.03                0.10         
CONF266       -32.647306          2.60          -393.299985          1.49            0.614249         -393.299006          1.57                0.21         
CONF267       -32.647252          2.63          -393.299295          1.92            0.627741         -393.298295          2.01                0.10         
CONF268       -32.647249          2.63          -393.299295          1.92            0.627761         -393.298295          2.01                0.10         
CONF269       -32.647156          2.69          -393.297328          3.16            0.573744         -393.296414          3.19                0.01         
CONF270       -32.647198          2.66          -393.298167          2.63            0.597094         -393.297215          2.69                0.03         
CONF271       -32.647154          2.69          -393.297331          3.15            0.573469         -393.296417          3.19                0.01         
CONF272       -32.647146          2.70          -393.297304          3.17            0.572904         -393.296391          3.21                0.01         
CONF273       -32.647234          2.64          -393.299345          1.89            0.631617         -393.298338          1.99                0.10         
CONF274       -32.647205          2.66          -393.299647          1.70            0.614391         -393.298668          1.78                0.15         
CONF275       -32.647181          2.68          -393.298053          2.70            0.599524         -393.297097          2.77                0.03         
CONF276       -32.647137          2.70          -393.297515          3.04            0.574588         -393.296600          3.08                0.02         
CONF277       -32.647131          2.71          -393.297534          3.03            0.571087         -393.296623          3.06                0.02         
CONF278       -32.647128          2.71          -393.297439          3.09            0.571668         -393.296528          3.12                0.02         
CONF279       -32.647127          2.71          -393.297794          2.86            0.575819         -393.296876          2.90                0.02         
CONF280       -32.647188          2.67          -393.299074          2.06            0.615205         -393.298094          2.14                0.08         
CONF281       -32.647182          2.67          -393.299094          2.05            0.614068         -393.298115          2.13                0.08         
CONF282       -32.647162          2.69          -393.299031          2.09            0.608326         -393.298062          2.16                0.08         
CONF283       -32.647158          2.69          -393.299015          2.10            0.608223         -393.298045          2.17                0.08         
CONF284       -32.647153          2.69          -393.299005          2.10            0.610657         -393.298032          2.18                0.07         
CONF285       -32.647116          2.72          -393.297748          2.89            0.587367         -393.296812          2.95                0.02         
CONF286       -32.647092          2.73          -393.297896          2.80            0.573288         -393.296982          2.84                0.02         
CONF287       -32.647103          2.72          -393.297764          2.88            0.585620         -393.296831          2.93                0.02         
CONF288       -32.647134          2.70          -393.299465          1.82            0.607426         -393.298497          1.89                0.12         
CONF289       -32.647132          2.71          -393.299300          1.92            0.606853         -393.298333          1.99                0.10         
CONF290       -32.647077          2.74          -393.297599          2.99            0.573733         -393.296685          3.02                0.02         
CONF291       -32.647095          2.73          -393.297757          2.89            0.585025         -393.296824          2.94                0.02         
CONF292       -32.647076          2.74          -393.297766          2.88            0.573290         -393.296852          2.92                0.02         
CONF293       -32.647140          2.70          -393.299395          1.86            0.614373         -393.298416          1.94                0.11         
CONF294       -32.647070          2.74          -393.297702          2.92            0.574067         -393.296788          2.96                0.02         
CONF295       -32.647127          2.71          -393.299361          1.88            0.613666         -393.298383          1.96                0.11         
CONF296       -32.647117          2.72          -393.299367          1.88            0.604936         -393.298403          1.95                0.11         
CONF297       -32.647066          2.75          -393.297750          2.89            0.572895         -393.296837          2.93                0.02         
CONF298       -32.647066          2.75          -393.297784          2.87            0.577676         -393.296863          2.91                0.02         
CONF299       -32.647058          2.75          -393.297888          2.80            0.577613         -393.296968          2.85                0.02         
CONF300       -32.647058          2.75          -393.297789          2.87            0.577821         -393.296868          2.91                0.02         
CONF301       -32.647062          2.75          -393.297845          2.83            0.577495         -393.296925          2.87                0.02         
CONF302       -32.647060          2.75          -393.297793          2.86            0.576851         -393.296874          2.91                0.02         
CONF303       -32.647060          2.75          -393.297857          2.82            0.582782         -393.296928          2.87                0.02         
CONF304       -32.647072          2.74          -393.297549          3.02            0.585708         -393.296616          3.07                0.02         
CONF305       -32.647044          2.76          -393.297854          2.83            0.576052         -393.296936          2.87                0.02         
CONF306       -32.647083          2.74          -393.299105          2.04            0.604973         -393.298141          2.11                0.08         
CONF307       -32.647042          2.76          -393.297766          2.88            0.582206         -393.296838          2.93                0.02         
CONF308       -32.647046          2.76          -393.297650          2.95            0.584988         -393.296718          3.00                0.02         
CONF309       -32.647100          2.73          -393.299704          1.67            0.624005         -393.298709          1.75                0.15         
CONF310       -32.647025          2.77          -393.297246          3.21            0.576998         -393.296326          3.25                0.01         
CONF311       -32.647037          2.77          -393.297663          2.95            0.585164         -393.296730          3.00                0.02         
CONF312       -32.647076          2.74          -393.298916          2.16            0.608869         -393.297945          2.23                0.07         
CONF313       -32.647041          2.76          -393.297647          2.96            0.584697         -393.296715          3.01                0.02         
CONF314       -32.647069          2.75          -393.298869          2.19            0.608571         -393.297899          2.26                0.06         
CONF315       -32.647019          2.78          -393.297829          2.84            0.582781         -393.296900          2.89                0.02         
CONF316       -32.647007          2.78          -393.297834          2.84            0.577613         -393.296914          2.88                0.02         
CONF317       -32.647050          2.76          -393.299023          2.09            0.608091         -393.298054          2.17                0.08         
CONF318       -32.647036          2.77          -393.299068          2.06            0.607746         -393.298099          2.14                0.08         
CONF319       -32.647007          2.78          -393.297685          2.93            0.579043         -393.296763          2.98                0.02         
CONF320       -32.647032          2.77          -393.298918          2.16            0.601363         -393.297960          2.22                0.07         
CONF321       -32.646979          2.80          -393.297734          2.90            0.573840         -393.296819          2.94                0.02         
CONF322       -32.646979          2.80          -393.297765          2.88            0.573720         -393.296851          2.92                0.02         
CONF323       -32.646976          2.80          -393.297771          2.88            0.573334         -393.296857          2.92                0.02         
CONF324       -32.646975          2.80          -393.297681          2.93            0.575624         -393.296764          2.98                0.02         
CONF325       -32.646993          2.79          -393.297948          2.77            0.588301         -393.297010          2.82                0.03         
CONF326       -32.647013          2.78          -393.297747          2.89            0.602250         -393.296787          2.96                0.02         
CONF327       -32.647013          2.78          -393.297744          2.89            0.602088         -393.296785          2.96                0.02         
CONF328       -32.646985          2.80          -393.298009          2.73            0.587279         -393.297073          2.78                0.03         
CONF329       -32.646958          2.82          -393.297447          3.08            0.573561         -393.296533          3.12                0.02         
CONF330       -32.647012          2.78          -393.298729          2.28            0.607767         -393.297760          2.35                0.06         
CONF331       -32.646957          2.82          -393.297455          3.08            0.573460         -393.296541          3.12                0.02         
CONF332       -32.646957          2.82          -393.297487          3.06            0.573564         -393.296573          3.09                0.02         
CONF333       -32.646954          2.82          -393.297678          2.94            0.571915         -393.296767          2.97                0.02         
CONF334       -32.646975          2.80          -393.297598          2.99            0.585920         -393.296665          3.04                0.02         
CONF335       -32.646953          2.82          -393.297748          2.89            0.571934         -393.296836          2.93                0.02         
CONF336       -32.646948          2.82          -393.297780          2.87            0.579223         -393.296857          2.92                0.02         
CONF337       -32.647024          2.77          -393.297671          2.94            0.592913         -393.296726          3.00                0.02         
CONF338       -32.646933          2.83          -393.297614          2.98            0.572847         -393.296701          3.01                0.02         
CONF339       -32.646936          2.83          -393.297689          2.93            0.574759         -393.296773          2.97                0.02         
CONF340       -32.646933          2.83          -393.297672          2.94            0.574944         -393.296756          2.98                0.02         
CONF341       -32.646930          2.83          -393.297596          2.99            0.573926         -393.296682          3.03                0.02         
CONF342       -32.646980          2.80          -393.299201          1.98            0.606866         -393.298234          2.05                0.09         
CONF343       -32.646911          2.84          -393.297236          3.21            0.572916         -393.296323          3.25                0.01         
CONF344       -32.646946          2.82          -393.297409          3.11            0.575939         -393.296491          3.15                0.01         
CONF345       -32.646931          2.83          -393.297656          2.95            0.575041         -393.296739          2.99                0.02         
CONF346       -32.646986          2.80          -393.299188          1.99            0.607369         -393.298220          2.06                0.09         
CONF347       -32.646944          2.82          -393.297638          2.96            0.578387         -393.296717          3.00                0.02         
CONF348       -32.646911          2.84          -393.297642          2.96            0.576505         -393.296724          3.00                0.02         
CONF349       -32.646873          2.87          -393.297045          3.33            0.574895         -393.296129          3.37                0.01         
CONF350       -32.646871          2.87          -393.297330          3.15            0.574385         -393.296415          3.19                0.01         
CONF351       -32.646896          2.85          -393.297501          3.05            0.576743         -393.296582          3.09                0.02         
CONF352       -32.646873          2.87          -393.297429          3.09            0.579611         -393.296506          3.14                0.01         
CONF353       -32.646895          2.85          -393.297505          3.05            0.576630         -393.296586          3.09                0.02         
CONF354       -32.646867          2.87          -393.297524          3.03            0.578865         -393.296602          3.08                0.02         
CONF355       -32.646870          2.87          -393.297409          3.11            0.579794         -393.296485          3.15                0.01         
CONF356       -32.646853          2.88          -393.297324          3.16            0.572613         -393.296412          3.20                0.01         
CONF357       -32.646841          2.89          -393.297355          3.14            0.568414         -393.296449          3.17                0.01         
CONF358       -32.646859          2.88          -393.297338          3.15            0.581992         -393.296411          3.20                0.01         
CONF359       -32.646860          2.88          -393.297319          3.16            0.581110         -393.296393          3.21                0.01         
CONF360       -32.646837          2.89          -393.297477          3.06            0.568592         -393.296571          3.10                0.02         
CONF361       -32.646854          2.88          -393.297494          3.05            0.579629         -393.296570          3.10                0.02         
CONF362       -32.646833          2.89          -393.297556          3.01            0.568137         -393.296651          3.05                0.02         
CONF363       -32.646827          2.90          -393.296771          3.51            0.565529         -393.295869          3.54                0.01         
CONF364       -32.646854          2.88          -393.297239          3.21            0.573208         -393.296325          3.25                0.01         
CONF365       -32.646845          2.89          -393.297486          3.06            0.579938         -393.296562          3.10                0.02         
CONF366       -32.646852          2.88          -393.297643          2.96            0.585280         -393.296710          3.01                0.02         
CONF367       -32.646817          2.90          -393.297505          3.05            0.570626         -393.296595          3.08                0.02         
CONF368       -32.646827          2.90          -393.297571          3.00            0.577549         -393.296651          3.05                0.02         
CONF369       -32.646822          2.90          -393.297409          3.11            0.577373         -393.296489          3.15                0.01         
CONF370       -32.646807          2.91          -393.297415          3.10            0.577672         -393.296494          3.14                0.01         
CONF371       -32.646827          2.90          -393.298603          2.36            0.598073         -393.297650          2.42                0.05         
CONF372       -32.646827          2.90          -393.298990          2.11            0.603795         -393.298028          2.18                0.07         
CONF373       -32.646818          2.90          -393.298733          2.27            0.599546         -393.297778          2.34                0.06         
CONF374       -32.646756          2.94          -393.298652          2.32            0.597055         -393.297701          2.39                0.05         
CONF375       -32.646753          2.94          -393.298764          2.26            0.598227         -393.297810          2.32                0.06         
CONF376       -32.646724          2.96          -393.298516          2.41            0.596116         -393.297566          2.47                0.05         
CONF377       -32.646692          2.98          -393.298375          2.50            0.595403         -393.297426          2.56                0.04         
CONF378       -32.646746          2.95          -393.298781          2.24            0.596869         -393.297830          2.31                0.06         
CONF379       -32.646776          2.93          -393.297735          2.90            0.662476         -393.296680          3.03                0.02         
CONF380       -32.646777          2.93          -393.297461          3.07            0.664755         -393.296402          3.20                0.01         
CONF381       -32.646637          3.02          -393.298480          2.43            0.593216         -393.297535          2.49                0.04         
CONF382       -32.646609          3.03          -393.298377          2.50            0.591703         -393.297434          2.55                0.04         
CONF383       -32.646625          3.02          -393.299228          1.96            0.655497         -393.298184          2.08                0.09         
CONF384       -32.646618          3.03          -393.299892          1.55            0.656224         -393.298847          1.67                0.18         
CONF385       -32.646582          3.05          -393.299089          2.05            0.636017         -393.298076          2.15                0.08         
CONF386       -32.646550          3.07          -393.297137          3.28            0.633376         -393.296128          3.37                0.01         
CONF387       -32.646549          3.07          -393.297118          3.29            0.634003         -393.296108          3.39                0.01         
CONF388       -32.646514          3.09          -393.297241          3.21            0.620109         -393.296253          3.30                0.01         
CONF389       -32.646510          3.10          -393.297103          3.30            0.617421         -393.296119          3.38                0.01         
CONF390       -32.646440          3.14          -393.297715          2.91            0.583987         -393.296784          2.96                0.02         
CONF391       -32.646504          3.10          -393.297261          3.20            0.625803         -393.296263          3.29                0.01         
CONF392       -32.646425          3.15          -393.297636          2.96            0.582300         -393.296708          3.01                0.02         
CONF393       -32.646484          3.11          -393.299176          2.00            0.629896         -393.298172          2.09                0.09         
CONF394       -32.646393          3.17          -393.297280          3.19            0.578505         -393.296358          3.23                0.01         
CONF395       -32.646437          3.14          -393.296995          3.37            0.613820         -393.296016          3.44                0.01         
CONF396       -32.646431          3.15          -393.296812          3.48            0.614881         -393.295832          3.56                0.01         
CONF397       -32.646473          3.12          -393.297585          2.99            0.643678         -393.296559          3.10                0.02         
CONF398       -32.646357          3.19          -393.296532          3.66            0.582546         -393.295604          3.70                0.01         
CONF399       -32.646344          3.20          -393.297401          3.11            0.576992         -393.296481          3.15                0.01         
CONF400       -32.646416          3.16          -393.297228          3.22            0.622111         -393.296237          3.31                0.01         
CONF401       -32.646408          3.16          -393.297168          3.26            0.618821         -393.296181          3.34                0.01         
CONF402       -32.646392          3.17          -393.297202          3.24            0.616720         -393.296219          3.32                0.01         
CONF403       -32.646383          3.18          -393.297222          3.22            0.616245         -393.296240          3.30                0.01         
CONF404       -32.646401          3.16          -393.297238          3.21            0.628666         -393.296236          3.31                0.01         
CONF405       -32.646399          3.17          -393.297088          3.31            0.628884         -393.296086          3.40                0.01         
CONF406       -32.646377          3.18          -393.297483          3.06            0.621910         -393.296492          3.15                0.01         
CONF407       -32.646310          3.22          -393.296750          3.52            0.585641         -393.295817          3.57                0.01         
CONF408       -32.646298          3.23          -393.296492          3.68            0.583807         -393.295561          3.73                0.01         
CONF409       -32.646317          3.22          -393.296694          3.55            0.598166         -393.295741          3.62                0.01         
CONF410       -32.646294          3.23          -393.296775          3.50            0.584799         -393.295843          3.55                0.01         
CONF411       -32.646293          3.23          -393.296726          3.53            0.585171         -393.295794          3.58                0.01         
CONF412       -32.646292          3.23          -393.296524          3.66            0.583837         -393.295594          3.71                0.01         
CONF413       -32.646339          3.20          -393.296786          3.50            0.613778         -393.295808          3.57                0.01         
CONF414       -32.646260          3.25          -393.296352          3.77            0.580264         -393.295428          3.81                0.00         
CONF415       -32.646308          3.22          -393.297414          3.10            0.610638         -393.296441          3.18                0.01         
CONF416       -32.646287          3.24          -393.296728          3.53            0.599349         -393.295773          3.60                0.01         
CONF417       -32.646257          3.25          -393.296352          3.77            0.581463         -393.295425          3.82                0.00         
CONF418       -32.646277          3.24          -393.296751          3.52            0.596465         -393.295801          3.58                0.01         
CONF419       -32.646279          3.24          -393.296721          3.54            0.600655         -393.295764          3.60                0.01         
CONF420       -32.646281          3.24          -393.296871          3.44            0.601572         -393.295912          3.51                0.01         
CONF421       -32.646283          3.24          -393.297283          3.18            0.603062         -393.296322          3.25                0.01         
CONF422       -32.646268          3.25          -393.296667          3.57            0.593712         -393.295721          3.63                0.01         
CONF423       -32.646272          3.25          -393.296888          3.43            0.598451         -393.295934          3.50                0.01         
CONF424       -32.646253          3.26          -393.296315          3.79            0.589862         -393.295375          3.85                0.00         
CONF425       -32.646230          3.27          -393.296188          3.87            0.578795         -393.295266          3.92                0.00         
CONF426       -32.646255          3.26          -393.296568          3.63            0.592452         -393.295624          3.69                0.01         
CONF427       -32.646298          3.23          -393.297046          3.33            0.626494         -393.296047          3.42                0.01         
CONF428       -32.646299          3.23          -393.297297          3.18            0.627373         -393.296298          3.27                0.01         
CONF429       -32.646232          3.27          -393.296235          3.84            0.586199         -393.295301          3.89                0.00         
CONF430       -32.646232          3.27          -393.296714          3.54            0.585922         -393.295780          3.59                0.01         
CONF431       -32.646232          3.27          -393.296665          3.57            0.585884         -393.295731          3.62                0.01         
CONF432       -32.646229          3.27          -393.296640          3.59            0.585493         -393.295707          3.64                0.01         
CONF433       -32.646270          3.25          -393.297305          3.17            0.601627         -393.296346          3.24                0.01         
CONF434       -32.646257          3.25          -393.296475          3.69            0.603206         -393.295514          3.76                0.01         
CONF435       -32.646231          3.27          -393.296484          3.69            0.587574         -393.295547          3.74                0.01         
CONF436       -32.646281          3.24          -393.297718          2.91            0.619184         -393.296732          3.00                0.02         
CONF437       -32.646208          3.29          -393.296580          3.63            0.582687         -393.295651          3.67                0.01         
CONF438       -32.646205          3.29          -393.296571          3.63            0.582856         -393.295642          3.68                0.01         
CONF439       -32.646212          3.28          -393.296738          3.53            0.585831         -393.295805          3.58                0.01         
CONF440       -32.646208          3.29          -393.296349          3.77            0.585633         -393.295416          3.82                0.00         
CONF441       -32.646227          3.27          -393.296660          3.58            0.597690         -393.295708          3.64                0.01         
CONF442       -32.646225          3.28          -393.296763          3.51            0.596052         -393.295813          3.57                0.01         
CONF443       -32.646223          3.28          -393.296623          3.60            0.597416         -393.295671          3.66                0.01         
CONF444       -32.646206          3.29          -393.296610          3.61            0.585869         -393.295676          3.66                0.01         
CONF445       -32.646244          3.26          -393.296777          3.50            0.613690         -393.295799          3.58                0.01         
CONF446       -32.646201          3.29          -393.296440          3.71            0.585930         -393.295507          3.76                0.01         
CONF447       -32.646187          3.30          -393.298042          2.71            0.582631         -393.297114          2.76                0.03         
CONF448       -32.646223          3.28          -393.297492          3.05            0.605517         -393.296527          3.12                0.02         
CONF449       -32.646240          3.27          -393.297735          2.90            0.617358         -393.296751          2.98                0.02         
CONF450       -32.646204          3.29          -393.297147          3.27            0.595283         -393.296199          3.33                0.01         
CONF451       -32.646202          3.29          -393.296672          3.57            0.595985         -393.295723          3.63                0.01         
CONF452       -32.646217          3.28          -393.297398          3.11            0.605258         -393.296433          3.18                0.01         
CONF453       -32.646223          3.28          -393.297483          3.06            0.606026         -393.296517          3.13                0.01         
CONF454       -32.646243          3.26          -393.298669          2.31            0.622832         -393.297677          2.40                0.05         
CONF455       -32.646200          3.29          -393.297000          3.36            0.596684         -393.296049          3.42                0.01         
CONF456       -32.646225          3.28          -393.296773          3.50            0.603580         -393.295811          3.57                0.01         
CONF457       -32.646221          3.28          -393.296887          3.43            0.610993         -393.295913          3.51                0.01         
CONF458       -32.646228          3.27          -393.297015          3.35            0.616392         -393.296032          3.43                0.01         
CONF459       -32.646192          3.30          -393.297062          3.32            0.594068         -393.296116          3.38                0.01         
CONF460       -32.646218          3.28          -393.297158          3.26            0.603534         -393.296197          3.33                0.01         
CONF461       -32.646200          3.29          -393.296921          3.41            0.602502         -393.295960          3.48                0.01         
CONF462       -32.646202          3.29          -393.296967          3.38            0.605310         -393.296003          3.45                0.01         
CONF463       -32.646195          3.29          -393.296779          3.50            0.602151         -393.295820          3.57                0.01         
CONF464       -32.646257          3.26          -393.297006          3.36            0.638129         -393.295989          3.46                0.01         
CONF465       -32.646255          3.26          -393.297052          3.33            0.637250         -393.296036          3.43                0.01         
CONF466       -32.646233          3.27          -393.296906          3.42            0.612792         -393.295929          3.50                0.01         
CONF467       -32.646235          3.27          -393.297150          3.27            0.614395         -393.296171          3.35                0.01         
CONF468       -32.646171          3.31          -393.296639          3.59            0.588911         -393.295700          3.64                0.01         
CONF469       -32.646170          3.31          -393.296641          3.59            0.588659         -393.295702          3.64                0.01         
CONF470       -32.646170          3.31          -393.296649          3.58            0.589140         -393.295710          3.64                0.01         
CONF471       -32.646157          3.32          -393.296417          3.73            0.587401         -393.295481          3.78                0.01         
CONF472       -32.646190          3.30          -393.297216          3.23            0.610731         -393.296243          3.30                0.01         
CONF473       -32.646137          3.33          -393.296325          3.79            0.578264         -393.295403          3.83                0.00         
CONF474       -32.646151          3.32          -393.296622          3.60            0.587141         -393.295687          3.65                0.01         
CONF475       -32.646148          3.32          -393.296633          3.59            0.587171         -393.295697          3.64                0.01         
CONF476       -32.646205          3.29          -393.297046          3.33            0.619475         -393.296059          3.42                0.01         
CONF477       -32.646129          3.34          -393.296364          3.76            0.577577         -393.295444          3.80                0.00         
CONF478       -32.646179          3.30          -393.297347          3.14            0.603539         -393.296386          3.21                0.01         
CONF479       -32.646192          3.30          -393.296891          3.43            0.618395         -393.295906          3.51                0.01         
CONF480       -32.646185          3.30          -393.297548          3.02            0.614921         -393.296568          3.10                0.02         
CONF481       -32.646183          3.30          -393.297687          2.93            0.613790         -393.296709          3.01                0.02         
CONF482       -32.646182          3.30          -393.297642          2.96            0.614929         -393.296662          3.04                0.02         
CONF483       -32.646161          3.32          -393.296993          3.37            0.606855         -393.296026          3.44                0.01         
CONF484       -32.646170          3.31          -393.296824          3.47            0.613094         -393.295847          3.55                0.01         
CONF485       -32.646174          3.31          -393.297634          2.96            0.613897         -393.296656          3.04                0.02         
CONF486       -32.646130          3.33          -393.296335          3.78            0.588872         -393.295397          3.83                0.00         
CONF487       -32.646129          3.34          -393.296494          3.68            0.589093         -393.295555          3.73                0.01         
CONF488       -32.646183          3.30          -393.297640          2.96            0.612880         -393.296663          3.04                0.02         
CONF489       -32.646128          3.34          -393.296442          3.71            0.589025         -393.295504          3.77                0.01         
CONF490       -32.646129          3.34          -393.296460          3.70            0.589351         -393.295521          3.76                0.01         
CONF491       -32.646129          3.34          -393.296538          3.65            0.589438         -393.295599          3.71                0.01         
CONF492       -32.646137          3.33          -393.297309          3.17            0.605597         -393.296344          3.24                0.01         
CONF493       -32.646099          3.35          -393.296646          3.58            0.582238         -393.295718          3.63                0.01         
CONF494       -32.646152          3.32          -393.296846          3.46            0.616167         -393.295864          3.54                0.01         
CONF495       -32.646131          3.33          -393.296484          3.69            0.589380         -393.295544          3.74                0.01         
CONF496       -32.646102          3.35          -393.296663          3.57            0.584560         -393.295731          3.62                0.01         
CONF497       -32.646130          3.33          -393.297313          3.17            0.603463         -393.296351          3.23                0.01         
CONF498       -32.646091          3.36          -393.296266          3.82            0.580392         -393.295341          3.87                0.00         
CONF499       -32.646090          3.36          -393.296584          3.62            0.580693         -393.295659          3.67                0.01         
CONF500       -32.646125          3.34          -393.297109          3.29            0.604191         -393.296146          3.36                0.01         
CONF501       -32.646164          3.31          -393.296617          3.60            0.588547         -393.295679          3.66                0.01         
CONF502       -32.646123          3.34          -393.297188          3.24            0.605601         -393.296223          3.31                0.01         
CONF503       -32.646124          3.34          -393.297212          3.23            0.605325         -393.296247          3.30                0.01         
CONF504       -32.646141          3.33          -393.296643          3.59            0.612417         -393.295667          3.66                0.01         
CONF505       -32.646070          3.37          -393.296295          3.80            0.579349         -393.295371          3.85                0.00         
CONF506       -32.646107          3.35          -393.296837          3.46            0.604396         -393.295874          3.53                0.01         
CONF507       -32.646107          3.35          -393.296865          3.45            0.604620         -393.295902          3.52                0.01         
CONF508       -32.646079          3.37          -393.296519          3.66            0.594081         -393.295572          3.72                0.01         
CONF509       -32.646077          3.37          -393.297217          3.23            0.593458         -393.296271          3.28                0.01         
CONF510       -32.646096          3.36          -393.297538          3.02            0.605561         -393.296573          3.10                0.02         
CONF511       -32.646080          3.37          -393.296484          3.69            0.595711         -393.295534          3.75                0.01         
CONF512       -32.646071          3.37          -393.296644          3.59            0.590962         -393.295702          3.64                0.01         
CONF513       -32.646108          3.35          -393.296866          3.45            0.604951         -393.295902          3.52                0.01         
CONF514       -32.646105          3.35          -393.296653          3.58            0.613216         -393.295675          3.66                0.01         
CONF515       -32.646069          3.37          -393.296653          3.58            0.592060         -393.295709          3.64                0.01         
CONF516       -32.646103          3.35          -393.297197          3.24            0.613838         -393.296219          3.32                0.01         
CONF517       -32.646071          3.37          -393.296650          3.58            0.592382         -393.295706          3.64                0.01         
CONF518       -32.646068          3.37          -393.296480          3.69            0.586494         -393.295545          3.74                0.01         
CONF519       -32.646124          3.34          -393.297348          3.14            0.602816         -393.296387          3.21                0.01         
CONF520       -32.646094          3.36          -393.297341          3.15            0.605911         -393.296376          3.22                0.01         
CONF521       -32.646059          3.38          -393.296513          3.67            0.592140         -393.295570          3.72                0.01         
CONF522       -32.646068          3.37          -393.296778          3.50            0.594714         -393.295831          3.56                0.01         
CONF523       -32.646061          3.38          -393.296727          3.53            0.597119         -393.295775          3.60                0.01         
CONF524       -32.646123          3.34          -393.297194          3.24            0.605563         -393.296229          3.31                0.01         
CONF525       -32.646086          3.36          -393.297628          2.97            0.604225         -393.296666          3.04                0.02         
CONF526       -32.646068          3.37          -393.296857          3.45            0.603035         -393.295896          3.52                0.01         
CONF527       -32.646031          3.40          -393.296605          3.61            0.581226         -393.295679          3.66                0.01         
CONF528       -32.646040          3.39          -393.296717          3.54            0.587654         -393.295780          3.59                0.01         
CONF529       -32.646061          3.38          -393.296885          3.43            0.601150         -393.295927          3.50                0.01         
CONF530       -32.646083          3.36          -393.296706          3.55            0.583253         -393.295777          3.59                0.01         
CONF531       -32.646024          3.40          -393.296621          3.60            0.580107         -393.295697          3.64                0.01         
CONF532       -32.646043          3.39          -393.296265          3.82            0.594379         -393.295318          3.88                0.00         
CONF533       -32.646024          3.40          -393.296543          3.65            0.582009         -393.295615          3.70                0.01         
CONF534       -32.646028          3.40          -393.296656          3.58            0.581495         -393.295729          3.62                0.01         
CONF535       -32.646027          3.40          -393.296571          3.63            0.587640         -393.295635          3.68                0.01         
CONF536       -32.646053          3.38          -393.297023          3.35            0.605342         -393.296059          3.42                0.01         
CONF537       -32.646042          3.39          -393.296632          3.59            0.599594         -393.295676          3.66                0.01         
CONF538       -32.646035          3.39          -393.297127          3.28            0.592062         -393.296183          3.34                0.01         
CONF539       -32.646042          3.39          -393.296235          3.84            0.593345         -393.295290          3.90                0.00         
CONF540       -32.646036          3.39          -393.297220          3.22            0.597610         -393.296267          3.29                0.01         
CONF541       -32.646029          3.40          -393.297160          3.26            0.598209         -393.296206          3.33                0.01         
CONF542       -32.646032          3.40          -393.297177          3.25            0.596574         -393.296227          3.31                0.01         
CONF543       -32.646021          3.40          -393.296554          3.64            0.596326         -393.295604          3.70                0.01         
CONF544       -32.646017          3.41          -393.297124          3.28            0.595812         -393.296174          3.35                0.01         
CONF545       -32.646013          3.41          -393.296864          3.45            0.600961         -393.295907          3.51                0.01         
CONF546       -32.646016          3.41          -393.297293          3.18            0.603045         -393.296332          3.25                0.01         
CONF547       -32.646064          3.38          -393.296740          3.52            0.595604         -393.295791          3.59                0.01         
CONF548       -32.646001          3.42          -393.296841          3.46            0.598310         -393.295888          3.52                0.01         
CONF549       -32.645980          3.43          -393.296683          3.56            0.588374         -393.295745          3.61                0.01         
CONF550       -32.645972          3.43          -393.296598          3.61            0.587130         -393.295662          3.67                0.01         
CONF551       -32.646026          3.40          -393.296681          3.56            0.590165         -393.295740          3.62                0.01         
CONF552       -32.646045          3.39          -393.296819          3.48            0.597223         -393.295867          3.54                0.01         
CONF553       -32.646040          3.39          -393.296190          3.87            0.593842         -393.295244          3.93                0.00         
CONF554       -32.645961          3.44          -393.296736          3.53            0.588230         -393.295799          3.58                0.01         
CONF555       -32.645996          3.42          -393.297135          3.28            0.605920         -393.296170          3.35                0.01         
CONF556       -32.645964          3.44          -393.296594          3.62            0.587949         -393.295657          3.67                0.01         
CONF557       -32.645955          3.44          -393.297248          3.21            0.587469         -393.296312          3.26                0.01         
CONF558       -32.645992          3.42          -393.297018          3.35            0.610767         -393.296045          3.43                0.01         
CONF559       -32.645962          3.44          -393.297147          3.27            0.595391         -393.296199          3.33                0.01         
CONF560       -32.645967          3.44          -393.297108          3.29            0.599048         -393.296153          3.36                0.01         
CONF561       -32.645957          3.44          -393.296924          3.41            0.595090         -393.295975          3.47                0.01         
CONF562       -32.646016          3.41          -393.297008          3.36            0.599890         -393.296052          3.42                0.01         
CONF563       -32.645954          3.45          -393.296655          3.58            0.588870         -393.295717          3.63                0.01         
CONF564       -32.646005          3.41          -393.297253          3.20            0.598123         -393.296300          3.27                0.01         
CONF565       -32.645945          3.45          -393.297010          3.36            0.594601         -393.296063          3.41                0.01         
CONF566       -32.645942          3.45          -393.297006          3.36            0.594093         -393.296060          3.42                0.01         
CONF567       -32.645918          3.47          -393.296320          3.79            0.580500         -393.295394          3.83                0.00         
CONF568       -32.645926          3.46          -393.296729          3.53            0.591050         -393.295787          3.59                0.01         
CONF569       -32.645896          3.48          -393.296488          3.68            0.577422         -393.295567          3.73                0.01         
CONF570       -32.645892          3.48          -393.296370          3.76            0.577216         -393.295450          3.80                0.00         
CONF571       -32.645932          3.46          -393.296484          3.69            0.580268         -393.295559          3.73                0.01         
CONF572       -32.645956          3.44          -393.296929          3.41            0.595774         -393.295980          3.47                0.01         
CONF573       -32.645900          3.48          -393.296301          3.80            0.583743         -393.295371          3.85                0.00         
CONF574       -32.645892          3.48          -393.296301          3.80            0.583124         -393.295372          3.85                0.00         
CONF575       -32.645884          3.49          -393.296447          3.71            0.578767         -393.295525          3.75                0.01         
CONF576       -32.645894          3.48          -393.297240          3.21            0.589063         -393.296301          3.27                0.01         
CONF577       -32.646010          3.41          -393.296816          3.48            0.683061         -393.295727          3.63                0.01         
CONF578       -32.646001          3.42          -393.296628          3.60            0.679209         -393.295545          3.74                0.01         
CONF579       -32.645840          3.52          -393.296837          3.46            0.587102         -393.295901          3.52                0.01         
CONF580       -32.645822          3.53          -393.296338          3.78            0.580050         -393.295414          3.82                0.00         
CONF581       -32.645822          3.53          -393.296354          3.77            0.580130         -393.295430          3.81                0.00         
CONF582       -32.645833          3.52          -393.296397          3.74            0.591214         -393.295455          3.80                0.00         
CONF583       -32.645810          3.54          -393.296304          3.80            0.577173         -393.295384          3.84                0.00         
CONF584       -32.645880          3.49          -393.297147          3.27            0.587436         -393.296211          3.32                0.01         
CONF585       -32.645824          3.53          -393.296414          3.73            0.591323         -393.295472          3.79                0.00         
CONF586       -32.645817          3.53          -393.296434          3.72            0.591023         -393.295492          3.77                0.01         
CONF587       -32.645964          3.44          -393.296644          3.59            0.688400         -393.295547          3.74                0.01         
CONF588       -32.645958          3.44          -393.296575          3.63            0.690238         -393.295475          3.78                0.00         
CONF589       -32.645787          3.55          -393.296261          3.83            0.578970         -393.295338          3.87                0.00         
CONF590       -32.645939          3.45          -393.296436          3.72            0.679037         -393.295353          3.86                0.00         
CONF591       -32.645779          3.56          -393.296124          3.91            0.583143         -393.295195          3.96                0.00         
CONF592       -32.645771          3.56          -393.296188          3.87            0.583380         -393.295258          3.92                0.00         
CONF593       -32.645771          3.56          -393.296724          3.54            0.588021         -393.295787          3.59                0.01         
CONF594       -32.645772          3.56          -393.296531          3.66            0.588547         -393.295593          3.71                0.01         
CONF595       -32.645765          3.56          -393.296227          3.85            0.584530         -393.295296          3.90                0.00         
CONF596       -32.645749          3.57          -393.296254          3.83            0.585271         -393.295322          3.88                0.00         
CONF598       -32.645686          3.61          -393.296077          3.94            0.576337         -393.295158          3.98                0.00         
CONF599       -32.645755          3.57          -393.296496          3.68            0.651836         -393.295458          3.79                0.00         
CONF603       -32.645648          3.64          -393.296427          3.72            0.650535         -393.295391          3.84                0.00         
CONF612       -32.645587          3.68          -393.298818          2.22            0.645420         -393.297790          2.33                0.06         
CONF613       -32.645622          3.65          -393.297257          3.20            0.676034         -393.296180          3.34                0.01         
CONF614       -32.645628          3.65          -393.296629          3.59            0.681687         -393.295543          3.74                0.01         
CONF615       -32.645629          3.65          -393.296601          3.61            0.684368         -393.295510          3.76                0.01         
CONF616       -32.645626          3.65          -393.296635          3.59            0.684334         -393.295544          3.74                0.01         
CONF619       -32.645503          3.73          -393.296168          3.88            0.612649         -393.295192          3.96                0.00         
CONF622       -32.645508          3.73          -393.296220          3.85            0.612057         -393.295245          3.93                0.00         
CONF623       -32.645500          3.73          -393.296380          3.75            0.615065         -393.295400          3.83                0.00         
CONF624       -32.645611          3.66          -393.296574          3.63            0.686531         -393.295480          3.78                0.00         
CONF625       -32.645495          3.73          -393.296387          3.75            0.614119         -393.295409          3.83                0.00         
CONF629       -32.645489          3.74          -393.296455          3.70            0.624568         -393.295460          3.79                0.00         
CONF630       -32.645478          3.74          -393.296477          3.69            0.623966         -393.295483          3.78                0.01         
CONF631       -32.645536          3.71          -393.297213          3.23            0.661755         -393.296159          3.35                0.01         
CONF632       -32.645502          3.73          -393.296515          3.67            0.646107         -393.295485          3.78                0.01         
CONF634       -32.645493          3.73          -393.296562          3.64            0.646292         -393.295532          3.75                0.01         
CONF637       -32.645539          3.71          -393.296242          3.84            0.681249         -393.295157          3.98                0.00         
CONF645       -32.645415          3.78          -393.296706          3.55            0.623722         -393.295712          3.64                0.01         
CONF646       -32.645406          3.79          -393.296459          3.70            0.622210         -393.295467          3.79                0.00         
CONF648       -32.645507          3.73          -393.296770          3.51            0.648574         -393.295737          3.62                0.01         
CONF651       -32.645452          3.76          -393.296524          3.66            0.653580         -393.295482          3.78                0.01         
CONF653       -32.645407          3.79          -393.296508          3.67            0.627929         -393.295507          3.76                0.01         
CONF654       -32.645409          3.79          -393.296318          3.79            0.628292         -393.295317          3.88                0.00         
CONF655       -32.645418          3.78          -393.296276          3.82            0.637865         -393.295260          3.92                0.00         
CONF656       -32.645418          3.78          -393.296361          3.76            0.638091         -393.295344          3.87                0.00         
CONF658       -32.645496          3.73          -393.296388          3.75            0.648067         -393.295355          3.86                0.00         
CONF664       -32.645387          3.80          -393.296606          3.61            0.627683         -393.295606          3.70                0.01         
CONF665       -32.645378          3.81          -393.296299          3.80            0.626035         -393.295301          3.89                0.00         
CONF667       -32.645377          3.81          -393.296676          3.56            0.630249         -393.295672          3.66                0.01         
CONF668       -32.645388          3.80          -393.296857          3.45            0.636413         -393.295843          3.55                0.01         
CONF671       -32.645302          3.85          -393.296470          3.69            0.586926         -393.295535          3.75                0.01         
CONF677       -32.645353          3.82          -393.296336          3.78            0.626305         -393.295338          3.87                0.00         
CONF678       -32.645352          3.82          -393.296327          3.78            0.628816         -393.295325          3.88                0.00         
CONF680       -32.645346          3.83          -393.296628          3.60            0.627353         -393.295628          3.69                0.01         
CONF681       -32.645350          3.82          -393.296335          3.78            0.626001         -393.295338          3.87                0.00         
CONF682       -32.645415          3.78          -393.297114          3.29            0.671728         -393.296043          3.43                0.01         
CONF683       -32.645342          3.83          -393.296264          3.82            0.626260         -393.295266          3.91                0.00         
CONF684       -32.645414          3.78          -393.296970          3.38            0.673733         -393.295896          3.52                0.01         
CONF685       -32.645370          3.81          -393.296921          3.41            0.649020         -393.295887          3.53                0.01         
CONF686       -32.645363          3.82          -393.297132          3.28            0.647803         -393.296100          3.39                0.01         
CONF687       -32.645365          3.81          -393.297137          3.28            0.647725         -393.296105          3.39                0.01         
CONF688       -32.645366          3.81          -393.296583          3.62            0.648398         -393.295549          3.74                0.01         
CONF689       -32.645320          3.84          -393.296520          3.66            0.623417         -393.295527          3.75                0.01         
CONF690       -32.645323          3.84          -393.296236          3.84            0.625589         -393.295239          3.93                0.00         
CONF694       -32.645314          3.85          -393.296837          3.46            0.635770         -393.295824          3.56                0.01         
CONF695       -32.645315          3.85          -393.296922          3.41            0.638367         -393.295904          3.51                0.01         
CONF697       -32.645261          3.88          -393.296611          3.61            0.606970         -393.295644          3.68                0.01         
CONF702       -32.645221          3.90          -393.296512          3.67            0.605078         -393.295548          3.74                0.01         
CONF703       -32.645232          3.90          -393.296445          3.71            0.612632         -393.295468          3.79                0.00         
CONF708       -32.645222          3.90          -393.296610          3.61            0.610575         -393.295637          3.68                0.01         
CONF716       -32.645213          3.91          -393.296391          3.74            0.614952         -393.295411          3.82                0.00         
CONF717       -32.645256          3.88          -393.296306          3.80            0.614669         -393.295326          3.88                0.00         
CONF718       -32.645219          3.91          -393.296626          3.60            0.626424         -393.295628          3.69                0.01         
CONF719       -32.645196          3.92          -393.296769          3.51            0.615741         -393.295788          3.59                0.01         
CONF726       -32.645187          3.93          -393.296394          3.74            0.617765         -393.295409          3.83                0.00         
CONF727       -32.645192          3.92          -393.296433          3.72            0.627633         -393.295433          3.81                0.00         
CONF728       -32.645185          3.93          -393.296439          3.71            0.627316         -393.295439          3.81                0.00         
CONF730       -32.645167          3.94          -393.296816          3.48            0.616907         -393.295833          3.56                0.01         
CONF732       -32.645182          3.93          -393.296152          3.89            0.628453         -393.295151          3.99                0.00         
CONF733       -32.645175          3.93          -393.296743          3.52            0.624367         -393.295748          3.61                0.01         
CONF734       -32.645162          3.94          -393.296694          3.55            0.622330         -393.295702          3.64                0.01         
CONF736       -32.645154          3.95          -393.296443          3.71            0.614884         -393.295463          3.79                0.00         
CONF737       -32.645140          3.96          -393.296211          3.86            0.611254         -393.295237          3.93                0.00         
CONF738       -32.645158          3.94          -393.296706          3.55            0.622747         -393.295713          3.63                0.01         
CONF739       -32.645167          3.94          -393.296703          3.55            0.623221         -393.295710          3.64                0.01         
CONF743       -32.645125          3.97          -393.296292          3.81            0.610728         -393.295319          3.88                0.00         
CONF748       -32.645112          3.97          -393.296297          3.80            0.625298         -393.295300          3.89                0.00         
CONF749       -32.645110          3.97          -393.296246          3.83            0.624057         -393.295251          3.92                0.00         
CONF750       -32.645152          3.95          -393.296646          3.58            0.627914         -393.295645          3.68                0.01         
CONF751       -32.645096          3.98          -393.296244          3.84            0.615916         -393.295263          3.92                0.00         
CONF752       -32.645094          3.98          -393.296277          3.82            0.614627         -393.295298          3.90                0.00         
CONF753       -32.645094          3.98          -393.296304          3.80            0.614867         -393.295325          3.88                0.00         
CONF754       -32.645096          3.98          -393.296286          3.81            0.616356         -393.295304          3.89                0.00         
CONF757       -32.645113          3.97          -393.296635          3.59            0.631381         -393.295629          3.69                0.01         
CONF760       -32.645055          4.01          -393.296328          3.78            0.603533         -393.295366          3.85                0.00         
CONF765       -32.644984          4.05          -393.296086          3.94            0.596344         -393.295135          4.00                0.00         
CONF766       -32.644986          4.05          -393.296196          3.87            0.602004         -393.295237          3.93                0.00         
CONF771       -32.644951          4.07          -393.296262          3.82            0.608292         -393.295293          3.90                0.00         
CONF773       -32.644905          4.10          -393.296391          3.74            0.617742         -393.295406          3.83                0.00         
CONF784       -32.644652          4.26          -393.296283          3.81            0.662751         -393.295227          3.94                0.00         
CONF797       -32.644521          4.34          -393.296188          3.87            0.640253         -393.295167          3.98                0.00         

Boltzmann averaged free energy/enthalpy of ensemble on input geometries (not DFT optimized):
temperature /K:   avE(T) /a.u.   avG(T) /a.u.
    298.15        -391.8355928    -391.8346800     <<==part0==
----------------------------------------------------------------------------------------------------