Charm++: standalone mode (not using charmrun)
Charm++> Running in Multicore mode: 12 threads (PEs)
Charm++> Using recursive bisection (scheme 3) for topology aware partitions
Converse/Charm++ Commit ID: 
CharmLB> Load balancer assumes all CPUs are same.
Charm++> Running on 1 hosts (2 sockets x 6 cores x 1 PUs = 12-way SMP)
Charm++> cpu topology info is gathered in 0.021 seconds.
Info: Built with CUDA version 11080
Pe 7 physical rank 7 will use CUDA device of pe 8
Did not find +devices i,j,k,... argument, using all
Pe 6 physical rank 6 will use CUDA device of pe 8
Pe 1 physical rank 1 will use CUDA device of pe 8
Pe 0 physical rank 0 will use CUDA device of pe 8
Pe 11 physical rank 11 will use CUDA device of pe 8
Pe 5 physical rank 5 will use CUDA device of pe 8
Pe 10 physical rank 10 will use CUDA device of pe 8
Pe 8 physical rank 8 binding to CUDA device 0 on k092: 'NVIDIA A100-PCIE-40GB'  Mem: 40626MB  Rev: 8.0  PCI: 0:19:0
Pe 3 physical rank 3 will use CUDA device of pe 8
Pe 2 physical rank 2 will use CUDA device of pe 8
Pe 4 physical rank 4 will use CUDA device of pe 8
Pe 9 physical rank 9 will use CUDA device of pe 8
CharmLB> Load balancing instrumentation for communication is off.
Info: NAMD 3.0.1 for Linux-x86_64-multicore-CUDA
Info: 
Info: Please visit http://www.ks.uiuc.edu/Research/namd/
Info: for updates, documentation, and support information.
Info: 
Info: Please cite Phillips et al., J. Chem. Phys. 153:044130 (2020) doi:10.1063/5.0014475
Info: in all publications reporting results obtained with NAMD.
Info: 
Info: Based on Charm++/Converse 80000 for multicore-linux-x86_64-gcc
Info: Built Mon Oct 14 10:33:44 CDT 2024 by dhardy on athine.ks.uiuc.edu
Info: 1 NAMD  3.0.1  Linux-x86_64-multicore-CUDA  12    k092  z5358697
Info: Running on 12 processors, 1 nodes, 1 physical nodes.
Info: CPU topology information available.
Info: Charm++/Converse parallel runtime startup completed at 0.166812 s
CkLoopLib is used in SMP with simple dynamic scheduling (converse-level notification)
Info: 0 MB of memory in use based on /proc/self/stat
Info: Configuration file is prod.namd
Info: Working in the current directory /srv/scratch/z5358697/.automated/3770
TCL: Running FEP window   1: Lambda1 0.00   Lambda2 0.05   [dLambda 0.05  ]
TCL: Suspending until startup complete.
Warning: The following variables were set in the
Warning: configuration file but will be ignored:
Warning:    switchdist (switching)
Warning: Option "1-4scaling" has been deprecated. Instead use "oneFourScaling".
Info: EXTENDED SYSTEM FILE   mobley_7364468_equil.xsc
Info: Tuning parameters to improve GPU-resident performance
Warning: Keeping margin at user-specified value 2
Warning: Performance might be improved by increasing margin size to >= 4
Warning: Disabling lonepair support due to incompatability with GPU-resident.
Info: Running with GPU-resident mode
Warning: Always using force tables for GPU nonbonded kernel due to unsupported config parameters.
Info: SIMULATION PARAMETERS:
Info: TIMESTEP               2
Info: NUMBER OF STEPS        0
Info: STEPS PER CYCLE        10
Info: PERIODIC CELL BASIS 1  31.0857 0 0
Info: PERIODIC CELL BASIS 2  0 31.4633 0
Info: PERIODIC CELL BASIS 3  0 0 31.7406
Info: PERIODIC CELL CENTER   0 0 0
Info: WRAPPING WATERS AROUND PERIODIC BOUNDARIES ON OUTPUT.
Info: WRAPPING ALL CLUSTERS AROUND PERIODIC BOUNDARIES ON OUTPUT.
Info: LOAD BALANCER  Centralized
Info: LOAD BALANCING STRATEGY  New Load Balancers -- DEFAULT
Info: LDB PERIOD             2000 steps
Info: FIRST LDB TIMESTEP     50
Info: LAST LDB TIMESTEP     -1
Info: LDB BACKGROUND SCALING 1
Info: HOM BACKGROUND SCALING 1
Info: PME BACKGROUND SCALING 1
Info: MIN ATOMS PER PATCH    40
Info: EMPTY PATCH LOAD       40 ATOMS
Info: VELOCITY FILE          mobley_7364468_equil.vel
Info: CENTER OF MASS MOVING INITIALLY? NO
Info: DIELECTRIC             1
Info: EXCLUDE                SCALED ONE-FOUR
Info: 1-4 ELECTROSTATICS SCALED BY 0.833333
Info: MODIFIED 1-4 VDW PARAMETERS WILL BE USED
Info: DCD FILENAME           mobley_7364468_prod.dcd
Info: DCD FREQUENCY          100000
Info: DCD FIRST STEP         100000
Info: DCD FILE WILL CONTAIN UNIT CELL DATA
Info: XST FILENAME           mobley_7364468_prod.xst
Info: XST FREQUENCY          100000
Info: NO VELOCITY DCD OUTPUT
Info: NO FORCE DCD OUTPUT
Info: OUTPUT FILENAME        mobley_7364468_prod
Info: BINARY OUTPUT FILES WILL BE USED
Info: RESTART FILENAME       mobley_7364468_prod.restart
Info: RESTART FREQUENCY      100000
Info: BINARY RESTART FILES WILL BE USED
Info: CUTOFF                 9
Info: PAIRLIST DISTANCE      11
Info: PAIRLIST SHRINK RATE   0.01
Info: PAIRLIST GROW RATE     0.01
Info: PAIRLIST TRIGGER       0.3
Info: PAIRLISTS PER CYCLE    2
Info: PAIRLISTS ENABLED
Info: MARGIN                 2
Info: HYDROGEN GROUP CUTOFF  2.5
Info: PATCH DIMENSION        15.5
Info: ENERGY OUTPUT STEPS    100000
Warning: The period of outputting energies relating to alchemical transformations (alchOutFreq = 50) is not a multiple of the period of computing energies (computeEnergies = 100000). If alchOutFreq is smaller than outputEnergies and computeEnergies is not defined, a better solution is to set computeEnergies explicitly and keep it the same as alchOutFreq. The simulation will use the greatest common divisor of computeEnergies and alchOutFreq as the period of energy evaluation.
Info: ENERGY EVALUATION STEPS    100000
Info: OUTPUT ENERGY PRECISION 4
Info: CROSSTERM ENERGY INCLUDED IN DIHEDRAL
Info: TIMING OUTPUT STEPS    1000000
Info: PRESSURE OUTPUT STEPS  100000
Info: ALCHEMICAL FEP ON
Info: FEP CURRENT LAMBDA VALUE     0
Info: FEP COMPARISON LAMBDA VALUE  0.05
Info: FEP INTRA-ALCHEMICAL NON-BONDED INTERACTIONS WILL BE RETAINED
Info: FEP INTRA-ALCHEMICAL BONDED INTERACTIONS WILL BE RETAINED
Info: FEP VDW SHIFTING COEFFICIENT 5
Info: FEP ELEC. ACTIVE FOR ANNIHILATED PARTICLES BETWEEN LAMBDA = 0 AND LAMBDA = 0.5
Info: FEP ELEC. ACTIVE FOR EXNIHILATED PARTICLES BETWEEN LAMBDA = 0.5 AND LAMBDA = 1
Info: FEP VDW ACTIVE FOR ANNIHILATED PARTICLES BETWEEN LAMBDA = 0 AND LAMBDA = 1
Info: FEP VDW ACTIVE FOR EXNIHILATED PARTICLES BETWEEN LAMBDA = 0 AND LAMBDA = 1
Info: FEP BOND ACTIVE FOR ANNIHILATED PARTICLES BETWEEN LAMBDA = 1 AND LAMBDA = 1
Info: FEP BOND ACTIVE FOR EXNIHILATED PARTICLES BETWEEN LAMBDA = 0 AND LAMBDA = 0
Info: LANGEVIN DYNAMICS ACTIVE
Info: LANGEVIN TEMPERATURE   300
Info: LANGEVIN USING BBK INTEGRATOR
Info: LANGEVIN DAMPING COEFFICIENT IS 1 INVERSE PS
Info: LANGEVIN DYNAMICS APPLIED TO HYDROGENS
Info: LANGEVIN PISTON PRESSURE CONTROL ACTIVE
Info:        TARGET PRESSURE IS 1.01325 BAR
Info:     OSCILLATION PERIOD IS 50 FS
Info:             DECAY TIME IS 25 FS
Info:     PISTON TEMPERATURE IS 300 K
Info:       PRESSURE CONTROL IS GROUP-BASED
Info:    INITIAL STRAIN RATE IS 0.000435805 0.000435805 0.000435805
Info:       CELL FLUCTUATION IS ISOTROPIC
Info: PARTICLE MESH EWALD (PME) ACTIVE
Info: PME TOLERANCE               1e-06
Info: PME EWALD COEFFICIENT       0.348832
Info: PME INTERPOLATION ORDER     4
Info: PME GRID DIMENSIONS         32 32 32
Info: PME MAXIMUM GRID SPACING    1
Info: PME CALCULATION WILL BE PERFORMED ON GPU
Info: FULL ELECTROSTATIC EVALUATION FREQUENCY      2
Info: USING VERLET I (r-RESPA) MTS SCHEME.
Info: C1 SPLITTING OF LONG RANGE ELECTROSTATICS
Info: PLACING ATOMS IN PATCHES BY HYDROGEN GROUPS
Info: RIGID BONDS TO HYDROGEN : ALL
Info:         ERROR TOLERANCE : 1e-08
Info:          MAX ITERATIONS : 100
Info: RIGID WATER USING SETTLE ALGORITHM
Info: RANDOM NUMBER SEED     1743656301
Info: USE HYDROGEN BONDS?    NO
Info: Using AMBER format force field!
Info: AMBER PARM FILE        mobley_7364468.prmtop
Info: COORDINATE PDB         mobley_7364468.pdb
Info: Exclusions will be read from PARM file!
Info: SCNB (VDW SCALING)     2
Info: USING ARITHMETIC MEAN TO COMBINE L-J SIGMA PARAMETERS
Info: BINARY COORDINATES     mobley_7364468_equil.coor
Info: === Start reading AMBER parm7 format file mobley_7364468.prmtop ===
Info: Complete reading ATOM_NAME with 2940 fields.
Info: Complete reading CHARGE with 2940 fields.
Info: Complete reading ATOMIC_NUMBER with 2940 fields.
Info: Complete reading MASS with 2940 fields.
Info: Complete reading ATOM_TYPE_INDEX with 2940 fields.
Info: Complete reading NUMBER_EXCLUDED_ATOMS with 2940 fields.
Info: Complete reading NONBONDED_PARM_INDEX with 49 fields.
Info: Complete reading RESIDUE_LABEL with 973 fields.
Info: Complete reading RESIDUE_POINTER with 973 fields.
Info: Complete reading BOND_FORCE_CONSTANT with 10 fields.
Info: Complete reading BOND_EQUIL_VALUE with 10 fields.
Info: Complete reading ANGLE_FORCE_CONSTANT with 15 fields.
Info: Complete reading ANGLE_EQUIL_VALUE with 15 fields.
Info: Complete reading DIHEDRAL_FORCE_CONSTANT with 10 fields.
Info: Complete reading DIHEDRAL_PERIODICITY with 10 fields.
Info: Complete reading DIHEDRAL_PHASE with 10 fields.
Info: Complete reading SCEE_SCALE_FACTOR with 10 fields.
Info: Complete reading SCNB_SCALE_FACTOR with 10 fields.
Info: Complete reading LENNARD_JONES_ACOEF with 28 fields.
Info: Complete reading LENNARD_JONES_BCOEF with 28 fields.
Info: Complete reading BONDS_INC_HYDROGEN with 8790 fields.
Info: Complete reading BONDS_WITHOUT_HYDROGEN with 30 fields.
Info: Complete reading ANGLES_INC_HYDROGEN with 120 fields.
Info: Complete reading ANGLES_WITHOUT_HYDROGEN with 60 fields.
Info: Complete reading DIHEDRALS_INC_HYDROGEN with 265 fields.
Info: Complete reading DIHEDRALS_WITHOUT_HYDROGEN with 80 fields.
Info: Complete reading EXCLUDED_ATOMS_LIST with 4022 fields.
Info: Complete reading HBOND_ACOEF with 0 fields.
Info: Complete reading HBOND_BCOEF with 0 fields.
Info: Complete reading AMBER_ATOM_TYPE with 2940 fields.
Info: Complete reading TREE_CHAIN_CLASSIFICATION with 2940 fields.
Info: Complete reading ATOMS_PER_MOLECULE with 973 fields.
Info: Complete reading BOX_DIMENSIONS with 4 fields.
Info: Complete reading RADIUS_SET with 1 fields.
Info: Complete reading RADII with 2940 fields.
Info: Complete reading SCREEN with 2940 fields.
Info: === Finish reading AMBER parm7 format file. ===
Warning: Found 972 H-H bonds.
Info: SUMMARY OF PARAMETERS:
Info: 10 BONDS
Info: 15 ANGLES
Info:   15 HARMONIC
Info:   0 COSINE-BASED
Info: 10 DIHEDRAL
Info: 0 IMPROPER
Info: 0 CROSSTERM
Info: 0 VDW
Info: 28 VDW_PAIRS
Info: 0 NBTHOLE_PAIRS
Info: Reading pdb file mobley_7364468.pdb
Info: TIME FOR READING PDB FILE: 0.00665997
Info: 
Info: To read alchdata from file: mobley_7364468.pdb
Info: To read alchflag data from column: 5
Info: ****************************
Info: STRUCTURE SUMMARY:
Info: 2940 ATOMS
Info: 2940 BONDS
Info: 45 ANGLES
Info: 69 DIHEDRALS
Info: 0 IMPROPERS
Info: 0 CROSSTERMS
Info: 3044 EXCLUSIONS
Info: 2930 RIGID BONDS
Info: ALCH: 0 ATOMS TO DISAPPEAR IN FINAL STATE
Info: ALCH: 24 ATOMS TO APPEAR IN FINAL STATE
Info: 5890 DEGREES OF FREEDOM
Info: 982 HYDROGEN GROUPS
Info: 4 ATOMS IN LARGEST HYDROGEN GROUP
Info: 982 MIGRATION GROUPS
Info: 4 ATOMS IN LARGEST MIGRATION GROUP
Info: TOTAL MASS = 17649.8 amu
Info: TOTAL CHARGE = -3.72529e-08 e
Info: MASS DENSITY = 0.9441 g/cm^3
Info: ATOM DENSITY = 0.0947038 atoms/A^3
Info: *****************************
Info: Reading from binary file mobley_7364468_equil.coor
Info: 
Info: Entering startup at 0.456532 s, 0 MB of memory in use
Info: Startup phase 0 took 9.222e-05 s, 0 MB of memory in use
Info: ADDED 0 IMPLICIT EXCLUSIONS
Info: Startup phase 1 took 0.00111912 s, 0 MB of memory in use
Info: NONBONDED TABLE R-SQUARED SPACING: 0.0625
Info: NONBONDED TABLE SIZE: 705 POINTS
Info: INCONSISTENCY IN FAST TABLE ENERGY VS FORCE: 0.000290481 AT 0.251946
Info: INCONSISTENCY IN SCOR TABLE ENERGY VS FORCE: 0.000238233 AT 8.9687
Info: ABSOLUTE IMPRECISION IN VDWA TABLE ENERGY: 1.21169e-27 AT 8.99653
Info: ABSOLUTE IMPRECISION IN VDWA TABLE FORCE: 2.57484e-27 AT 8.99653
Info: INCONSISTENCY IN VDWA TABLE ENERGY VS FORCE: 0.0040507 AT 0.251946
Info: INCONSISTENCY IN VDWB TABLE ENERGY VS FORCE: 0.00150189 AT 0.251946
Info: Startup phase 2 took 0.000236362 s, 0 MB of memory in use
Info: Startup phase 3 took 6.4027e-05 s, 0 MB of memory in use
Info: Startup phase 4 took 0.000127241 s, 0 MB of memory in use
Info: Startup phase 5 took 6.2944e-05 s, 0 MB of memory in use
Info: REDUCING NUMBER OF PATCHES TO IMPROVE LOAD BALANCE
Info: PATCH GRID IS 3 (PERIODIC) BY 2 (PERIODIC) BY 2 (PERIODIC)
Info: PATCH GRID IS 2-AWAY BY 1-AWAY BY 1-AWAY
Info: Reading from binary file mobley_7364468_equil.vel
Info: REMOVING COM VELOCITY -0.00737954 0.0353076 -0.0331761
Info: LARGEST PATCH (3) HAS 267 ATOMS
Info: TORUS A SIZE 1 USING 0
Info: TORUS B SIZE 1 USING 0
Info: TORUS C SIZE 1 USING 0
Info: TORUS MINIMAL MESH SIZE IS 1 BY 1 BY 1
Info: Placed 100% of base nodes on same physical node as patch
Info: Startup phase 6 took 0.00511006 s, 0 MB of memory in use
Info: Use 3D box decompostion in PME FFT.
Info: PME using 1 x 1 x 1 pencil grid for FFT and reciprocal sum.
Info: Startup phase 7 took 0.000183758 s, 0 MB of memory in use
Info: Updated CUDA force table with 4096 elements.
Info: Updated CUDA LJ table with 7 x 7 elements.
Info: Startup phase 8 took 0.000858678 s, 0 MB of memory in use
Info: Startup phase 9 took 8.3139e-05 s, 0 MB of memory in use
Info: Startup phase 10 took 6.2694e-05 s, 0 MB of memory in use
Info: Startup phase 11 took 0.00170577 s, 0 MB of memory in use
LDB: Central LB being created...
Info: Startup phase 12 took 0.527673 s, 0 MB of memory in use
Info: CREATING 456 COMPUTE OBJECTS
Info: Found 27 unique exclusion lists needing 84 bytes
Info: Startup phase 13 took 1.80151 s, 0 MB of memory in use
Info: useSync: 0 useProxySync: 0
Info: Startup phase 14 took 0.0146866 s, 0 MB of memory in use
Info: Startup phase 15 took 6.4304e-05 s, 0 MB of memory in use
Info: Finished startup at 2.81017 s, 0 MB of memory in use

TCL: Running for 1500000 steps
FEP: RESETTING FOR NEW FEP WINDOW LAMBDA SET TO 0 LAMBDA2 0.05
FEP: WINDOW TO HAVE 100000 STEPS OF EQUILIBRATION PRIOR TO FEP DATA COLLECTION.
FEP: USING CONSTANT TEMPERATURE OF 300 K FOR FEP CALCULATION
PRESSURE: 0 -979.025 24.671 -25.4814 24.6674 -985.187 -147.739 -25.488 -147.739 -950.223
GPRESSURE: 0 -823.291 -353.253 -6.57211 10.682 -1131.99 -44.4262 -53.2234 -231.927 -725.398
ETITLE:      TS           BOND          ANGLE          DIHED          IMPRP               ELECT            VDW       BOUNDARY           MISC        KINETIC               TOTAL           TEMP      POTENTIAL       TOTALAVG        TEMPAVG            PRESSURE      GPRESSURE         VOLUME       PRESSAVG      GPRESSAVG
FEPTITLE:    TS          BOND2         ELECT2           VDW2

ENERGY:       0         3.7061        10.5055         4.8593         0.0000         -10404.5093      1305.3359         0.0000         0.0000      1780.1685          -7299.9339       304.1839     -9080.1024     -7299.9339       304.1839           -971.4784      -893.5582     31044.1737      -971.4784      -893.5582
FEP:          0        19.0709    -10404.5093      1304.8120

OPENING FEP ENERGY OUTPUT FILE
OPENING EXTENDED SYSTEM TRAJECTORY FILE
Info: Initial time: 12 CPUs 0.0242718 s/step 7.11936 ns/day 0 MB memory
Info: Initial time: 12 CPUs 0.000728214 s/step 237.293 ns/day 0 MB memory
Info: Initial time: 12 CPUs 0.000857031 s/step 201.626 ns/day 0 MB memory
Info: Benchmark time: 12 CPUs 0.000705457 s/step 244.948 ns/day 0 MB memory
Info: Benchmark time: 12 CPUs 0.000864062 s/step 199.986 ns/day 0 MB memory
Info: Benchmark time: 12 CPUs 0.000575958 s/step 300.022 ns/day 0 MB memory
Info: Benchmark time: 12 CPUs 0.000545445 s/step 316.806 ns/day 0 MB memory
Info: Benchmark time: 12 CPUs 0.000558268 s/step 309.528 ns/day 0 MB memory
Info: Benchmark time: 12 CPUs 0.000557774 s/step 309.803 ns/day 0 MB memory
PRESSURE: 100000 -662.243 -447.013 345.517 -447.011 291.572 189.286 345.514 189.278 -1255.76
GPRESSURE: 100000 -591.959 -140.055 113.626 -520.02 388.959 29.9541 344.058 -32.6252 -1351.18
PRESSAVG: 100000 -820.634 -211.172 160.013 -211.172 -346.808 20.7695 160.013 20.7695 -1102.99
GPRESSAVG: 100000 -707.625 -246.654 53.5267 -254.669 -371.513 -7.23602 145.417 -132.276 -1038.29
ENERGY:  100000         3.2773        11.7761         4.6838         0.0000         -10498.6825      1331.1448         0.0000         0.0000      1766.3036          -7381.4969       301.8147     -9147.8005     -7340.7154       302.9993           -542.1444      -518.0592     29888.6443      -756.8114      -705.8087
FEP:     100000        19.7371    -10498.6825      1334.4830

WRITING EXTENDED SYSTEM TO RESTART FILE AT STEP 100000
OPENING COORDINATE DCD FILE
WRITING COORDINATES TO DCD FILE mobley_7364468_prod.dcd AT STEP 100000
WRITING COORDINATES TO RESTART FILE AT STEP 100000
FINISHED WRITING RESTART COORDINATES
The last position output (seq=100000) takes 0.015 seconds, 0.000 MB of memory in use
WRITING VELOCITIES TO RESTART FILE AT STEP 100000
FINISHED WRITING RESTART VELOCITIES
The last velocity output (seq=100000) takes 0.013 seconds, 0.000 MB of memory in use
PRESSURE: 200000 -252.259 217.067 520.078 217.067 -1.04792 -431.331 520.079 -431.333 569.966
GPRESSURE: 200000 -147.88 514.169 613.917 11.65 199.816 -584.145 612.203 -416.017 601.481
PRESSAVG: 200000 -631.176 -68.4257 280.035 -68.4257 -231.554 -129.931 280.035 -129.931 -545.34
GPRESSAVG: 200000 -521.043 6.95387 240.323 -165.896 -181.07 -199.539 301.012 -226.856 -491.698
ENERGY:  200000         5.3556        12.6637         3.8929         0.0000         -10694.0306      1461.0212         0.0000         0.0000      1748.7178          -7462.3794       298.8098     -9211.0972     -7381.2701       301.6028            105.5528       217.8057     30155.7369      -469.3567      -397.9372
FEP:     200000        21.9122    -10694.0306      1461.9665

WRITING EXTENDED SYSTEM TO RESTART FILE AT STEP 200000
WRITING COORDINATES TO DCD FILE mobley_7364468_prod.dcd AT STEP 200000
WRITING COORDINATES TO RESTART FILE AT STEP 200000
FINISHED WRITING RESTART COORDINATES
The last position output (seq=200000) takes 0.012 seconds, 0.000 MB of memory in use
WRITING VELOCITIES TO RESTART FILE AT STEP 200000
FINISHED WRITING RESTART VELOCITIES
The last velocity output (seq=200000) takes 0.014 seconds, 0.000 MB of memory in use
PRESSURE: 300000 -1426.76 130.392 8.0441 130.391 -393.684 -60.7273 8.04712 -60.7248 -773.55
GPRESSURE: 300000 -1279.41 30.8569 -71.2359 -100.112 -344.456 -379.492 285.53 -167.76 -647.489
PRESSAVG: 300000 -830.071 -18.7215 212.038 -18.7215 -272.087 -112.63 212.038 -112.63 -602.392
GPRESSAVG: 300000 -710.635 12.9296 162.434 -149.45 -221.917 -244.527 297.142 -212.082 -530.646
ENERGY:  300000         3.7293        14.0128         4.2310         0.0000         -10457.1052      1318.2606         0.0000         0.0000      1776.2758          -7340.5957       303.5187     -9116.8715     -7371.1015       302.0818           -864.6631      -757.1190     30397.8602      -568.1833      -487.7327
FEP:     300000        21.9731    -10457.1052      1323.2368

WRITING EXTENDED SYSTEM TO RESTART FILE AT STEP 300000
WRITING COORDINATES TO DCD FILE mobley_7364468_prod.dcd AT STEP 300000
WRITING COORDINATES TO RESTART FILE AT STEP 300000
FINISHED WRITING RESTART COORDINATES
The last position output (seq=300000) takes 0.017 seconds, 0.000 MB of memory in use
WRITING VELOCITIES TO RESTART FILE AT STEP 300000
FINISHED WRITING RESTART VELOCITIES
The last velocity output (seq=300000) takes 0.018 seconds, 0.000 MB of memory in use
PRESSURE: 400000 213.99 -251.12 477.974 -251.123 536.662 -87.6177 477.974 -87.6175 972.431
GPRESSURE: 400000 395.172 25.4746 463.945 -183.362 651.904 -96.9416 53.9753 -240.391 818.136
PRESSAVG: 400000 -621.258 -65.2018 265.225 -65.2018 -110.337 -107.627 265.225 -107.627 -287.428
GPRESSAVG: 400000 -489.474 15.4386 222.736 -156.233 -47.1526 -215.01 248.508 -217.744 -260.89
ENERGY:  400000         3.3989         7.1991         5.8452         0.0000         -10743.3706      1504.9667         0.0000         0.0000      1778.2861          -7443.6746       303.8622     -9221.9607     -7385.6161       302.4379            574.3614       621.7373     29902.5411      -339.6744      -265.8387
FEP:     400000        16.4432    -10743.3706      1507.1618

WRITING EXTENDED SYSTEM TO RESTART FILE AT STEP 400000
WRITING COORDINATES TO DCD FILE mobley_7364468_prod.dcd AT STEP 400000
WRITING COORDINATES TO RESTART FILE AT STEP 400000
FINISHED WRITING RESTART COORDINATES
The last position output (seq=400000) takes 0.017 seconds, 0.000 MB of memory in use
WRITING VELOCITIES TO RESTART FILE AT STEP 400000
FINISHED WRITING RESTART VELOCITIES
The last velocity output (seq=400000) takes 0.017 seconds, 0.000 MB of memory in use
PRESSURE: 500000 121.795 44.2396 380.282 44.2426 399.281 -218.24 380.283 -218.238 -174.468
GPRESSURE: 500000 406.767 351.861 267.611 -89.8136 395.155 -223.689 514.895 -425.036 -237.606
PRESSAVG: 500000 -497.416 -46.961 284.402 -46.961 -25.4005 -126.062 284.402 -126.062 -268.601
GPRESSAVG: 500000 -340.1 71.509 230.215 -145.163 26.5653 -216.457 292.906 -252.293 -257.009
ENERGY:  500000         3.6737        10.3078         7.9434         0.0000         -10669.4105      1445.8584         0.0000         0.0000      1745.6715          -7455.9558       298.2893     -9201.6273     -7397.3394       301.7464            115.5357       188.1054     30095.9405      -263.8060      -190.1813
FEP:     500000        21.9248    -10669.4105      1448.2899

WRITING EXTENDED SYSTEM TO RESTART FILE AT STEP 500000
WRITING COORDINATES TO DCD FILE mobley_7364468_prod.dcd AT STEP 500000
WRITING COORDINATES TO RESTART FILE AT STEP 500000
FINISHED WRITING RESTART COORDINATES
The last position output (seq=500000) takes 0.020 seconds, 0.000 MB of memory in use
WRITING VELOCITIES TO RESTART FILE AT STEP 500000
FINISHED WRITING RESTART VELOCITIES
The last velocity output (seq=500000) takes 0.020 seconds, 0.000 MB of memory in use
PRESSURE: 600000 -61.346 324.548 218.492 324.551 573.916 -34.7899 218.496 -34.7891 -253.971
GPRESSURE: 600000 -19.4199 140.692 333.995 243.858 725.899 190.267 225.592 -620.105 -279.386
PRESSAVG: 600000 -435.121 6.1121 274.986 6.1121 60.2162 -113.023 274.986 -113.023 -266.511
GPRESSAVG: 600000 -294.289 81.3922 245.041 -89.5883 126.47 -158.353 283.29 -304.837 -260.206
ENERGY:  600000         1.4006         7.0816         5.5811         0.0000         -10567.0099      1417.3286         0.0000         0.0000      1791.2235          -7344.3945       306.0729     -9135.6180     -7389.7758       302.3645             86.1997       142.3641     30180.1150      -213.8052      -142.6748
FEP:     600000        14.0632    -10567.0099      1421.2647

WRITING EXTENDED SYSTEM TO RESTART FILE AT STEP 600000
WRITING COORDINATES TO DCD FILE mobley_7364468_prod.dcd AT STEP 600000
WRITING COORDINATES TO RESTART FILE AT STEP 600000
FINISHED WRITING RESTART COORDINATES
The last position output (seq=600000) takes 0.016 seconds, 0.000 MB of memory in use
WRITING VELOCITIES TO RESTART FILE AT STEP 600000
FINISHED WRITING RESTART VELOCITIES
PRESSURE: 700000 841.261 -31.8613 -191.935 -31.8607 -592.917 -172.8 -191.938 -172.804 219.949
GPRESSURE: 700000 671.199 -353.279 85.0437 302.438 -519.457 -197.321 -23.2837 -105.282 544.063
PRESSAVG: 700000 -275.573 1.3655 216.621 1.3655 -21.4255 -120.496 216.621 -120.496 -205.704
GPRESSAVG: 700000 -173.603 27.0583 225.041 -40.585 45.7292 -163.224 244.968 -279.893 -159.672
ENERGY:  700000         2.5768        10.1262         4.6900         0.0000         -10694.2531      1464.6886         0.0000         0.0000      1767.4239          -7444.7475       302.0062     -9212.1714     -7396.6473       302.3197            156.0976       231.9350     30154.5963      -167.5673       -95.8486
FEP:     700000        17.3931    -10694.2531      1471.5047

WRITING EXTENDED SYSTEM TO RESTART FILE AT STEP 700000
WRITING COORDINATES TO DCD FILE mobley_7364468_prod.dcd AT STEP 700000
WRITING COORDINATES TO RESTART FILE AT STEP 700000
FINISHED WRITING RESTART COORDINATES
The last position output (seq=700000) takes 0.017 seconds, 0.000 MB of memory in use
WRITING VELOCITIES TO RESTART FILE AT STEP 700000
FINISHED WRITING RESTART VELOCITIES
PRESSURE: 800000 -497.101 -199.398 91.8473 -199.396 -1637.16 -173.271 91.8473 -173.272 -937.531
GPRESSURE: 800000 -268.533 -374.477 -102.931 -379.576 -1530.07 57.0357 -98.8919 -165.42 -1012.01
PRESSAVG: 800000 -300.187 -20.9413 202.757 -20.9413 -200.952 -126.36 202.757 -126.36 -287.018
GPRESSAVG: 800000 -184.151 -17.5567 188.6 -78.2507 -129.359 -138.751 206.762 -267.174 -254.376
ENERGY:  800000         3.2769        13.8594         4.8482         0.0000         -10512.0224      1303.7229         0.0000         0.0000      1782.4006          -7403.9145       304.5653     -9186.3151     -7397.4548       302.5692          -1023.9312      -936.8691     30024.0881      -262.7189      -189.2953
FEP:     800000        21.9844    -10512.0224      1309.1800

WRITING EXTENDED SYSTEM TO RESTART FILE AT STEP 800000
WRITING COORDINATES TO DCD FILE mobley_7364468_prod.dcd AT STEP 800000
WRITING COORDINATES TO RESTART FILE AT STEP 800000
FINISHED WRITING RESTART COORDINATES
The last position output (seq=800000) takes 0.017 seconds, 0.000 MB of memory in use
WRITING VELOCITIES TO RESTART FILE AT STEP 800000
FINISHED WRITING RESTART VELOCITIES
PRESSURE: 900000 -179.745 -269.743 -146.583 -269.744 -790.446 275.168 -146.583 275.17 -625.387
GPRESSURE: 900000 -257.783 -420.177 -40.02 -34.4162 -818.816 115.269 118.931 217.901 -307.38
PRESSAVG: 900000 -288.143 -45.8215 167.823 -45.8215 -259.901 -86.207 167.823 -86.207 -320.855
GPRESSAVG: 900000 -191.514 -57.8188 165.738 -73.8673 -198.305 -113.349 197.978 -218.666 -259.676
ENERGY:  900000         5.2701         9.0213         3.6643         0.0000         -10630.0476      1404.1619         0.0000         0.0000      1788.2283          -7419.7016       305.5611     -9207.9298     -7399.6794       302.8684           -531.8593      -461.3260     30089.3192      -289.6329      -216.4984
FEP:     900000        17.9558    -10630.0476      1405.2891

WRITING EXTENDED SYSTEM TO RESTART FILE AT STEP 900000
WRITING COORDINATES TO DCD FILE mobley_7364468_prod.dcd AT STEP 900000
WRITING COORDINATES TO RESTART FILE AT STEP 900000
FINISHED WRITING RESTART COORDINATES
The last position output (seq=900000) takes 0.016 seconds, 0.000 MB of memory in use
WRITING VELOCITIES TO RESTART FILE AT STEP 900000
FINISHED WRITING RESTART VELOCITIES
PRESSURE: 1000000 1088.68 -300.632 66.8226 -300.636 495.607 509.248 66.8215 509.251 523.297
GPRESSURE: 1000000 1230.36 -427.207 73.7814 -150.878 523.963 544.865 326.577 813.044 567.745
PRESSAVG: 1000000 -162.977 -68.9865 158.641 -68.9865 -191.219 -32.0744 158.641 -32.0744 -244.114
GPRESSAVG: 1000000 -62.253 -91.3995 157.378 -80.8682 -132.644 -53.5113 209.669 -124.874 -184.456
TIMING: 1000000  CPU: 454.534, 0.0004537/step  Wall: 478.014, 0.000475466/step, 363.433 ns/days, 0.066037 hours remaining, 0.000000 MB of memory in use.
PERFORMANCE: 1000000  averaging 363.433 ns/day, 0.000475466 sec/step with standard deviation 0
ETITLE:      TS           BOND          ANGLE          DIHED          IMPRP               ELECT            VDW       BOUNDARY           MISC        KINETIC               TOTAL           TEMP      POTENTIAL       TOTALAVG        TEMPAVG            PRESSURE      GPRESSURE         VOLUME       PRESSAVG      GPRESSAVG
FEPTITLE:    TS          BOND2         ELECT2           VDW2

ENERGY: 1000000         3.0999        14.7573         6.6138         0.0000         -10696.5011      1505.7887         0.0000         0.0000      1812.2999          -7353.9415       309.6743     -9166.2414     -7395.5214       303.4871            702.5266       774.0213     29931.4765      -199.4366      -126.4512
FEP:    1000000        24.4710    -10696.5011      1509.5111

WRITING EXTENDED SYSTEM TO RESTART FILE AT STEP 1000000
WRITING COORDINATES TO DCD FILE mobley_7364468_prod.dcd AT STEP 1000000
WRITING COORDINATES TO RESTART FILE AT STEP 1000000
FINISHED WRITING RESTART COORDINATES
The last position output (seq=1000000) takes 0.018 seconds, 0.000 MB of memory in use
WRITING VELOCITIES TO RESTART FILE AT STEP 1000000
FINISHED WRITING RESTART VELOCITIES
PRESSURE: 1100000 422.853 -93.4732 -122.272 -93.4724 502.537 -408.314 -122.272 -408.315 -346.241
GPRESSURE: 1100000 590.46 -193.114 7.26861 -163.375 415.211 -99.3323 188.055 -701.296 -168.608
PRESSAVG: 1100000 -114.158 -71.027 135.232 -71.027 -133.406 -63.4278 135.232 -63.4278 -252.624
GPRESSAVG: 1100000 -7.86019 -99.8757 144.869 -87.7438 -86.9896 -57.3297 207.868 -172.909 -183.136
ENERGY: 1100000         2.2352        11.4202         3.8234         0.0000         -10772.8538      1499.7882         0.0000         0.0000      1771.7666          -7483.8202       302.7482     -9255.5868     -7402.8797       303.4255            193.0496       279.0211     30117.6716      -166.7294       -92.6618
FEP:    1100000        17.4788    -10772.8538      1503.8732

WRITING EXTENDED SYSTEM TO RESTART FILE AT STEP 1100000
WRITING COORDINATES TO DCD FILE mobley_7364468_prod.dcd AT STEP 1100000
WRITING COORDINATES TO RESTART FILE AT STEP 1100000
FINISHED WRITING RESTART COORDINATES
WRITING VELOCITIES TO RESTART FILE AT STEP 1100000
FINISHED WRITING RESTART VELOCITIES
PRESSURE: 1200000 289.45 -295.138 -46.2989 -295.139 -500.863 12.915 -46.2971 12.9128 76.4361
GPRESSURE: 1200000 360.85 -446.06 -203.898 -120.233 -536.154 101.623 -18.3653 -21.7763 37.3683
PRESSAVG: 1200000 -83.1114 -88.2663 121.268 -88.2663 -161.672 -57.5554 121.268 -57.5554 -227.312
GPRESSAVG: 1200000 20.5021 -126.505 118.041 -90.243 -121.541 -45.1026 190.465 -161.284 -166.174
ENERGY: 1200000         4.4974        13.8295         5.7277         0.0000         -10583.8426      1400.8066         0.0000         0.0000      1800.3391          -7358.6422       307.6305     -9158.9813     -7399.4768       303.7490            -44.9922       -45.9787     30081.0778      -157.3650       -89.0708
FEP:    1200000        24.0546    -10583.8426      1405.2237

WRITING EXTENDED SYSTEM TO RESTART FILE AT STEP 1200000
WRITING COORDINATES TO DCD FILE mobley_7364468_prod.dcd AT STEP 1200000
WRITING COORDINATES TO RESTART FILE AT STEP 1200000
FINISHED WRITING RESTART COORDINATES
WRITING VELOCITIES TO RESTART FILE AT STEP 1200000
FINISHED WRITING RESTART VELOCITIES
PRESSURE: 1300000 -1034.09 199.832 255.204 199.833 -916.981 -324.004 255.202 -324.003 564.468
GPRESSURE: 1300000 -866.282 31.339 -18.089 189.204 -914.436 -187.202 322.67 -251.17 742.784
PRESSAVG: 1300000 -151.038 -67.6878 130.835 -67.6878 -215.622 -76.5874 130.835 -76.5874 -170.756
GPRESSAVG: 1300000 -42.8396 -115.231 108.317 -70.2825 -178.176 -55.2525 199.909 -167.704 -101.248
ENERGY: 1300000         1.2796        11.7983         5.5285         0.0000         -10607.7149      1386.4933         0.0000         0.0000      1773.8512          -7428.7639       303.1044     -9202.6151     -7401.5687       303.7030           -462.2000      -345.9780     29941.0234      -179.1389      -107.4213
FEP:    1300000        18.6065    -10607.7149      1388.6480

WRITING EXTENDED SYSTEM TO RESTART FILE AT STEP 1300000
WRITING COORDINATES TO DCD FILE mobley_7364468_prod.dcd AT STEP 1300000
WRITING COORDINATES TO RESTART FILE AT STEP 1300000
FINISHED WRITING RESTART COORDINATES
WRITING VELOCITIES TO RESTART FILE AT STEP 1300000
FINISHED WRITING RESTART VELOCITIES
PRESSURE: 1400000 -803.998 -790.544 649.75 -790.541 372.259 -88.3417 649.752 -88.3414 -508.345
GPRESSURE: 1400000 -882.237 -758.359 489.836 -889.37 407.13 -353.409 580.284 -224.95 -287.448
PRESSAVG: 1400000 -194.569 -115.878 165.429 -115.878 -176.43 -77.371 165.429 -77.371 -193.262
GPRESSAVG: 1400000 -98.7995 -158.106 133.752 -124.888 -139.156 -75.1296 225.267 -171.521 -113.662
ENERGY: 1400000         3.9964         9.5696         3.4838         0.0000         -10570.8989      1379.0946         0.0000         0.0000      1829.3493          -7345.4052       312.5876     -9174.7545     -7397.8245       304.2953           -313.3615      -254.1849     29938.0355      -188.0871      -117.2055
FEP:    1400000        17.0498    -10570.8989      1382.8350

WRITING EXTENDED SYSTEM TO RESTART FILE AT STEP 1400000
WRITING COORDINATES TO DCD FILE mobley_7364468_prod.dcd AT STEP 1400000
WRITING COORDINATES TO RESTART FILE AT STEP 1400000
FINISHED WRITING RESTART COORDINATES
WRITING VELOCITIES TO RESTART FILE AT STEP 1400000
FINISHED WRITING RESTART VELOCITIES
PRESSURE: 1500000 262.608 739.043 556.626 739.041 498.633 403.182 556.625 403.182 953.217
GPRESSURE: 1500000 351.127 508.812 430.132 1165.82 656.463 316.338 417.239 269.583 960.051
PRESSAVG: 1500000 -165.995 -62.4456 189.879 -62.4456 -134.239 -47.3364 189.879 -47.3364 -121.607
GPRESSAVG: 1500000 -70.6791 -116.424 152.276 -44.2189 -89.4295 -50.6629 237.265 -143.952 -46.5545
ENERGY: 1500000         1.6702         8.2293         3.8349         0.0000         -10832.7861      1565.7413         0.0000         0.0000      1741.7727          -7511.5377       297.6231     -9253.3104     -7404.9316       303.8783            571.4863       655.8801     30386.5357      -140.6138       -68.8877
FEP:    1500000        13.7344    -10832.7861      1570.4349

WRITING EXTENDED SYSTEM TO RESTART FILE AT STEP 1500000
WRITING COORDINATES TO DCD FILE mobley_7364468_prod.dcd AT STEP 1500000
WRITING COORDINATES TO RESTART FILE AT STEP 1500000
FINISHED WRITING RESTART COORDINATES
WRITING VELOCITIES TO RESTART FILE AT STEP 1500000
FINISHED WRITING RESTART VELOCITIES
TCL: Running FEP window   2: Lambda1 0.05   Lambda2 0.1    [dLambda 0.05  ]
TCL: Setting parameter firsttimestep to 0
TCL: Setting parameter alchLambda to 0.05
Info: NONBONDED TABLE R-SQUARED SPACING: 0.0625
Info: NONBONDED TABLE SIZE: 705 POINTS
Info: INCONSISTENCY IN FAST TABLE ENERGY VS FORCE: 0.000290481 AT 0.251946
Info: INCONSISTENCY IN SCOR TABLE ENERGY VS FORCE: 0.000238233 AT 8.9687
Info: ABSOLUTE IMPRECISION IN VDWA TABLE ENERGY: 1.21169e-27 AT 8.99653
Info: ABSOLUTE IMPRECISION IN VDWA TABLE FORCE: 2.57484e-27 AT 8.99653
Info: INCONSISTENCY IN VDWA TABLE ENERGY VS FORCE: 0.0040507 AT 0.251946
Info: INCONSISTENCY IN VDWB TABLE ENERGY VS FORCE: 0.00150189 AT 0.251946
TCL: Setting parameter alchLambda2 to 0.1
Info: NONBONDED TABLE R-SQUARED SPACING: 0.0625
Info: NONBONDED TABLE SIZE: 705 POINTS
Info: INCONSISTENCY IN FAST TABLE ENERGY VS FORCE: 0.000290481 AT 0.251946
Info: INCONSISTENCY IN SCOR TABLE ENERGY VS FORCE: 0.000238233 AT 8.9687
Info: ABSOLUTE IMPRECISION IN VDWA TABLE ENERGY: 1.21169e-27 AT 8.99653
Info: ABSOLUTE IMPRECISION IN VDWA TABLE FORCE: 2.57484e-27 AT 8.99653
Info: INCONSISTENCY IN VDWA TABLE ENERGY VS FORCE: 0.0040507 AT 0.251946
Info: INCONSISTENCY IN VDWB TABLE ENERGY VS FORCE: 0.00150189 AT 0.251946
TCL: Running for 1500000 steps
FEP: RESETTING FOR NEW FEP WINDOW LAMBDA SET TO 0.05 LAMBDA2 0.1
FEP: WINDOW TO HAVE 100000 STEPS OF EQUILIBRATION PRIOR TO FEP DATA COLLECTION.
FEP: USING CONSTANT TEMPERATURE OF 300 K FOR FEP CALCULATION
PRESSURE: 0 333.734 769.361 529.552 769.362 540.481 369.08 529.552 369.078 873.871
GPRESSURE: 0 369.507 506.436 429.212 1164.3 661.194 316.796 415.884 270.012 974.086
ETITLE:      TS           BOND          ANGLE          DIHED          IMPRP               ELECT            VDW       BOUNDARY           MISC        KINETIC               TOTAL           TEMP      POTENTIAL       TOTALAVG        TEMPAVG            PRESSURE      GPRESSURE         VOLUME       PRESSAVG      GPRESSAVG
FEPTITLE:    TS          BOND2         ELECT2           VDW2

ENERGY:       0         1.6702         8.2293         3.8349         0.0000         -10832.7877      1570.4347         0.0000         0.0000      1740.8841          -7507.7345       297.4712     -9248.6186     -7507.7345       297.4712            582.6952       668.2625     30386.5357       582.6952       668.2625
FEP:          0        13.7344    -10832.7877      1579.0248

PRESSURE: 100000 -1393.32 -566.678 -144.324 -566.677 -953.518 -339.653 -144.325 -339.656 -411.165
GPRESSURE: 100000 -1214.06 -754.106 -229.121 -360.307 -826.92 -555.819 32.7847 -290.996 -405.691
PRESSAVG: 100000 -206.417 -44.247 190.183 -44.247 -142.27 -40.4422 190.183 -40.4422 -82.3894
GPRESSAVG: 100000 -109.746 -117.247 146.472 5.36057 -88.6999 -58.3127 235.828 -129.123 -9.80422
ENERGY:  100000         3.3580        11.2891         4.9554         0.0000         -10597.8233      1338.6970         0.0000         0.0000      1704.4346          -7535.0893       291.2430     -9239.5239     -7521.4119       294.3571           -919.3325      -815.5582     29827.8168      -168.3187       -73.6479
FEP:     100000        19.6025    -10597.8233      1341.9279

WRITING EXTENDED SYSTEM TO RESTART FILE AT STEP 100000
WRITING COORDINATES TO DCD FILE mobley_7364468_prod.dcd AT STEP 100000
WRITING COORDINATES TO RESTART FILE AT STEP 100000
FINISHED WRITING RESTART COORDINATES
WRITING VELOCITIES TO RESTART FILE AT STEP 100000
FINISHED WRITING RESTART VELOCITIES
PRESSURE: 200000 -273.449 -121.477 229.886 -121.477 -1080.73 -16.0869 229.888 -16.0893 -579.26
GPRESSURE: 200000 -248.074 128.417 280.999 -333.978 -935.355 71.0209 338.72 42.2567 -598.414
PRESSAVG: 200000 -209.945 -48.3117 192.273 -48.3117 -191.662 -39.1605 192.273 -39.1605 -108.54
GPRESSAVG: 200000 -117.026 -104.317 153.553 -12.4993 -133.261 -51.5057 241.244 -120.103 -40.7837
ENERGY:  200000         2.8132         8.5469         6.6572         0.0000         -10547.1163      1369.2572         0.0000         0.0000      1749.6649          -7410.1769       298.9716     -9159.8418     -7484.3336       295.8953           -644.4784      -593.9478     30660.4938      -327.0386      -247.0812
FEP:     200000        18.0173    -10547.1163      1370.3284

WRITING EXTENDED SYSTEM TO RESTART FILE AT STEP 200000
WRITING COORDINATES TO DCD FILE mobley_7364468_prod.dcd AT STEP 200000
WRITING COORDINATES TO RESTART FILE AT STEP 200000
FINISHED WRITING RESTART COORDINATES
WRITING VELOCITIES TO RESTART FILE AT STEP 200000
FINISHED WRITING RESTART VELOCITIES
PRESSURE: 300000 -396.346 380.452 -417.503 380.45 139.132 -348.148 -417.504 -348.147 891.641
GPRESSURE: 300000 -289.759 530.279 -90.5146 357.496 192.511 -139.735 -595.46 -542.606 942.079
PRESSAVG: 300000 -219.265 -26.8736 161.784 -26.8736 -175.123 -54.6098 161.784 -54.6098 -58.5314
GPRESSAVG: 300000 -125.663 -72.5875 141.349 6.00044 -116.972 -55.9172 199.409 -141.228 8.35941
ENERGY:  300000         4.1230        10.8093         4.6167         0.0000         -10668.0009      1473.8669         0.0000         0.0000      1834.5593          -7340.0258       313.4778     -9174.5851     -7448.2566       300.2909            211.4756       281.6102     30114.9531      -192.4100      -114.9083
FEP:     300000        19.5490    -10668.0009      1476.8923

WRITING EXTENDED SYSTEM TO RESTART FILE AT STEP 300000
WRITING COORDINATES TO DCD FILE mobley_7364468_prod.dcd AT STEP 300000
WRITING COORDINATES TO RESTART FILE AT STEP 300000
FINISHED WRITING RESTART COORDINATES
WRITING VELOCITIES TO RESTART FILE AT STEP 300000
FINISHED WRITING RESTART VELOCITIES
PRESSURE: 400000 -908.8 159.626 176.011 159.627 687.599 -15.6398 176.005 -15.6381 292.021
GPRESSURE: 400000 -941.93 -139.653 204.476 157.037 670.711 -303.582 112.31 155.268 636.661
PRESSAVG: 400000 -215.754 -20.1256 171.858 -20.1256 -91.4832 -48.0048 171.858 -48.0048 3.58075
GPRESSAVG: 400000 -131.595 -61.9075 151.902 13.3182 -26.8373 -68.8749 207.685 -121.868 76.4624
ENERGY:  400000        11.2139         8.5058         2.9435         0.0000         -10608.6993      1420.3565         0.0000         0.0000      1742.7263          -7422.9532       297.7860     -9165.6795     -7443.1959       299.7899             23.6067       121.8140     29856.8007      -149.2067       -67.5639
FEP:     400000        22.6633    -10608.6993      1423.0717

WRITING EXTENDED SYSTEM TO RESTART FILE AT STEP 400000
WRITING COORDINATES TO DCD FILE mobley_7364468_prod.dcd AT STEP 400000
WRITING COORDINATES TO RESTART FILE AT STEP 400000
FINISHED WRITING RESTART COORDINATES
WRITING VELOCITIES TO RESTART FILE AT STEP 400000
FINISHED WRITING RESTART VELOCITIES
PRESSURE: 500000 112.498 197.671 525.171 197.671 -383.474 -134.844 525.17 -134.838 754.336
GPRESSURE: 500000 167.786 512.602 417.941 86.0123 -408.151 -325.941 587.695 -215.773 934.449
PRESSAVG: 500000 -177.017 12.1085 180.841 12.1085 -125.236 -64.2106 180.841 -64.2106 104.086
GPRESSAVG: 500000 -93.6075 -29.2747 167.117 43.6198 -66.6928 -86.6697 219.867 -131.026 190.744
ENERGY:  500000         2.8716         9.6799         5.0340         0.0000         -10557.9151      1446.5656         0.0000         0.0000      1809.2677          -7284.4963       309.1562     -9093.7640     -7416.7460       301.3510            161.1200       231.3613     30306.7130       -97.4856       -17.7430
FEP:     500000        17.5855    -10557.9151      1450.1565

WRITING EXTENDED SYSTEM TO RESTART FILE AT STEP 500000
WRITING COORDINATES TO DCD FILE mobley_7364468_prod.dcd AT STEP 500000
WRITING COORDINATES TO RESTART FILE AT STEP 500000
FINISHED WRITING RESTART COORDINATES
WRITING VELOCITIES TO RESTART FILE AT STEP 500000
FINISHED WRITING RESTART VELOCITIES
PRESSURE: 600000 -762.818 236.384 31.9719 236.383 544.213 -411.12 31.9746 -411.121 -1368.25
GPRESSURE: 600000 -620.417 33.7887 89.2734 35.3896 421.279 -543.594 -112.466 -142.509 -1139.91
PRESSAVG: 600000 -202.545 13.0743 156.436 13.0743 -97.9725 -63.2 156.436 -63.2 7.17491
GPRESSAVG: 600000 -117.234 -53.2938 140.885 44.8068 -55.6197 -84.6422 183.634 -117.35 103.674
ENERGY:  600000         6.3880        10.1054         4.4428         0.0000         -10536.1527      1379.0239         0.0000         0.0000      1739.5273          -7396.6652       297.2394     -9136.1925     -7413.8773       300.7636           -528.9514      -446.3478     30053.2559      -159.1235       -78.9723
FEP:     600000        20.9362    -10536.1527      1381.0617

WRITING EXTENDED SYSTEM TO RESTART FILE AT STEP 600000
WRITING COORDINATES TO DCD FILE mobley_7364468_prod.dcd AT STEP 600000
WRITING COORDINATES TO RESTART FILE AT STEP 600000
FINISHED WRITING RESTART COORDINATES
WRITING VELOCITIES TO RESTART FILE AT STEP 600000
FINISHED WRITING RESTART VELOCITIES
PRESSURE: 700000 -203.859 516.766 -465.4 516.762 430.129 -244.444 -465.403 -244.444 -733.453
GPRESSURE: 700000 -67.4513 125.786 -508.089 649.563 368.79 -53.9047 -318.757 -410.397 -617.077
PRESSAVG: 700000 -141.4 32.3928 132.764 32.3928 -56.7819 -72.3859 132.764 -72.3859 9.17977
GPRESSAVG: 700000 -56.6363 -48.5473 119.043 82.2906 -19.9574 -68.3628 153.419 -129.482 105.195
ENERGY:  700000         1.3865        16.5557         4.9539         0.0000         -10592.8221      1431.3781         0.0000         0.0000      1766.3211          -7372.2266       301.8177     -9138.5478     -7408.6710       300.8954           -169.0614      -105.2461     30571.9398      -160.3658       -82.2565
FEP:     700000        22.8962    -10592.8221      1434.4183

WRITING EXTENDED SYSTEM TO RESTART FILE AT STEP 700000
WRITING COORDINATES TO DCD FILE mobley_7364468_prod.dcd AT STEP 700000
WRITING COORDINATES TO RESTART FILE AT STEP 700000
FINISHED WRITING RESTART COORDINATES
WRITING VELOCITIES TO RESTART FILE AT STEP 700000
FINISHED WRITING RESTART VELOCITIES
PRESSURE: 800000 208.409 111.312 86.446 111.308 90.5258 204.921 86.4481 204.92 110.905
GPRESSURE: 800000 244.224 -89.1451 148.557 270.605 372.579 89.7777 15.7218 328.881 -74.5326
PRESSAVG: 800000 -141.679 50.5143 113.187 50.5143 -79.0887 -57.7591 113.187 -57.7591 -33.8965
GPRESSAVG: 800000 -64.1837 -54.2783 103.273 104.989 -33.9236 -59.0268 151.507 -101.018 60.5616
ENERGY:  800000         3.3455        14.9949         4.6539         0.0000         -10677.5704      1436.3053         0.0000         0.0000      1765.2170          -7453.0538       301.6291     -9218.2708     -7413.6024       300.9769            136.6134       180.7566     29770.5418      -127.3681       -53.0328
FEP:     800000        22.9943    -10677.5704      1438.3270

WRITING EXTENDED SYSTEM TO RESTART FILE AT STEP 800000
WRITING COORDINATES TO DCD FILE mobley_7364468_prod.dcd AT STEP 800000
WRITING COORDINATES TO RESTART FILE AT STEP 800000
FINISHED WRITING RESTART COORDINATES
WRITING VELOCITIES TO RESTART FILE AT STEP 800000
FINISHED WRITING RESTART VELOCITIES
PRESSURE: 900000 130.92 227.428 362.942 227.426 59.1436 382.035 362.939 382.03 373.559
GPRESSURE: 900000 169.388 73.653 406.114 701.232 316.53 130.885 423.995 372.09 315.764
PRESSAVG: 900000 -141.223 59.6735 112.32 59.6735 -96.0956 -27.7457 112.32 -27.7457 -6.49519
GPRESSAVG: 900000 -76.0526 -68.1887 110.198 144.541 -37.8549 -41.2981 146.962 -61.1621 88.2301
ENERGY:  900000         3.2305         6.6231         4.6446         0.0000         -10601.6731      1438.2313         0.0000         0.0000      1751.2822          -7397.6615       299.2480     -9148.9436     -7412.0083       300.8040            187.8740       267.2275     30080.6009       -95.8439       -21.0068
FEP:     900000        14.4982    -10601.6731      1439.0421

WRITING EXTENDED SYSTEM TO RESTART FILE AT STEP 900000
WRITING COORDINATES TO DCD FILE mobley_7364468_prod.dcd AT STEP 900000
WRITING COORDINATES TO RESTART FILE AT STEP 900000
FINISHED WRITING RESTART COORDINATES
WRITING VELOCITIES TO RESTART FILE AT STEP 900000
FINISHED WRITING RESTART VELOCITIES
PRESSURE: 1000000 223.804 -520.179 161.825 -520.179 -85.3265 -3.13679 161.827 -3.13918 -529.906
GPRESSURE: 1000000 277.489 -358.733 255.432 -491.597 -87.4656 278.789 -19.3629 -309.618 -480.585
PRESSAVG: 1000000 -126.965 17.437 109.487 17.437 -129.058 -26.1632 109.487 -26.1632 -20.2919
GPRESSAVG: 1000000 -61.2072 -93.16 106.27 107.768 -78.5231 -36.872 134.714 -45.6378 78.1701
TIMING: 1000000  CPU: 1100.7, 0.000416304/step  Wall: 1146.39, 0.000424223/step, 407.332 ns/days, 0.0589199 hours remaining, 0.000000 MB of memory in use.
PERFORMANCE: 1000000  averaging 384.133 ns/day, 0.000449845 sec/step with standard deviation 3.6234e-05
ETITLE:      TS           BOND          ANGLE          DIHED          IMPRP               ELECT            VDW       BOUNDARY           MISC        KINETIC               TOTAL           TEMP      POTENTIAL       TOTALAVG        TEMPAVG            PRESSURE      GPRESSURE         VOLUME       PRESSAVG      GPRESSAVG
FEPTITLE:    TS          BOND2         ELECT2           VDW2

ENERGY: 1000000         9.3634        12.9896         3.5155         0.0000         -10527.1011      1409.8680         0.0000         0.0000      1751.2197          -7340.1448       299.2373     -9091.3646     -7405.4753       300.6616           -130.4761       -96.8536     30297.0386       -98.9923       -27.9020
FEP:    1000000        25.8685    -10527.1011      1410.9568

WRITING EXTENDED SYSTEM TO RESTART FILE AT STEP 1000000
WRITING COORDINATES TO DCD FILE mobley_7364468_prod.dcd AT STEP 1000000
WRITING COORDINATES TO RESTART FILE AT STEP 1000000
FINISHED WRITING RESTART COORDINATES
WRITING VELOCITIES TO RESTART FILE AT STEP 1000000
FINISHED WRITING RESTART VELOCITIES
PRESSURE: 1100000 1193.56 -500.274 -444.395 -500.274 334.145 528.067 -444.395 528.068 -208.016
GPRESSURE: 1100000 1384.78 -652.834 -250.188 -475.801 417.218 508.974 -1067.82 459.279 -212.406
PRESSAVG: 1100000 -109.35 -5.98365 96.8638 -5.98365 -82.7047 8.88041 96.8638 8.88041 -41.6902
GPRESSAVG: 1100000 -25.528 -108.138 89.5087 68.8565 -31.6893 -1.55724 82.487 -17.4097 40.3467
ENERGY: 1100000         1.7432         8.2455         4.4928         0.0000         -10610.6757      1483.0853         0.0000         0.0000      1747.3035          -7365.8054       298.5681     -9113.1089     -7402.1695       300.4871            439.8958       529.8650     30316.3272       -54.0849        18.5786
FEP:    1100000        14.4815    -10610.6757      1484.3228

WRITING EXTENDED SYSTEM TO RESTART FILE AT STEP 1100000
WRITING COORDINATES TO DCD FILE mobley_7364468_prod.dcd AT STEP 1100000
WRITING COORDINATES TO RESTART FILE AT STEP 1100000
FINISHED WRITING RESTART COORDINATES
WRITING VELOCITIES TO RESTART FILE AT STEP 1100000
FINISHED WRITING RESTART VELOCITIES
PRESSURE: 1200000 -257.388 664.699 -596.204 664.698 -154.623 -433.8 -596.205 -433.798 -736.675
GPRESSURE: 1200000 39.8022 220.568 -737.907 685.617 -126.905 -276.514 -591.417 -405.035 -836.811
PRESSAVG: 1200000 -97.3646 37.221 62.4612 37.221 -8.57771 -4.14591 62.4612 -4.14591 -31.6474
GPRESSAVG: 1200000 -10.1112 -78.3855 57.7599 122.116 38.4688 -18.2347 57.8607 -29.3905 49.1065
ENERGY: 1200000         2.9716        10.4039         4.2613         0.0000         -10672.6195      1408.7226         0.0000         0.0000      1702.5256          -7543.7345       290.9168     -9246.2601     -7413.0591       299.7509           -382.8952      -307.9716     30127.4205       -79.3780        -6.5406
FEP:    1200000        17.6368    -10672.6195      1412.5616

WRITING EXTENDED SYSTEM TO RESTART FILE AT STEP 1200000
WRITING COORDINATES TO DCD FILE mobley_7364468_prod.dcd AT STEP 1200000
WRITING COORDINATES TO RESTART FILE AT STEP 1200000
FINISHED WRITING RESTART COORDINATES
WRITING VELOCITIES TO RESTART FILE AT STEP 1200000
FINISHED WRITING RESTART VELOCITIES
PRESSURE: 1300000 -375.296 -420.935 52.6224 -420.934 -236.78 630.475 52.6237 630.478 -679.947
GPRESSURE: 1300000 -536.692 -295.674 -247.952 -558.772 -198.833 418.017 76.2227 644.682 -292.766
PRESSAVG: 1300000 -107.142 29.6615 72.4215 29.6615 19.1056 13.6195 72.4215 13.6195 -34.3754
GPRESSAVG: 1300000 -24.0567 -72.1603 47.3633 95.8984 69.4679 -3.0973 55.7253 -8.05147 49.8372
ENERGY: 1300000         3.2112        11.7278         5.1401         0.0000         -10532.9385      1369.8633         0.0000         0.0000      1717.5280          -7425.4681       293.4803     -9142.9961     -7413.9454       299.3030           -430.6743      -342.7634     30457.1375      -104.4706       -30.5565
FEP:    1300000        20.0791    -10532.9385      1373.3300

WRITING EXTENDED SYSTEM TO RESTART FILE AT STEP 1300000
WRITING COORDINATES TO DCD FILE mobley_7364468_prod.dcd AT STEP 1300000
WRITING COORDINATES TO RESTART FILE AT STEP 1300000
FINISHED WRITING RESTART COORDINATES
WRITING VELOCITIES TO RESTART FILE AT STEP 1300000
FINISHED WRITING RESTART VELOCITIES
PRESSURE: 1400000 -410.107 -680.936 -399.891 -680.936 141.722 47.9259 -399.888 47.9292 343.357
GPRESSURE: 1400000 -535.596 -1003.9 -144.367 -522.506 433.92 43.7992 -564.04 43.7767 317.907
PRESSAVG: 1400000 -182.081 10.6465 49.086 10.6465 1.41131 -9.44657 49.086 -9.44657 -43.3724
GPRESSAVG: 1400000 -112.354 -100.995 36.4559 77.317 64.9657 -28.1506 11.1944 -46.5148 37.3453
ENERGY: 1400000         3.9242        10.9737         3.3504         0.0000         -10688.4870      1460.0144         0.0000         0.0000      1784.6222          -7425.6021       304.9449     -9210.2243     -7414.7225       299.6792             24.9905        72.0768     30282.5017       -95.8399       -23.7143
FEP:    1400000        18.2483    -10688.4870      1461.4527

WRITING EXTENDED SYSTEM TO RESTART FILE AT STEP 1400000
WRITING COORDINATES TO DCD FILE mobley_7364468_prod.dcd AT STEP 1400000
WRITING COORDINATES TO RESTART FILE AT STEP 1400000
FINISHED WRITING RESTART COORDINATES
WRITING VELOCITIES TO RESTART FILE AT STEP 1400000
FINISHED WRITING RESTART VELOCITIES
PRESSURE: 1500000 -180.257 -226.848 -34.8788 -226.85 63.3054 248.237 -34.8816 248.237 -135.655
GPRESSURE: 1500000 -134.745 -355.501 -75.0041 -249.98 171.571 120.016 153.528 149.776 78.797
PRESSAVG: 1500000 -212.237 3.97764 53.4555 3.97764 -20.5503 23.381 53.4555 23.381 -32.8431
GPRESSAVG: 1500000 -148.615 -109.114 32.3423 72.9868 52.7837 -17.1832 9.46812 -3.96122 49.7155
ENERGY: 1500000         6.1886        12.6350         3.2690         0.0000         -10570.1204      1423.3418         0.0000         0.0000      1811.7511          -7312.9350       309.5805     -9124.6861     -7408.3608       300.2980            -84.2019        38.5412     30064.2506       -95.1125       -19.8233
FEP:    1500000        22.0925    -10570.1204      1424.4638

WRITING EXTENDED SYSTEM TO RESTART FILE AT STEP 1500000
WRITING COORDINATES TO DCD FILE mobley_7364468_prod.dcd AT STEP 1500000
WRITING COORDINATES TO RESTART FILE AT STEP 1500000
FINISHED WRITING RESTART COORDINATES
WRITING VELOCITIES TO RESTART FILE AT STEP 1500000
FINISHED WRITING RESTART VELOCITIES
TCL: Running FEP window   3: Lambda1 0.1    Lambda2 0.15000000000000002 [dLambda 0.05000000000000002]
TCL: Setting parameter firsttimestep to 0
TCL: Setting parameter alchLambda to 0.1
Info: NONBONDED TABLE R-SQUARED SPACING: 0.0625
Info: NONBONDED TABLE SIZE: 705 POINTS
Info: INCONSISTENCY IN FAST TABLE ENERGY VS FORCE: 0.000290481 AT 0.251946
Info: INCONSISTENCY IN SCOR TABLE ENERGY VS FORCE: 0.000238233 AT 8.9687
Info: ABSOLUTE IMPRECISION IN VDWA TABLE ENERGY: 1.21169e-27 AT 8.99653
Info: ABSOLUTE IMPRECISION IN VDWA TABLE FORCE: 2.57484e-27 AT 8.99653
Info: INCONSISTENCY IN VDWA TABLE ENERGY VS FORCE: 0.0040507 AT 0.251946
Info: INCONSISTENCY IN VDWB TABLE ENERGY VS FORCE: 0.00150189 AT 0.251946
TCL: Setting parameter alchLambda2 to 0.15000000000000002
Info: NONBONDED TABLE R-SQUARED SPACING: 0.0625
Info: NONBONDED TABLE SIZE: 705 POINTS
Info: INCONSISTENCY IN FAST TABLE ENERGY VS FORCE: 0.000290481 AT 0.251946
Info: INCONSISTENCY IN SCOR TABLE ENERGY VS FORCE: 0.000238233 AT 8.9687
Info: ABSOLUTE IMPRECISION IN VDWA TABLE ENERGY: 1.21169e-27 AT 8.99653
Info: ABSOLUTE IMPRECISION IN VDWA TABLE FORCE: 2.57484e-27 AT 8.99653
Info: INCONSISTENCY IN VDWA TABLE ENERGY VS FORCE: 0.0040507 AT 0.251946
Info: INCONSISTENCY IN VDWB TABLE ENERGY VS FORCE: 0.00150189 AT 0.251946
TCL: Running for 1500000 steps
FEP: RESETTING FOR NEW FEP WINDOW LAMBDA SET TO 0.1 LAMBDA2 0.15
FEP: WINDOW TO HAVE 100000 STEPS OF EQUILIBRATION PRIOR TO FEP DATA COLLECTION.
FEP: USING CONSTANT TEMPERATURE OF 300 K FOR FEP CALCULATION
PRESSURE: 0 -174.777 -162.5 -79.7699 -162.5 157.201 257.016 -79.7682 257.013 -103.664
GPRESSURE: 0 -127.199 -357.663 -74.0277 -251.857 175.282 119.501 153.205 149.784 93.541
ETITLE:      TS           BOND          ANGLE          DIHED          IMPRP               ELECT            VDW       BOUNDARY           MISC        KINETIC               TOTAL           TEMP      POTENTIAL       TOTALAVG        TEMPAVG            PRESSURE      GPRESSURE         VOLUME       PRESSAVG      GPRESSAVG
FEPTITLE:    TS          BOND2         ELECT2           VDW2

ENERGY:       0         6.1886        12.6350         3.2690         0.0000         -10570.1196      1424.4638         0.0000         0.0000      1810.8666          -7312.6966       309.4294     -9123.5632     -7312.6966       309.4294            -40.4133        47.2080     30064.2506       -40.4133        47.2080
FEP:          0        22.0926    -10570.1196      1426.7171

PRESSURE: 100000 206.694 -371.476 -245.442 -371.473 322.37 16.5561 -245.445 16.558 -510.579
GPRESSURE: 100000 383.32 -508.517 -261.772 -194.773 279.29 -152.865 -37.8803 306.42 -392.423
PRESSAVG: 100000 -173.409 -17.9557 26.7496 -17.9557 74.3205 52.6141 26.7496 52.6141 -95.6004
GPRESSAVG: 100000 -110.537 -131.687 26.6516 47.2067 148.042 -14.5725 0.0190944 32.4963 -4.2362
ENERGY:  100000         4.6526        11.2010         4.0686         0.0000         -10683.3496      1488.9683         0.0000         0.0000      1803.4313          -7371.0279       308.1589     -9174.4592     -7341.8622       308.7941              6.1617        90.0621     30847.0974       -17.1258        68.6350
FEP:     100000        19.9221    -10683.3496      1490.4947

WRITING EXTENDED SYSTEM TO RESTART FILE AT STEP 100000
WRITING COORDINATES TO DCD FILE mobley_7364468_prod.dcd AT STEP 100000
WRITING COORDINATES TO RESTART FILE AT STEP 100000
FINISHED WRITING RESTART COORDINATES
WRITING VELOCITIES TO RESTART FILE AT STEP 100000
FINISHED WRITING RESTART VELOCITIES
PRESSURE: 200000 -176.311 85.1019 373.281 85.102 -516.111 -265.85 373.281 -265.847 -549
GPRESSURE: 200000 -367.344 -243.736 319.419 -30.8564 -435.196 -125.087 -21.8399 -33.2175 -181.02
PRESSAVG: 200000 -142.025 25.8264 12.9261 25.8264 29.902 43.7388 12.9261 43.7388 -97.6331
GPRESSAVG: 200000 -84.7922 -105.956 18.1307 90.1324 105.926 -3.15642 -30.0871 42.0829 1.08519
ENERGY:  200000         2.6994        10.7362         6.5919         0.0000         -10587.9777      1395.3082         0.0000         0.0000      1803.9651          -7368.6770       308.2501     -9172.6420     -7350.8005       308.6128           -413.8070      -327.8536     30412.1089      -149.3529       -63.5278
FEP:     200000        20.0275    -10587.9777      1396.4218

WRITING EXTENDED SYSTEM TO RESTART FILE AT STEP 200000
WRITING COORDINATES TO DCD FILE mobley_7364468_prod.dcd AT STEP 200000
WRITING COORDINATES TO RESTART FILE AT STEP 200000
FINISHED WRITING RESTART COORDINATES
WRITING VELOCITIES TO RESTART FILE AT STEP 200000
FINISHED WRITING RESTART VELOCITIES
PRESSURE: 300000 -761.248 -36.7566 390.675 -36.7543 -957.367 450.091 390.675 450.091 -388.207
GPRESSURE: 300000 -688.448 -244.056 270.674 -46.8028 -807.592 629.022 205.394 316.143 -432.311
PRESSAVG: 300000 -193.218 -12.9633 4.62859 -12.9633 -42.8981 46.0842 4.62859 46.0842 -164.704
GPRESSAVG: 300000 -136.771 -143.6 10.1579 29.5011 32.7228 12.4778 -40.6793 44.4109 -68.5329
ENERGY:  300000         6.3074         8.3993         5.4497         0.0000         -10594.8682      1383.4801         0.0000         0.0000      1792.7708          -7398.4609       306.3373     -9191.2317     -7362.7156       308.0439           -702.2741      -642.7836     30276.8201      -287.5832      -208.3418
FEP:     300000        20.1564    -10594.8682      1383.5887

WRITING EXTENDED SYSTEM TO RESTART FILE AT STEP 300000
WRITING COORDINATES TO DCD FILE mobley_7364468_prod.dcd AT STEP 300000
WRITING COORDINATES TO RESTART FILE AT STEP 300000
FINISHED WRITING RESTART COORDINATES
WRITING VELOCITIES TO RESTART FILE AT STEP 300000
FINISHED WRITING RESTART VELOCITIES
PRESSURE: 400000 668.489 -163.736 955.315 -163.733 294.697 -399.319 955.312 -399.327 1181.33
GPRESSURE: 400000 424.224 -6.00968 888.296 -281.502 519.347 81.3098 857.972 -772.112 1378.26
PRESSAVG: 400000 -176.48 -59.618 25.9166 -59.618 -55.1872 7.66395 25.9166 7.66395 -149.332
GPRESSAVG: 400000 -134.035 -169.222 33.1121 -42.7889 25.6304 0.703464 -18.5749 -7.69531 -48.3241
ENERGY:  400000         4.0346        12.2620         7.5438         0.0000         -10703.5949      1510.7482         0.0000         0.0000      1713.2384          -7455.7680       292.7473     -9169.0064     -7381.3261       304.9846            714.8376       773.9447     29795.8449       -87.0990       -11.8845
FEP:     400000        23.8403    -10703.5949      1512.3817

WRITING EXTENDED SYSTEM TO RESTART FILE AT STEP 400000
WRITING COORDINATES TO DCD FILE mobley_7364468_prod.dcd AT STEP 400000
WRITING COORDINATES TO RESTART FILE AT STEP 400000
FINISHED WRITING RESTART COORDINATES
WRITING VELOCITIES TO RESTART FILE AT STEP 400000
FINISHED WRITING RESTART VELOCITIES
PRESSURE: 500000 698.576 198.386 585.356 198.385 873.397 89.4635 585.357 89.4599 33.9517
GPRESSURE: 500000 686.048 212.321 546.601 -2.49262 1015.98 76.2618 893.68 308.962 220.823
PRESSAVG: 500000 -71.8852 -21.365 62.4007 -21.365 36.1585 29.1197 62.4007 29.1197 -127.076
GPRESSAVG: 500000 -39.0295 -120.901 71.8981 -24.8982 117.776 32.3075 24.4699 22.3026 -16.9984
ENERGY:  500000         2.3272        12.4130         4.5632         0.0000         -10685.8609      1502.5878         0.0000         0.0000      1745.1366          -7418.8331       298.1979     -9163.9697     -7387.5772       303.8535            535.3084       640.9516     30000.5396        16.6356        96.9215
FEP:     500000        19.3034    -10685.8609      1505.4449

WRITING EXTENDED SYSTEM TO RESTART FILE AT STEP 500000
WRITING COORDINATES TO DCD FILE mobley_7364468_prod.dcd AT STEP 500000
WRITING COORDINATES TO RESTART FILE AT STEP 500000
FINISHED WRITING RESTART COORDINATES
WRITING VELOCITIES TO RESTART FILE AT STEP 500000
FINISHED WRITING RESTART VELOCITIES
PRESSURE: 600000 306.898 -54.5655 614.294 -54.5649 0.461432 56.8125 614.294 56.8151 -318.376
GPRESSURE: 600000 570.147 -347.403 854.694 205.894 4.23888 310.328 598.941 -183.459 -317.348
PRESSAVG: 600000 -42.8679 -18.0193 81.621 -18.0193 90.2179 32.7649 81.621 32.7649 -114.032
GPRESSAVG: 600000 1.88153 -144.692 100.583 2.09535 164.755 44.2729 37.4809 11.0168 -2.94509
ENERGY:  600000         6.1994         8.1603         3.9734         0.0000         -10671.8284      1470.5720         0.0000         0.0000      1806.6543          -7376.2690       308.7096     -9182.9234     -7385.9618       304.5472             -3.6722        85.6795     30142.7989        13.7344        95.3155
FEP:     600000        18.3331    -10671.8284      1471.6455

WRITING EXTENDED SYSTEM TO RESTART FILE AT STEP 600000
WRITING COORDINATES TO DCD FILE mobley_7364468_prod.dcd AT STEP 600000
WRITING COORDINATES TO RESTART FILE AT STEP 600000
FINISHED WRITING RESTART COORDINATES
WRITING VELOCITIES TO RESTART FILE AT STEP 600000
FINISHED WRITING RESTART VELOCITIES
PRESSURE: 700000 27.606 -642.175 337.854 -642.177 -295.52 -307.804 337.854 -307.802 -143.24
GPRESSURE: 700000 296.693 -689.603 23.8919 -730.312 -320.59 -417.833 283.423 -376.076 -188.13
PRESSAVG: 700000 -21.6703 -69.1507 119.389 -69.1507 68.4853 34.7822 119.389 34.7822 -165.776
GPRESSAVG: 700000 31.2041 -205.686 106.303 -52.2951 139.1 30.368 81.4251 19.3433 -59.4555
ENERGY:  700000         2.2682        15.4420         4.8263         0.0000         -10717.0214      1466.2139         0.0000         0.0000      1772.2833          -7455.9878       302.8365     -9228.2710     -7394.7150       304.3334           -137.0512       -70.6756     30472.0285        -5.1138        74.5666
FEP:     700000        22.5365    -10717.0214      1467.0717

WRITING EXTENDED SYSTEM TO RESTART FILE AT STEP 700000
WRITING COORDINATES TO DCD FILE mobley_7364468_prod.dcd AT STEP 700000
WRITING COORDINATES TO RESTART FILE AT STEP 700000
FINISHED WRITING RESTART COORDINATES
WRITING VELOCITIES TO RESTART FILE AT STEP 700000
FINISHED WRITING RESTART VELOCITIES
PRESSURE: 800000 468.617 -485.53 -933.735 -485.524 -94.3941 -537.725 -933.733 -537.725 -839.111
GPRESSURE: 800000 459.826 -580.887 -475.036 -599.761 -18.9587 -393.09 -1149.46 -643.18 -783.88
PRESSAVG: 800000 47.2006 -101.408 63.902 -101.408 29.3857 8.67782 63.902 8.67782 -222.332
GPRESSAVG: 800000 101.292 -227.747 72.3276 -90.135 104.617 25.8925 18.3365 -20.5791 -130.483
ENERGY:  800000         4.3593         9.2150         6.7893         0.0000         -10674.0946      1436.4190         0.0000         0.0000      1718.7512          -7498.5608       293.6893     -9217.3120     -7406.2535       303.1507           -154.9628      -114.3373     29937.6636       -21.7637        53.5773
FEP:     800000        20.3636    -10674.0946      1438.6344

WRITING EXTENDED SYSTEM TO RESTART FILE AT STEP 800000
WRITING COORDINATES TO DCD FILE mobley_7364468_prod.dcd AT STEP 800000
WRITING COORDINATES TO RESTART FILE AT STEP 800000
FINISHED WRITING RESTART COORDINATES
WRITING VELOCITIES TO RESTART FILE AT STEP 800000
FINISHED WRITING RESTART VELOCITIES
PRESSURE: 900000 210.705 -88.4293 -300.45 -88.4304 -144.097 -356.945 -300.447 -356.947 -234.856
GPRESSURE: 900000 323.127 -232.541 -543.463 -78.0751 17.0064 -314.74 -261.462 -401.29 -148.172
PRESSAVG: 900000 52.1109 -115.713 22.6211 -115.713 41.3545 -2.42765 22.6211 -2.42765 -271.792
GPRESSAVG: 900000 109.059 -265.004 24.2574 -98.3393 125.875 26.4526 -24.1214 -29.8549 -184.614
ENERGY:  900000         1.1399         5.4585         5.1635         0.0000         -10698.5522      1437.1308         0.0000         0.0000      1729.1243          -7520.5352       295.4618     -9249.6595     -7417.6816       302.3818            -56.0830        63.9870     29571.0252       -25.1956        54.6183
FEP:     900000        11.7619    -10698.5522      1437.3261

WRITING EXTENDED SYSTEM TO RESTART FILE AT STEP 900000
WRITING COORDINATES TO DCD FILE mobley_7364468_prod.dcd AT STEP 900000
WRITING COORDINATES TO RESTART FILE AT STEP 900000
FINISHED WRITING RESTART COORDINATES
WRITING VELOCITIES TO RESTART FILE AT STEP 900000
FINISHED WRITING RESTART VELOCITIES
PRESSURE: 1000000 -777.739 -116.327 -682.481 -116.325 531.369 -389.587 -682.481 -389.588 377.826
GPRESSURE: 1000000 -631.305 -160.574 -633.143 -66.2749 276.344 -410.23 -419.265 -363.538 455.578
PRESSAVG: 1000000 51.3648 -133.349 -13.1017 -133.349 40.7123 -1.351 -13.1017 -1.351 -184.488
GPRESSAVG: 1000000 108.515 -274.723 -11.8635 -103.423 118.628 33.1208 -39.4613 -40.9064 -104.839
TIMING: 1000000  CPU: 1730.08, 0.000421014/step  Wall: 1789.11, 0.000429092/step, 402.711 ns/days, 0.0595962 hours remaining, 0.000000 MB of memory in use.
PERFORMANCE: 1000000  averaging 390.132 ns/day, 0.000442927 sec/step with standard deviation 2.82844e-05
ETITLE:      TS           BOND          ANGLE          DIHED          IMPRP               ELECT            VDW       BOUNDARY           MISC        KINETIC               TOTAL           TEMP      POTENTIAL       TOTALAVG        TEMPAVG            PRESSURE      GPRESSURE         VOLUME       PRESSAVG      GPRESSAVG
FEPTITLE:    TS          BOND2         ELECT2           VDW2

ENERGY: 1000000         3.1559        11.1873         3.6873         0.0000         -10558.1006      1413.7193         0.0000         0.0000      1775.4017          -7350.9491       303.3694     -9126.3508     -7411.6150       302.4716             43.8183        33.5390     30034.7330       -18.9216        52.7020
FEP:    1000000        18.0305    -10558.1006      1413.8058

WRITING EXTENDED SYSTEM TO RESTART FILE AT STEP 1000000
WRITING COORDINATES TO DCD FILE mobley_7364468_prod.dcd AT STEP 1000000
WRITING COORDINATES TO RESTART FILE AT STEP 1000000
FINISHED WRITING RESTART COORDINATES
WRITING VELOCITIES TO RESTART FILE AT STEP 1000000
FINISHED WRITING RESTART VELOCITIES
PRESSURE: 1100000 91.4644 -118.01 801.423 -118.009 -39.4019 -148.391 801.423 -148.392 -736.005
GPRESSURE: 1100000 146.158 165.001 811.306 184.996 -105.76 162.128 470.588 -348.172 -515.973
PRESSAVG: 1100000 66.131 -165.087 50.2396 -165.087 17.2358 3.45162 50.2396 3.45162 -184.616
GPRESSAVG: 1100000 119.195 -272.762 54.1063 -126.651 94.9005 43.9224 0.00593498 -37.7952 -99.7842
ENERGY: 1100000         3.3379        12.6419         3.8751         0.0000         -10534.2931      1397.6399         0.0000         0.0000      1730.7577          -7386.0407       295.7409     -9116.7984     -7409.4838       301.9107           -227.9808      -158.5248     30153.6064       -36.3432        35.0998
FEP:    1100000        19.8549    -10534.2931      1399.4515

WRITING EXTENDED SYSTEM TO RESTART FILE AT STEP 1100000
WRITING COORDINATES TO DCD FILE mobley_7364468_prod.dcd AT STEP 1100000
WRITING COORDINATES TO RESTART FILE AT STEP 1100000
FINISHED WRITING RESTART COORDINATES
WRITING VELOCITIES TO RESTART FILE AT STEP 1100000
FINISHED WRITING RESTART VELOCITIES
PRESSURE: 1200000 1910.88 316.047 -210.828 316.043 -47.7882 -117.717 -210.831 -117.714 928.33
GPRESSURE: 1200000 1822.72 330.082 -163.73 119.3 46.8016 -244.996 -121.791 -163.309 1028.75
PRESSAVG: 1200000 151.254 -154.851 35.3757 -154.851 10.3201 -12.68 35.3757 -12.68 -143.744
GPRESSAVG: 1200000 198.12 -251.8 38.4919 -134.216 78.6117 27.1837 -6.86972 -62.4047 -44.6199
ENERGY: 1200000         3.2387        19.5767         4.7685         0.0000         -10785.5359      1548.8019         0.0000         0.0000      1780.7849          -7428.3651       304.2892     -9209.1500     -7410.9362       302.0936            930.4724       966.0903     29879.1718        38.0272       106.7144
FEP:    1200000        27.5840    -10785.5359      1548.4067

WRITING EXTENDED SYSTEM TO RESTART FILE AT STEP 1200000
WRITING COORDINATES TO DCD FILE mobley_7364468_prod.dcd AT STEP 1200000
WRITING COORDINATES TO RESTART FILE AT STEP 1200000
FINISHED WRITING RESTART COORDINATES
WRITING VELOCITIES TO RESTART FILE AT STEP 1200000
FINISHED WRITING RESTART VELOCITIES
PRESSURE: 1300000 -139.71 -148.689 423.753 -148.686 -277.784 364.488 423.75 364.485 19.927
GPRESSURE: 1300000 -103.568 -219.674 642.743 -251.621 -237.686 596.86 136.317 26.9449 167.735
PRESSAVG: 1300000 137.723 -173.656 38.4162 -173.656 -6.5263 -13.5573 38.4162 -13.5573 -161.426
GPRESSAVG: 1300000 184.472 -266.467 50.3234 -181.859 50.9008 50.4825 -21.2536 -79.6619 -52.0214
ENERGY: 1300000         5.1570        11.4228         3.9711         0.0000         -10596.9378      1436.0329         0.0000         0.0000      1760.7419          -7379.6122       300.8644     -9140.3541     -7408.6988       302.0058           -132.5225       -57.8397     30207.8086        25.8451        94.9605
FEP:    1300000        20.5509    -10596.9378      1437.2850

WRITING EXTENDED SYSTEM TO RESTART FILE AT STEP 1300000
WRITING COORDINATES TO DCD FILE mobley_7364468_prod.dcd AT STEP 1300000
WRITING COORDINATES TO RESTART FILE AT STEP 1300000
FINISHED WRITING RESTART COORDINATES
WRITING VELOCITIES TO RESTART FILE AT STEP 1300000
FINISHED WRITING RESTART VELOCITIES
PRESSURE: 1400000 -506.21 530.716 190.935 530.718 -490.292 313.447 190.934 313.45 -77.7891
GPRESSURE: 1400000 -552.18 477.964 91.5822 389.688 -359.77 164.122 569.362 512.715 145.846
PRESSAVG: 1400000 101.222 -121.111 39.8715 -121.111 -26.7746 2.27217 39.8715 2.27217 -138.82
GPRESSAVG: 1400000 142.988 -224.632 42.1309 -137.795 37.2856 44.7491 8.18258 -38.5453 -20.6998
ENERGY: 1400000         3.8400        14.5542         3.2914         0.0000         -10609.1330      1403.2464         0.0000         0.0000      1736.9723          -7447.2287       296.8028     -9184.2009     -7411.2675       301.6590           -358.0969      -255.3679     30012.9088         0.2490        71.6053
FEP:    1400000        21.6856    -10609.1330      1403.9269

WRITING EXTENDED SYSTEM TO RESTART FILE AT STEP 1400000
WRITING COORDINATES TO DCD FILE mobley_7364468_prod.dcd AT STEP 1400000
WRITING COORDINATES TO RESTART FILE AT STEP 1400000
FINISHED WRITING RESTART COORDINATES
WRITING VELOCITIES TO RESTART FILE AT STEP 1400000
FINISHED WRITING RESTART VELOCITIES
PRESSURE: 1500000 616.226 -97.6725 -230.78 -97.6746 -368.477 128.931 -230.781 128.93 119.596
GPRESSURE: 1500000 356.635 -173.596 -343.076 191.252 -16.6946 183.819 -363.517 235.497 244.586
PRESSAVG: 1500000 72.3554 -100.981 50.5523 -100.981 -61.9057 -17.6847 50.5523 -17.6847 -122.439
GPRESSAVG: 1500000 91.581 -200.67 37.4864 -104.442 15.59 28.4913 43.3979 -49.7344 2.14975
ENERGY: 1500000         2.8797         8.5827         3.7739         0.0000         -10570.2059      1429.5804         0.0000         0.0000      1719.4226          -7405.9665       293.8040     -9125.3891     -7410.9362       301.1680            122.4481       194.8420     30045.4343         7.8864        79.3076
FEP:    1500000        15.2363    -10570.2059      1429.2153

WRITING EXTENDED SYSTEM TO RESTART FILE AT STEP 1500000
WRITING COORDINATES TO DCD FILE mobley_7364468_prod.dcd AT STEP 1500000
WRITING COORDINATES TO RESTART FILE AT STEP 1500000
FINISHED WRITING RESTART COORDINATES
WRITING VELOCITIES TO RESTART FILE AT STEP 1500000
FINISHED WRITING RESTART VELOCITIES
TCL: Running FEP window   4: Lambda1 0.15000000000000002 Lambda2 0.2    [dLambda 0.04999999999999999]
TCL: Setting parameter firsttimestep to 0
TCL: Setting parameter alchLambda to 0.15000000000000002
Info: NONBONDED TABLE R-SQUARED SPACING: 0.0625
Info: NONBONDED TABLE SIZE: 705 POINTS
Info: INCONSISTENCY IN FAST TABLE ENERGY VS FORCE: 0.000290481 AT 0.251946
Info: INCONSISTENCY IN SCOR TABLE ENERGY VS FORCE: 0.000238233 AT 8.9687
Info: ABSOLUTE IMPRECISION IN VDWA TABLE ENERGY: 1.21169e-27 AT 8.99653
Info: ABSOLUTE IMPRECISION IN VDWA TABLE FORCE: 2.57484e-27 AT 8.99653
Info: INCONSISTENCY IN VDWA TABLE ENERGY VS FORCE: 0.0040507 AT 0.251946
Info: INCONSISTENCY IN VDWB TABLE ENERGY VS FORCE: 0.00150189 AT 0.251946
TCL: Setting parameter alchLambda2 to 0.2
Info: NONBONDED TABLE R-SQUARED SPACING: 0.0625
Info: NONBONDED TABLE SIZE: 705 POINTS
Info: INCONSISTENCY IN FAST TABLE ENERGY VS FORCE: 0.000290481 AT 0.251946
Info: INCONSISTENCY IN SCOR TABLE ENERGY VS FORCE: 0.000238233 AT 8.9687
Info: ABSOLUTE IMPRECISION IN VDWA TABLE ENERGY: 1.21169e-27 AT 8.99653
Info: ABSOLUTE IMPRECISION IN VDWA TABLE FORCE: 2.57484e-27 AT 8.99653
Info: INCONSISTENCY IN VDWA TABLE ENERGY VS FORCE: 0.0040507 AT 0.251946
Info: INCONSISTENCY IN VDWB TABLE ENERGY VS FORCE: 0.00150189 AT 0.251946
TCL: Running for 1500000 steps
FEP: RESETTING FOR NEW FEP WINDOW LAMBDA SET TO 0.15 LAMBDA2 0.2
FEP: WINDOW TO HAVE 100000 STEPS OF EQUILIBRATION PRIOR TO FEP DATA COLLECTION.
FEP: USING CONSTANT TEMPERATURE OF 300 K FOR FEP CALCULATION
PRESSURE: 0 581.901 -134.865 -235.698 -134.863 -354.113 138.088 -235.692 138.088 117.125
GPRESSURE: 0 362.79 -167.471 -345.163 197.283 -12.8667 187.035 -365.293 238.663 250.159
ETITLE:      TS           BOND          ANGLE          DIHED          IMPRP               ELECT            VDW       BOUNDARY           MISC        KINETIC               TOTAL           TEMP      POTENTIAL       TOTALAVG        TEMPAVG            PRESSURE      GPRESSURE         VOLUME       PRESSAVG      GPRESSAVG
FEPTITLE:    TS          BOND2         ELECT2           VDW2

ENERGY:       0         2.8797         8.5827         3.7739         0.0000         -10570.2053      1429.2151         0.0000         0.0000      1718.5590          -7407.1949       293.6564     -9125.7539     -7407.1949       293.6564            114.9709       200.0274     30045.4343       114.9709       200.0274
FEP:          0        15.2363    -10570.2053      1429.1830

PRESSURE: 100000 458.245 -361.752 -656.245 -361.749 -53.336 208.585 -656.247 208.587 -440.192
GPRESSURE: 100000 775.157 -331.229 -808.79 -247.339 -10.7359 172.393 -753.004 123.21 -445.139
PRESSAVG: 100000 155.997 -138 33.1344 -138 -62.708 -10.185 33.1344 -10.185 -67.7617
GPRESSAVG: 100000 173.323 -221.85 29.0817 -113.287 30.6967 39.3876 13.2428 -43.6231 48.8796
ENERGY:  100000         1.9561        10.5086         5.2094         0.0000         -10692.9132      1442.5535         0.0000         0.0000      1799.3271          -7433.3585       307.4576     -9232.6856     -7420.2767       300.5570            -11.7610       106.4274     29908.5660        51.6049       153.2274
FEP:     100000        17.6741    -10692.9132      1443.2865

WRITING EXTENDED SYSTEM TO RESTART FILE AT STEP 100000
WRITING COORDINATES TO DCD FILE mobley_7364468_prod.dcd AT STEP 100000
WRITING COORDINATES TO RESTART FILE AT STEP 100000
FINISHED WRITING RESTART COORDINATES
WRITING VELOCITIES TO RESTART FILE AT STEP 100000
FINISHED WRITING RESTART VELOCITIES
PRESSURE: 200000 24.6022 298.391 333.47 298.393 -317.041 -565.568 333.468 -565.574 -362.624
GPRESSURE: 200000 260.442 113.023 496.248 115.039 -275.433 -366.463 229.13 -359.17 -436.385
PRESSAVG: 200000 177.732 -89.0336 69.8022 -89.0336 -85.6461 -40.8601 69.8022 -40.8601 -103.061
GPRESSAVG: 200000 213.125 -166.003 61.1125 -81.4097 -4.77088 18.8745 52.9013 -63.7705 11.165
ENERGY:  200000         4.1489        13.0754         6.1209         0.0000         -10603.0234      1419.3772         0.0000         0.0000      1779.9119          -7380.3892       304.1400     -9160.3010     -7406.9809       301.7514           -218.3542      -150.4584     29939.0176       -38.3814        51.9988
FEP:     200000        23.3452    -10603.0234      1419.6967

WRITING EXTENDED SYSTEM TO RESTART FILE AT STEP 200000
WRITING COORDINATES TO DCD FILE mobley_7364468_prod.dcd AT STEP 200000
WRITING COORDINATES TO RESTART FILE AT STEP 200000
FINISHED WRITING RESTART COORDINATES
WRITING VELOCITIES TO RESTART FILE AT STEP 200000
FINISHED WRITING RESTART VELOCITIES
PRESSURE: 300000 -76.9914 1.81743 62.4635 1.81732 -295.24 90.4075 62.4646 90.4005 -310.726
GPRESSURE: 300000 -55.914 -135.008 118.29 104.133 -445.475 139.919 -16.9816 -6.85109 -193.141
PRESSAVG: 300000 182.896 -77.6003 74.6695 -77.6003 -103.573 -48.752 74.6695 -48.752 -111.814
GPRESSAVG: 300000 217.066 -154.979 70.7772 -63.7041 -35.6232 19.8696 44.3758 -71.6018 -2.43189
ENERGY:  300000         2.2803        11.6568         5.0760         0.0000         -10578.5089      1395.3119         0.0000         0.0000      1730.5185          -7433.6653       295.7000     -9164.1838     -7413.6520       300.2385           -227.6526      -231.5100     30097.2293       -85.6992       -18.8784
FEP:     300000        19.0132    -10578.5089      1395.4811

WRITING EXTENDED SYSTEM TO RESTART FILE AT STEP 300000
WRITING COORDINATES TO DCD FILE mobley_7364468_prod.dcd AT STEP 300000
WRITING COORDINATES TO RESTART FILE AT STEP 300000
FINISHED WRITING RESTART COORDINATES
WRITING VELOCITIES TO RESTART FILE AT STEP 300000
FINISHED WRITING RESTART VELOCITIES
PRESSURE: 400000 1863.66 473.44 -456.427 473.438 889.047 212.365 -456.429 212.369 241.172
GPRESSURE: 400000 1658.77 973.827 -460.784 40.2013 1132.14 100.151 -475.726 291.952 475.001
PRESSAVG: 400000 284.817 -45.8034 55.8364 -45.8034 -66.9811 -50.9842 55.8364 -50.9842 -94.5726
GPRESSAVG: 400000 306.365 -88.4043 51.4394 -49.1012 12.2195 18.9021 12.9292 -64.4935 16.6411
ENERGY:  400000         5.3264         9.5086         7.6613         0.0000         -10790.7728      1568.9472         0.0000         0.0000      1704.7166          -7494.6129       291.2911     -9199.3294     -7429.8441       298.4490            997.9584      1088.6344     29676.7577       131.0323       202.6242
FEP:     400000        22.4962    -10790.7728      1568.9373

WRITING EXTENDED SYSTEM TO RESTART FILE AT STEP 400000
WRITING COORDINATES TO DCD FILE mobley_7364468_prod.dcd AT STEP 400000
WRITING COORDINATES TO RESTART FILE AT STEP 400000
FINISHED WRITING RESTART COORDINATES
WRITING VELOCITIES TO RESTART FILE AT STEP 400000
FINISHED WRITING RESTART VELOCITIES
PRESSURE: 500000 -433.299 -130.543 194.036 -130.543 -1119.69 502.212 194.036 502.207 -560.889
GPRESSURE: 500000 -208.488 -164.359 345.991 -222.477 -1084.11 181.969 -5.588 735.409 -480.229
PRESSAVG: 500000 252.818 -33.7569 77.8104 -33.7569 -139.084 -26.7017 77.8104 -26.7017 -97.0881
GPRESSAVG: 500000 276.774 -71.1964 81.8276 -50.4864 -55.9506 35.6438 14.5438 -43.044 12.2508
ENERGY:  500000         4.1238        14.0172         5.5737         0.0000         -10551.1653      1375.8285         0.0000         0.0000      1740.6802          -7410.9419       297.4364     -9151.6221     -7426.6938       298.2803           -704.6271      -590.9427     30617.0062        -8.2443        70.3630
FEP:     500000        23.7147    -10551.1653      1376.4113

WRITING EXTENDED SYSTEM TO RESTART FILE AT STEP 500000
WRITING COORDINATES TO DCD FILE mobley_7364468_prod.dcd AT STEP 500000
WRITING COORDINATES TO RESTART FILE AT STEP 500000
FINISHED WRITING RESTART COORDINATES
WRITING VELOCITIES TO RESTART FILE AT STEP 500000
FINISHED WRITING RESTART VELOCITIES
PRESSURE: 600000 -659.013 86.3552 831.437 86.3559 -783.321 -350.246 831.437 -350.246 -47.5546
GPRESSURE: 600000 -370.885 44.052 1180.48 9.5474 -649.095 3.71673 387.145 -413.573 -151.365
PRESSAVG: 600000 228.682 -33.6942 100.718 -33.6942 -152.445 -30.9217 100.718 -30.9217 -72.0158
GPRESSAVG: 600000 276.597 -56.807 124.881 -48.4662 -66.6455 42.084 34.9931 -62.0618 13.7335
ENERGY:  600000         3.0940         8.0119         4.0212         0.0000         -10643.8383      1422.9234         0.0000         0.0000      1710.4945          -7495.2933       292.2784     -9205.7878     -7436.4937       297.4229           -496.6296      -390.4481     30361.6057       -78.0136         4.5329
FEP:     600000        15.1271    -10643.8383      1423.0927

WRITING EXTENDED SYSTEM TO RESTART FILE AT STEP 600000
WRITING COORDINATES TO DCD FILE mobley_7364468_prod.dcd AT STEP 600000
WRITING COORDINATES TO RESTART FILE AT STEP 600000
FINISHED WRITING RESTART COORDINATES
WRITING VELOCITIES TO RESTART FILE AT STEP 600000
FINISHED WRITING RESTART VELOCITIES
PRESSURE: 700000 -206.792 125.462 7.62173 125.461 42.9907 290.976 7.62033 290.975 -654.438
GPRESSURE: 700000 -160.317 25.3009 2.95505 287.997 8.07539 367.043 -125.277 77.0036 -448.647
PRESSAVG: 700000 256.405 -25.5834 81.5655 -25.5834 -102.427 -38.8775 81.5655 -38.8775 -85.3274
GPRESSAVG: 700000 303.004 -43.3392 111.495 -31.7262 -25.8621 28.9851 18.4596 -74.0188 12.9167
ENERGY:  700000         9.2335         9.1468         4.2800         0.0000         -10711.8969      1450.1269         0.0000         0.0000      1766.3057          -7472.8041       301.8151     -9239.1098     -7441.0325       297.9719           -272.7463      -200.2961     29919.0908      -102.3552       -21.0708
FEP:     700000        22.6602    -10711.8969      1449.9490

WRITING EXTENDED SYSTEM TO RESTART FILE AT STEP 700000
WRITING COORDINATES TO DCD FILE mobley_7364468_prod.dcd AT STEP 700000
WRITING COORDINATES TO RESTART FILE AT STEP 700000
FINISHED WRITING RESTART COORDINATES
WRITING VELOCITIES TO RESTART FILE AT STEP 700000
FINISHED WRITING RESTART VELOCITIES
PRESSURE: 800000 -357.287 91.4062 -9.8178 91.4083 70.1818 355.456 -9.82086 355.456 443.105
GPRESSURE: 800000 -401.34 246.39 -127.917 -57.5438 280.153 60.042 -101.847 -49.8925 590.811
PRESSAVG: 800000 205.117 -12.8264 33.3088 -12.8264 -113.653 -1.13828 33.3088 -1.13828 -122.238
GPRESSAVG: 800000 261.726 -30.7192 60.684 -20.5283 -37.8218 27.9217 -29.5314 -37.9078 -26.4558
ENERGY:  800000         3.8690        12.9926         8.0308         0.0000         -10631.0945      1450.6555         0.0000         0.0000      1793.6279          -7361.9187       306.4837     -9155.5466     -7432.2421       298.9176             52.0000       156.5416     30468.3127       -85.2046        -1.3361
FEP:     800000        24.8924    -10631.0945      1450.6615

WRITING EXTENDED SYSTEM TO RESTART FILE AT STEP 800000
WRITING COORDINATES TO DCD FILE mobley_7364468_prod.dcd AT STEP 800000
WRITING COORDINATES TO RESTART FILE AT STEP 800000
FINISHED WRITING RESTART COORDINATES
WRITING VELOCITIES TO RESTART FILE AT STEP 800000
FINISHED WRITING RESTART VELOCITIES
PRESSURE: 900000 -43.1013 271.129 -14.3229 271.127 -762.96 90.7363 -14.3202 90.7356 -335.8
GPRESSURE: 900000 129.427 39.1435 -149.306 5.80143 -751.558 -74.775 104.41 111.177 -323.927
PRESSAVG: 900000 168.033 -9.18927 3.32497 -9.18927 -195.47 -1.07449 3.32497 -1.07449 -140.726
GPRESSAVG: 900000 233.895 -39.378 25.8887 -20.1136 -126.199 20.3699 -68.995 -47.797 -53.6933
ENERGY:  900000         2.9802        14.1059         5.5045         0.0000         -10658.8776      1424.7144         0.0000         0.0000      1729.9116          -7481.6611       295.5963     -9211.5727     -7437.1840       298.5855           -380.6207      -315.3527     30662.1994      -114.7462       -32.7377
FEP:     900000        22.5906    -10658.8776      1425.2941

WRITING EXTENDED SYSTEM TO RESTART FILE AT STEP 900000
WRITING COORDINATES TO DCD FILE mobley_7364468_prod.dcd AT STEP 900000
WRITING COORDINATES TO RESTART FILE AT STEP 900000
FINISHED WRITING RESTART COORDINATES
WRITING VELOCITIES TO RESTART FILE AT STEP 900000
FINISHED WRITING RESTART VELOCITIES
PRESSURE: 1000000 -388.276 -36.3417 286.359 -36.3417 156.032 -267.446 286.361 -267.445 -847.522
GPRESSURE: 1000000 -475.482 37.8488 217.999 -177.159 190.853 -116.074 -62.8067 -7.24985 -476.756
PRESSAVG: 1000000 133.274 -8.2781 -13.0717 -8.2781 -187.692 -17.2875 -13.0717 -17.2875 -167.183
GPRESSAVG: 1000000 181.613 -20.1155 -5.94609 -39.2662 -116.868 -0.950253 -102.082 -38.9866 -61.6637
TIMING: 1000000  CPU: 2367.76, 0.000426403/step  Wall: 2436.15, 0.000434215/step, 397.959 ns/days, 0.0603077 hours remaining, 0.000000 MB of memory in use.
PERFORMANCE: 1000000  averaging 392.06 ns/day, 0.000440749 sec/step with standard deviation 2.35013e-05
ETITLE:      TS           BOND          ANGLE          DIHED          IMPRP               ELECT            VDW       BOUNDARY           MISC        KINETIC               TOTAL           TEMP      POTENTIAL       TOTALAVG        TEMPAVG            PRESSURE      GPRESSURE         VOLUME       PRESSAVG      GPRESSAVG
FEPTITLE:    TS          BOND2         ELECT2           VDW2

ENERGY: 1000000         4.6971         9.0319         3.8158         0.0000         -10563.6454      1397.4937         0.0000         0.0000      1766.3183          -7382.2886       301.8173     -9148.6069     -7432.1935       298.8793           -359.9217      -253.7948     30172.5655      -137.0349       -52.8338
FEP:    1000000        17.5448    -10563.6454      1399.0688

WRITING EXTENDED SYSTEM TO RESTART FILE AT STEP 1000000
WRITING COORDINATES TO DCD FILE mobley_7364468_prod.dcd AT STEP 1000000
WRITING COORDINATES TO RESTART FILE AT STEP 1000000
FINISHED WRITING RESTART COORDINATES
WRITING VELOCITIES TO RESTART FILE AT STEP 1000000
FINISHED WRITING RESTART VELOCITIES
PRESSURE: 1100000 800.599 -208.626 154.659 -208.629 -590.699 -99.7208 154.657 -99.7229 934.034
GPRESSURE: 1100000 582.492 -127.459 222.058 -467.401 -539.074 89.277 68.9307 -73.7516 1079.29
PRESSAVG: 1100000 171.924 13.3993 -22.2315 13.3993 -202.451 -6.88357 -22.2315 -6.88357 -113.32
GPRESSAVG: 1100000 195.903 7.99174 3.96223 -26.1207 -127.792 24.4053 -112.807 -23.8704 1.70743
ENERGY: 1100000         6.7112         8.3294         5.3120         0.0000         -10710.9472      1463.6755         0.0000         0.0000      1776.2409          -7450.6781       303.5128     -9226.9191     -7433.7339       299.2654            381.3117       374.2368     29444.0131       -93.8393       -17.2446
FEP:    1100000        20.3526    -10710.9472      1465.0076

WRITING EXTENDED SYSTEM TO RESTART FILE AT STEP 1100000
WRITING COORDINATES TO DCD FILE mobley_7364468_prod.dcd AT STEP 1100000
WRITING COORDINATES TO RESTART FILE AT STEP 1100000
FINISHED WRITING RESTART COORDINATES
WRITING VELOCITIES TO RESTART FILE AT STEP 1100000
FINISHED WRITING RESTART VELOCITIES
PRESSURE: 1200000 -47.7798 219.218 434.818 219.218 -597.072 292.078 434.816 292.079 71.6587
GPRESSURE: 1200000 -39.9616 238.016 118.588 125.514 -538.371 498.584 301.668 8.67954 90.4397
PRESSAVG: 1200000 146.104 48.6364 46.1959 48.6364 -227.585 34.6066 46.1959 34.6066 -67.7811
GPRESSAVG: 1200000 170.914 48.9369 33.6434 10.1431 -153.763 68.989 -40.2504 8.72265 45.4234
ENERGY: 1200000         3.4135         8.1959         8.1196         0.0000         -10592.3333      1395.6809         0.0000         0.0000      1791.1261          -7385.7973       306.0562     -9176.9234     -7430.0464       299.7878           -191.0643      -162.6309     29762.6647      -101.3182       -28.4282
FEP:    1200000        19.7290    -10592.3333      1398.1677

WRITING EXTENDED SYSTEM TO RESTART FILE AT STEP 1200000
WRITING COORDINATES TO DCD FILE mobley_7364468_prod.dcd AT STEP 1200000
WRITING COORDINATES TO RESTART FILE AT STEP 1200000
FINISHED WRITING RESTART COORDINATES
WRITING VELOCITIES TO RESTART FILE AT STEP 1200000
FINISHED WRITING RESTART VELOCITIES
PRESSURE: 1300000 773.899 14.4483 -199.943 14.4451 715.578 -292.64 -199.946 -292.638 71.5622
GPRESSURE: 1300000 710.085 -134.883 -89.8484 -277.784 880.086 -400.829 -388.87 -399.645 149.67
PRESSAVG: 1300000 174.263 53.7802 51.221 53.7802 -184.601 37.8221 51.221 37.8221 -52.4602
GPRESSAVG: 1300000 190.262 53.8198 56.3241 0.157651 -110.609 64.6845 -46.6208 8.80486 60.3155
ENERGY: 1300000         2.8064        13.1414         4.6061         0.0000         -10765.9454      1536.9252         0.0000         0.0000      1788.7079          -7419.7584       305.6430     -9208.4663     -7429.3116       300.2060            520.3465       579.9470     30222.9278       -56.9136        15.0272
FEP:    1300000        20.5539    -10765.9454      1539.3718

WRITING EXTENDED SYSTEM TO RESTART FILE AT STEP 1300000
WRITING COORDINATES TO DCD FILE mobley_7364468_prod.dcd AT STEP 1300000
WRITING COORDINATES TO RESTART FILE AT STEP 1300000
FINISHED WRITING RESTART COORDINATES
WRITING VELOCITIES TO RESTART FILE AT STEP 1300000
FINISHED WRITING RESTART VELOCITIES
PRESSURE: 1400000 223.362 151.91 -73.4075 151.908 -1041.5 -325.398 -73.4085 -325.394 -399.631
GPRESSURE: 1400000 218.926 24.3342 -121.876 130.295 -1164.37 -450.344 -92.6973 -230.537 -111.998
PRESSAVG: 1400000 224.319 67.1919 81.6746 67.1919 -263.245 41.0318 81.6746 41.0318 -91.333
GPRESSAVG: 1400000 232.773 63.0652 81.8875 9.98613 -182.645 62.6788 -30.2924 15.4549 31.9367
ENERGY: 1400000         3.4810        10.5612         4.2280         0.0000         -10520.9403      1370.0939         0.0000         0.0000      1813.2632          -7319.3129       309.8389     -9132.5761     -7421.9783       300.8482           -405.9245      -352.4820     30333.3406       -80.1810        -9.4734
FEP:    1400000        18.2703    -10520.9403      1371.2326

WRITING EXTENDED SYSTEM TO RESTART FILE AT STEP 1400000
WRITING COORDINATES TO DCD FILE mobley_7364468_prod.dcd AT STEP 1400000
WRITING COORDINATES TO RESTART FILE AT STEP 1400000
FINISHED WRITING RESTART COORDINATES
WRITING VELOCITIES TO RESTART FILE AT STEP 1400000
FINISHED WRITING RESTART VELOCITIES
PRESSURE: 1500000 1266.44 254.497 558.683 254.5 966.603 172.567 558.684 172.571 490.421
GPRESSURE: 1500000 1534.44 352.535 715.025 -82.5906 919.498 -16.9133 312.344 254.906 583.876
PRESSAVG: 1500000 283.067 85.8173 69.5376 85.8173 -212.944 57.0799 69.5376 57.0799 -30.0117
GPRESSAVG: 1500000 302.187 72.4419 77.0735 -3.39318 -131.382 53.7268 -38.2046 45.6088 86.9291
ENERGY: 1500000         2.0875         7.5895         4.4466         0.0000         -10619.2447      1496.7352         0.0000         0.0000      1754.8487          -7353.5373       299.8574     -9108.3860     -7417.7008       300.7863            907.8223      1012.6046     29546.7179       -18.4308        54.4065
FEP:    1500000        14.1235    -10619.2447      1497.4548

WRITING EXTENDED SYSTEM TO RESTART FILE AT STEP 1500000
WRITING COORDINATES TO DCD FILE mobley_7364468_prod.dcd AT STEP 1500000
WRITING COORDINATES TO RESTART FILE AT STEP 1500000
FINISHED WRITING RESTART COORDINATES
WRITING VELOCITIES TO RESTART FILE AT STEP 1500000
FINISHED WRITING RESTART VELOCITIES
TCL: Running FEP window   5: Lambda1 0.2    Lambda2 0.25   [dLambda 0.04999999999999999]
TCL: Setting parameter firsttimestep to 0
TCL: Setting parameter alchLambda to 0.2
Info: NONBONDED TABLE R-SQUARED SPACING: 0.0625
Info: NONBONDED TABLE SIZE: 705 POINTS
Info: INCONSISTENCY IN FAST TABLE ENERGY VS FORCE: 0.000290481 AT 0.251946
Info: INCONSISTENCY IN SCOR TABLE ENERGY VS FORCE: 0.000238233 AT 8.9687
Info: ABSOLUTE IMPRECISION IN VDWA TABLE ENERGY: 1.21169e-27 AT 8.99653
Info: ABSOLUTE IMPRECISION IN VDWA TABLE FORCE: 2.57484e-27 AT 8.99653
Info: INCONSISTENCY IN VDWA TABLE ENERGY VS FORCE: 0.0040507 AT 0.251946
Info: INCONSISTENCY IN VDWB TABLE ENERGY VS FORCE: 0.00150189 AT 0.251946
TCL: Setting parameter alchLambda2 to 0.25
Info: NONBONDED TABLE R-SQUARED SPACING: 0.0625
Info: NONBONDED TABLE SIZE: 705 POINTS
Info: INCONSISTENCY IN FAST TABLE ENERGY VS FORCE: 0.000290481 AT 0.251946
Info: INCONSISTENCY IN SCOR TABLE ENERGY VS FORCE: 0.000238233 AT 8.9687
Info: ABSOLUTE IMPRECISION IN VDWA TABLE ENERGY: 1.21169e-27 AT 8.99653
Info: ABSOLUTE IMPRECISION IN VDWA TABLE FORCE: 2.57484e-27 AT 8.99653
Info: INCONSISTENCY IN VDWA TABLE ENERGY VS FORCE: 0.0040507 AT 0.251946
Info: INCONSISTENCY IN VDWB TABLE ENERGY VS FORCE: 0.00150189 AT 0.251946
TCL: Running for 1500000 steps
FEP: RESETTING FOR NEW FEP WINDOW LAMBDA SET TO 0.2 LAMBDA2 0.25
FEP: WINDOW TO HAVE 100000 STEPS OF EQUILIBRATION PRIOR TO FEP DATA COLLECTION.
FEP: USING CONSTANT TEMPERATURE OF 300 K FOR FEP CALCULATION
PRESSURE: 0 1322.27 210.67 550.922 210.673 949.802 91.3489 550.922 91.3512 530.153
GPRESSURE: 0 1545.16 351.501 715.303 -83.406 926.241 -15.9595 313.041 255.214 589.379
ETITLE:      TS           BOND          ANGLE          DIHED          IMPRP               ELECT            VDW       BOUNDARY           MISC        KINETIC               TOTAL           TEMP      POTENTIAL       TOTALAVG        TEMPAVG            PRESSURE      GPRESSURE         VOLUME       PRESSAVG      GPRESSAVG
FEPTITLE:    TS          BOND2         ELECT2           VDW2

ENERGY:       0         2.0875         7.5895         4.4466         0.0000         -10619.2449      1497.4544         0.0000         0.0000      1753.9785          -7353.6885       299.7087     -9107.6670     -7353.6885       299.7087            934.0755      1020.2586     29546.7179       934.0755      1020.2586
FEP:          0        14.1235    -10619.2449      1499.0296

PRESSURE: 100000 -175.015 229.934 -364.114 229.932 -1667.64 -134.376 -364.108 -134.375 -1119.76
GPRESSURE: 100000 -212.49 179.199 -534.224 453.352 -1693.89 1.37685 -94.69 -232.916 -956.452
PRESSAVG: 100000 251.872 99.4797 68.2324 99.4797 -232.558 42.5902 68.2324 42.5902 -106.905
GPRESSAVG: 100000 282.863 93.4565 62.1768 21.7202 -160.22 35.4045 -28.0133 53.5419 8.75107
ENERGY:  100000         3.6292        13.7966         6.4278         0.0000         -10512.8017      1315.1708         0.0000         0.0000      1792.2196          -7381.5576       306.2431     -9173.7772     -7367.6230       302.9759           -987.4737      -954.2764     30289.2800       -26.6991        32.9911
FEP:     100000        23.8536    -10512.8017      1315.1836

WRITING EXTENDED SYSTEM TO RESTART FILE AT STEP 100000
WRITING COORDINATES TO DCD FILE mobley_7364468_prod.dcd AT STEP 100000
WRITING COORDINATES TO RESTART FILE AT STEP 100000
FINISHED WRITING RESTART COORDINATES
WRITING VELOCITIES TO RESTART FILE AT STEP 100000
FINISHED WRITING RESTART VELOCITIES
PRESSURE: 200000 410.736 -21.1455 92.1383 -21.1458 13.1367 -133.65 92.1396 -133.649 -617.268
GPRESSURE: 200000 491.768 428.419 -138.316 -122.377 41.3577 -72.6091 -221.042 -364.06 -536.72
PRESSAVG: 200000 297.719 71.8865 63.2927 71.8865 -207.387 20.2352 63.2927 20.2352 -133.879
GPRESSAVG: 200000 335.061 90.9792 50.6819 -3.88306 -140.164 23.5679 -67.5335 9.70312 -25.3772
ENERGY:  200000         4.4945         5.9677         4.3938         0.0000         -10681.2094      1458.1959         0.0000         0.0000      1752.0705          -7456.0870       299.3827     -9208.1575     -7397.1110       301.7782            -64.4652        -1.1979     30505.5745       -39.2878        21.5948
FEP:     200000        14.8560    -10681.2094      1459.6809

WRITING EXTENDED SYSTEM TO RESTART FILE AT STEP 200000
WRITING COORDINATES TO DCD FILE mobley_7364468_prod.dcd AT STEP 200000
WRITING COORDINATES TO RESTART FILE AT STEP 200000
FINISHED WRITING RESTART COORDINATES
WRITING VELOCITIES TO RESTART FILE AT STEP 200000
FINISHED WRITING RESTART VELOCITIES
PRESSURE: 300000 574.944 240.384 110.534 240.383 523.321 -199.075 110.533 -199.076 1104.29
GPRESSURE: 300000 806.205 279.134 138.442 239.137 599.129 120.795 97.2266 -498.722 954.648
PRESSAVG: 300000 295.655 88.7894 80.3584 88.7894 -162.797 3.83496 80.3584 3.83496 -84.6439
GPRESSAVG: 300000 357.539 113.616 74.7578 -1.48881 -109.373 20.4167 -44.4964 -27.0078 10.1259
ENERGY:  300000         3.2672         6.0381         6.8368         0.0000         -10710.6628      1509.4564         0.0000         0.0000      1786.7412          -7398.3230       305.3070     -9185.0642     -7397.4140       302.6604            734.1866       786.6609     30234.7030       154.0808       212.8613
FEP:     300000        16.1421    -10710.6628      1509.1082

WRITING EXTENDED SYSTEM TO RESTART FILE AT STEP 300000
WRITING COORDINATES TO DCD FILE mobley_7364468_prod.dcd AT STEP 300000
WRITING COORDINATES TO RESTART FILE AT STEP 300000
FINISHED WRITING RESTART COORDINATES
WRITING VELOCITIES TO RESTART FILE AT STEP 300000
FINISHED WRITING RESTART VELOCITIES
PRESSURE: 400000 1002.22 -481.925 -536.44 -481.926 846.318 -10.9796 -536.443 -10.9809 1511.8
GPRESSURE: 400000 1154.19 -497.691 -285.741 -434.773 832.177 -182.628 -782.501 137.927 1479.65
PRESSAVG: 400000 316.671 71.4363 65.3208 71.4363 -102.775 -3.61847 65.3208 -3.61847 -14.9101
GPRESSAVG: 400000 397.109 97.1047 77.7289 -33.0916 -67.1204 1.93355 -65.3568 -32.0446 71.6005
ENERGY:  400000         3.5095        10.0006         4.0173         0.0000         -10662.1079      1526.1133         0.0000         0.0000      1772.4238          -7346.0433       302.8605     -9118.4671     -7387.1399       302.7004           1120.1127      1155.3392     30075.2718       347.2872       401.3569
FEP:     400000        17.5275    -10662.1079      1526.4387

WRITING EXTENDED SYSTEM TO RESTART FILE AT STEP 400000
WRITING COORDINATES TO DCD FILE mobley_7364468_prod.dcd AT STEP 400000
WRITING COORDINATES TO RESTART FILE AT STEP 400000
FINISHED WRITING RESTART COORDINATES
WRITING VELOCITIES TO RESTART FILE AT STEP 400000
FINISHED WRITING RESTART VELOCITIES
PRESSURE: 500000 -855.057 -86.552 280.571 -86.5497 100.122 51.0673 280.568 51.0643 -1585.73
GPRESSURE: 500000 -769.512 -193.123 -44.0166 -18.5095 -33.6996 32.3113 540.86 344.821 -1358.58
PRESSAVG: 500000 251.006 85.1962 112.162 85.1962 -95.1021 -11.4946 112.162 -11.4946 -72.1872
GPRESSAVG: 500000 319.876 104.01 115.968 -21.6502 -68.2686 -5.07053 -0.663556 -20.964 25.9287
ENERGY:  500000         4.9178         8.4590         5.9678         0.0000         -10573.7118      1378.5858         0.0000         0.0000      1734.5493          -7441.2321       296.3888     -9175.7814     -7396.1553       301.6485           -780.2227      -720.5957     30487.6484       159.3689       214.3648
FEP:     500000        19.3446    -10573.7118      1378.9326

WRITING EXTENDED SYSTEM TO RESTART FILE AT STEP 500000
WRITING COORDINATES TO DCD FILE mobley_7364468_prod.dcd AT STEP 500000
WRITING COORDINATES TO RESTART FILE AT STEP 500000
FINISHED WRITING RESTART COORDINATES
WRITING VELOCITIES TO RESTART FILE AT STEP 500000
FINISHED WRITING RESTART VELOCITIES
PRESSURE: 600000 849.788 -60.1245 -115.808 -60.1244 492.413 56.364 -115.804 56.3645 526.512
GPRESSURE: 600000 801.413 200.971 247.193 31.261 523.027 469.413 -211.98 -381.72 508.151
PRESSAVG: 600000 292.265 67.2704 89.6979 67.2704 -54.6294 19.6023 89.6979 19.6023 -27.7304
GPRESSAVG: 600000 346.924 108.407 103.515 -25.8391 -28.3457 36.7233 -22.719 -22.0915 73.1555
ENERGY:  600000         3.5526         7.4962         4.3424         0.0000         -10619.5743      1466.6587         0.0000         0.0000      1781.1896          -7356.3348       304.3584     -9137.5245     -7390.4666       302.0356            622.9042       610.8638     29832.3243       225.5882       271.0075
FEP:     600000        15.3911    -10619.5743      1466.5240

WRITING EXTENDED SYSTEM TO RESTART FILE AT STEP 600000
WRITING COORDINATES TO DCD FILE mobley_7364468_prod.dcd AT STEP 600000
WRITING COORDINATES TO RESTART FILE AT STEP 600000
FINISHED WRITING RESTART COORDINATES
WRITING VELOCITIES TO RESTART FILE AT STEP 600000
FINISHED WRITING RESTART VELOCITIES
PRESSURE: 700000 212.905 -203.212 233.973 -203.212 -223.304 272.175 233.976 272.173 -1426.63
GPRESSURE: 700000 156.601 -572.783 304.294 -251.509 -53.9118 -40.3027 32.8203 427.622 -1375.86
PRESSAVG: 700000 306.76 57.0189 98.2735 57.0189 -51.0326 28.6909 98.2735 28.6909 -83.5258
GPRESSAVG: 700000 357.55 86.5187 112.815 -43.6212 -8.76748 27.7122 -20.2289 -0.367822 14.0197
ENERGY:  700000         2.6560        11.0510         3.6899         0.0000         -10732.1746      1420.4611         0.0000         0.0000      1735.8144          -7558.5021       296.6049     -9294.3165     -7411.4711       301.3568           -479.0114      -424.3893     30266.0473       137.5132       184.0829
FEP:     700000        17.3970    -10732.1746      1420.5588

WRITING EXTENDED SYSTEM TO RESTART FILE AT STEP 700000
WRITING COORDINATES TO DCD FILE mobley_7364468_prod.dcd AT STEP 700000
WRITING COORDINATES TO RESTART FILE AT STEP 700000
FINISHED WRITING RESTART COORDINATES
WRITING VELOCITIES TO RESTART FILE AT STEP 700000
FINISHED WRITING RESTART VELOCITIES
PRESSURE: 800000 -102.855 271.035 -697.773 271.035 -65.7124 212.285 -697.774 212.283 -988.038
GPRESSURE: 800000 22.0607 386.633 -497.433 197.054 25.7665 69.4508 -774.049 373.932 -970.44
PRESSAVG: 800000 208.434 46.8988 86.2063 46.8988 -98.7706 28.6866 86.2063 28.6866 -144.986
GPRESSAVG: 800000 275.715 57.159 110.983 -35.7786 -64.086 26.1772 -35.1451 3.73118 -58.2524
ENERGY:  800000         2.2113         9.4378         2.9500         0.0000         -10617.3112      1380.7913         0.0000         0.0000      1744.0564          -7477.8645       298.0133     -9221.9209     -7418.8481       300.9853           -385.5351      -307.5376     30019.1538        79.3968       129.4584
FEP:     800000        14.5991    -10617.3112      1380.4388

WRITING EXTENDED SYSTEM TO RESTART FILE AT STEP 800000
WRITING COORDINATES TO DCD FILE mobley_7364468_prod.dcd AT STEP 800000
WRITING COORDINATES TO RESTART FILE AT STEP 800000
FINISHED WRITING RESTART COORDINATES
WRITING VELOCITIES TO RESTART FILE AT STEP 800000
FINISHED WRITING RESTART VELOCITIES
PRESSURE: 900000 33.9551 -240.311 -226.85 -240.312 214.655 -284.806 -226.853 -284.803 57.8461
GPRESSURE: 900000 47.3111 -93.2912 -198.116 -76.9242 436.464 -213.042 -68.7788 -383.489 119.517
PRESSAVG: 900000 231.797 41.4103 65.1618 41.4103 -32.0532 -10.6639 65.1618 -10.6639 -114.05
GPRESSAVG: 900000 288.504 60.7124 83.7772 -28.5009 11.9428 6.42665 -38.3046 -52.2137 -28.265
ENERGY:  900000         1.8902        13.4401         4.3030         0.0000         -10748.2311      1448.7683         0.0000         0.0000      1773.2778          -7506.5518       303.0064     -9279.8296     -7427.6185       301.1874            102.1521       201.0975     29758.2838        81.6723       136.6223
FEP:     900000        19.6333    -10748.2311      1449.4613

WRITING EXTENDED SYSTEM TO RESTART FILE AT STEP 900000
WRITING COORDINATES TO DCD FILE mobley_7364468_prod.dcd AT STEP 900000
WRITING COORDINATES TO RESTART FILE AT STEP 900000
FINISHED WRITING RESTART COORDINATES
WRITING VELOCITIES TO RESTART FILE AT STEP 900000
FINISHED WRITING RESTART VELOCITIES
PRESSURE: 1000000 718.219 521.323 -168.053 521.325 272.248 -162.126 -168.048 -162.126 237.115
GPRESSURE: 1000000 633.19 696.699 -287.305 767.736 206.386 -143.127 41.6534 -130.8 493.074
PRESSAVG: 1000000 300.659 63.1588 15.1875 63.1588 20.7252 -1.25791 15.1875 -1.25791 -99.816
GPRESSAVG: 1000000 338.708 93.3447 10.3879 9.4085 54.7168 -0.915527 -55.5792 -38.0751 3.95689
TIMING: 1000000  CPU: 2999.68, 0.000421904/step  Wall: 3081.97, 0.00043045/step, 401.441 ns/days, 0.0597847 hours remaining, 0.000000 MB of memory in use.
PERFORMANCE: 1000000  averaging 393.901 ns/day, 0.000438689 sec/step with standard deviation 2.08675e-05
ETITLE:      TS           BOND          ANGLE          DIHED          IMPRP               ELECT            VDW       BOUNDARY           MISC        KINETIC               TOTAL           TEMP      POTENTIAL       TOTALAVG        TEMPAVG            PRESSURE      GPRESSURE         VOLUME       PRESSAVG      GPRESSAVG
FEPTITLE:    TS          BOND2         ELECT2           VDW2

ENERGY: 1000000         2.6714        10.1730         5.3326         0.0000         -10693.3568      1486.8714         0.0000         0.0000      1769.7995          -7418.5089       302.4121     -9188.3084     -7426.7903       301.2987            409.1940       444.2164     29958.8689       111.4470       164.5854
FEP:    1000000        18.1770    -10693.3568      1487.7383

WRITING EXTENDED SYSTEM TO RESTART FILE AT STEP 1000000
WRITING COORDINATES TO DCD FILE mobley_7364468_prod.dcd AT STEP 1000000
WRITING COORDINATES TO RESTART FILE AT STEP 1000000
FINISHED WRITING RESTART COORDINATES
WRITING VELOCITIES TO RESTART FILE AT STEP 1000000
FINISHED WRITING RESTART VELOCITIES
PRESSURE: 1100000 478.172 86.9529 569.033 86.9514 -296.155 -537.21 569.036 -537.216 698.24
GPRESSURE: 1100000 330.556 -4.52187 372.833 40.6547 -158.978 -481.414 602.915 -464.572 841.835
PRESSAVG: 1100000 334.907 61.2333 43.2583 61.2333 3.76795 -42.6674 43.2583 -42.6674 -32.1821
GPRESSAVG: 1100000 363.252 91.8536 28.8819 -2.95861 46.3642 -43.3384 -19.1696 -65.1539 68.481
ENERGY: 1100000         5.9045         9.8399         4.1511         0.0000         -10594.2537      1471.6877         0.0000         0.0000      1770.5326          -7332.1378       302.5374     -9102.6705     -7418.9026       301.4019            293.4191       337.8042     30828.5972       126.6113       179.0203
FEP:    1100000        19.8955    -10594.2537      1472.0093

WRITING EXTENDED SYSTEM TO RESTART FILE AT STEP 1100000
WRITING COORDINATES TO DCD FILE mobley_7364468_prod.dcd AT STEP 1100000
WRITING COORDINATES TO RESTART FILE AT STEP 1100000
FINISHED WRITING RESTART COORDINATES
WRITING VELOCITIES TO RESTART FILE AT STEP 1100000
FINISHED WRITING RESTART VELOCITIES
PRESSURE: 1200000 417.651 -524.634 -488.54 -524.635 281.91 44.2727 -488.541 44.2696 -11.4405
GPRESSURE: 1200000 374.858 -381.276 -108.611 -539.769 355.704 75.949 -543.739 131.537 292.309
PRESSAVG: 1200000 373.654 30.4312 19.3223 30.4312 14.3543 -58.2268 19.3223 -58.2268 -54.9094
GPRESSAVG: 1200000 402.062 60.4703 29.8471 -27.0699 50.1417 -42.543 -41.2642 -56.0824 53.5559
ENERGY: 1200000         3.5725         8.0056         3.8080         0.0000         -10728.2215      1483.3548         0.0000         0.0000      1730.3010          -7499.1796       295.6628     -9229.4806     -7425.0778       300.9605            229.3736       340.9571     29852.0703       134.5161       191.4770
FEP:    1200000        15.3861    -10728.2215      1484.1732

WRITING EXTENDED SYSTEM TO RESTART FILE AT STEP 1200000
WRITING COORDINATES TO DCD FILE mobley_7364468_prod.dcd AT STEP 1200000
WRITING COORDINATES TO RESTART FILE AT STEP 1200000
FINISHED WRITING RESTART COORDINATES
WRITING VELOCITIES TO RESTART FILE AT STEP 1200000
FINISHED WRITING RESTART VELOCITIES
PRESSURE: 1300000 -189.187 163.123 -91.0191 163.121 18.215 504.89 -91.0171 504.887 424.259
GPRESSURE: 1300000 -11.1236 227.762 -228.628 -23.2747 -175.667 548.31 332.473 628.732 509.167
PRESSAVG: 1300000 366.35 25.0309 15.4875 25.0309 53.4131 -37.5192 15.4875 -37.5192 -16.9064
GPRESSAVG: 1300000 395.034 69.9012 25.881 -28.5237 78.9363 -11.3888 -29.8611 -30.2047 95.2106
ENERGY: 1300000         2.6437         7.9743         4.4022         0.0000         -10656.8836      1445.7515         0.0000         0.0000      1686.2868          -7509.8251       288.1420     -9196.1119     -7431.1312       300.0449             84.4292       107.4589     30129.0228       130.9385       185.4757
FEP:    1300000        15.0202    -10656.8836      1446.3672

WRITING EXTENDED SYSTEM TO RESTART FILE AT STEP 1300000
WRITING COORDINATES TO DCD FILE mobley_7364468_prod.dcd AT STEP 1300000
WRITING COORDINATES TO RESTART FILE AT STEP 1300000
FINISHED WRITING RESTART COORDINATES
WRITING VELOCITIES TO RESTART FILE AT STEP 1300000
FINISHED WRITING RESTART VELOCITIES
PRESSURE: 1400000 -596.361 -71.2148 -432.326 -71.2115 -534.29 10.6404 -432.327 10.6406 -166.465
GPRESSURE: 1400000 -298.362 -167.279 -273.945 -283.202 -393.551 64.6591 -617.428 -164.808 -393.798
PRESSAVG: 1400000 355.945 23.2874 -20.4469 23.2874 18.897 -23.6149 -20.4469 -23.6149 17.1464
GPRESSAVG: 1400000 403.89 59.6448 1.28383 -33.8258 49.7161 -2.35212 -57.5921 -38.0826 99.3585
ENERGY: 1400000         4.2237         8.6028         5.3660         0.0000         -10663.7965      1399.2299         0.0000         0.0000      1712.5751          -7533.7990       292.6339     -9246.3741     -7437.9757       299.5508           -432.3720      -361.9038     29943.9471        93.3845       148.9837
FEP:    1400000        18.1925    -10663.7965      1400.8346

WRITING EXTENDED SYSTEM TO RESTART FILE AT STEP 1400000
WRITING COORDINATES TO DCD FILE mobley_7364468_prod.dcd AT STEP 1400000
WRITING COORDINATES TO RESTART FILE AT STEP 1400000
FINISHED WRITING RESTART COORDINATES
WRITING VELOCITIES TO RESTART FILE AT STEP 1400000
FINISHED WRITING RESTART VELOCITIES
PRESSURE: 1500000 421.921 -479.7 -208.101 -479.701 -189.885 63.542 -208.099 63.5394 -316.875
GPRESSURE: 1500000 711.888 -349.735 -55.1858 -703.757 -301.969 33.5652 -21.2468 269.377 -296.22
PRESSAVG: 1500000 337.011 9.73379 -38.5847 9.73379 38.9377 -15.4518 -38.5847 -15.4518 -45.399
GPRESSAVG: 1500000 410.36 48.531 -12.5784 -45.6436 61.5713 -5.13771 -62.101 -20.9261 30.5828
ENERGY: 1500000         2.7523         8.0677         5.3674         0.0000         -10720.3186      1425.7298         0.0000         0.0000      1811.9011          -7466.5002       309.6062     -9278.4014     -7439.7585       300.1793            -28.2796        37.8995     29362.3459        85.7804       142.0410
FEP:    1500000        16.1875    -10720.3186      1426.3337

WRITING EXTENDED SYSTEM TO RESTART FILE AT STEP 1500000
WRITING COORDINATES TO DCD FILE mobley_7364468_prod.dcd AT STEP 1500000
WRITING COORDINATES TO RESTART FILE AT STEP 1500000
FINISHED WRITING RESTART COORDINATES
WRITING VELOCITIES TO RESTART FILE AT STEP 1500000
FINISHED WRITING RESTART VELOCITIES
TCL: Running FEP window   6: Lambda1 0.25   Lambda2 0.3    [dLambda 0.04999999999999999]
TCL: Setting parameter firsttimestep to 0
TCL: Setting parameter alchLambda to 0.25
Info: NONBONDED TABLE R-SQUARED SPACING: 0.0625
Info: NONBONDED TABLE SIZE: 705 POINTS
Info: INCONSISTENCY IN FAST TABLE ENERGY VS FORCE: 0.000290481 AT 0.251946
Info: INCONSISTENCY IN SCOR TABLE ENERGY VS FORCE: 0.000238233 AT 8.9687
Info: ABSOLUTE IMPRECISION IN VDWA TABLE ENERGY: 1.21169e-27 AT 8.99653
Info: ABSOLUTE IMPRECISION IN VDWA TABLE FORCE: 2.57484e-27 AT 8.99653
Info: INCONSISTENCY IN VDWA TABLE ENERGY VS FORCE: 0.0040507 AT 0.251946
Info: INCONSISTENCY IN VDWB TABLE ENERGY VS FORCE: 0.00150189 AT 0.251946
TCL: Setting parameter alchLambda2 to 0.3
Info: NONBONDED TABLE R-SQUARED SPACING: 0.0625
Info: NONBONDED TABLE SIZE: 705 POINTS
Info: INCONSISTENCY IN FAST TABLE ENERGY VS FORCE: 0.000290481 AT 0.251946
Info: INCONSISTENCY IN SCOR TABLE ENERGY VS FORCE: 0.000238233 AT 8.9687
Info: ABSOLUTE IMPRECISION IN VDWA TABLE ENERGY: 1.21169e-27 AT 8.99653
Info: ABSOLUTE IMPRECISION IN VDWA TABLE FORCE: 2.57484e-27 AT 8.99653
Info: INCONSISTENCY IN VDWA TABLE ENERGY VS FORCE: 0.0040507 AT 0.251946
Info: INCONSISTENCY IN VDWB TABLE ENERGY VS FORCE: 0.00150189 AT 0.251946
TCL: Running for 1500000 steps
FEP: RESETTING FOR NEW FEP WINDOW LAMBDA SET TO 0.25 LAMBDA2 0.3
FEP: WINDOW TO HAVE 100000 STEPS OF EQUILIBRATION PRIOR TO FEP DATA COLLECTION.
FEP: USING CONSTANT TEMPERATURE OF 300 K FOR FEP CALCULATION
PRESSURE: 0 388.135 -418.137 -239.054 -418.134 -215.112 70.255 -239.056 70.2552 -351.245
GPRESSURE: 0 720.611 -346.11 -62.5845 -699.366 -294.85 32.9083 -29.346 270.444 -281.808
ETITLE:      TS           BOND          ANGLE          DIHED          IMPRP               ELECT            VDW       BOUNDARY           MISC        KINETIC               TOTAL           TEMP      POTENTIAL       TOTALAVG        TEMPAVG            PRESSURE      GPRESSURE         VOLUME       PRESSAVG      GPRESSAVG
FEPTITLE:    TS          BOND2         ELECT2           VDW2

ENERGY:       0         2.7523         8.0677         5.3674         0.0000         -10720.3200      1426.3337         0.0000         0.0000      1811.0435          -7466.7553       309.4596     -9277.7989     -7466.7553       309.4596            -59.4075        47.9844     29362.3459       -59.4075        47.9844
FEP:          0        16.1875    -10720.3200      1427.7837

PRESSURE: 100000 -421.47 176.847 7.29293 176.848 -1128.43 194.584 7.29788 194.582 -451.401
GPRESSURE: 100000 -428.854 256.708 198.22 -66.2184 -840.051 213.629 -226.298 -20.0182 -520.152
PRESSAVG: 100000 299.039 -14.0136 -61.9161 -14.0136 -34.1649 -2.18196 -61.9161 -2.18196 -92.6924
GPRESSAVG: 100000 391.442 38.9042 -7.2336 -76.3094 -12.2595 2.30141 -70.5231 11.1435 -21.5207
ENERGY:  100000         4.8012        13.3744         3.8362         0.0000         -10706.7469      1400.5173         0.0000         0.0000      1780.7649          -7503.4530       304.2858     -9284.2179     -7485.1042       306.8727           -667.1015      -596.3526     30117.9842      -363.2545      -274.1841
FEP:     100000        22.0117    -10706.7469      1400.2492

WRITING EXTENDED SYSTEM TO RESTART FILE AT STEP 100000
WRITING COORDINATES TO DCD FILE mobley_7364468_prod.dcd AT STEP 100000
WRITING COORDINATES TO RESTART FILE AT STEP 100000
FINISHED WRITING RESTART COORDINATES
WRITING VELOCITIES TO RESTART FILE AT STEP 100000
FINISHED WRITING RESTART VELOCITIES
PRESSURE: 200000 -609.431 473.564 -228.991 473.563 730.059 117.043 -228.99 117.042 333.67
GPRESSURE: 200000 -407.285 315.578 -512.834 804.022 619.745 64.1042 112.849 27.0334 406.389
PRESSAVG: 200000 257.399 2.06912 -69.6952 2.06912 54.4133 19.9398 -69.6952 19.9398 -56.0274
GPRESSAVG: 200000 360.131 53.4664 -26.7815 -42.623 76.9465 28.0238 -60.2458 24.022 4.39867
ENERGY:  200000         2.7814        13.0765         3.8296         0.0000         -10667.2063      1428.0203         0.0000         0.0000      1720.8657          -7498.6329       294.0506     -9219.4986     -7489.6138       302.5987            151.4323       206.2831     29703.0921      -191.6922      -114.0283
FEP:     200000        19.6874    -10667.2063      1427.6971

WRITING EXTENDED SYSTEM TO RESTART FILE AT STEP 200000
WRITING COORDINATES TO DCD FILE mobley_7364468_prod.dcd AT STEP 200000
WRITING COORDINATES TO RESTART FILE AT STEP 200000
FINISHED WRITING RESTART COORDINATES
WRITING VELOCITIES TO RESTART FILE AT STEP 200000
FINISHED WRITING RESTART VELOCITIES
PRESSURE: 300000 -559.53 -930.013 -69.2076 -930.015 -148.401 37.5388 -69.2068 37.5357 -138.927
GPRESSURE: 300000 -297.383 -982.676 91.8675 -1037.37 -81.2707 111.699 120.394 14.0007 -118.212
PRESSAVG: 300000 166.1 -57.1566 -101.09 -57.1566 -1.33688 13.1881 -101.09 13.1881 -87.4948
GPRESSAVG: 300000 268.54 -13.2942 -57.9394 -90.3618 26.908 34.4544 -69.8433 11.9767 -30.7057
ENERGY:  300000         1.9261         8.2991         3.6641         0.0000         -10573.2707      1385.5905         0.0000         0.0000      1821.2924          -7352.4985       311.2109     -9173.7909     -7455.3349       304.7517           -282.2861      -165.6219     30166.3848      -214.3407      -126.9267
FEP:     300000        13.8893    -10573.2707      1385.2042

WRITING EXTENDED SYSTEM TO RESTART FILE AT STEP 300000
WRITING COORDINATES TO DCD FILE mobley_7364468_prod.dcd AT STEP 300000
WRITING COORDINATES TO RESTART FILE AT STEP 300000
FINISHED WRITING RESTART COORDINATES
WRITING VELOCITIES TO RESTART FILE AT STEP 300000
FINISHED WRITING RESTART VELOCITIES
PRESSURE: 400000 152.037 -129.383 -264.828 -129.378 -310.978 -183.511 -264.829 -183.51 -495.757
GPRESSURE: 400000 180.24 42.2962 -204.008 -124.145 -486.662 -524.939 -311.368 -139.595 -439.389
PRESSAVG: 400000 107.589 -74.1592 -141.877 -74.1592 -64.3759 -0.554947 -141.877 -0.554947 -138.79
GPRESSAVG: 400000 200.294 -28.7544 -103.905 -92.3987 -43.7371 9.00546 -101.064 -7.76372 -82.1441
ENERGY:  400000         5.2256         9.4288         5.0163         0.0000         -10583.0175      1391.7152         0.0000         0.0000      1740.9466          -7430.6850       297.4819     -9171.6316     -7450.4050       303.2978           -218.2331      -248.6037     29918.9045      -215.1192      -151.2621
FEP:     400000        19.6707    -10583.0175      1392.0224

WRITING EXTENDED SYSTEM TO RESTART FILE AT STEP 400000
WRITING COORDINATES TO DCD FILE mobley_7364468_prod.dcd AT STEP 400000
WRITING COORDINATES TO RESTART FILE AT STEP 400000
FINISHED WRITING RESTART COORDINATES
WRITING VELOCITIES TO RESTART FILE AT STEP 400000
FINISHED WRITING RESTART VELOCITIES
PRESSURE: 500000 160.903 446.358 425.948 446.358 575.544 -91.2179 425.948 -91.2189 -532.098
GPRESSURE: 500000 187.382 405.16 63.7244 255.774 533.248 -217.158 559.969 63.0837 -337.907
PRESSAVG: 500000 124.385 -63.3379 -102.375 -63.3379 47.7836 1.60285 -102.375 1.60285 -109.407
GPRESSAVG: 500000 220.288 -17.4563 -74.0076 -102.278 67.6197 -1.92127 -68.3308 7.03627 -51.2168
ENERGY:  500000         2.1170        10.2897         5.1270         0.0000         -10756.3677      1454.2802         0.0000         0.0000      1821.6034          -7462.9504       311.2640     -9284.5538     -7452.4959       304.6255             68.1164       127.5745     29798.2298      -167.9132      -104.7893
FEP:     500000        17.5337    -10756.3677      1453.6560

WRITING EXTENDED SYSTEM TO RESTART FILE AT STEP 500000
WRITING COORDINATES TO DCD FILE mobley_7364468_prod.dcd AT STEP 500000
WRITING COORDINATES TO RESTART FILE AT STEP 500000
FINISHED WRITING RESTART COORDINATES
WRITING VELOCITIES TO RESTART FILE AT STEP 500000
FINISHED WRITING RESTART VELOCITIES
PRESSURE: 600000 535.198 -537.738 -358.633 -537.737 888.666 73.9928 -358.633 73.9924 59.0946
GPRESSURE: 600000 585.76 -650.539 -636.746 -734.95 904.638 -23.3266 -145.676 93.5255 230.126
PRESSAVG: 600000 130.608 -89.1675 -124.913 -89.1675 91.56 11.9849 -124.913 11.9849 -75.5891
GPRESSAVG: 600000 224.987 -71.4042 -98.929 -132.906 110.784 0.542861 -64.5625 29.9156 -12.8745
ENERGY:  600000         3.8285        10.6806         4.2368         0.0000         -10683.1303      1487.9825         0.0000         0.0000      1768.6984          -7407.7034       302.2240     -9176.4019     -7446.0969       304.2824            494.3194       573.5077     30147.1520       -73.3086        -7.8898
FEP:     600000        18.7459    -10683.1303      1487.6066

WRITING EXTENDED SYSTEM TO RESTART FILE AT STEP 600000
WRITING COORDINATES TO DCD FILE mobley_7364468_prod.dcd AT STEP 600000
WRITING COORDINATES TO RESTART FILE AT STEP 600000
FINISHED WRITING RESTART COORDINATES
WRITING VELOCITIES TO RESTART FILE AT STEP 600000
FINISHED WRITING RESTART VELOCITIES
PRESSURE: 700000 332.165 239.538 -50.3828 239.539 393.877 374.185 -50.3857 374.185 -341.033
GPRESSURE: 700000 357.234 176.207 128.006 87.333 492.725 346.575 -6.4854 580.161 -283.668
PRESSAVG: 700000 118.469 -89.2097 -132.959 -89.2097 85.0878 40.648 -132.959 40.648 -147.856
GPRESSAVG: 700000 202.539 -76.5506 -99.4508 -140.497 105.463 11.8319 -69.7481 83.8597 -74.7904
ENERGY:  700000         7.1636        16.6176         4.9056         0.0000         -10616.1209      1459.7614         0.0000         0.0000      1713.3714          -7414.3014       292.7700     -9127.6727     -7442.1225       302.8433            128.3364       188.7637     30329.8868       -48.1030        16.6919
FEP:     700000        28.6867    -10616.1209      1459.8795

WRITING EXTENDED SYSTEM TO RESTART FILE AT STEP 700000
WRITING COORDINATES TO DCD FILE mobley_7364468_prod.dcd AT STEP 700000
WRITING COORDINATES TO RESTART FILE AT STEP 700000
FINISHED WRITING RESTART COORDINATES
WRITING VELOCITIES TO RESTART FILE AT STEP 700000
FINISHED WRITING RESTART VELOCITIES
PRESSURE: 800000 -1178.29 -424.025 463.397 -424.026 -608.208 -20.624 463.399 -20.626 -304.806
GPRESSURE: 800000 -996.08 -440.246 121.588 -86.7804 -439.92 -248.878 918.007 -10.7232 -351.066
PRESSAVG: 800000 9.44317 -86.3147 -82.967 -86.3147 12.3615 40.1657 -82.967 40.1657 -238.686
GPRESSAVG: 800000 95.0252 -73.6783 -79.0843 -123.097 41.8587 8.51933 15.2773 76.4272 -166.326
ENERGY:  800000         1.8427         8.7638         6.1444         0.0000         -10483.9450      1331.9397         0.0000         0.0000      1749.3848          -7385.8695       298.9238     -9135.2544     -7435.8722       302.4078           -697.1021      -595.6884     30447.4719      -120.2140       -51.3503
FEP:     800000        16.7509    -10483.9450      1331.5218

WRITING EXTENDED SYSTEM TO RESTART FILE AT STEP 800000
WRITING COORDINATES TO DCD FILE mobley_7364468_prod.dcd AT STEP 800000
WRITING COORDINATES TO RESTART FILE AT STEP 800000
FINISHED WRITING RESTART COORDINATES
WRITING VELOCITIES TO RESTART FILE AT STEP 800000
FINISHED WRITING RESTART VELOCITIES
PRESSURE: 900000 1135.93 -138.725 -92.2609 -138.726 214.759 52.9166 -92.2612 52.9183 -403.785
GPRESSURE: 900000 1006.85 23.7172 -339.1 25.5593 417.906 -105.291 36.1584 115.199 -444.789
PRESSAVG: 900000 108.992 -88.9235 -101.608 -88.9235 18.0933 40.2584 -101.608 40.2584 -179.588
GPRESSAVG: 900000 183.843 -62.8363 -93.8385 -120.893 64.4389 1.63923 -9.95778 64.9461 -120.637
ENERGY:  900000         2.9961         8.3783         4.0435         0.0000         -10607.0983      1461.7245         0.0000         0.0000      1760.6862          -7369.2697       300.8549     -9129.9559     -7429.2119       302.2525            315.6334       326.6544     30545.3956       -76.6292       -13.5499
FEP:     900000        15.4179    -10607.0983      1461.2898

WRITING EXTENDED SYSTEM TO RESTART FILE AT STEP 900000
WRITING COORDINATES TO DCD FILE mobley_7364468_prod.dcd AT STEP 900000
WRITING COORDINATES TO RESTART FILE AT STEP 900000
FINISHED WRITING RESTART COORDINATES
WRITING VELOCITIES TO RESTART FILE AT STEP 900000
FINISHED WRITING RESTART VELOCITIES
PRESSURE: 1000000 -579.279 217.796 196.682 217.796 -128.669 256.911 196.685 256.912 -654.166
GPRESSURE: 1000000 -617.685 226.215 293.174 93.5924 -97.1348 526.223 93.8627 263.798 -549.854
PRESSAVG: 1000000 37.539 -75.0275 -85.984 -75.0275 -12.9608 50.2858 -85.984 50.2858 -238.622
GPRESSAVG: 1000000 112.888 -61.5741 -91.5395 -117.777 33.4309 4.47974 5.33435 97.222 -173.537
TIMING: 1000000  CPU: 3625.19, 0.000414775/step  Wall: 3720.6, 0.000424315/step, 407.245 ns/days, 0.0589326 hours remaining, 0.000000 MB of memory in use.
PERFORMANCE: 1000000  averaging 396.064 ns/day, 0.000436294 sec/step with standard deviation 1.95652e-05
ETITLE:      TS           BOND          ANGLE          DIHED          IMPRP               ELECT            VDW       BOUNDARY           MISC        KINETIC               TOTAL           TEMP      POTENTIAL       TOTALAVG        TEMPAVG            PRESSURE      GPRESSURE         VOLUME       PRESSAVG      GPRESSAVG
FEPTITLE:    TS          BOND2         ELECT2           VDW2

ENERGY: 1000000         4.0765         6.2588         5.0427         0.0000         -10635.4435      1391.4952         0.0000         0.0000      1708.4188          -7520.1515       291.9238     -9228.5703     -7437.4792       301.3136           -454.0380      -421.5580     29944.3154      -110.9391       -50.6415
FEP:    1000000        15.3780    -10635.4435      1392.3701

WRITING EXTENDED SYSTEM TO RESTART FILE AT STEP 1000000
WRITING COORDINATES TO DCD FILE mobley_7364468_prod.dcd AT STEP 1000000
WRITING COORDINATES TO RESTART FILE AT STEP 1000000
FINISHED WRITING RESTART COORDINATES
WRITING VELOCITIES TO RESTART FILE AT STEP 1000000
FINISHED WRITING RESTART VELOCITIES
PRESSURE: 1100000 374.346 558.942 -177.89 558.943 383.672 558.097 -177.891 558.1 -109.036
GPRESSURE: 1100000 376.311 325.969 -377.076 725.699 529.168 555.799 -172.172 518.686 -4.86133
PRESSAVG: 1100000 45.611 -36.9198 -106.577 -36.9198 17.3881 64.5822 -106.577 64.5822 -172.742
GPRESSAVG: 1100000 123.874 -16.6365 -125.608 -68.9164 62.5848 34.2848 -4.91528 101.775 -104.987
ENERGY: 1100000         4.9455        14.7327         4.7161         0.0000         -10640.8678      1450.1207         0.0000         0.0000      1737.5846          -7428.7682       296.9074     -9166.3528     -7436.7532       300.9464            216.3272       300.2060     29966.6118       -83.6669       -21.4042
FEP:    1100000        24.3943    -10640.8678      1449.9309

WRITING EXTENDED SYSTEM TO RESTART FILE AT STEP 1100000
WRITING COORDINATES TO DCD FILE mobley_7364468_prod.dcd AT STEP 1100000
WRITING COORDINATES TO RESTART FILE AT STEP 1100000
FINISHED WRITING RESTART COORDINATES
WRITING VELOCITIES TO RESTART FILE AT STEP 1100000
FINISHED WRITING RESTART VELOCITIES
PRESSURE: 1200000 35.6498 -135.405 -637.545 -135.402 -393.625 -215.809 -637.546 -215.808 -434.533
GPRESSURE: 1200000 -117.8 -191.545 -540.58 116.586 -164.547 10.1661 -447.174 -381.994 -287.504
PRESSAVG: 1200000 52.5363 -57.2416 -103.566 -57.2416 0.992439 43.1776 -103.566 43.1776 -145.067
GPRESSAVG: 1200000 116.881 -45.5454 -127.765 -72.9399 53.0692 31.3206 11.4285 63.9789 -70.8405
ENERGY: 1200000         1.8423        11.1913         3.2219         0.0000         -10776.9046      1444.4253         0.0000         0.0000      1798.7265          -7517.4972       307.3550     -9316.2238     -7442.9643       301.4393           -264.1693      -189.9504     30106.9244       -97.5517       -34.3693
FEP:    1200000        16.2556    -10776.9046      1444.8491

WRITING EXTENDED SYSTEM TO RESTART FILE AT STEP 1200000
WRITING COORDINATES TO DCD FILE mobley_7364468_prod.dcd AT STEP 1200000
WRITING COORDINATES TO RESTART FILE AT STEP 1200000
FINISHED WRITING RESTART COORDINATES
WRITING VELOCITIES TO RESTART FILE AT STEP 1200000
FINISHED WRITING RESTART VELOCITIES
PRESSURE: 1300000 -439.907 386.96 68.2864 386.96 -231.155 333.362 68.2879 333.357 336.819
GPRESSURE: 1300000 -313.029 490.452 418.215 500.544 -201.771 475.698 -52.5642 -58.0892 258.679
PRESSAVG: 1300000 28.8432 -25.878 -88.8089 -25.878 -21.2981 74.0857 -88.8089 74.0857 -131.118
GPRESSAVG: 1300000 98.8637 -16.3582 -96.9487 -44.0664 21.1574 65.7576 12.2392 80.2488 -63.8824
ENERGY: 1300000         0.8761         8.5377         4.0416         0.0000         -10620.3930      1411.1623         0.0000         0.0000      1779.8411          -7415.9342       304.1279     -9195.7752     -7441.0336       301.6314           -111.4142       -85.3734     30208.8654       -98.5419       -38.0125
FEP:    1300000        13.4554    -10620.3930      1411.3487

WRITING EXTENDED SYSTEM TO RESTART FILE AT STEP 1300000
WRITING COORDINATES TO DCD FILE mobley_7364468_prod.dcd AT STEP 1300000
WRITING COORDINATES TO RESTART FILE AT STEP 1300000
FINISHED WRITING RESTART COORDINATES
WRITING VELOCITIES TO RESTART FILE AT STEP 1300000
FINISHED WRITING RESTART VELOCITIES
PRESSURE: 1400000 480.709 -177.375 292.558 -177.378 102.715 309.025 292.559 309.024 1043.18
GPRESSURE: 1400000 467.024 93.8408 493.615 -327.294 207.637 170.89 517.26 484.611 1148.99
PRESSAVG: 1400000 16.9677 -60.8132 -65.7785 -60.8132 -29.7747 97.6432 -65.7785 97.6432 -90.8153
GPRESSAVG: 1400000 90.5554 -46.5012 -57.9027 -98.818 21.22 81.4585 36.0195 111.019 -31.0865
ENERGY: 1400000         3.9651        12.8579         5.4730         0.0000         -10752.6399      1518.1324         0.0000         0.0000      1750.4936          -7461.7180       299.1132     -9212.2116     -7442.4126       301.4635            542.2006       607.8841     30175.2930       -55.8257         5.0473
FEP:    1400000        22.2960    -10752.6399      1517.9317

WRITING EXTENDED SYSTEM TO RESTART FILE AT STEP 1400000
WRITING COORDINATES TO DCD FILE mobley_7364468_prod.dcd AT STEP 1400000
WRITING COORDINATES TO RESTART FILE AT STEP 1400000
FINISHED WRITING RESTART COORDINATES
WRITING VELOCITIES TO RESTART FILE AT STEP 1400000
FINISHED WRITING RESTART VELOCITIES
PRESSURE: 1500000 890.592 -211.805 -384.949 -211.802 -220.018 111.975 -384.95 111.977 1512.52
GPRESSURE: 1500000 791.012 -360.154 -202.252 275.162 71.5896 -115.245 -461.485 47.1092 1576.21
PRESSAVG: 1500000 37.5886 -75.7508 -113.478 -75.7508 -25.9678 130.103 -113.478 130.103 -50.1013
GPRESSAVG: 1500000 113.578 -64.2827 -86.657 -87.0926 32.7484 99.7669 -17.2005 136.603 5.6324
ENERGY: 1500000         2.4222         9.8264         4.1014         0.0000         -10741.7953      1514.9391         0.0000         0.0000      1857.7509          -7352.7553       317.4407     -9210.5062     -7436.8090       302.4621            727.6981       812.9385     30046.0595        -6.8555        55.5405
FEP:    1500000        16.3500    -10741.7953      1516.6497

WRITING EXTENDED SYSTEM TO RESTART FILE AT STEP 1500000
WRITING COORDINATES TO DCD FILE mobley_7364468_prod.dcd AT STEP 1500000
WRITING COORDINATES TO RESTART FILE AT STEP 1500000
FINISHED WRITING RESTART COORDINATES
WRITING VELOCITIES TO RESTART FILE AT STEP 1500000
FINISHED WRITING RESTART VELOCITIES
TCL: Running FEP window   7: Lambda1 0.3    Lambda2 0.35   [dLambda 0.04999999999999999]
TCL: Setting parameter firsttimestep to 0
TCL: Setting parameter alchLambda to 0.3
Info: NONBONDED TABLE R-SQUARED SPACING: 0.0625
Info: NONBONDED TABLE SIZE: 705 POINTS
Info: INCONSISTENCY IN FAST TABLE ENERGY VS FORCE: 0.000290481 AT 0.251946
Info: INCONSISTENCY IN SCOR TABLE ENERGY VS FORCE: 0.000238233 AT 8.9687
Info: ABSOLUTE IMPRECISION IN VDWA TABLE ENERGY: 1.21169e-27 AT 8.99653
Info: ABSOLUTE IMPRECISION IN VDWA TABLE FORCE: 2.57484e-27 AT 8.99653
Info: INCONSISTENCY IN VDWA TABLE ENERGY VS FORCE: 0.0040507 AT 0.251946
Info: INCONSISTENCY IN VDWB TABLE ENERGY VS FORCE: 0.00150189 AT 0.251946
TCL: Setting parameter alchLambda2 to 0.35
Info: NONBONDED TABLE R-SQUARED SPACING: 0.0625
Info: NONBONDED TABLE SIZE: 705 POINTS
Info: INCONSISTENCY IN FAST TABLE ENERGY VS FORCE: 0.000290481 AT 0.251946
Info: INCONSISTENCY IN SCOR TABLE ENERGY VS FORCE: 0.000238233 AT 8.9687
Info: ABSOLUTE IMPRECISION IN VDWA TABLE ENERGY: 1.21169e-27 AT 8.99653
Info: ABSOLUTE IMPRECISION IN VDWA TABLE FORCE: 2.57484e-27 AT 8.99653
Info: INCONSISTENCY IN VDWA TABLE ENERGY VS FORCE: 0.0040507 AT 0.251946
Info: INCONSISTENCY IN VDWB TABLE ENERGY VS FORCE: 0.00150189 AT 0.251946
TCL: Running for 1500000 steps
FEP: RESETTING FOR NEW FEP WINDOW LAMBDA SET TO 0.3 LAMBDA2 0.35
FEP: WINDOW TO HAVE 100000 STEPS OF EQUILIBRATION PRIOR TO FEP DATA COLLECTION.
FEP: USING CONSTANT TEMPERATURE OF 300 K FOR FEP CALCULATION
PRESSURE: 0 851.615 -205.727 -368.247 -205.728 -168.431 42.3029 -368.245 42.3052 1546.63
GPRESSURE: 0 807.864 -352.189 -200.008 281.01 89.3261 -112.067 -460.176 49.8615 1579.04
ETITLE:      TS           BOND          ANGLE          DIHED          IMPRP               ELECT            VDW       BOUNDARY           MISC        KINETIC               TOTAL           TEMP      POTENTIAL       TOTALAVG        TEMPAVG            PRESSURE      GPRESSURE         VOLUME       PRESSAVG      GPRESSAVG
FEPTITLE:    TS          BOND2         ELECT2           VDW2

ENERGY:       0         2.4222         9.8264         4.1014         0.0000         -10741.7954      1516.6496         0.0000         0.0000      1856.8515          -7351.9443       317.2870     -9208.7958     -7351.9443       317.2870            743.2720       825.4106     30046.0595       743.2720       825.4106
FEP:          0        16.3500    -10741.7954      1519.7011

PRESSURE: 100000 276.055 -119.91 104.813 -119.91 -779.319 -158.846 104.816 -158.843 475.994
GPRESSURE: 100000 188.236 -337.263 17.7258 17.3492 -568.244 28.3415 59.0713 -119.934 576.354
PRESSAVG: 100000 82.5489 -73.957 -97.6714 -73.957 -88.3616 96.8181 -97.6714 96.8181 30.3891
GPRESSAVG: 100000 145.196 -91.0796 -78.9091 -44.0225 -0.199361 64.3677 -26.6924 95.0864 73.3284
ENERGY:  100000         6.5719        11.4130         5.5652         0.0000         -10623.5859      1425.0559         0.0000         0.0000      1734.7071          -7440.2727       296.4157     -9174.9798     -7396.1085       306.8514             -9.0901        65.4487     30281.0320       367.0909       445.4297
FEP:     100000        23.5502    -10623.5859      1425.6939

WRITING EXTENDED SYSTEM TO RESTART FILE AT STEP 100000
WRITING COORDINATES TO DCD FILE mobley_7364468_prod.dcd AT STEP 100000
WRITING COORDINATES TO RESTART FILE AT STEP 100000
FINISHED WRITING RESTART COORDINATES
WRITING VELOCITIES TO RESTART FILE AT STEP 100000
FINISHED WRITING RESTART VELOCITIES
PRESSURE: 200000 -58.0788 -343.4 -25.0465 -343.397 -412.565 305.258 -25.0444 305.257 -355.28
GPRESSURE: 200000 -152.354 -104.578 -551.549 -204.238 -306.569 409.42 88.0375 392.483 -287.454
PRESSAVG: 200000 109.463 -87.5663 -77.3073 -87.5663 -82.2754 111.549 -77.3073 111.549 20.9484
GPRESSAVG: 200000 152.497 -87.9446 -92.7893 -40.0743 4.14976 81.6057 8.58086 122.951 78.6456
ENERGY:  200000         6.0740         8.5285         4.0126         0.0000         -10612.7141      1398.4964         0.0000         0.0000      1761.1447          -7434.4578       300.9332     -9195.6025     -7408.8916       304.8786           -275.3080      -248.7920     30168.5141       152.9579       214.0224
FEP:     200000        18.6151    -10612.7141      1399.1025

WRITING EXTENDED SYSTEM TO RESTART FILE AT STEP 200000
WRITING COORDINATES TO DCD FILE mobley_7364468_prod.dcd AT STEP 200000
WRITING COORDINATES TO RESTART FILE AT STEP 200000
FINISHED WRITING RESTART COORDINATES
WRITING VELOCITIES TO RESTART FILE AT STEP 200000
FINISHED WRITING RESTART VELOCITIES
PRESSURE: 300000 671.108 328.63 -321.104 328.632 -59.9992 16.4568 -321.101 16.4541 476.481
GPRESSURE: 300000 634.482 552.635 -458.514 269.66 55.4335 274.086 -667.026 -232.408 701.2
PRESSAVG: 300000 121.922 -47.1497 -82.9574 -47.1497 -75.7811 109.195 -82.9574 109.195 60.6161
GPRESSAVG: 300000 148.627 -42.8261 -112.956 8.59663 22.0199 93.6318 -23.7081 97.8617 128.517
ENERGY:  300000         2.5919         9.3504         5.5566         0.0000         -10750.7305      1478.1926         0.0000         0.0000      1762.6762          -7492.3628       301.1949     -9255.0390     -7429.7594       303.9577            362.5298       463.7050     29482.9867       205.3509       276.4431
FEP:     300000        17.4990    -10750.7305      1477.7145

WRITING EXTENDED SYSTEM TO RESTART FILE AT STEP 300000
WRITING COORDINATES TO DCD FILE mobley_7364468_prod.dcd AT STEP 300000
WRITING COORDINATES TO RESTART FILE AT STEP 300000
FINISHED WRITING RESTART COORDINATES
WRITING VELOCITIES TO RESTART FILE AT STEP 300000
FINISHED WRITING RESTART VELOCITIES
PRESSURE: 400000 -636.707 18.1475 145.102 18.1477 -736.335 -549.95 145.1 -549.949 -103.56
GPRESSURE: 400000 -741.74 132.306 165.572 -37.9611 -592.473 -521.967 -208.114 -463.811 -8.13501
PRESSAVG: 400000 70.6802 -25.3356 -63.7496 -25.3356 -101.842 78.1844 -63.7496 78.1844 73.0004
GPRESSAVG: 400000 75.509 -18.9053 -101.548 41.6669 7.13876 65.888 -32.6465 61.149 142.2
ENERGY:  400000         4.8580         9.0402         4.0068         0.0000         -10395.7280      1302.7813         0.0000         0.0000      1754.6124          -7320.4293       299.8170     -9075.0417     -7407.8934       303.1296           -492.2010      -447.4493     29792.1971        65.8405       131.6646
FEP:     400000        17.9050    -10395.7280      1303.0107

WRITING EXTENDED SYSTEM TO RESTART FILE AT STEP 400000
WRITING COORDINATES TO DCD FILE mobley_7364468_prod.dcd AT STEP 400000
WRITING COORDINATES TO RESTART FILE AT STEP 400000
FINISHED WRITING RESTART COORDINATES
WRITING VELOCITIES TO RESTART FILE AT STEP 400000
FINISHED WRITING RESTART VELOCITIES
PRESSURE: 500000 -412.286 150.05 -588.962 150.049 -932.861 -52.6428 -588.96 -52.6475 435.029
GPRESSURE: 500000 -383.688 -137.771 -578.037 170.546 -1058.53 155.385 -285.983 -180.161 477.236
PRESSAVG: 500000 71.1394 -26.6756 -93.5624 -26.6756 -92.0637 65.8229 -93.5624 65.8229 117.322
GPRESSAVG: 500000 77.7673 -38.6292 -140.361 53.5051 -3.78505 62.9758 -35.6307 53.1418 192.07
ENERGY:  500000         3.0263         9.2659         6.5970         0.0000         -10527.1064      1369.1613         0.0000         0.0000      1750.1193          -7388.9366       299.0493     -9139.0559     -7404.7339       302.4495           -303.3729      -321.6598     30081.1025         4.3050        56.1105
FEP:     500000        18.8892    -10527.1064      1370.1027

WRITING EXTENDED SYSTEM TO RESTART FILE AT STEP 500000
WRITING COORDINATES TO DCD FILE mobley_7364468_prod.dcd AT STEP 500000
WRITING COORDINATES TO RESTART FILE AT STEP 500000
FINISHED WRITING RESTART COORDINATES
WRITING VELOCITIES TO RESTART FILE AT STEP 500000
FINISHED WRITING RESTART VELOCITIES
PRESSURE: 600000 373.913 39.6776 259.044 39.6791 716.827 -59.4392 259.046 -59.439 295.99
GPRESSURE: 600000 610.616 111.487 245.956 29.0713 536.728 -294.768 365.073 112.506 515.686
PRESSAVG: 600000 120.307 -48.3698 -69.1606 -48.3698 -92.7253 56.9989 -69.1606 56.9989 115.438
GPRESSAVG: 600000 128.662 -48.8337 -102.421 14.7575 -7.93592 45.0322 -23.0195 57.4154 197.534
ENERGY:  600000         5.1328         9.5880         4.1306         0.0000         -10624.9125      1475.1468         0.0000         0.0000      1775.6484          -7355.2659       303.4115     -9130.9143     -7397.6671       302.5869            462.2435       554.3434     30383.9768        69.7248       127.2867
FEP:     600000        18.8514    -10624.9125      1475.1798

WRITING EXTENDED SYSTEM TO RESTART FILE AT STEP 600000
WRITING COORDINATES TO DCD FILE mobley_7364468_prod.dcd AT STEP 600000
WRITING COORDINATES TO RESTART FILE AT STEP 600000
FINISHED WRITING RESTART COORDINATES
WRITING VELOCITIES TO RESTART FILE AT STEP 600000
FINISHED WRITING RESTART VELOCITIES
PRESSURE: 700000 539.001 -44.0727 3.32993 -44.0731 254.785 -205.486 3.32997 -205.489 392.52
GPRESSURE: 700000 319.153 224.545 98.6896 -252.534 507.313 -48.4918 45.0861 -275.103 647.436
PRESSAVG: 700000 175.233 -4.07276 -65.5338 -4.07276 -72.566 44.8476 -65.5338 44.8476 142.01
GPRESSAVG: 700000 159.489 11.5274 -102.08 53.9992 21.4933 37.0226 -26.7849 42.9602 235.817
ENERGY:  700000         1.8827         9.4463         4.4140         0.0000         -10828.6620      1530.4085         0.0000         0.0000      1805.7466          -7476.7639       308.5545     -9282.5105     -7407.5542       303.3329            395.4356       491.3006     30104.7604       110.4386       172.7884
FEP:     700000        15.7430    -10828.6620      1532.2406

WRITING EXTENDED SYSTEM TO RESTART FILE AT STEP 700000
WRITING COORDINATES TO DCD FILE mobley_7364468_prod.dcd AT STEP 700000
WRITING COORDINATES TO RESTART FILE AT STEP 700000
FINISHED WRITING RESTART COORDINATES
WRITING VELOCITIES TO RESTART FILE AT STEP 700000
FINISHED WRITING RESTART VELOCITIES
PRESSURE: 800000 340.291 -280.341 73.6096 -280.339 -683.563 -167.855 73.6116 -167.856 277.184
GPRESSURE: 800000 227.812 -279.394 167.465 -110.654 -586.34 136.815 220.699 -307.653 326.436
PRESSAVG: 800000 184.646 -11.6208 -48.6118 -11.6208 -91.1952 45.6303 -48.6118 45.6303 180.657
GPRESSAVG: 800000 161.868 -4.55716 -83.5064 54.6737 16.5094 70.1103 -0.181531 34.5574 274.108
ENERGY:  800000         0.8637         7.6343         4.1394         0.0000         -10548.9006      1396.2922         0.0000         0.0000      1785.6317          -7354.3393       305.1174     -9139.9710     -7401.6414       303.5312            -22.0294       -10.6975     30090.3309        95.7199       152.4011
FEP:     800000        12.6374    -10548.9006      1396.6409

WRITING EXTENDED SYSTEM TO RESTART FILE AT STEP 800000
WRITING COORDINATES TO DCD FILE mobley_7364468_prod.dcd AT STEP 800000
WRITING COORDINATES TO RESTART FILE AT STEP 800000
FINISHED WRITING RESTART COORDINATES
WRITING VELOCITIES TO RESTART FILE AT STEP 800000
FINISHED WRITING RESTART VELOCITIES
PRESSURE: 900000 -355.282 -383.36 -234.244 -383.36 -213.746 31.2571 -234.246 31.2524 -53.9844
GPRESSURE: 900000 -411.156 -731.112 -546.095 -122.263 38.1176 134.318 85.6564 240.1 20.3228
PRESSAVG: 900000 158.837 -53.1067 -81.6215 -53.1067 -130.66 51.7539 -81.6215 51.7539 204.563
GPRESSAVG: 900000 131.941 -61.3708 -113.997 35.7718 -8.24717 87.6841 -23.8972 43.4082 292.02
ENERGY:  900000         2.2453        11.8462         4.1785         0.0000         -10604.4273      1391.1732         0.0000         0.0000      1745.9466          -7449.0374       298.3363     -9194.9840     -7406.3810       303.0117           -207.6707      -117.5718     29767.2722        65.3809       125.4038
FEP:     900000        18.2701    -10604.4273      1391.7231

WRITING EXTENDED SYSTEM TO RESTART FILE AT STEP 900000
WRITING COORDINATES TO DCD FILE mobley_7364468_prod.dcd AT STEP 900000
WRITING COORDINATES TO RESTART FILE AT STEP 900000
FINISHED WRITING RESTART COORDINATES
WRITING VELOCITIES TO RESTART FILE AT STEP 900000
FINISHED WRITING RESTART VELOCITIES
PRESSURE: 1000000 768.377 -518.181 -212.255 -518.181 -289.878 144.377 -212.255 144.376 -133.826
GPRESSURE: 1000000 1017.6 -390.476 -199.662 -661.933 -350.487 316.13 -73.3161 290.508 -72.9901
PRESSAVG: 1000000 170.496 -52.1289 -74.3026 -52.1289 -189.587 55.2731 -74.3026 55.2731 194.917
GPRESSAVG: 1000000 153.533 -48.3676 -92.1432 39.4227 -71.0034 104.657 -20.2792 53.2573 276.864
TIMING: 1000000  CPU: 4261.27, 0.000418777/step  Wall: 4374.6, 0.000430391/step, 401.495 ns/days, 0.0597766 hours remaining, 0.000000 MB of memory in use.
PERFORMANCE: 1000000  averaging 396.83 ns/day, 0.00043545 sec/step with standard deviation 1.79993e-05
ETITLE:      TS           BOND          ANGLE          DIHED          IMPRP               ELECT            VDW       BOUNDARY           MISC        KINETIC               TOTAL           TEMP      POTENTIAL       TOTALAVG        TEMPAVG            PRESSURE      GPRESSURE         VOLUME       PRESSAVG      GPRESSAVG
FEPTITLE:    TS          BOND2         ELECT2           VDW2

ENERGY: 1000000         1.6434         9.9172         3.8951         0.0000         -10579.0882      1429.0070         0.0000         0.0000      1796.1716          -7338.4540       306.9184     -9134.6256     -7400.2058       303.3668            114.8911       198.0399     30342.9361        69.8818       132.0071
FEP:    1000000        15.4557    -10579.0882      1428.9499

WRITING EXTENDED SYSTEM TO RESTART FILE AT STEP 1000000
WRITING COORDINATES TO DCD FILE mobley_7364468_prod.dcd AT STEP 1000000
WRITING COORDINATES TO RESTART FILE AT STEP 1000000
FINISHED WRITING RESTART COORDINATES
WRITING VELOCITIES TO RESTART FILE AT STEP 1000000
FINISHED WRITING RESTART VELOCITIES
PRESSURE: 1100000 -460.716 -9.68943 -118.826 -9.69331 384.657 -290.165 -118.83 -290.167 -112.833
GPRESSURE: 1100000 -209.13 211.728 -181.475 243.61 406.051 73.9127 -112.512 -534.82 -428.121
PRESSAVG: 1100000 130.852 -64.5905 -77.7248 -64.5905 -190.048 22.0555 -77.7248 22.0555 206.327
GPRESSAVG: 1100000 125.215 -46.5915 -107.617 47.2365 -75.3371 91.0239 -25.5805 -2.49178 269.641
ENERGY: 1100000         4.6837        14.0584         3.6830         0.0000         -10679.4753      1440.1045         0.0000         0.0000      1746.5317          -7470.4139       298.4362     -9216.9456     -7406.0565       302.9560            -62.9640       -77.0663     30175.4120        58.8113       114.5843
FEP:    1100000        22.4251    -10679.4753      1440.8934

WRITING EXTENDED SYSTEM TO RESTART FILE AT STEP 1100000
WRITING COORDINATES TO DCD FILE mobley_7364468_prod.dcd AT STEP 1100000
WRITING COORDINATES TO RESTART FILE AT STEP 1100000
FINISHED WRITING RESTART COORDINATES
WRITING VELOCITIES TO RESTART FILE AT STEP 1100000
FINISHED WRITING RESTART VELOCITIES
PRESSURE: 1200000 1020.22 -317.743 -80.0838 -317.744 782.291 537.512 -80.0847 537.514 472.925
GPRESSURE: 1200000 1304.18 -468.505 -175.442 -66.3738 787.053 109.348 -369.605 954.634 367.968
PRESSAVG: 1200000 240.777 -59.2764 -104.899 -59.2764 -120.523 49.9624 -104.899 49.9624 245.214
GPRESSAVG: 1200000 240.228 -48.0045 -122.469 48.2568 -13.9885 108.935 -89.9611 45.7761 305.593
ENERGY: 1200000         4.0607        10.5623         4.4424         0.0000         -10800.0453      1550.4304         0.0000         0.0000      1776.8048          -7453.7447       303.6091     -9230.5496     -7409.7248       303.0062            758.4796       819.7331     30115.7049       112.6320       168.8265
FEP:    1200000        19.0654    -10800.0453      1549.9113

WRITING EXTENDED SYSTEM TO RESTART FILE AT STEP 1200000
WRITING COORDINATES TO DCD FILE mobley_7364468_prod.dcd AT STEP 1200000
WRITING COORDINATES TO RESTART FILE AT STEP 1200000
FINISHED WRITING RESTART COORDINATES
WRITING VELOCITIES TO RESTART FILE AT STEP 1200000
FINISHED WRITING RESTART VELOCITIES
PRESSURE: 1300000 -312.192 -547.123 180.174 -547.123 397.943 453.097 180.17 453.097 -488.623
GPRESSURE: 1300000 -47.9173 -822.159 332.85 -228.385 468.496 286.346 67.6506 661.448 -531.139
PRESSAVG: 1300000 168.371 -79.6962 -91.2774 -79.6962 -111.364 69.9714 -91.2774 69.9714 240.972
GPRESSAVG: 1300000 187.489 -90.2983 -88.8713 35.5596 -11.459 128.517 -88.3865 73.0885 301.275
ENERGY: 1300000         3.6806        11.7737         4.0083         0.0000         -10541.8611      1428.6555         0.0000         0.0000      1812.7155          -7281.0275       309.7453     -9093.7429     -7400.5321       303.4876           -134.2908       -36.8533     30761.9356        94.9946       154.1351
FEP:    1300000        19.4626    -10541.8611      1428.2130

WRITING EXTENDED SYSTEM TO RESTART FILE AT STEP 1300000
WRITING COORDINATES TO DCD FILE mobley_7364468_prod.dcd AT STEP 1300000
WRITING COORDINATES TO RESTART FILE AT STEP 1300000
FINISHED WRITING RESTART COORDINATES
WRITING VELOCITIES TO RESTART FILE AT STEP 1300000
FINISHED WRITING RESTART VELOCITIES
PRESSURE: 1400000 -942.804 -213.923 71.813 -213.925 748.335 -90.6858 71.815 -90.6859 21.1835
GPRESSURE: 1400000 -791.057 -230.628 -108.541 -254.378 623.198 -131.46 239.616 -262.406 87.0768
PRESSAVG: 1400000 150.195 -101.282 -97.5209 -101.282 -67.5136 52.5915 -97.5209 52.5915 274.739
GPRESSAVG: 1400000 178.821 -113.14 -108.957 18.1611 24.5577 95.6328 -81.0988 46.7784 333.122
ENERGY: 1400000         2.0350         6.4397         7.7650         0.0000         -10634.9452      1439.7092         0.0000         0.0000      1703.8613          -7475.1350       291.1450     -9178.9963     -7405.5057       302.6647            -57.7619       -26.9272     30580.6036        84.8109       142.0643
FEP:    1400000        16.2397    -10634.9452      1439.5239

WRITING EXTENDED SYSTEM TO RESTART FILE AT STEP 1400000
WRITING COORDINATES TO DCD FILE mobley_7364468_prod.dcd AT STEP 1400000
WRITING COORDINATES TO RESTART FILE AT STEP 1400000
FINISHED WRITING RESTART COORDINATES
WRITING VELOCITIES TO RESTART FILE AT STEP 1400000
FINISHED WRITING RESTART VELOCITIES
PRESSURE: 1500000 76.006 -256.386 -297.174 -256.384 351.49 -201.702 -297.173 -201.704 -371.898
GPRESSURE: 1500000 83.0008 344.137 -279.284 -723.604 395.21 -1.59249 -376.518 -271.901 -231.747
PRESSAVG: 1500000 135.278 -142.049 -103.485 -142.049 -69.1227 14.6013 -103.485 14.6013 261.596
GPRESSAVG: 1500000 164.155 -112.232 -104.067 -54.304 17.8598 67.7633 -91.3161 7.24901 321.778
ENERGY: 1500000         2.4965        13.3172         6.1618         0.0000         -10600.0268      1447.1334         0.0000         0.0000      1748.8294          -7382.0884       298.8289     -9130.9178     -7404.0421       302.4250             18.5328        82.1545     30580.1780        80.6685       138.3199
FEP:    1500000        21.9756    -10600.0268      1446.7682

WRITING EXTENDED SYSTEM TO RESTART FILE AT STEP 1500000
WRITING COORDINATES TO DCD FILE mobley_7364468_prod.dcd AT STEP 1500000
WRITING COORDINATES TO RESTART FILE AT STEP 1500000
FINISHED WRITING RESTART COORDINATES
WRITING VELOCITIES TO RESTART FILE AT STEP 1500000
FINISHED WRITING RESTART VELOCITIES
TCL: Running FEP window   8: Lambda1 0.35   Lambda2 0.39999999999999997 [dLambda 0.04999999999999999]
TCL: Setting parameter firsttimestep to 0
TCL: Setting parameter alchLambda to 0.35
Info: NONBONDED TABLE R-SQUARED SPACING: 0.0625
Info: NONBONDED TABLE SIZE: 705 POINTS
Info: INCONSISTENCY IN FAST TABLE ENERGY VS FORCE: 0.000290481 AT 0.251946
Info: INCONSISTENCY IN SCOR TABLE ENERGY VS FORCE: 0.000238233 AT 8.9687
Info: ABSOLUTE IMPRECISION IN VDWA TABLE ENERGY: 1.21169e-27 AT 8.99653
Info: ABSOLUTE IMPRECISION IN VDWA TABLE FORCE: 2.57484e-27 AT 8.99653
Info: INCONSISTENCY IN VDWA TABLE ENERGY VS FORCE: 0.0040507 AT 0.251946
Info: INCONSISTENCY IN VDWB TABLE ENERGY VS FORCE: 0.00150189 AT 0.251946
TCL: Setting parameter alchLambda2 to 0.39999999999999997
Info: NONBONDED TABLE R-SQUARED SPACING: 0.0625
Info: NONBONDED TABLE SIZE: 705 POINTS
Info: INCONSISTENCY IN FAST TABLE ENERGY VS FORCE: 0.000290481 AT 0.251946
Info: INCONSISTENCY IN SCOR TABLE ENERGY VS FORCE: 0.000238233 AT 8.9687
Info: ABSOLUTE IMPRECISION IN VDWA TABLE ENERGY: 1.21169e-27 AT 8.99653
Info: ABSOLUTE IMPRECISION IN VDWA TABLE FORCE: 2.57484e-27 AT 8.99653
Info: INCONSISTENCY IN VDWA TABLE ENERGY VS FORCE: 0.0040507 AT 0.251946
Info: INCONSISTENCY IN VDWB TABLE ENERGY VS FORCE: 0.00150189 AT 0.251946
TCL: Running for 1500000 steps
FEP: RESETTING FOR NEW FEP WINDOW LAMBDA SET TO 0.35 LAMBDA2 0.4
FEP: WINDOW TO HAVE 100000 STEPS OF EQUILIBRATION PRIOR TO FEP DATA COLLECTION.
FEP: USING CONSTANT TEMPERATURE OF 300 K FOR FEP CALCULATION
PRESSURE: 0 -14.1361 -241.158 -266.754 -241.159 411.047 -231.691 -266.752 -231.695 -380.171
GPRESSURE: 0 88.4455 345.448 -278.16 -721.803 396.692 -0.208535 -374.598 -270.317 -229.912
ETITLE:      TS           BOND          ANGLE          DIHED          IMPRP               ELECT            VDW       BOUNDARY           MISC        KINETIC               TOTAL           TEMP      POTENTIAL       TOTALAVG        TEMPAVG            PRESSURE      GPRESSURE         VOLUME       PRESSAVG      GPRESSAVG
FEPTITLE:    TS          BOND2         ELECT2           VDW2

ENERGY:       0         2.4965        13.3173         6.1618         0.0000         -10600.0288      1446.7683         0.0000         0.0000      1747.9572          -7383.3277       298.6798     -9131.2849     -7383.3277       298.6798              5.5797        85.0753     30580.1780         5.5797        85.0753
FEP:          0        21.9756    -10600.0288      1446.7291

PRESSURE: 100000 -518.444 -540.821 616.458 -540.821 -1045.1 -1037.68 616.457 -1037.68 -729.15
GPRESSURE: 100000 -406.832 -530.925 352.201 -838.65 -988.815 -1007.54 549.799 -949.16 -581.36
PRESSAVG: 100000 128.862 -193.725 -57.5368 -193.725 -69.5864 -54.745 -57.5368 -54.745 211.016
GPRESSAVG: 100000 169.777 -136.451 -94.2472 -163.183 6.56952 -6.91751 -57.5691 -31.7207 282.655
ENERGY:  100000         7.3273        14.4297         3.9628         0.0000         -10651.4183      1368.6673         0.0000         0.0000      1742.9293          -7514.1019       297.8207     -9257.0311     -7448.7148       298.2503           -764.2313      -659.0024     30055.9520      -379.3258      -286.9635
FEP:     100000        25.7198    -10651.4183      1368.2736

WRITING EXTENDED SYSTEM TO RESTART FILE AT STEP 100000
WRITING COORDINATES TO DCD FILE mobley_7364468_prod.dcd AT STEP 100000
WRITING COORDINATES TO RESTART FILE AT STEP 100000
FINISHED WRITING RESTART COORDINATES
WRITING VELOCITIES TO RESTART FILE AT STEP 100000
FINISHED WRITING RESTART VELOCITIES
PRESSURE: 200000 -573.502 516.452 -96.3989 516.454 -1702.68 -323.651 -96.4036 -323.647 -906.754
GPRESSURE: 200000 -549.506 431.172 -167.755 522.203 -1666.24 -238.974 19.7543 -150.848 -765.296
PRESSAVG: 200000 76.1516 -159.034 -76.985 -159.034 -159.856 -86.3785 -76.985 -86.3785 113.519
GPRESSAVG: 200000 118.951 -119.585 -127.316 -120.708 -87.1243 -27.4107 -82.4444 -63.4936 186.941
ENERGY:  200000         3.4211         9.7253         5.0525         0.0000         -10527.2627      1323.8313         0.0000         0.0000      1754.3557          -7430.8769       299.7732     -9185.2325     -7442.7688       298.7579          -1060.9786      -993.6808     30574.5564      -606.5434      -522.5359
FEP:     200000        18.1989    -10527.2627      1323.4116

WRITING EXTENDED SYSTEM TO RESTART FILE AT STEP 200000
WRITING COORDINATES TO DCD FILE mobley_7364468_prod.dcd AT STEP 200000
WRITING COORDINATES TO RESTART FILE AT STEP 200000
FINISHED WRITING RESTART COORDINATES
WRITING VELOCITIES TO RESTART FILE AT STEP 200000
FINISHED WRITING RESTART VELOCITIES
PRESSURE: 300000 -468.085 894.411 -1.30413 894.41 740.559 -619.125 -1.30238 -619.125 -110.329
GPRESSURE: 300000 -484.587 991.903 -202.513 1018.69 799.961 -813.805 18.9201 -416.584 93.0337
PRESSAVG: 300000 8.21773 -103.723 -57.8026 -103.723 -111.827 -122.934 -57.8026 -122.934 32.3766
GPRESSAVG: 300000 55.1709 -51.9819 -127.329 -83.5319 -50.7057 -62.3387 -58.4242 -86.6783 112.782
ENERGY:  300000         2.6108         7.0289         3.2867         0.0000         -10730.3956      1456.3842         0.0000         0.0000      1793.3829          -7467.7021       306.4419     -9261.0850     -7449.0021       300.6789             54.0483       136.1360     30134.6567      -441.3955      -357.8680
FEP:     300000        12.9263    -10730.3956      1456.1226

WRITING EXTENDED SYSTEM TO RESTART FILE AT STEP 300000
WRITING COORDINATES TO DCD FILE mobley_7364468_prod.dcd AT STEP 300000
WRITING COORDINATES TO RESTART FILE AT STEP 300000
FINISHED WRITING RESTART COORDINATES
WRITING VELOCITIES TO RESTART FILE AT STEP 300000
FINISHED WRITING RESTART VELOCITIES
PRESSURE: 400000 1331.81 -44.3244 264.176 -44.3262 -234.784 181.461 264.173 181.466 795.154
GPRESSURE: 400000 1422.96 39.1701 51.2253 -70.6659 -158.789 97.5925 358.66 605.187 966.76
PRESSAVG: 400000 32.2275 -95.6532 -26.1817 -95.6532 -115.145 -115.976 -26.1817 -115.976 -5.19733
GPRESSAVG: 400000 85.9259 -32.414 -114.767 -101.116 -63.1115 -51.8557 -17.4824 -58.912 82.1678
ENERGY:  400000         4.9074         6.9215         3.3968         0.0000         -10765.6416      1524.4087         0.0000         0.0000      1728.9624          -7497.0447       295.4341     -9226.0071     -7458.6107       299.6299            630.7266       743.6453     29760.1182      -226.9711      -137.5653
FEP:     400000        15.2257    -10765.6416      1523.5981

WRITING EXTENDED SYSTEM TO RESTART FILE AT STEP 400000
WRITING COORDINATES TO DCD FILE mobley_7364468_prod.dcd AT STEP 400000
WRITING COORDINATES TO RESTART FILE AT STEP 400000
FINISHED WRITING RESTART COORDINATES
WRITING VELOCITIES TO RESTART FILE AT STEP 400000
FINISHED WRITING RESTART VELOCITIES
PRESSURE: 500000 15.0753 -239.342 377.412 -239.341 -24.0878 58.5658 377.414 58.5649 -887.039
GPRESSURE: 500000 170.58 -155.962 487.601 -484.452 -38.0779 -381.715 138.362 387.821 -642.696
PRESSAVG: 500000 19.1785 -101.625 -12.5518 -101.625 -77.3833 -105.105 -12.5518 -105.105 -73.349
GPRESSAVG: 500000 85.0431 -23.349 -91.2733 -126.206 -36.6032 -72.3586 -13.5179 -33.5243 21.2153
ENERGY:  500000         3.5230        11.9779         4.9331         0.0000         -10511.2514      1391.3253         0.0000         0.0000      1779.6698          -7319.8225       304.0987     -9099.4923     -7435.4793       300.3747           -298.6838      -170.0649     30391.0087      -238.9232      -142.9819
FEP:     500000        20.4339    -10511.2514      1391.6884

WRITING EXTENDED SYSTEM TO RESTART FILE AT STEP 500000
WRITING COORDINATES TO DCD FILE mobley_7364468_prod.dcd AT STEP 500000
WRITING COORDINATES TO RESTART FILE AT STEP 500000
FINISHED WRITING RESTART COORDINATES
WRITING VELOCITIES TO RESTART FILE AT STEP 500000
FINISHED WRITING RESTART VELOCITIES
PRESSURE: 600000 -70.1264 41.3808 471.958 41.3774 790.417 -280.598 471.955 -280.602 240.517
GPRESSURE: 600000 140.526 91.5407 331.412 333.973 866.369 -102.388 407.753 -187.89 222.604
PRESSAVG: 600000 18.5761 -82.386 12.2982 -82.386 -17.2342 -134.398 12.2982 -134.398 -43.5591
GPRESSAVG: 600000 99.6871 -13.543 -47.1253 -99.2952 22.0437 -97.9489 2.4679 -62.543 46.7182
ENERGY:  600000         3.5101         6.4860         4.0544         0.0000         -10748.5649      1490.3442         0.0000         0.0000      1758.4203          -7485.7500       300.4677     -9244.1703     -7442.6608       300.3880            320.2691       409.8328     30155.3571      -159.0386       -64.0084
FEP:     600000        14.0505    -10748.5649      1490.0062

WRITING EXTENDED SYSTEM TO RESTART FILE AT STEP 600000
WRITING COORDINATES TO DCD FILE mobley_7364468_prod.dcd AT STEP 600000
WRITING COORDINATES TO RESTART FILE AT STEP 600000
FINISHED WRITING RESTART COORDINATES
WRITING VELOCITIES TO RESTART FILE AT STEP 600000
FINISHED WRITING RESTART VELOCITIES
PRESSURE: 700000 43.5832 -354.509 7.1036 -354.509 -420.329 60.6041 7.10365 60.6023 696.368
GPRESSURE: 700000 263.044 -46.9436 -18.9141 -724.551 -350.292 -137.472 -121.549 -116.593 620.863
PRESSAVG: 700000 -12.8001 -116.543 28.7084 -116.543 -35.2507 -132.191 28.7084 -132.191 -32.5648
GPRESSAVG: 700000 81.1152 -43.522 -25.1453 -149.006 1.75737 -118.527 29.7417 -56.7522 42.7013
ENERGY:  700000         2.9571         7.6893         3.0769         0.0000         -10606.9384      1449.8720         0.0000         0.0000      1802.7928          -7340.5502       308.0498     -9143.3430     -7429.8970       301.3457            106.5409       177.8714     30314.3909      -125.8412       -33.7734
FEP:     700000        13.7233    -10606.9384      1450.7541

WRITING EXTENDED SYSTEM TO RESTART FILE AT STEP 700000
WRITING COORDINATES TO DCD FILE mobley_7364468_prod.dcd AT STEP 700000
WRITING COORDINATES TO RESTART FILE AT STEP 700000
FINISHED WRITING RESTART COORDINATES
WRITING VELOCITIES TO RESTART FILE AT STEP 700000
FINISHED WRITING RESTART VELOCITIES
PRESSURE: 800000 -188.049 -72.4348 -7.26434 -72.435 387.686 457.192 -7.26431 457.194 -228.624
GPRESSURE: 800000 -267.919 -85.4367 -53.651 -168.548 456.555 756.262 -459.866 446.226 -116.82
PRESSAVG: 800000 9.6328 -121.072 21.0902 -121.072 20.9504 -81.8336 21.0902 -81.8336 -38.818
GPRESSAVG: 800000 104.806 -54.4091 -36.1065 -155.535 54.2088 -54.6154 17.1541 -11.2503 37.267
ENERGY:  800000         4.6399        11.8504         4.7002         0.0000         -10673.7497      1434.7703         0.0000         0.0000      1721.3487          -7496.4402       294.1331     -9217.7889     -7437.2907       300.5443             -9.6622        23.9387     29982.0732      -112.9324       -27.3609
FEP:     800000        21.1905    -10673.7497      1434.9523

WRITING EXTENDED SYSTEM TO RESTART FILE AT STEP 800000
WRITING COORDINATES TO DCD FILE mobley_7364468_prod.dcd AT STEP 800000
WRITING COORDINATES TO RESTART FILE AT STEP 800000
FINISHED WRITING RESTART COORDINATES
WRITING VELOCITIES TO RESTART FILE AT STEP 800000
FINISHED WRITING RESTART VELOCITIES
PRESSURE: 900000 351.856 -248.075 -141.411 -248.076 70.674 361.348 -141.411 361.349 -272.568
GPRESSURE: 900000 367.467 12.2895 -340.1 -617.093 18.9811 153.045 -112.546 432.483 -54.955
PRESSAVG: 900000 47.8399 -140.978 43.4677 -140.978 71.1272 -61.1338 43.4677 -61.1338 -74.1978
GPRESSAVG: 900000 142.364 -46.9061 -24.2096 -194.917 108.084 -54.7324 25.826 19.3819 10.6575
ENERGY:  900000         3.3331        13.8736         4.3979         0.0000         -10633.2135      1437.9971         0.0000         0.0000      1782.9559          -7390.6559       304.6602     -9173.6118     -7432.6272       300.9559             49.9872       110.4977     30015.5089       -96.6404       -13.5751
FEP:     900000        21.6046    -10633.2135      1438.3973

WRITING EXTENDED SYSTEM TO RESTART FILE AT STEP 900000
WRITING COORDINATES TO DCD FILE mobley_7364468_prod.dcd AT STEP 900000
WRITING COORDINATES TO RESTART FILE AT STEP 900000
FINISHED WRITING RESTART COORDINATES
WRITING VELOCITIES TO RESTART FILE AT STEP 900000
FINISHED WRITING RESTART VELOCITIES
PRESSURE: 1000000 -560.09 -250.447 -234.41 -250.445 18.8287 30.2321 -234.409 30.2318 -389.715
GPRESSURE: 1000000 -515.865 -68.7113 -461.534 -368.296 48.9412 346.014 -357.299 -125.774 -216.316
PRESSAVG: 1000000 1.13978 -155.485 18.7949 -155.485 36.2272 -56.6502 18.7949 -56.6502 -108.483
GPRESSAVG: 1000000 86.04 -55.916 -59.5841 -214.785 83.6949 -22.6933 -10.2926 7.46791 -25.9427
TIMING: 1000000  CPU: 4902.08, 0.000420234/step  Wall: 5033.42, 0.000431469/step, 400.492 ns/days, 0.0599263 hours remaining, 0.000000 MB of memory in use.
PERFORMANCE: 1000000  averaging 397.284 ns/day, 0.000434953 sec/step with standard deviation 1.67235e-05
ETITLE:      TS           BOND          ANGLE          DIHED          IMPRP               ELECT            VDW       BOUNDARY           MISC        KINETIC               TOTAL           TEMP      POTENTIAL       TOTALAVG        TEMPAVG            PRESSURE      GPRESSURE         VOLUME       PRESSAVG      GPRESSAVG
FEPTITLE:    TS          BOND2         ELECT2           VDW2

ENERGY: 1000000         3.5848        10.2960         5.8336         0.0000         -10648.9073      1411.2660         0.0000         0.0000      1737.7937          -7480.1331       296.9431     -9217.9269     -7436.9459       300.5911           -310.3252      -227.7468     30205.9834      -116.0663       -33.0452
FEP:    1000000        19.7144    -10648.9073      1411.9426

WRITING EXTENDED SYSTEM TO RESTART FILE AT STEP 1000000
WRITING COORDINATES TO DCD FILE mobley_7364468_prod.dcd AT STEP 1000000
WRITING COORDINATES TO RESTART FILE AT STEP 1000000
FINISHED WRITING RESTART COORDINATES
WRITING VELOCITIES TO RESTART FILE AT STEP 1000000
FINISHED WRITING RESTART VELOCITIES
PRESSURE: 1100000 311.948 405.998 -168.753 406 -191.883 -60.8498 -168.75 -60.8526 51.132
GPRESSURE: 1100000 339.451 305.792 -96.3713 150.582 -135.952 -280.376 -274.861 160.49 134.027
PRESSAVG: 1100000 -10.2129 -132.981 10.191 -132.981 13.8938 -49.4184 10.191 -49.4184 -125.552
GPRESSAVG: 1100000 87.0548 -51.8537 -69.3372 -194.63 51.5316 -34.2875 -26.29 29.2476 -51.6131
ENERGY: 1100000         2.0317        10.8119         7.0744         0.0000         -10652.7226      1435.6932         0.0000         0.0000      1753.6848          -7443.4267       299.6585     -9197.1114     -7437.4860       300.5134             57.0657       112.5085     29924.9227      -101.6386       -20.9158
FEP:    1100000        19.9180    -10652.7226      1435.3430

WRITING EXTENDED SYSTEM TO RESTART FILE AT STEP 1100000
WRITING COORDINATES TO DCD FILE mobley_7364468_prod.dcd AT STEP 1100000
WRITING COORDINATES TO RESTART FILE AT STEP 1100000
FINISHED WRITING RESTART COORDINATES
WRITING VELOCITIES TO RESTART FILE AT STEP 1100000
FINISHED WRITING RESTART VELOCITIES
PRESSURE: 1200000 -366.619 -187.796 -189.883 -187.796 14.2507 197.011 -189.886 197.013 -153.182
GPRESSURE: 1200000 -320.127 -428.668 -198.608 -194.209 288.789 406.441 40.1591 198.787 -199.156
PRESSAVG: 1200000 -45.5584 -128.354 -2.98393 -128.354 48.7845 -31.1749 -2.98393 -31.1749 -147.071
GPRESSAVG: 1200000 59.6579 -59.3174 -87.6409 -198.807 95.288 -20.8062 -35.317 54.5696 -77.8927
ENERGY: 1200000         3.5665        11.0443         3.7999         0.0000         -10663.6376      1419.5236         0.0000         0.0000      1796.7982          -7428.9050       307.0255     -9225.7032     -7436.8259       301.0143           -168.5170       -76.8314     29833.2839      -106.7831       -25.2170
FEP:    1200000        18.4108    -10663.6376      1419.7089

WRITING EXTENDED SYSTEM TO RESTART FILE AT STEP 1200000
WRITING COORDINATES TO DCD FILE mobley_7364468_prod.dcd AT STEP 1200000
WRITING COORDINATES TO RESTART FILE AT STEP 1200000
FINISHED WRITING RESTART COORDINATES
WRITING VELOCITIES TO RESTART FILE AT STEP 1200000
FINISHED WRITING RESTART VELOCITIES
PRESSURE: 1300000 -794.276 489.849 438.735 489.848 -96.8613 -431.88 438.738 -431.876 -920.105
GPRESSURE: 1300000 -767.894 321.939 641.197 367.569 77.562 -388.002 559.939 -294.241 -883.887
PRESSAVG: 1300000 -67.5081 -84.6934 30.6653 -84.6934 54.6287 -54.3314 30.6653 -54.3314 -190.377
GPRESSAVG: 1300000 41.821 -6.66486 -28.2763 -174.316 97.2603 -46.9223 -11.6029 27.8525 -123.103
ENERGY: 1300000         2.9025        13.0575         3.4704         0.0000         -10406.2955      1309.7849         0.0000         0.0000      1721.1359          -7355.9442       294.0968     -9077.0801     -7431.0486       300.5202           -603.7471      -524.7398     30056.4229      -142.2806       -60.8972
FEP:    1300000        19.4305    -10406.2955      1310.0982

WRITING EXTENDED SYSTEM TO RESTART FILE AT STEP 1300000
WRITING COORDINATES TO DCD FILE mobley_7364468_prod.dcd AT STEP 1300000
WRITING COORDINATES TO RESTART FILE AT STEP 1300000
FINISHED WRITING RESTART COORDINATES
WRITING VELOCITIES TO RESTART FILE AT STEP 1300000
FINISHED WRITING RESTART VELOCITIES
PRESSURE: 1400000 253.517 -276.126 -218.342 -276.13 75.4701 159.959 -218.34 159.956 108.665
GPRESSURE: 1400000 116.603 -426.199 -278.184 -258.968 291.002 189.939 -59.2655 333.919 36.7241
PRESSAVG: 1400000 -93.2511 -72.5909 30.361 -72.5909 72.8961 -53.5524 30.361 -53.5524 -178.252
GPRESSAVG: 1400000 -3.22869 -8.45099 -32.2024 -154.167 129.335 -53.2318 -10.9003 30.0231 -117.617
ENERGY: 1400000         1.9343        13.6162         5.2178         0.0000         -10635.9254      1434.1421         0.0000         0.0000      1774.4810          -7406.5341       303.2120     -9181.0151     -7429.4143       300.6997            145.8841       148.1099     30165.8879      -123.0696       -46.9634
FEP:    1400000        20.7682    -10635.9254      1434.9191

WRITING EXTENDED SYSTEM TO RESTART FILE AT STEP 1400000
WRITING COORDINATES TO DCD FILE mobley_7364468_prod.dcd AT STEP 1400000
WRITING COORDINATES TO RESTART FILE AT STEP 1400000
FINISHED WRITING RESTART COORDINATES
WRITING VELOCITIES TO RESTART FILE AT STEP 1400000
FINISHED WRITING RESTART VELOCITIES
PRESSURE: 1500000 630.949 22.5948 273.734 22.596 -308.344 282.117 273.735 282.121 -146.105
GPRESSURE: 1500000 674.417 239.093 -77.2557 -28.5093 -170.88 395.52 233.261 360.312 -235.078
PRESSAVG: 1500000 -38.6678 -70.9764 49.9893 -70.9764 38.2461 -24.938 49.9893 -24.938 -179.916
GPRESSAVG: 1500000 40.9487 -7.08273 -26.9914 -167.773 100.488 -37.1515 6.38831 74.7798 -107.965
ENERGY: 1500000         2.1022        12.0391         5.7084         0.0000         -10748.3193      1464.2090         0.0000         0.0000      1763.6541          -7500.6065       301.3620     -9264.2605     -7433.8639       300.7411             58.8331        89.4867     30042.4217      -111.7007       -38.4352
FEP:    1500000        19.8498    -10748.3193      1463.7788

WRITING EXTENDED SYSTEM TO RESTART FILE AT STEP 1500000
WRITING COORDINATES TO DCD FILE mobley_7364468_prod.dcd AT STEP 1500000
WRITING COORDINATES TO RESTART FILE AT STEP 1500000
FINISHED WRITING RESTART COORDINATES
WRITING VELOCITIES TO RESTART FILE AT STEP 1500000
FINISHED WRITING RESTART VELOCITIES
TCL: Running FEP window   9: Lambda1 0.39999999999999997 Lambda2 0.44999999999999996 [dLambda 0.04999999999999999]
TCL: Setting parameter firsttimestep to 0
TCL: Setting parameter alchLambda to 0.39999999999999997
Info: NONBONDED TABLE R-SQUARED SPACING: 0.0625
Info: NONBONDED TABLE SIZE: 705 POINTS
Info: INCONSISTENCY IN FAST TABLE ENERGY VS FORCE: 0.000290481 AT 0.251946
Info: INCONSISTENCY IN SCOR TABLE ENERGY VS FORCE: 0.000238233 AT 8.9687
Info: ABSOLUTE IMPRECISION IN VDWA TABLE ENERGY: 1.21169e-27 AT 8.99653
Info: ABSOLUTE IMPRECISION IN VDWA TABLE FORCE: 2.57484e-27 AT 8.99653
Info: INCONSISTENCY IN VDWA TABLE ENERGY VS FORCE: 0.0040507 AT 0.251946
Info: INCONSISTENCY IN VDWB TABLE ENERGY VS FORCE: 0.00150189 AT 0.251946
TCL: Setting parameter alchLambda2 to 0.44999999999999996
Info: NONBONDED TABLE R-SQUARED SPACING: 0.0625
Info: NONBONDED TABLE SIZE: 705 POINTS
Info: INCONSISTENCY IN FAST TABLE ENERGY VS FORCE: 0.000290481 AT 0.251946
Info: INCONSISTENCY IN SCOR TABLE ENERGY VS FORCE: 0.000238233 AT 8.9687
Info: ABSOLUTE IMPRECISION IN VDWA TABLE ENERGY: 1.21169e-27 AT 8.99653
Info: ABSOLUTE IMPRECISION IN VDWA TABLE FORCE: 2.57484e-27 AT 8.99653
Info: INCONSISTENCY IN VDWA TABLE ENERGY VS FORCE: 0.0040507 AT 0.251946
Info: INCONSISTENCY IN VDWB TABLE ENERGY VS FORCE: 0.00150189 AT 0.251946
TCL: Running for 1500000 steps
FEP: RESETTING FOR NEW FEP WINDOW LAMBDA SET TO 0.4 LAMBDA2 0.45
FEP: WINDOW TO HAVE 100000 STEPS OF EQUILIBRATION PRIOR TO FEP DATA COLLECTION.
FEP: USING CONSTANT TEMPERATURE OF 300 K FOR FEP CALCULATION
PRESSURE: 0 626.168 14.4209 276.468 14.4199 -372.755 270.831 276.468 270.831 -236.059
GPRESSURE: 0 679.223 242.941 -78.5303 -24.4117 -160.329 395.137 232.612 358.564 -233.604
ETITLE:      TS           BOND          ANGLE          DIHED          IMPRP               ELECT            VDW       BOUNDARY           MISC        KINETIC               TOTAL           TEMP      POTENTIAL       TOTALAVG        TEMPAVG            PRESSURE      GPRESSURE         VOLUME       PRESSAVG      GPRESSAVG
FEPTITLE:    TS          BOND2         ELECT2           VDW2

ENERGY:       0         2.1022        12.0391         5.7084         0.0000         -10748.3182      1463.7787         0.0000         0.0000      1762.7626          -7501.9272       301.2097     -9264.6897     -7501.9272       301.2097              5.7848        95.0968     30042.4217         5.7848        95.0968
FEP:          0        19.8498    -10748.3182      1463.6593

PRESSURE: 100000 384.864 928.678 83.2745 928.675 -559.028 -376.462 83.2759 -376.462 341.724
GPRESSURE: 100000 329.396 731.654 -3.62578 782.326 -357.906 -391.466 -418.949 -181.264 418.201
PRESSAVG: 100000 -23.5178 19.4217 62.9722 19.4217 -67.3548 -79.7501 62.9722 -79.7501 -173.848
GPRESSAVG: 100000 28.5666 106.18 -38.9696 -115.14 11.799 -56.7527 12.1692 2.84065 -90.5769
ENERGY:  100000         3.4953        11.4211         3.7505         0.0000         -10625.7911      1433.1746         0.0000         0.0000      1798.4211          -7375.5285       307.3028     -9173.9496     -7438.7279       304.2562             55.8535       129.8968     29893.6820        30.8191       112.4968
FEP:     100000        18.6669    -10625.7911      1433.1918

WRITING EXTENDED SYSTEM TO RESTART FILE AT STEP 100000
WRITING COORDINATES TO DCD FILE mobley_7364468_prod.dcd AT STEP 100000
WRITING COORDINATES TO RESTART FILE AT STEP 100000
FINISHED WRITING RESTART COORDINATES
WRITING VELOCITIES TO RESTART FILE AT STEP 100000
FINISHED WRITING RESTART VELOCITIES
PRESSURE: 200000 85.408 -280.731 367.255 -280.728 236.69 -370.845 367.252 -370.844 605.375
GPRESSURE: 200000 127.413 -869.495 607 -73.2527 125.07 -474.869 391.224 -417.899 723.355
PRESSAVG: 200000 27.8928 16.0816 77.7441 16.0816 -92.937 -93.758 77.7441 -93.758 -144.638
GPRESSAVG: 200000 74.4901 74.2369 -3.19257 -106.083 -13.1075 -73.9231 19.7496 -4.93399 -58.763
ENERGY:  200000         2.3995        10.2544         4.6196         0.0000         -10667.2049      1472.8142         0.0000         0.0000      1746.7058          -7430.4114       298.4660     -9177.1172     -7435.9557       302.3261            309.1576       325.2793     30161.4085       123.5986       183.4243
FEP:     200000        17.2735    -10667.2049      1473.0778

WRITING EXTENDED SYSTEM TO RESTART FILE AT STEP 200000
WRITING COORDINATES TO DCD FILE mobley_7364468_prod.dcd AT STEP 200000
WRITING COORDINATES TO RESTART FILE AT STEP 200000
FINISHED WRITING RESTART COORDINATES
WRITING VELOCITIES TO RESTART FILE AT STEP 200000
FINISHED WRITING RESTART VELOCITIES
PRESSURE: 300000 42.539 -473.134 109.798 -473.133 -400.798 -98.7438 109.799 -98.7379 -619.893
GPRESSURE: 300000 -105.759 -489.835 -148.93 -501.226 -443.843 149.104 -37.4093 -292.948 -388.782
PRESSAVG: 300000 26.2195 5.24412 98.0927 5.24412 -130.551 -88.6097 98.0927 -88.6097 -157.038
GPRESSAVG: 300000 65.0521 32.5383 3.32509 -94.9646 -55.0601 -66.3883 36.705 -5.98635 -66.6148
ENERGY:  300000         4.2480        13.3083         5.9426         0.0000         -10574.6000      1389.6321         0.0000         0.0000      1708.9972          -7452.4718       292.0226     -9161.4690     -7440.0847       299.7503           -326.0507      -312.7944     30311.3465        11.1863        59.3696
FEP:     300000        23.4989    -10574.6000      1389.5908

WRITING EXTENDED SYSTEM TO RESTART FILE AT STEP 300000
WRITING COORDINATES TO DCD FILE mobley_7364468_prod.dcd AT STEP 300000
WRITING COORDINATES TO RESTART FILE AT STEP 300000
FINISHED WRITING RESTART COORDINATES
WRITING VELOCITIES TO RESTART FILE AT STEP 300000
FINISHED WRITING RESTART VELOCITIES
PRESSURE: 400000 -590.17 583.282 245.474 583.281 -398.621 -89.5966 245.473 -89.6027 470.745
GPRESSURE: 400000 -488.031 902.463 -13.8536 298.247 -76.8036 -70.843 307.226 68.1226 502.671
PRESSAVG: 400000 -2.58224 46.4661 123.704 46.4661 -171.035 -81.5051 123.704 -81.5051 -114.492
GPRESSAVG: 400000 36.2283 60.389 16.5404 -43.9621 -78.7349 -69.92 70.7962 10.9356 -29.9857
ENERGY:  400000         2.1468        12.5938         4.9323         0.0000         -10779.7194      1459.5097         0.0000         0.0000      1735.0496          -7565.4871       296.4743     -9300.5368     -7465.1652       299.0951           -172.6824       -20.7212     29843.5360       -25.5874        43.3515
FEP:     400000        19.6729    -10779.7194      1459.3636

WRITING EXTENDED SYSTEM TO RESTART FILE AT STEP 400000
WRITING COORDINATES TO DCD FILE mobley_7364468_prod.dcd AT STEP 400000
WRITING COORDINATES TO RESTART FILE AT STEP 400000
FINISHED WRITING RESTART COORDINATES
WRITING VELOCITIES TO RESTART FILE AT STEP 400000
FINISHED WRITING RESTART VELOCITIES
PRESSURE: 500000 511.372 -349.811 535.645 -349.811 -597.16 50.8668 535.647 50.8674 227.747
GPRESSURE: 500000 510.941 -508.223 526.26 -471.388 -560.137 219.223 714.135 -132.797 405.573
PRESSAVG: 500000 48.9086 56.0166 119.663 56.0166 -148.638 -27.0777 119.663 -27.0777 -66.6473
GPRESSAVG: 500000 82.1169 61.5241 25.2434 -25.599 -57.301 -8.58172 79.013 51.7538 19.361
ENERGY:  500000         5.2627        12.2789         6.1922         0.0000         -10706.9352      1435.7497         0.0000         0.0000      1749.2689          -7498.1828       298.9040     -9247.4517     -7470.6681       299.0632             47.3197       118.7922     29459.3222       -13.4362        55.9249
FEP:     500000        23.7339    -10706.9352      1436.3632

WRITING EXTENDED SYSTEM TO RESTART FILE AT STEP 500000
WRITING COORDINATES TO DCD FILE mobley_7364468_prod.dcd AT STEP 500000
WRITING COORDINATES TO RESTART FILE AT STEP 500000
FINISHED WRITING RESTART COORDINATES
WRITING VELOCITIES TO RESTART FILE AT STEP 500000
FINISHED WRITING RESTART VELOCITIES
PRESSURE: 600000 600.374 148.695 -318.938 148.697 817.199 648.513 -318.943 648.507 621.787
GPRESSURE: 600000 728.199 187.13 -357.174 304.356 858.071 473.284 -320.576 766.389 713.973
PRESSAVG: 600000 107.602 37.6288 108.536 37.6288 -22.6438 21.53 108.536 21.53 9.77973
GPRESSAVG: 600000 146.002 49.322 15.7724 -36.4913 68.9146 27.0312 61.9965 97.6156 93.3245
ENERGY:  600000         4.5709        11.9548         3.8547         0.0000         -10719.8735      1489.0306         0.0000         0.0000      1760.4309          -7450.0316       300.8113     -9210.4625     -7467.7201       299.3129            679.7866       766.7479     29407.4842        85.5956       157.4711
FEP:     600000        20.3804    -10719.8735      1488.7391

WRITING EXTENDED SYSTEM TO RESTART FILE AT STEP 600000
WRITING COORDINATES TO DCD FILE mobley_7364468_prod.dcd AT STEP 600000
WRITING COORDINATES TO RESTART FILE AT STEP 600000
FINISHED WRITING RESTART COORDINATES
WRITING VELOCITIES TO RESTART FILE AT STEP 600000
FINISHED WRITING RESTART VELOCITIES
PRESSURE: 700000 -563.593 197.757 -27.6672 197.756 229.735 -244.908 -27.6701 -244.905 47.0027
GPRESSURE: 700000 -485.721 107.179 -259.508 293.158 363.907 -189.408 241.457 66.658 9.96914
PRESSAVG: 700000 102.827 2.79603 107.218 2.79603 -48.185 40.241 107.218 40.241 17.6463
GPRESSAVG: 700000 145.946 5.08582 12.9227 -72.7679 47.1119 58.251 73.1234 121.778 89.1712
ENERGY:  700000         3.3779        12.6135         3.4593         0.0000         -10535.6318      1392.6836         0.0000         0.0000      1802.2026          -7321.2949       307.9489     -9123.4975     -7449.4169       300.3924            -95.6185       -37.2816     30164.1703        62.9438       133.1270
FEP:     700000        19.4507    -10535.6318      1392.6702

WRITING EXTENDED SYSTEM TO RESTART FILE AT STEP 700000
WRITING COORDINATES TO DCD FILE mobley_7364468_prod.dcd AT STEP 700000
WRITING COORDINATES TO RESTART FILE AT STEP 700000
FINISHED WRITING RESTART COORDINATES
WRITING VELOCITIES TO RESTART FILE AT STEP 700000
FINISHED WRITING RESTART VELOCITIES
PRESSURE: 800000 -295.166 -694.339 -47.5369 -694.342 20.139 -989.584 -47.539 -989.582 -365.18
GPRESSURE: 800000 -183.075 -1062.31 -61.4807 -405.069 110.955 -506.681 -301.576 -1088.43 -421.267
PRESSAVG: 800000 21.4782 -29.7048 91.6324 -29.7048 -35.4389 -18.3114 91.6324 -18.3114 -40.3704
GPRESSAVG: 800000 65.6435 -49.9883 7.28742 -89.4881 60.5991 28.0373 40.1116 37.0968 19.7699
ENERGY:  800000         4.1226        10.9374         5.8714         0.0000         -10613.7005      1411.4220         0.0000         0.0000      1723.1327          -7458.2143       294.4380     -9181.3471     -7450.3944       299.7308           -213.4024      -164.4625     30159.4312        32.2387       100.0615
FEP:     800000        20.9314    -10613.7005      1411.6484

WRITING EXTENDED SYSTEM TO RESTART FILE AT STEP 800000
WRITING COORDINATES TO DCD FILE mobley_7364468_prod.dcd AT STEP 800000
WRITING COORDINATES TO RESTART FILE AT STEP 800000
FINISHED WRITING RESTART COORDINATES
WRITING VELOCITIES TO RESTART FILE AT STEP 800000
FINISHED WRITING RESTART VELOCITIES
PRESSURE: 900000 -379.854 377.325 -373.398 377.326 -969.809 -167.515 -373.396 -167.516 -704.119
GPRESSURE: 900000 -197.59 450.942 -464.013 142.917 -1014.57 59.2363 -565.163 -239.23 -635.563
PRESSAVG: 900000 1.73173 1.12861 54.092 1.12861 -82.7249 -29.6154 54.092 -29.6154 -31.2244
GPRESSAVG: 900000 47.235 -19.6431 -40.2933 -58.1196 11.7744 50.0849 4.93536 5.74424 20.1266
ENERGY:  900000         5.8543        15.0455         6.3021         0.0000         -10583.2305      1364.2621         0.0000         0.0000      1725.0116          -7466.7551       294.7590     -9191.7667     -7452.0305       299.2336           -684.5938      -615.9078     30195.1128       -39.4446        28.4646
FEP:     900000        27.2018    -10583.2305      1364.9328

WRITING EXTENDED SYSTEM TO RESTART FILE AT STEP 900000
WRITING COORDINATES TO DCD FILE mobley_7364468_prod.dcd AT STEP 900000
WRITING COORDINATES TO RESTART FILE AT STEP 900000
FINISHED WRITING RESTART COORDINATES
WRITING VELOCITIES TO RESTART FILE AT STEP 900000
FINISHED WRITING RESTART VELOCITIES
PRESSURE: 1000000 -1460.89 -431.761 45.845 -431.76 -372.458 199.85 45.8438 199.854 -247.035
GPRESSURE: 1000000 -1490.87 -342.749 203.649 -507.542 -154.536 279.156 -184.823 196.425 -195.964
PRESSAVG: 1000000 -67.8065 -22.5283 32.7864 -22.5283 -140.869 -5.59262 32.7864 -5.59262 -55.602
GPRESSAVG: 1000000 -34.335 -41.3576 -46.6814 -100.195 -39.2708 69.1621 -24.6934 24.96 -0.801838
TIMING: 1000000  CPU: 5554.33, 0.000422527/step  Wall: 5707.38, 0.000433407/step, 398.701 ns/days, 0.0601954 hours remaining, 0.000000 MB of memory in use.
PERFORMANCE: 1000000  averaging 397.441 ns/day, 0.000434781 sec/step with standard deviation 1.56519e-05
ETITLE:      TS           BOND          ANGLE          DIHED          IMPRP               ELECT            VDW       BOUNDARY           MISC        KINETIC               TOTAL           TEMP      POTENTIAL       TOTALAVG        TEMPAVG            PRESSURE      GPRESSURE         VOLUME       PRESSAVG      GPRESSAVG
FEPTITLE:    TS          BOND2         ELECT2           VDW2

ENERGY: 1000000         8.7532        14.8538         4.6434         0.0000         -10631.7475      1383.7127         0.0000         0.0000      1812.9546          -7406.8298       309.7862     -9219.7844     -7447.9213       300.1930           -693.4611      -613.7917     30193.5881       -98.9006       -29.9224
FEP:    1000000        28.2504    -10631.7475      1384.1944

WRITING EXTENDED SYSTEM TO RESTART FILE AT STEP 1000000
WRITING COORDINATES TO DCD FILE mobley_7364468_prod.dcd AT STEP 1000000
WRITING COORDINATES TO RESTART FILE AT STEP 1000000
FINISHED WRITING RESTART COORDINATES
WRITING VELOCITIES TO RESTART FILE AT STEP 1000000
FINISHED WRITING RESTART VELOCITIES
PRESSURE: 1100000 -92.2008 205.89 -442.359 205.891 570.533 -243.641 -442.357 -243.641 994.641
GPRESSURE: 1100000 211.102 377.702 -766.714 -325.203 757.262 101.44 -467.808 -546.18 887.989
PRESSAVG: 1100000 -74.5957 5.49174 10.3134 5.49174 -91.3256 -20.8048 10.3134 -20.8048 -40.6883
GPRESSAVG: 1100000 -36.9321 -20.1253 -84.0714 -80.228 16.1069 81.1077 -42.0064 3.48058 12.5545
ENERGY: 1100000         2.4815        14.8662         3.4150         0.0000         -10595.5692      1474.7819         0.0000         0.0000      1745.7534          -7354.2711       298.3033     -9100.0246     -7440.1171       300.0355            490.9911       618.7846     30330.3065       -49.7430        24.1365
FEP:    1100000        20.7627    -10595.5692      1474.6327

WRITING EXTENDED SYSTEM TO RESTART FILE AT STEP 1100000
WRITING COORDINATES TO DCD FILE mobley_7364468_prod.dcd AT STEP 1100000
WRITING COORDINATES TO RESTART FILE AT STEP 1100000
FINISHED WRITING RESTART COORDINATES
WRITING VELOCITIES TO RESTART FILE AT STEP 1100000
FINISHED WRITING RESTART VELOCITIES
PRESSURE: 1200000 -157.098 -719.118 93.3417 -719.119 1064.78 -259.242 93.3427 -259.242 -45.5343
GPRESSURE: 1200000 36.9101 -856.373 115.813 -520.119 987.553 -330.968 157.449 -333.37 56.6813
PRESSAVG: 1200000 -73.0481 -26.8425 15.3437 -26.8425 -57.4707 -56.6266 15.3437 -56.6266 -31.5339
GPRESSAVG: 1200000 -21.6906 -58.6722 -75.5983 -97.8065 42.6568 26.7462 -11.1406 -35.4992 21.2296
ENERGY: 1200000         3.2095         9.6710         4.0869         0.0000         -10691.6572      1481.8804         0.0000         0.0000      1740.6555          -7452.1538       297.4322     -9192.8093     -7441.0430       299.8352            287.3834       360.3815     30356.8143       -23.8102        50.0015
FEP:    1200000        16.9674    -10691.6572      1481.2436

WRITING EXTENDED SYSTEM TO RESTART FILE AT STEP 1200000
WRITING COORDINATES TO DCD FILE mobley_7364468_prod.dcd AT STEP 1200000
WRITING COORDINATES TO RESTART FILE AT STEP 1200000
FINISHED WRITING RESTART COORDINATES
WRITING VELOCITIES TO RESTART FILE AT STEP 1200000
FINISHED WRITING RESTART VELOCITIES
PRESSURE: 1300000 -164.315 69.554 32.5965 69.5581 414.268 -222.912 32.5989 -222.91 307.331
GPRESSURE: 1300000 -282.107 143.285 -471.15 115.854 513.959 -4.29094 486.751 -536.983 421.682
PRESSAVG: 1300000 -98.8567 -10.9607 24.0442 -10.9607 -40.291 -85.8395 24.0442 -85.8395 -2.53889
GPRESSAVG: 1300000 -54.1693 -52.1224 -82.1507 -61.1592 67.4057 18.8794 18.8242 -83.9725 45.0614
ENERGY: 1300000         4.5813        11.0731         6.1139         0.0000         -10662.8467      1459.2919         0.0000         0.0000      1702.8865          -7478.9000       290.9784     -9181.7865     -7443.7471       299.2026            185.7612       217.8447     29934.2274        -8.8408        61.9903
FEP:    1300000        21.7684    -10662.8467      1459.3167

WRITING EXTENDED SYSTEM TO RESTART FILE AT STEP 1300000
WRITING COORDINATES TO DCD FILE mobley_7364468_prod.dcd AT STEP 1300000
WRITING COORDINATES TO RESTART FILE AT STEP 1300000
FINISHED WRITING RESTART COORDINATES
WRITING VELOCITIES TO RESTART FILE AT STEP 1300000
FINISHED WRITING RESTART VELOCITIES
PRESSURE: 1400000 -515.059 -643.329 531.308 -643.333 -256.56 -148.068 531.304 -148.063 -149.668
GPRESSURE: 1400000 -411.433 -709.879 596.126 -511.325 -46.4233 -296.089 331.214 -103.373 -94.0268
PRESSAVG: 1400000 -96.6052 -30.6051 62.3298 -30.6051 -54.0604 -94.7543 62.3298 -94.7543 9.46343
GPRESSAVG: 1400000 -48.9477 -84.1808 -29.2677 -68.3106 62.6375 -13.2258 53.2498 -82.8525 51.1759
ENERGY: 1400000         2.9040        11.7072         5.8664         0.0000         -10554.7872      1364.1003         0.0000         0.0000      1766.5745          -7403.6348       301.8610     -9170.2093     -7441.0730       299.3798           -307.0957      -183.9609     29925.4323       -28.7244        45.5936
FEP:    1400000        20.4776    -10554.7872      1364.1397

WRITING EXTENDED SYSTEM TO RESTART FILE AT STEP 1400000
WRITING COORDINATES TO DCD FILE mobley_7364468_prod.dcd AT STEP 1400000
WRITING COORDINATES TO RESTART FILE AT STEP 1400000
FINISHED WRITING RESTART COORDINATES
WRITING VELOCITIES TO RESTART FILE AT STEP 1400000
FINISHED WRITING RESTART VELOCITIES
PRESSURE: 1500000 216.752 10.335 286.552 10.3349 902.312 -463.484 286.552 -463.481 -631.832
GPRESSURE: 1500000 234.322 118.894 -235.631 32.0094 838.035 -647.23 497.843 -435.121 -397.98
PRESSAVG: 1500000 -101.365 -50.3884 85.0949 -50.3884 0.649312 -114.886 85.0949 -114.886 -24.6848
GPRESSAVG: 1500000 -54.2042 -93.5257 -36.2307 -74.2392 111.337 -31.5684 91.885 -112.633 24.5755
ENERGY: 1500000         3.9650         8.5609         4.6088         0.0000         -10656.6716      1449.3387         0.0000         0.0000      1746.8098          -7443.3884       298.4838     -9190.1981     -7441.2177       299.3238            162.4108       224.7922     30097.8277       -16.7785        56.7935
FEP:    1500000        17.1348    -10656.6716      1448.5130

WRITING EXTENDED SYSTEM TO RESTART FILE AT STEP 1500000
WRITING COORDINATES TO DCD FILE mobley_7364468_prod.dcd AT STEP 1500000
WRITING COORDINATES TO RESTART FILE AT STEP 1500000
FINISHED WRITING RESTART COORDINATES
WRITING VELOCITIES TO RESTART FILE AT STEP 1500000
FINISHED WRITING RESTART VELOCITIES
TCL: Running FEP window  10: Lambda1 0.44999999999999996 Lambda2 0.49999999999999994 [dLambda 0.04999999999999999]
TCL: Setting parameter firsttimestep to 0
TCL: Setting parameter alchLambda to 0.44999999999999996
Info: NONBONDED TABLE R-SQUARED SPACING: 0.0625
Info: NONBONDED TABLE SIZE: 705 POINTS
Info: INCONSISTENCY IN FAST TABLE ENERGY VS FORCE: 0.000290481 AT 0.251946
Info: INCONSISTENCY IN SCOR TABLE ENERGY VS FORCE: 0.000238233 AT 8.9687
Info: ABSOLUTE IMPRECISION IN VDWA TABLE ENERGY: 1.21169e-27 AT 8.99653
Info: ABSOLUTE IMPRECISION IN VDWA TABLE FORCE: 2.57484e-27 AT 8.99653
Info: INCONSISTENCY IN VDWA TABLE ENERGY VS FORCE: 0.0040507 AT 0.251946
Info: INCONSISTENCY IN VDWB TABLE ENERGY VS FORCE: 0.00150189 AT 0.251946
TCL: Setting parameter alchLambda2 to 0.49999999999999994
Info: NONBONDED TABLE R-SQUARED SPACING: 0.0625
Info: NONBONDED TABLE SIZE: 705 POINTS
Info: INCONSISTENCY IN FAST TABLE ENERGY VS FORCE: 0.000290481 AT 0.251946
Info: INCONSISTENCY IN SCOR TABLE ENERGY VS FORCE: 0.000238233 AT 8.9687
Info: ABSOLUTE IMPRECISION IN VDWA TABLE ENERGY: 1.21169e-27 AT 8.99653
Info: ABSOLUTE IMPRECISION IN VDWA TABLE FORCE: 2.57484e-27 AT 8.99653
Info: INCONSISTENCY IN VDWA TABLE ENERGY VS FORCE: 0.0040507 AT 0.251946
Info: INCONSISTENCY IN VDWB TABLE ENERGY VS FORCE: 0.00150189 AT 0.251946
TCL: Running for 1500000 steps
FEP: RESETTING FOR NEW FEP WINDOW LAMBDA SET TO 0.45 LAMBDA2 0.5
FEP: WINDOW TO HAVE 100000 STEPS OF EQUILIBRATION PRIOR TO FEP DATA COLLECTION.
FEP: USING CONSTANT TEMPERATURE OF 300 K FOR FEP CALCULATION
PRESSURE: 0 187.357 -35.2788 304.438 -35.2819 950.109 -442.327 304.438 -442.329 -712.091
GPRESSURE: 0 232.342 121.198 -235.619 34.2507 839.019 -644.041 497.948 -432.006 -399.18
ETITLE:      TS           BOND          ANGLE          DIHED          IMPRP               ELECT            VDW       BOUNDARY           MISC        KINETIC               TOTAL           TEMP      POTENTIAL       TOTALAVG        TEMPAVG            PRESSURE      GPRESSURE         VOLUME       PRESSAVG      GPRESSAVG
FEPTITLE:    TS          BOND2         ELECT2           VDW2

ENERGY:       0         3.9650         8.5609         4.6088         0.0000         -10656.6714      1448.5131         0.0000         0.0000      1745.9470          -7445.0766       298.3363     -9191.0236     -7445.0766       298.3363            141.7914       224.0604     30097.8277       141.7914       224.0604
FEP:          0        17.1348    -10656.6714      1447.6933

PRESSURE: 100000 -27.137 324.748 -108.294 324.749 -651.001 321.308 -108.293 321.307 -828.965
GPRESSURE: 100000 -192.517 317.762 -193.401 -21.1423 -361.349 95.1551 186.771 542.647 -781.956
PRESSAVG: 100000 -35.3092 -51.0176 82.4596 -51.0176 19.7352 -109.194 82.4596 -109.194 -48.0732
GPRESSAVG: 100000 2.18816 -66.2412 -79.8112 -82.2518 116.903 -59.9346 96.1161 -102.328 19.6709
ENERGY:  100000         1.4817        13.5360         6.6940         0.0000         -10516.3305      1349.2633         0.0000         0.0000      1712.4103          -7432.9452       292.6058     -9145.3555     -7439.0109       295.4711           -502.3675      -445.2742     30288.0754      -180.2880      -110.6069
FEP:     100000        21.7117    -10516.3305      1349.2185

WRITING EXTENDED SYSTEM TO RESTART FILE AT STEP 100000
WRITING COORDINATES TO DCD FILE mobley_7364468_prod.dcd AT STEP 100000
WRITING COORDINATES TO RESTART FILE AT STEP 100000
FINISHED WRITING RESTART COORDINATES
WRITING VELOCITIES TO RESTART FILE AT STEP 100000
FINISHED WRITING RESTART VELOCITIES
PRESSURE: 200000 -615.409 -188.612 412.823 -188.614 527.791 30.5545 412.822 30.553 629.463
GPRESSURE: 200000 -563.078 -55.1394 169.286 -329.491 652.243 57.597 559.692 -165.38 547.801
PRESSAVG: 200000 -78.7555 -46.6418 114.018 -46.6418 42.3513 -115.664 114.018 -115.664 -22.0333
GPRESSAVG: 200000 -31.7959 -47.6882 -57.4376 -85.778 134.965 -66.5517 127.064 -127.293 45.2247
ENERGY:  200000         2.3998        15.3255         5.1578         0.0000         -10601.5952      1425.7691         0.0000         0.0000      1730.0431          -7422.8999       295.6188     -9152.9430     -7433.6406       295.5203            180.6153       212.3221     30086.2962       -59.9869        -2.9639
FEP:     200000        22.8830    -10601.5952      1426.8690

WRITING EXTENDED SYSTEM TO RESTART FILE AT STEP 200000
WRITING COORDINATES TO DCD FILE mobley_7364468_prod.dcd AT STEP 200000
WRITING COORDINATES TO RESTART FILE AT STEP 200000
FINISHED WRITING RESTART COORDINATES
WRITING VELOCITIES TO RESTART FILE AT STEP 200000
FINISHED WRITING RESTART VELOCITIES
PRESSURE: 300000 -429.25 177.023 481.53 177.024 -41.5215 349.422 481.53 349.42 647.066
GPRESSURE: 300000 -214.656 305.579 601.188 14.8061 -86.6015 473.055 -68.3806 103.144 681.666
PRESSAVG: 300000 -131.765 -38.9204 124.407 -38.9204 55.6924 -112.299 124.407 -112.299 17.6252
GPRESSAVG: 300000 -76.2496 -44.364 -23.5155 -83.6122 139.179 -62.675 111.982 -140.152 91.0619
ENERGY:  300000         2.5691        12.4438         5.0878         0.0000         -10655.7420      1463.4692         0.0000         0.0000      1743.3630          -7428.8090       297.8948     -9172.1720     -7432.4327       296.1139             58.7648       126.8027     30443.5218       -30.2990        29.4777
FEP:     300000        20.1007    -10655.7420      1462.7720

WRITING EXTENDED SYSTEM TO RESTART FILE AT STEP 300000
WRITING COORDINATES TO DCD FILE mobley_7364468_prod.dcd AT STEP 300000
WRITING COORDINATES TO RESTART FILE AT STEP 300000
FINISHED WRITING RESTART COORDINATES
WRITING VELOCITIES TO RESTART FILE AT STEP 300000
FINISHED WRITING RESTART VELOCITIES
PRESSURE: 400000 275.167 -137.363 -223.077 -137.361 -171.736 246.777 -223.079 246.777 1641.78
GPRESSURE: 400000 197.441 -535.246 -146.978 -73.4035 -34.6138 548.488 -244.65 -122.365 1753.22
PRESSAVG: 400000 -149.316 -46.5095 99.4301 -46.5095 65.7434 -113.502 99.4301 -113.502 111.517
GPRESSAVG: 400000 -100.339 -83.2733 -26.9378 -86.0618 145.464 -55.0074 88.1187 -164.198 190.403
ENERGY:  400000         4.9182        14.1927         4.6606         0.0000         -10585.6360      1451.9201         0.0000         0.0000      1723.8966          -7386.0480       294.5685     -9109.9446     -7423.1557       295.8048            581.7362       638.6808     29835.8315        92.1080       151.3183
FEP:     400000        23.7714    -10585.6360      1453.1109

WRITING EXTENDED SYSTEM TO RESTART FILE AT STEP 400000
WRITING COORDINATES TO DCD FILE mobley_7364468_prod.dcd AT STEP 400000
WRITING COORDINATES TO RESTART FILE AT STEP 400000
FINISHED WRITING RESTART COORDINATES
WRITING VELOCITIES TO RESTART FILE AT STEP 400000
FINISHED WRITING RESTART VELOCITIES
PRESSURE: 500000 345.962 -213.642 -567.065 -213.644 362.661 -19.4351 -567.064 -19.4345 71.5156
GPRESSURE: 500000 428.148 -251.99 -550.388 -396.903 395.406 163.044 -851.003 -196.834 12.5553
PRESSAVG: 500000 -151.261 -103.625 66.9131 -103.625 111.828 -95.6501 66.9131 -95.6501 98.0066
GPRESSAVG: 500000 -95.4011 -132.455 -54.2759 -145.023 183.13 -27.2819 66.5161 -164.977 170.121
ENERGY:  500000         1.7891         7.7930         3.5849         0.0000         -10601.2004      1422.6009         0.0000         0.0000      1693.0663          -7472.3662       289.3004     -9165.4325     -7431.3575       294.7208            260.0462       278.7031     29791.0645       120.0977       172.5491
FEP:     500000        13.1670    -10601.2004      1423.2463

WRITING EXTENDED SYSTEM TO RESTART FILE AT STEP 500000
WRITING COORDINATES TO DCD FILE mobley_7364468_prod.dcd AT STEP 500000
WRITING COORDINATES TO RESTART FILE AT STEP 500000
FINISHED WRITING RESTART COORDINATES
WRITING VELOCITIES TO RESTART FILE AT STEP 500000
FINISHED WRITING RESTART VELOCITIES
PRESSURE: 600000 -893.616 -136.498 -289.255 -136.503 267.17 292.418 -289.254 292.423 -785.524
GPRESSURE: 600000 -684.75 11.9334 -134.134 -93.7444 339.54 253.043 -184.025 321.707 -845.357
PRESSAVG: 600000 -200.212 -96.4142 34.0878 -96.4142 113.352 -62.4868 34.0878 -62.4868 28.4616
GPRESSAVG: 600000 -136.009 -88.3841 -91.3326 -146.048 193.854 9.11373 37.7536 -127.996 91.6849
ENERGY:  600000         3.3872        16.8444         3.7038         0.0000         -10612.3274      1385.6065         0.0000         0.0000      1744.5106          -7458.2749       298.0909     -9202.7854     -7435.2028       295.2022           -470.6568      -396.8557     30326.6696        35.7042        91.2056
FEP:     600000        23.9355    -10612.3274      1386.0772

WRITING EXTENDED SYSTEM TO RESTART FILE AT STEP 600000
WRITING COORDINATES TO DCD FILE mobley_7364468_prod.dcd AT STEP 600000
WRITING COORDINATES TO RESTART FILE AT STEP 600000
FINISHED WRITING RESTART COORDINATES
WRITING VELOCITIES TO RESTART FILE AT STEP 600000
FINISHED WRITING RESTART VELOCITIES
PRESSURE: 700000 -342.139 -326.585 366.82 -326.582 -693.838 26.5507 366.818 26.5506 55.9496
GPRESSURE: 700000 -257.639 -508.383 326.314 -25.2813 -442.978 -98.3086 523.215 46.7439 -40.6516
PRESSAVG: 700000 -219.446 -89.0866 46.9387 -89.0866 98.6998 -56.2223 46.9387 -56.2223 62.2538
GPRESSAVG: 700000 -143.603 -89.3115 -67.5704 -122.251 193.897 -3.25689 65.7848 -111.012 109.091
ENERGY:  700000         2.2238         9.0496         4.0867         0.0000         -10638.6418      1390.4882         0.0000         0.0000      1756.5384          -7476.2552       300.1461     -9232.7936     -7440.3344       295.8202           -326.6759      -247.0892     30115.4782        -9.5933        48.9187
FEP:     700000        15.3600    -10638.6418      1389.7940

WRITING EXTENDED SYSTEM TO RESTART FILE AT STEP 700000
WRITING COORDINATES TO DCD FILE mobley_7364468_prod.dcd AT STEP 700000
WRITING COORDINATES TO RESTART FILE AT STEP 700000
FINISHED WRITING RESTART COORDINATES
WRITING VELOCITIES TO RESTART FILE AT STEP 700000
FINISHED WRITING RESTART VELOCITIES
PRESSURE: 800000 931.798 -533.289 -442.974 -533.29 687.307 104.629 -442.972 104.626 753.88
GPRESSURE: 800000 849.61 -703.68 -728.081 -508.698 810.957 58.3354 -290.624 -54.419 835.753
PRESSAVG: 800000 -143.347 -144.915 12.5164 -144.915 152.996 -46.5109 12.5164 -46.5109 76.4106
GPRESSAVG: 800000 -76.7212 -169.619 -103.282 -162.598 238.285 3.20203 35.8923 -117.139 125.746
ENERGY:  800000         3.8140        12.2442         5.2642         0.0000         -10753.9545      1501.7340         0.0000         0.0000      1718.1041          -7512.7940       293.5787     -9230.8981     -7448.3854       295.5711            790.9954       832.1065     29498.7649        79.3610       135.9396
FEP:     800000        21.3224    -10753.9545      1501.7035

WRITING EXTENDED SYSTEM TO RESTART FILE AT STEP 800000
WRITING COORDINATES TO DCD FILE mobley_7364468_prod.dcd AT STEP 800000
WRITING COORDINATES TO RESTART FILE AT STEP 800000
FINISHED WRITING RESTART COORDINATES
WRITING VELOCITIES TO RESTART FILE AT STEP 800000
FINISHED WRITING RESTART VELOCITIES
PRESSURE: 900000 -132.388 -401.439 219.361 -401.44 409.001 343.685 219.363 343.682 100.901
GPRESSURE: 900000 85.0267 -389.135 187.188 -269.893 173.818 342.085 591.102 386.676 55.3327
PRESSAVG: 900000 -175.535 -147.497 -3.29775 -147.497 203.304 -31.8702 -3.29775 -31.8702 70.0683
GPRESSAVG: 900000 -98.017 -163.664 -120.235 -152.523 274.983 9.34514 29.7407 -91.1652 108.234
ENERGY:  900000         1.8467        10.2576         4.7609         0.0000         -10668.0923      1434.8819         0.0000         0.0000      1804.0565          -7412.2886       308.2657     -9216.3451     -7444.7758       296.8406            125.8380       104.7257     30146.7014        84.0087       132.8182
FEP:     900000        16.8653    -10668.0923      1434.5211

WRITING EXTENDED SYSTEM TO RESTART FILE AT STEP 900000
WRITING COORDINATES TO DCD FILE mobley_7364468_prod.dcd AT STEP 900000
WRITING COORDINATES TO RESTART FILE AT STEP 900000
FINISHED WRITING RESTART COORDINATES
WRITING VELOCITIES TO RESTART FILE AT STEP 900000
FINISHED WRITING RESTART VELOCITIES
PRESSURE: 1000000 -262.725 -172.36 -308.841 -172.364 314.284 -374.048 -308.839 -374.047 641.808
GPRESSURE: 1000000 37.5621 59.8223 -10.2083 -455.673 242.083 -371.168 -577.114 -20.6254 631.561
PRESSAVG: 1000000 -218.69 -163.55 -2.79256 -163.55 178.159 -82.9979 -2.79256 -82.9979 71.0693
GPRESSAVG: 1000000 -132.549 -170.03 -102.887 -190.525 244.183 -32.8774 16.9138 -130.516 104.113
TIMING: 1000000  CPU: 6197.86, 0.000431474/step  Wall: 6366.19, 0.000440915/step, 391.912 ns/days, 0.0612382 hours remaining, 0.000000 MB of memory in use.
PERFORMANCE: 1000000  averaging 396.882 ns/day, 0.000435394 sec/step with standard deviation 1.48836e-05
ETITLE:      TS           BOND          ANGLE          DIHED          IMPRP               ELECT            VDW       BOUNDARY           MISC        KINETIC               TOTAL           TEMP      POTENTIAL       TOTALAVG        TEMPAVG            PRESSURE      GPRESSURE         VOLUME       PRESSAVG      GPRESSAVG
FEPTITLE:    TS          BOND2         ELECT2           VDW2

ENERGY: 1000000         5.8138        10.2665         4.2568         0.0000         -10640.5477      1455.5858         0.0000         0.0000      1763.2928          -7401.3321       301.3003     -9164.6249     -7440.8263       297.2460            231.1223       303.7352     29770.4517        97.3827       148.3561
FEP:    1000000        20.3370    -10640.5477      1455.2305

WRITING EXTENDED SYSTEM TO RESTART FILE AT STEP 1000000
WRITING COORDINATES TO DCD FILE mobley_7364468_prod.dcd AT STEP 1000000
WRITING COORDINATES TO RESTART FILE AT STEP 1000000
FINISHED WRITING RESTART COORDINATES
WRITING VELOCITIES TO RESTART FILE AT STEP 1000000
FINISHED WRITING RESTART VELOCITIES
PRESSURE: 1100000 439.76 176.856 -151.568 176.854 -79.5656 -53.2212 -151.572 -53.2217 841.549
GPRESSURE: 1100000 717.499 373.769 -210.103 -151.527 -174.053 -498.106 119.4 50.1062 742.897
PRESSAVG: 1100000 -168.523 -164.595 -8.98767 -164.595 162.694 -73.4137 -8.98767 -73.4137 110.797
GPRESSAVG: 1100000 -72.3879 -156.7 -100.417 -212.759 217.285 -48.3123 10.811 -131.344 140.759
ENERGY: 1100000         3.2866         8.9160         4.9499         0.0000         -10684.1109      1461.8989         0.0000         0.0000      1836.2759          -7368.7837       313.7712     -9205.0596     -7434.8228       298.6231            400.5809       428.7806     30048.6567       122.6492       171.7248
FEP:    1100000        17.1524    -10684.1109      1461.6570

WRITING EXTENDED SYSTEM TO RESTART FILE AT STEP 1100000
WRITING COORDINATES TO DCD FILE mobley_7364468_prod.dcd AT STEP 1100000
WRITING COORDINATES TO RESTART FILE AT STEP 1100000
FINISHED WRITING RESTART COORDINATES
WRITING VELOCITIES TO RESTART FILE AT STEP 1100000
FINISHED WRITING RESTART VELOCITIES
PRESSURE: 1200000 -1029.94 -58.0126 -262.082 -58.0159 -375.185 -111.118 -262.085 -111.12 -386.425
GPRESSURE: 1200000 -1003.12 183.193 -333.501 -257.461 -303.998 -80.9016 -81.5189 -144.45 -205.125
PRESSAVG: 1200000 -205.262 -132.778 -19.715 -132.778 142.927 -29.4907 -19.715 -29.4907 109.734
GPRESSAVG: 1200000 -113.39 -94.4247 -114.018 -205.378 196.538 -27.0233 21.8138 -84.1444 151.566
ENERGY: 1200000         1.6096        12.5227         5.4367         0.0000         -10370.0654      1292.0008         0.0000         0.0000      1778.7473          -7279.7482       303.9410     -9058.4956     -7422.8940       299.0322           -597.1848      -504.0820     30172.0965        67.2773       119.7397
FEP:    1200000        19.5690    -10370.0654      1291.6061

WRITING EXTENDED SYSTEM TO RESTART FILE AT STEP 1200000
WRITING COORDINATES TO DCD FILE mobley_7364468_prod.dcd AT STEP 1200000
WRITING COORDINATES TO RESTART FILE AT STEP 1200000
FINISHED WRITING RESTART COORDINATES
WRITING VELOCITIES TO RESTART FILE AT STEP 1200000
FINISHED WRITING RESTART VELOCITIES
PRESSURE: 1300000 60.8658 -21.4827 -519.22 -21.4792 497.96 50.3737 -519.221 50.3719 -82.4977
GPRESSURE: 1300000 194.282 79.871 -561.69 134.689 469.108 347.581 -120.144 -91.1057 40.1977
PRESSAVG: 1300000 -183.226 -152.719 -27.0062 -152.719 216.316 -18.5963 -27.0062 -18.5963 140.815
GPRESSAVG: 1300000 -93.7966 -112.978 -118.902 -205.79 270.722 -12.6061 44.0648 -76.7382 185.354
ENERGY: 1300000         4.0305        14.2838         3.9669         0.0000         -10635.0786      1446.7777         0.0000         0.0000      1778.0820          -7387.9377       303.8274     -9166.0197     -7420.3971       299.3747            158.7762       234.5294     30173.9228        73.8130       127.9389
FEP:    1300000        22.2813    -10635.0786      1446.8082

WRITING EXTENDED SYSTEM TO RESTART FILE AT STEP 1300000
WRITING COORDINATES TO DCD FILE mobley_7364468_prod.dcd AT STEP 1300000
WRITING COORDINATES TO RESTART FILE AT STEP 1300000
FINISHED WRITING RESTART COORDINATES
WRITING VELOCITIES TO RESTART FILE AT STEP 1300000
FINISHED WRITING RESTART VELOCITIES
PRESSURE: 1400000 -220.608 233.71 -16.7645 233.716 747.902 -71.586 -16.7583 -71.5831 1233.34
GPRESSURE: 1400000 -322.638 -392.34 267.675 731.623 1118.91 -257.821 -363.397 618.579 1170.21
PRESSAVG: 1400000 -121.211 -119.445 -30.1363 -119.445 272.334 -32.1681 -30.1363 -32.1681 214.834
GPRESSAVG: 1400000 -35.3848 -115.458 -115.7 -143.832 334.394 -39.455 35.1361 -55.6304 253.663
ENERGY: 1400000         4.1042         8.8907         5.9647         0.0000         -10756.7778      1471.9839         0.0000         0.0000      1768.0372          -7497.7971       302.1110     -9265.8343     -7425.5571       299.5571            586.8771       655.4943     29610.2920       108.0172       163.1093
FEP:    1400000        18.9596    -10756.7778      1471.6297

WRITING EXTENDED SYSTEM TO RESTART FILE AT STEP 1400000
WRITING COORDINATES TO DCD FILE mobley_7364468_prod.dcd AT STEP 1400000
WRITING COORDINATES TO RESTART FILE AT STEP 1400000
FINISHED WRITING RESTART COORDINATES
WRITING VELOCITIES TO RESTART FILE AT STEP 1400000
FINISHED WRITING RESTART VELOCITIES
PRESSURE: 1500000 -973.387 62.91 131.102 62.9108 -621.646 124.17 131.103 124.171 446.036
GPRESSURE: 1500000 -872.199 -101.486 242.552 190.28 -366.89 -95.5467 -68.0928 367.617 197.209
PRESSAVG: 1500000 -165.271 -126.594 -1.46334 -126.594 212.725 -13.7776 -1.46334 -13.7776 187.404
GPRESSAVG: 1500000 -89.5498 -139.417 -65.2371 -118.057 278.186 -49.3043 55.1218 -9.94056 219.124
ENERGY: 1500000         4.1107         9.6027         4.4848         0.0000         -10658.4998      1401.9832         0.0000         0.0000      1701.3884          -7536.9299       290.7224     -9238.3184     -7432.5179       299.0050           -382.9988      -347.2933     29998.3944        77.3287       131.2091
FEP:    1500000        18.1982    -10658.4998      1401.4560

WRITING EXTENDED SYSTEM TO RESTART FILE AT STEP 1500000
WRITING COORDINATES TO DCD FILE mobley_7364468_prod.dcd AT STEP 1500000
WRITING COORDINATES TO RESTART FILE AT STEP 1500000
FINISHED WRITING RESTART COORDINATES
WRITING VELOCITIES TO RESTART FILE AT STEP 1500000
FINISHED WRITING RESTART VELOCITIES
TCL: Running FEP window  11: Lambda1 0.49999999999999994 Lambda2 0.5499999999999999 [dLambda 0.04999999999999999]
TCL: Setting parameter firsttimestep to 0
TCL: Setting parameter alchLambda to 0.49999999999999994
Info: NONBONDED TABLE R-SQUARED SPACING: 0.0625
Info: NONBONDED TABLE SIZE: 705 POINTS
Info: INCONSISTENCY IN FAST TABLE ENERGY VS FORCE: 0.000290481 AT 0.251946
Info: INCONSISTENCY IN SCOR TABLE ENERGY VS FORCE: 0.000238233 AT 8.9687
Info: ABSOLUTE IMPRECISION IN VDWA TABLE ENERGY: 1.21169e-27 AT 8.99653
Info: ABSOLUTE IMPRECISION IN VDWA TABLE FORCE: 2.57484e-27 AT 8.99653
Info: INCONSISTENCY IN VDWA TABLE ENERGY VS FORCE: 0.0040507 AT 0.251946
Info: INCONSISTENCY IN VDWB TABLE ENERGY VS FORCE: 0.00150189 AT 0.251946
TCL: Setting parameter alchLambda2 to 0.5499999999999999
Info: NONBONDED TABLE R-SQUARED SPACING: 0.0625
Info: NONBONDED TABLE SIZE: 705 POINTS
Info: INCONSISTENCY IN FAST TABLE ENERGY VS FORCE: 0.000290481 AT 0.251946
Info: INCONSISTENCY IN SCOR TABLE ENERGY VS FORCE: 0.000238233 AT 8.9687
Info: ABSOLUTE IMPRECISION IN VDWA TABLE ENERGY: 1.21169e-27 AT 8.99653
Info: ABSOLUTE IMPRECISION IN VDWA TABLE FORCE: 2.57484e-27 AT 8.99653
Info: INCONSISTENCY IN VDWA TABLE ENERGY VS FORCE: 0.0040507 AT 0.251946
Info: INCONSISTENCY IN VDWB TABLE ENERGY VS FORCE: 0.00150189 AT 0.251946
TCL: Running for 1500000 steps
FEP: RESETTING FOR NEW FEP WINDOW LAMBDA SET TO 0.5 LAMBDA2 0.55
FEP: WINDOW TO HAVE 100000 STEPS OF EQUILIBRATION PRIOR TO FEP DATA COLLECTION.
FEP: USING CONSTANT TEMPERATURE OF 300 K FOR FEP CALCULATION
PRESSURE: 0 -1015.7 73.9381 157.776 73.9398 -586.535 90.9306 157.78 90.932 348.413
GPRESSURE: 0 -867.173 -100.452 247.059 190.987 -366.758 -91.4953 -63.8328 372.059 202.009
ETITLE:      TS           BOND          ANGLE          DIHED          IMPRP               ELECT            VDW       BOUNDARY           MISC        KINETIC               TOTAL           TEMP      POTENTIAL       TOTALAVG        TEMPAVG            PRESSURE      GPRESSURE         VOLUME       PRESSAVG      GPRESSAVG
FEPTITLE:    TS          BOND2         ELECT2           VDW2

ENERGY:       0         4.1107         9.6027         4.4848         0.0000         -10658.4989      1401.4561         0.0000         0.0000      1700.5387          -7538.3058       290.5773     -9238.8446     -7538.3058       290.5773           -417.9405      -343.9739     29998.3944      -417.9405      -343.9739
FEP:          0        18.1982    -10658.5656      1401.1068

PRESSURE: 100000 -390.119 100.164 85.5708 100.167 816.333 245.678 85.5748 245.676 900.559
GPRESSURE: 100000 -348.837 -126.384 138.478 217.716 1066.67 503.925 50.8408 197.477 698.974
PRESSAVG: 100000 -219.491 -85.4106 4.40731 -85.4106 150.262 27.1604 4.40731 27.1604 236.763
GPRESSAVG: 100000 -138.09 -115.105 -28.1934 -77.4091 238.106 -11.9199 22.2623 62.0538 240.255
ENERGY:  100000         4.2300         6.7453         3.9824         0.0000         -10768.8738      1480.3327         0.0000         0.0000      1797.2709          -7476.3125       307.1062     -9273.5834     -7507.3092       298.8417            442.2578       472.2675     29890.0193        12.1587        64.1468
FEP:     100000        14.9577    -10769.0666      1480.4333

WRITING EXTENDED SYSTEM TO RESTART FILE AT STEP 100000
WRITING COORDINATES TO DCD FILE mobley_7364468_prod.dcd AT STEP 100000
WRITING COORDINATES TO RESTART FILE AT STEP 100000
FINISHED WRITING RESTART COORDINATES
WRITING VELOCITIES TO RESTART FILE AT STEP 100000
FINISHED WRITING RESTART VELOCITIES
PRESSURE: 200000 318.479 -2.05051 -1.77357 -2.05391 -192.297 -312.513 -1.77603 -312.512 -285.839
GPRESSURE: 200000 438.069 -305.178 -150.435 73.5586 34.7495 -195.378 126.041 -322.364 -448.259
PRESSAVG: 200000 -177.814 -53.3467 -22.2467 -53.3467 153.475 18.938 -22.2467 18.938 229.954
GPRESSAVG: 200000 -95.6154 -94.8696 -65.5214 -48.1649 242.165 -6.88432 12.0036 51.1043 222.543
ENERGY:  200000         3.4650         8.8986         4.2842         0.0000         -10606.9778      1427.0373         0.0000         0.0000      1785.1741          -7378.1186       305.0392     -9163.2927     -7464.2456       300.9076            -53.2193         8.1865     30443.4711        -9.6340        45.4934
FEP:     200000        16.6478    -10607.0881      1426.4760

WRITING EXTENDED SYSTEM TO RESTART FILE AT STEP 200000
WRITING COORDINATES TO DCD FILE mobley_7364468_prod.dcd AT STEP 200000
WRITING COORDINATES TO RESTART FILE AT STEP 200000
FINISHED WRITING RESTART COORDINATES
WRITING VELOCITIES TO RESTART FILE AT STEP 200000
FINISHED WRITING RESTART VELOCITIES
PRESSURE: 300000 -464.77 41.4514 114.283 41.4523 -87.2277 156.75 114.282 156.754 -497.209
GPRESSURE: 300000 -436.604 -185.9 89.0442 21.7504 -123.921 170.38 426.169 501.078 -335.929
PRESSAVG: 300000 -211.89 -51.7908 -30.8602 -51.7908 103.998 49.9498 -30.8602 49.9498 236.685
GPRESSAVG: 300000 -129.162 -110.109 -49.2876 -48.6779 194.067 33.9962 8.41996 97.9142 225.646
ENERGY:  300000         3.5298         9.4922         4.4999         0.0000         -10522.1714      1377.4351         0.0000         0.0000      1769.7856          -7357.4287       302.4097     -9127.2143     -7437.5414       301.2831           -349.7355      -298.8178     30449.0946       -94.6594       -40.5844
FEP:     300000        17.5220    -10522.0937      1377.3370

WRITING EXTENDED SYSTEM TO RESTART FILE AT STEP 300000
WRITING COORDINATES TO DCD FILE mobley_7364468_prod.dcd AT STEP 300000
WRITING COORDINATES TO RESTART FILE AT STEP 300000
FINISHED WRITING RESTART COORDINATES
WRITING VELOCITIES TO RESTART FILE AT STEP 300000
FINISHED WRITING RESTART VELOCITIES
PRESSURE: 400000 -383.956 -204.554 -115.163 -204.557 -11.5519 90.0091 -115.169 90.012 -709.966
GPRESSURE: 400000 -379.962 -476.018 197.335 155.647 -74.9478 92.3158 -44.752 62.8949 -446.205
PRESSAVG: 400000 -240.456 -60.2545 -51.8406 -60.2545 55.9153 76.5668 -51.8406 76.5668 236.791
GPRESSAVG: 400000 -159.777 -139.97 -27.6399 -42.6081 148.369 70.814 -18.715 122.659 223.295
ENERGY:  400000         2.6942        10.2369         4.2147         0.0000         -10565.7844      1389.3606         0.0000         0.0000      1709.5932          -7449.6848       292.1244     -9159.2780     -7439.9701       299.4514           -368.4912      -300.3715     30605.2884      -149.4258       -92.5418
FEP:     400000        17.1458    -10565.6871      1389.1829

WRITING EXTENDED SYSTEM TO RESTART FILE AT STEP 400000
WRITING COORDINATES TO DCD FILE mobley_7364468_prod.dcd AT STEP 400000
WRITING COORDINATES TO RESTART FILE AT STEP 400000
FINISHED WRITING RESTART COORDINATES
WRITING VELOCITIES TO RESTART FILE AT STEP 400000
FINISHED WRITING RESTART VELOCITIES
PRESSURE: 500000 397.829 -840.43 55.8112 -840.43 585.446 -287.518 55.8089 -287.516 490.104
GPRESSURE: 500000 466.612 -486.849 -108.209 -620.278 661.855 -319.142 -80.5142 -205.604 597.263
PRESSAVG: 500000 -219.208 -118.513 -43.6355 -118.513 117.738 46.1256 -43.6355 46.1256 302.745
GPRESSAVG: 500000 -126.82 -180.201 -23.3803 -72.5648 199.529 50.0992 -32.0793 85.2467 292.256
ENERGY:  500000         1.6822         9.9601         6.0565         0.0000         -10667.5651      1454.2578         0.0000         0.0000      1813.5978          -7382.0107       309.8961     -9195.6085     -7430.3102       301.1922            491.1262       575.2435     29669.7537       -42.6671        18.7557
FEP:     500000        17.6988    -10667.9100      1454.0503

WRITING EXTENDED SYSTEM TO RESTART FILE AT STEP 500000
WRITING COORDINATES TO DCD FILE mobley_7364468_prod.dcd AT STEP 500000
WRITING COORDINATES TO RESTART FILE AT STEP 500000
FINISHED WRITING RESTART COORDINATES
WRITING VELOCITIES TO RESTART FILE AT STEP 500000
FINISHED WRITING RESTART VELOCITIES
PRESSURE: 600000 -1072.21 -311.384 -419.879 -311.385 -1158.45 -607.186 -419.879 -607.185 -618.19
GPRESSURE: 600000 -927.115 -438.397 117.163 -331.443 -1246.87 -463.479 -474.052 -397.327 -713.766
PRESSAVG: 600000 -242.048 -124.652 -85.2705 -124.652 33.4254 14.2387 -85.2705 14.2387 240.362
GPRESSAVG: 600000 -145.022 -199.364 -25.9865 -72.6625 104.573 24.0454 -83.7665 73.6493 229.177
ENERGY:  600000         4.1686        10.0648         3.5431         0.0000         -10511.0946      1334.3387         0.0000         0.0000      1744.8420          -7414.1374       298.1475     -9158.9794     -7427.9998       300.7572           -949.6194      -962.5828     30433.5219      -172.2317      -121.4355
FEP:     600000        17.7765    -10511.5232      1335.3511

WRITING EXTENDED SYSTEM TO RESTART FILE AT STEP 600000
WRITING COORDINATES TO DCD FILE mobley_7364468_prod.dcd AT STEP 600000
WRITING COORDINATES TO RESTART FILE AT STEP 600000
FINISHED WRITING RESTART COORDINATES
WRITING VELOCITIES TO RESTART FILE AT STEP 600000
FINISHED WRITING RESTART VELOCITIES
PRESSURE: 700000 397.574 -53.8028 316.96 -53.8029 250.581 283.694 316.962 283.691 -569.159
GPRESSURE: 700000 326.676 1.81095 789.96 -330.168 434.989 282.975 39.4419 548.165 -458.594
PRESSAVG: 700000 -200.707 -136.193 -93.4989 -136.193 48.0305 10.9523 -93.4989 10.9523 179.551
GPRESSAVG: 700000 -117.956 -214.552 -16.5478 -89.9112 130.653 14.5414 -78.3754 95.9004 172.164
ENERGY:  700000         3.3549         6.1361         4.8039         0.0000         -10669.9248      1462.2089         0.0000         0.0000      1702.2022          -7491.2187       290.8615     -9193.4209     -7435.9022       299.5202             26.3320       101.0236     30544.2426      -147.4112       -93.6281
FEP:     700000        14.2949    -10670.4084      1462.0250

WRITING EXTENDED SYSTEM TO RESTART FILE AT STEP 700000
WRITING COORDINATES TO DCD FILE mobley_7364468_prod.dcd AT STEP 700000
WRITING COORDINATES TO RESTART FILE AT STEP 700000
FINISHED WRITING RESTART COORDINATES
WRITING VELOCITIES TO RESTART FILE AT STEP 700000
FINISHED WRITING RESTART VELOCITIES
PRESSURE: 800000 -342.072 284.224 233.826 284.224 -569.509 380.281 233.827 380.273 -345.257
GPRESSURE: 800000 -258.595 404.051 101.182 355.239 -528.372 606.346 181.445 310.415 -377.528
PRESSAVG: 800000 -231.569 -115.114 -70.6536 -115.114 28.1419 17.6271 -70.6536 17.6271 80.1993
GPRESSAVG: 800000 -140.758 -167.587 -4.13986 -68.4791 105.965 17.4343 -57.0706 117.539 65.6272
ENERGY:  800000         5.7283         6.3123         4.1915         0.0000         -10605.6765      1410.7488         0.0000         0.0000      1747.4902          -7431.2055       298.6000     -9178.6957     -7435.3803       299.4180           -418.9461      -388.1650     30204.1448      -177.5818      -126.3544
FEP:     800000        16.2320    -10605.9505      1412.4078

WRITING EXTENDED SYSTEM TO RESTART FILE AT STEP 800000
WRITING COORDINATES TO DCD FILE mobley_7364468_prod.dcd AT STEP 800000
WRITING COORDINATES TO RESTART FILE AT STEP 800000
FINISHED WRITING RESTART COORDINATES
WRITING VELOCITIES TO RESTART FILE AT STEP 800000
FINISHED WRITING RESTART VELOCITIES
PRESSURE: 900000 -960.744 -466.638 295.021 -466.642 -841.374 81.8813 295.021 81.8816 254.554
GPRESSURE: 900000 -820.566 -495.507 42.2403 -663.412 -934.431 684.563 401.244 -347.498 378.737
PRESSAVG: 900000 -296.904 -127.764 -27.5494 -127.764 -32.0599 22.6929 -27.5494 22.6929 89.3512
GPRESSAVG: 900000 -203.193 -179.763 25.4915 -81.8045 39.4732 43.5102 5.54169 110.006 83.9362
ENERGY:  900000         4.5727         9.8516         4.8165         0.0000         -10573.9407      1361.6391         0.0000         0.0000      1758.6167          -7434.4442       300.5012     -9193.0609     -7435.2867       299.5263           -515.8548      -458.7534     30273.8508      -211.4091      -159.5943
FEP:     900000        19.2407    -10573.5506      1361.5538

WRITING EXTENDED SYSTEM TO RESTART FILE AT STEP 900000
WRITING COORDINATES TO DCD FILE mobley_7364468_prod.dcd AT STEP 900000
WRITING COORDINATES TO RESTART FILE AT STEP 900000
FINISHED WRITING RESTART COORDINATES
WRITING VELOCITIES TO RESTART FILE AT STEP 900000
FINISHED WRITING RESTART VELOCITIES
PRESSURE: 1000000 230.193 100.592 -140.192 100.595 -140.302 -231.236 -140.191 -231.236 -445.224
GPRESSURE: 1000000 211.347 218.93 -330.732 465.273 67.2642 -237.133 258.861 -591.124 -495.598
PRESSAVG: 1000000 -240.713 -115.909 -20.0963 -115.909 -52.4335 -3.49004 -20.0963 -3.49004 106.366
GPRESSAVG: 1000000 -158.388 -169.413 15.6616 -53.8537 25.8594 19.0014 27.686 64.3646 101.424
TIMING: 1000000  CPU: 6825.12, 0.000416969/step  Wall: 7006.69, 0.000426507/step, 405.152 ns/days, 0.0592371 hours remaining, 0.000000 MB of memory in use.
PERFORMANCE: 1000000  averaging 397.619 ns/day, 0.000434586 sec/step with standard deviation 1.43719e-05
ETITLE:      TS           BOND          ANGLE          DIHED          IMPRP               ELECT            VDW       BOUNDARY           MISC        KINETIC               TOTAL           TEMP      POTENTIAL       TOTALAVG        TEMPAVG            PRESSURE      GPRESSURE         VOLUME       PRESSAVG      GPRESSAVG
FEPTITLE:    TS          BOND2         ELECT2           VDW2

ENERGY: 1000000         2.7163        11.2934         4.6007         0.0000         -10611.1807      1407.1275         0.0000         0.0000      1771.8896          -7413.5533       302.7692     -9185.4429     -7433.3109       299.8211           -118.4446       -72.3289     30185.2004      -202.9578      -151.6611
FEP:    1000000        18.6104    -10610.7145      1406.6035

WRITING EXTENDED SYSTEM TO RESTART FILE AT STEP 1000000
WRITING COORDINATES TO DCD FILE mobley_7364468_prod.dcd AT STEP 1000000
WRITING COORDINATES TO RESTART FILE AT STEP 1000000
FINISHED WRITING RESTART COORDINATES
WRITING VELOCITIES TO RESTART FILE AT STEP 1000000
FINISHED WRITING RESTART VELOCITIES
PRESSURE: 1100000 114.606 364.115 -261.912 364.112 1104.51 -222.42 -261.914 -222.422 278.55
GPRESSURE: 1100000 128.599 353.37 -214.673 542.411 1203.68 52.3091 -137.295 -440.378 178.69
PRESSAVG: 1100000 -217.876 -81.3745 -51.5329 -81.3745 37.4837 -15.9386 -51.5329 -15.9386 117.496
GPRESSAVG: 1100000 -139.076 -126.325 -11.3877 -25.4691 108.192 26.5323 -5.33949 40.0085 112.391
ENERGY: 1100000         1.7787         8.8880         4.3468         0.0000         -10716.8510      1492.0400         0.0000         0.0000      1710.7999          -7498.9977       292.3306     -9209.7976     -7438.7848       299.1969            499.2205       503.6555     30094.2031      -144.4429       -97.0514
FEP:    1100000        15.0135    -10716.6701      1491.6755

WRITING EXTENDED SYSTEM TO RESTART FILE AT STEP 1100000
WRITING COORDINATES TO DCD FILE mobley_7364468_prod.dcd AT STEP 1100000
WRITING COORDINATES TO RESTART FILE AT STEP 1100000
FINISHED WRITING RESTART COORDINATES
WRITING VELOCITIES TO RESTART FILE AT STEP 1100000
FINISHED WRITING RESTART VELOCITIES
PRESSURE: 1200000 -745.004 325.297 664.711 325.296 -495.414 128.329 664.713 128.333 286.87
GPRESSURE: 1200000 -588.506 16.8934 493.57 280.273 -312.665 39.9803 1040.04 -230.581 159.871
PRESSAVG: 1200000 -301.716 -38.4452 3.85138 -38.4452 -21.6524 -14.7533 3.85138 -14.7533 94.1457
GPRESSAVG: 1200000 -210.982 -90.2968 49.6948 13.9795 52.0111 25.6146 61.1937 31.2004 78.5972
ENERGY: 1200000         2.0633         7.6551         4.3773         0.0000         -10541.4235      1362.5951         0.0000         0.0000      1768.5345          -7396.1981       302.1959     -9164.7326     -7435.5089       299.4276           -317.8495      -247.1000     30059.5720      -157.7819      -108.5936
FEP:    1200000        14.0957    -10541.4907      1362.2478

WRITING EXTENDED SYSTEM TO RESTART FILE AT STEP 1200000
WRITING COORDINATES TO DCD FILE mobley_7364468_prod.dcd AT STEP 1200000
WRITING COORDINATES TO RESTART FILE AT STEP 1200000
FINISHED WRITING RESTART COORDINATES
WRITING VELOCITIES TO RESTART FILE AT STEP 1200000
FINISHED WRITING RESTART VELOCITIES
PRESSURE: 1300000 411.131 80.2282 165.326 80.2263 89.2532 247.273 165.326 247.276 372.076
GPRESSURE: 1300000 524.374 5.10789 -439.965 39.3117 286.389 -43.2915 536.826 227.014 483.911
PRESSAVG: 1300000 -274.54 -14.3618 1.14956 -14.3618 -37.6398 -19.5736 1.14956 -19.5736 107.704
GPRESSAVG: 1300000 -189.015 -70.5846 18.3372 29.4397 57.6396 6.34573 58.4799 23.2173 100.026
ENERGY: 1300000         2.2304        11.0786         3.8888         0.0000         -10691.5612      1458.1911         0.0000         0.0000      1742.9248          -7473.2475       297.8199     -9216.1723     -7438.2045       299.3128            290.8202       431.5579     29988.7373      -125.7389       -70.0113
FEP:    1300000        17.1978    -10691.4215      1458.1843

WRITING EXTENDED SYSTEM TO RESTART FILE AT STEP 1300000
WRITING COORDINATES TO DCD FILE mobley_7364468_prod.dcd AT STEP 1300000
WRITING COORDINATES TO RESTART FILE AT STEP 1300000
FINISHED WRITING RESTART COORDINATES
WRITING VELOCITIES TO RESTART FILE AT STEP 1300000
FINISHED WRITING RESTART VELOCITIES
PRESSURE: 1400000 407.941 -359.875 86.406 -359.875 -39.9993 57.0085 86.4064 57.007 -298.578
GPRESSURE: 1400000 662.275 -73.682 249.467 -280.261 -166.313 213.685 -26.422 -18.8472 -332.436
PRESSAVG: 1400000 -241.007 -23.7374 20.9119 -23.7374 -55.354 1.97909 20.9119 1.97909 60.6852
GPRESSAVG: 1400000 -157.779 -77.2599 31.321 38.2104 37.2199 35.5884 86.0145 23.3062 51.8263
ENERGY: 1400000         2.5586        13.7732         5.0396         0.0000         -10721.5617      1451.8888         0.0000         0.0000      1764.3264          -7483.9750       301.4769     -9248.3014     -7441.2559       299.4571             23.1214        54.5087     30285.4908      -115.8149       -61.7100
FEP:    1400000        21.3714    -10722.4979      1452.2203

WRITING EXTENDED SYSTEM TO RESTART FILE AT STEP 1400000
WRITING COORDINATES TO DCD FILE mobley_7364468_prod.dcd AT STEP 1400000
WRITING COORDINATES TO RESTART FILE AT STEP 1400000
FINISHED WRITING RESTART COORDINATES
WRITING VELOCITIES TO RESTART FILE AT STEP 1400000
FINISHED WRITING RESTART VELOCITIES
PRESSURE: 1500000 -479.201 367.927 92.195 367.928 -299.237 -248.371 92.197 -248.365 502.4
GPRESSURE: 1500000 -434.645 528.251 329.945 30.3623 -318.267 -309.988 233.69 -96.2916 631.966
PRESSAVG: 1500000 -286.955 -14.1837 33.1003 -14.1837 -66.3375 -7.77808 33.1003 -7.77808 43.7277
GPRESSAVG: 1500000 -215.386 -69.5358 58.3233 47.3048 30.0092 44.9943 91.729 15.9864 46.2797
ENERGY: 1500000         2.2874        11.6593         3.7834         0.0000         -10654.5077      1443.2933         0.0000         0.0000      1787.6796          -7405.8046       305.4673     -9193.4843     -7439.0402       299.8327            -92.0127       -40.3156     30501.3392      -114.3272       -60.3729
FEP:    1500000        17.7301    -10654.4887      1443.9097

WRITING EXTENDED SYSTEM TO RESTART FILE AT STEP 1500000
WRITING COORDINATES TO DCD FILE mobley_7364468_prod.dcd AT STEP 1500000
WRITING COORDINATES TO RESTART FILE AT STEP 1500000
FINISHED WRITING RESTART COORDINATES
WRITING VELOCITIES TO RESTART FILE AT STEP 1500000
FINISHED WRITING RESTART VELOCITIES
TCL: Running FEP window  12: Lambda1 0.5499999999999999 Lambda2 0.6    [dLambda 0.050000000000000044]
TCL: Setting parameter firsttimestep to 0
TCL: Setting parameter alchLambda to 0.5499999999999999
Info: NONBONDED TABLE R-SQUARED SPACING: 0.0625
Info: NONBONDED TABLE SIZE: 705 POINTS
Info: INCONSISTENCY IN FAST TABLE ENERGY VS FORCE: 0.000290481 AT 0.251946
Info: INCONSISTENCY IN SCOR TABLE ENERGY VS FORCE: 0.000238233 AT 8.9687
Info: ABSOLUTE IMPRECISION IN VDWA TABLE ENERGY: 1.21169e-27 AT 8.99653
Info: ABSOLUTE IMPRECISION IN VDWA TABLE FORCE: 2.57484e-27 AT 8.99653
Info: INCONSISTENCY IN VDWA TABLE ENERGY VS FORCE: 0.0040507 AT 0.251946
Info: INCONSISTENCY IN VDWB TABLE ENERGY VS FORCE: 0.00150189 AT 0.251946
TCL: Setting parameter alchLambda2 to 0.6
Info: NONBONDED TABLE R-SQUARED SPACING: 0.0625
Info: NONBONDED TABLE SIZE: 705 POINTS
Info: INCONSISTENCY IN FAST TABLE ENERGY VS FORCE: 0.000290481 AT 0.251946
Info: INCONSISTENCY IN SCOR TABLE ENERGY VS FORCE: 0.000238233 AT 8.9687
Info: ABSOLUTE IMPRECISION IN VDWA TABLE ENERGY: 1.21169e-27 AT 8.99653
Info: ABSOLUTE IMPRECISION IN VDWA TABLE FORCE: 2.57484e-27 AT 8.99653
Info: INCONSISTENCY IN VDWA TABLE ENERGY VS FORCE: 0.0040507 AT 0.251946
Info: INCONSISTENCY IN VDWB TABLE ENERGY VS FORCE: 0.00150189 AT 0.251946
TCL: Running for 1500000 steps
FEP: RESETTING FOR NEW FEP WINDOW LAMBDA SET TO 0.55 LAMBDA2 0.6
FEP: WINDOW TO HAVE 100000 STEPS OF EQUILIBRATION PRIOR TO FEP DATA COLLECTION.
FEP: USING CONSTANT TEMPERATURE OF 300 K FOR FEP CALCULATION
PRESSURE: 0 -507.921 351.598 116.561 351.602 -264.881 -248.098 116.558 -248.096 454.073
GPRESSURE: 0 -413.819 531.316 323.91 41.5699 -314.29 -317.187 226.776 -101.422 641.821
ETITLE:      TS           BOND          ANGLE          DIHED          IMPRP               ELECT            VDW       BOUNDARY           MISC        KINETIC               TOTAL           TEMP      POTENTIAL       TOTALAVG        TEMPAVG            PRESSURE      GPRESSURE         VOLUME       PRESSAVG      GPRESSAVG
FEPTITLE:    TS          BOND2         ELECT2           VDW2

ENERGY:       0         2.2874        11.6593         3.7834         0.0000         -10654.4893      1443.9096         0.0000         0.0000      1786.8668          -7405.9828       305.3284     -9192.8496     -7405.9828       305.3284           -106.2429       -28.7625     30501.3392      -106.2429       -28.7625
FEP:          0        17.7301    -10654.4702      1445.2056

PRESSURE: 100000 4.11937 -59.3264 -163.772 -59.3289 421.721 220.733 -163.77 220.733 1369.37
GPRESSURE: 100000 -144.967 -116.416 141.89 -162.652 500.656 366.97 -444.054 -27.6136 1436.15
PRESSAVG: 100000 -263.691 4.4047 69.805 4.4047 -64.6343 -6.10883 69.805 -6.10883 158.346
GPRESSAVG: 100000 -202.884 -61.944 126.373 47.3893 31.0719 34.1495 90.9482 21.3124 158.425
ENERGY:  100000         6.0176         9.4978         4.6545         0.0000         -10817.8932      1529.9234         0.0000         0.0000      1784.5547          -7483.2452       304.9334     -9267.7999     -7444.6140       305.1309            598.4033       597.2798     29802.7628       246.0802       284.2586
FEP:     100000        20.1699    -10818.1632      1529.6106

WRITING EXTENDED SYSTEM TO RESTART FILE AT STEP 100000
WRITING COORDINATES TO DCD FILE mobley_7364468_prod.dcd AT STEP 100000
WRITING COORDINATES TO RESTART FILE AT STEP 100000
FINISHED WRITING RESTART COORDINATES
WRITING VELOCITIES TO RESTART FILE AT STEP 100000
FINISHED WRITING RESTART VELOCITIES
PRESSURE: 200000 -723.619 125.312 -467.133 125.308 -603.564 234.174 -467.131 234.175 -557.107
GPRESSURE: 200000 -636.216 115.581 -270.507 135.314 -571.371 197.386 -735.879 77.8477 -430.314
PRESSAVG: 200000 -288.842 -1.0157 47.2864 -1.0157 -132.208 9.17907 47.2864 9.17907 68.8238
GPRESSAVG: 200000 -218.563 -36.5479 99.4637 17.5739 -53.4423 56.9098 72.3241 -5.72422 78.3986
ENERGY:  200000         3.2673        11.7312         6.9700         0.0000         -10485.0655      1336.8042         0.0000         0.0000      1742.2636          -7384.0292       297.7069     -9126.2928     -7424.4191       302.6563           -628.0969      -545.9670     30406.9324       -45.3122         7.5168
FEP:     200000        21.9684    -10485.8211      1337.4015

WRITING EXTENDED SYSTEM TO RESTART FILE AT STEP 200000
WRITING COORDINATES TO DCD FILE mobley_7364468_prod.dcd AT STEP 200000
WRITING COORDINATES TO RESTART FILE AT STEP 200000
FINISHED WRITING RESTART COORDINATES
WRITING VELOCITIES TO RESTART FILE AT STEP 200000
FINISHED WRITING RESTART VELOCITIES
PRESSURE: 300000 -1222.15 -559.956 -131.122 -559.954 -576.048 322.912 -131.121 322.912 -651.574
GPRESSURE: 300000 -975.811 -555.888 -62.7296 -285.918 -548.742 476.069 -553.249 146.659 -663.991
PRESSAVG: 300000 -301.28 -32.1589 34.1752 -32.1589 -129.928 19.1161 34.1752 19.1161 13.9433
GPRESSAVG: 300000 -223.743 -59.268 84.1997 -6.23603 -62.5348 85.4906 48.0663 -16.7721 35.3386
ENERGY:  300000         2.8104         8.5675         4.9600         0.0000         -10517.5074      1327.1460         0.0000         0.0000      1751.5739          -7422.4496       299.2978     -9174.0235     -7423.9267       301.8166           -816.5893      -729.5146     30237.3527      -238.1315      -176.7411
FEP:     300000        16.3379    -10517.5612      1327.0184

WRITING EXTENDED SYSTEM TO RESTART FILE AT STEP 300000
WRITING COORDINATES TO DCD FILE mobley_7364468_prod.dcd AT STEP 300000
WRITING COORDINATES TO RESTART FILE AT STEP 300000
FINISHED WRITING RESTART COORDINATES
WRITING VELOCITIES TO RESTART FILE AT STEP 300000
FINISHED WRITING RESTART VELOCITIES
PRESSURE: 400000 -143.829 -367.4 -34.1163 -367.395 -598.718 -14.0653 -34.1189 -14.0647 -718.6
GPRESSURE: 400000 149.545 -361.165 -230.651 -318.567 -817.424 -68.6267 145.308 246.654 -637.525
PRESSAVG: 400000 -257.686 -54.2257 24.5802 -54.2257 -130.537 13.8663 24.5802 13.8663 -39.4074
GPRESSAVG: 400000 -172.907 -72.3036 60.3142 -31.7137 -85.0682 86.6341 58.5233 -23.0424 -6.63806
ENERGY:  400000         2.5914        10.4021         6.6028         0.0000         -10563.4609      1343.7684         0.0000         0.0000      1769.8298          -7430.2663       302.4173     -9200.0961     -7425.1946       301.9368           -487.0488      -435.1348     29724.6585      -287.9149      -228.4198
FEP:     400000        19.5964    -10563.4710      1343.8878

WRITING EXTENDED SYSTEM TO RESTART FILE AT STEP 400000
WRITING COORDINATES TO DCD FILE mobley_7364468_prod.dcd AT STEP 400000
WRITING COORDINATES TO RESTART FILE AT STEP 400000
FINISHED WRITING RESTART COORDINATES
WRITING VELOCITIES TO RESTART FILE AT STEP 400000
FINISHED WRITING RESTART VELOCITIES
PRESSURE: 500000 -625.828 34.9889 -752.222 34.9929 -350.466 -457.926 -752.22 -457.925 20.7522
GPRESSURE: 500000 -641.371 29.4767 -759.671 -116.638 -276.786 -357.423 -734.878 -540.682 27.9857
PRESSAVG: 500000 -269.472 -57.4844 -17.3095 -57.4844 -188.877 -21.3137 -17.3095 -21.3137 -83.3977
GPRESSAVG: 500000 -187.534 -64.5106 15.4067 -48.4314 -152.241 43.5667 19.2374 -59.9503 -40.1875
ENERGY:  500000         3.8488         7.9791         6.1589         0.0000         -10596.5899      1378.7963         0.0000         0.0000      1769.5853          -7430.2215       302.3755     -9199.8068     -7426.0324       302.0099           -318.5140      -296.7238     29875.2143      -293.0148      -239.8038
FEP:     500000        17.9868    -10597.1765      1378.4822

WRITING EXTENDED SYSTEM TO RESTART FILE AT STEP 500000
WRITING COORDINATES TO DCD FILE mobley_7364468_prod.dcd AT STEP 500000
WRITING COORDINATES TO RESTART FILE AT STEP 500000
FINISHED WRITING RESTART COORDINATES
WRITING VELOCITIES TO RESTART FILE AT STEP 500000
FINISHED WRITING RESTART VELOCITIES
PRESSURE: 600000 297.023 -85.0161 -318.583 -85.0154 277.514 -283.304 -318.58 -283.308 422.771
GPRESSURE: 600000 427.307 -19.5259 -442.474 -219.55 424.049 -468.939 -189.293 -103.538 460.203
PRESSAVG: 600000 -270.544 -61.6324 -33.1497 -61.6324 -165.386 -19.8536 -33.1497 -19.8536 -47.9672
GPRESSAVG: 600000 -188.072 -50.228 0.804788 -63.0869 -132.776 29.8886 3.47067 -49.009 5.23565
ENERGY:  600000         2.9465        11.4856         5.6591         0.0000         -10639.3586      1445.4049         0.0000         0.0000      1715.8065          -7458.0560       293.1861     -9173.8625     -7430.6072       300.7493            332.4359       437.1865     30163.6632      -203.6647      -143.0909
FEP:     600000        20.0912    -10639.6589      1444.8643

WRITING EXTENDED SYSTEM TO RESTART FILE AT STEP 600000
WRITING COORDINATES TO DCD FILE mobley_7364468_prod.dcd AT STEP 600000
WRITING COORDINATES TO RESTART FILE AT STEP 600000
FINISHED WRITING RESTART COORDINATES
WRITING VELOCITIES TO RESTART FILE AT STEP 600000
FINISHED WRITING RESTART VELOCITIES
PRESSURE: 700000 -307.108 480.556 20.446 480.554 794.444 580.753 20.4444 580.754 999.949
GPRESSURE: 700000 -229.764 70.0292 -32.6624 547.951 853.515 186.537 165.492 542.115 956.55
PRESSAVG: 700000 -262.661 -39.6774 -37.8416 -39.6774 -121.303 1.34639 -37.8416 1.34639 26.8907
GPRESSAVG: 700000 -177.73 -37.4315 -5.28054 -36.7768 -83.904 30.6964 -9.56321 -46.9571 69.8596
ENERGY:  700000         4.1347         9.7622         4.0739         0.0000         -10660.4233      1462.9846         0.0000         0.0000      1801.6157          -7377.8521       307.8486     -9179.4678     -7424.0129       301.6368            495.7616       526.7668     30051.4385      -116.2364       -59.3587
FEP:     700000        17.9708    -10660.5407      1463.4062

WRITING EXTENDED SYSTEM TO RESTART FILE AT STEP 700000
WRITING COORDINATES TO DCD FILE mobley_7364468_prod.dcd AT STEP 700000
WRITING COORDINATES TO RESTART FILE AT STEP 700000
FINISHED WRITING RESTART COORDINATES
WRITING VELOCITIES TO RESTART FILE AT STEP 700000
FINISHED WRITING RESTART VELOCITIES
PRESSURE: 800000 -490.874 305.477 168.284 305.48 -482.043 379.293 168.288 379.294 -1509.24
GPRESSURE: 800000 -356.404 259.378 -23.6778 -68.4177 -542.298 541.085 68.6161 379.361 -1351.24
PRESSAVG: 800000 -268.007 -14.1755 -23.6688 -14.1755 -144.827 15.8105 -23.6688 15.8105 -13.073
GPRESSAVG: 800000 -176.552 -0.6617 -16.3312 -47.9801 -107.272 53.1349 -3.8948 -31.1338 24.608
ENERGY:  800000         4.8234        10.1147         4.3846         0.0000         -10653.8288      1369.4723         0.0000         0.0000      1735.2927          -7529.7411       296.5158     -9265.0338     -7435.7604       301.0678           -827.3856      -749.9797     30263.0368      -195.2530      -136.0944
FEP:     800000        19.3227    -10653.3759      1369.5331

WRITING EXTENDED SYSTEM TO RESTART FILE AT STEP 800000
WRITING COORDINATES TO DCD FILE mobley_7364468_prod.dcd AT STEP 800000
WRITING COORDINATES TO RESTART FILE AT STEP 800000
FINISHED WRITING RESTART COORDINATES
WRITING VELOCITIES TO RESTART FILE AT STEP 800000
FINISHED WRITING RESTART VELOCITIES
PRESSURE: 900000 77.2855 -242.349 326.758 -242.35 102.779 252.052 326.762 252.055 -271.08
GPRESSURE: 900000 175.082 -204.796 107.24 -16.2464 261.146 406.363 141.795 -34.4574 -289.349
PRESSAVG: 900000 -284.034 15.7285 -10.1211 15.7285 -168.961 42.789 -10.1211 42.789 -51.1322
GPRESSAVG: 900000 -191.129 13.4409 -5.55879 -17.7785 -127.307 89.4101 7.22065 -22.5765 -19.7226
ENERGY:  900000         4.6482        11.5833         4.6236         0.0000         -10582.8104      1422.0625         0.0000         0.0000      1700.8624          -7439.0303       290.6326     -9139.8927     -7436.0874       300.0242            -30.3384        48.9598     30165.5866      -178.7615      -117.5890
FEP:     900000        20.8551    -10582.7779      1421.7955

WRITING EXTENDED SYSTEM TO RESTART FILE AT STEP 900000
WRITING COORDINATES TO DCD FILE mobley_7364468_prod.dcd AT STEP 900000
WRITING COORDINATES TO RESTART FILE AT STEP 900000
FINISHED WRITING RESTART COORDINATES
WRITING VELOCITIES TO RESTART FILE AT STEP 900000
FINISHED WRITING RESTART VELOCITIES
PRESSURE: 1000000 204.716 491.475 34.6995 491.474 675.94 -16.6594 34.6968 -16.6641 1117.85
GPRESSURE: 1000000 254.637 414.557 -90.867 527.739 734.377 0.992085 -37.1033 -64.4987 1306.06
PRESSAVG: 1000000 -220.188 55.8714 12.6077 55.8714 -77.2409 72.3151 12.6077 72.3151 35.6697
GPRESSAVG: 1000000 -132.041 56.0887 -15.9603 25.1807 -28.2448 112.634 29.0681 -5.93505 81.2686
TIMING: 1000000  CPU: 7453.7, 0.000421498/step  Wall: 7648.55, 0.000430331/step, 401.551 ns/days, 0.0597682 hours remaining, 0.000000 MB of memory in use.
PERFORMANCE: 1000000  averaging 397.944 ns/day, 0.000434232 sec/step with standard deviation 1.3758e-05
ETITLE:      TS           BOND          ANGLE          DIHED          IMPRP               ELECT            VDW       BOUNDARY           MISC        KINETIC               TOTAL           TEMP      POTENTIAL       TOTALAVG        TEMPAVG            PRESSURE      GPRESSURE         VOLUME       PRESSAVG      GPRESSAVG
FEPTITLE:    TS          BOND2         ELECT2           VDW2

ENERGY: 1000000         2.9388        13.0669         3.9924         0.0000         -10761.9045      1536.4678         0.0000         0.0000      1766.5392          -7438.8994       301.8550     -9205.4386     -7436.3431       300.1907            666.1677       765.0242     30200.7371      -101.9498       -37.3514
FEP:    1000000        19.9981    -10762.0885      1535.8719

WRITING EXTENDED SYSTEM TO RESTART FILE AT STEP 1000000
WRITING COORDINATES TO DCD FILE mobley_7364468_prod.dcd AT STEP 1000000
WRITING COORDINATES TO RESTART FILE AT STEP 1000000
FINISHED WRITING RESTART COORDINATES
WRITING VELOCITIES TO RESTART FILE AT STEP 1000000
FINISHED WRITING RESTART VELOCITIES
PRESSURE: 1100000 -1146.41 -366.14 -152.968 -366.138 -64.761 287.619 -152.969 287.618 186.795
GPRESSURE: 1100000 -666.824 -577.003 122.031 -280.309 -62.6095 23.1513 -183.048 449.643 -51.5924
PRESSAVG: 1100000 -297.387 40.2547 -10.8888 40.2547 -93.008 72.5115 -10.8888 72.5115 73.4673
GPRESSAVG: 1100000 -181.716 27.148 -49.3568 27.6736 -53.1247 99.6425 17.9436 -10.8612 101.619
ENERGY: 1100000         6.6793         8.0172         5.8397         0.0000         -10610.8709      1405.4139         0.0000         0.0000      1831.1824          -7353.7384       312.9008     -9184.9208     -7429.4593       301.2499           -341.4602      -260.3419     30268.2412      -121.9090       -55.9339
FEP:    1100000        20.5362    -10610.6556      1404.6570

WRITING EXTENDED SYSTEM TO RESTART FILE AT STEP 1100000
WRITING COORDINATES TO DCD FILE mobley_7364468_prod.dcd AT STEP 1100000
WRITING COORDINATES TO RESTART FILE AT STEP 1100000
FINISHED WRITING RESTART COORDINATES
WRITING VELOCITIES TO RESTART FILE AT STEP 1100000
FINISHED WRITING RESTART VELOCITIES
PRESSURE: 1200000 426.361 25.8365 472.887 25.8369 -27.7416 -175.614 472.887 -175.616 500.898
GPRESSURE: 1200000 393.567 -8.65762 324.306 90.0142 329.812 -345.097 419.856 -348.223 507.38
PRESSAVG: 1200000 -258.966 27.3353 1.06412 27.3353 -65.9196 44.717 1.06412 44.717 115.775
GPRESSAVG: 1200000 -149.108 6.51255 -38.2006 14.4124 -10.2155 52.0703 29.8642 -43.793 145.864
ENERGY: 1200000         1.7717         7.3177         4.4989         0.0000         -10724.1356      1499.0393         0.0000         0.0000      1739.8030          -7471.7051       297.2865     -9211.5081     -7432.7090       300.9450            299.8392       410.2529     30215.4239       -89.4668       -20.0734
FEP:    1200000        13.5883    -10724.4672      1500.0021

WRITING EXTENDED SYSTEM TO RESTART FILE AT STEP 1200000
WRITING COORDINATES TO DCD FILE mobley_7364468_prod.dcd AT STEP 1200000
WRITING COORDINATES TO RESTART FILE AT STEP 1200000
FINISHED WRITING RESTART COORDINATES
WRITING VELOCITIES TO RESTART FILE AT STEP 1200000
FINISHED WRITING RESTART VELOCITIES
PRESSURE: 1300000 687.788 -362.972 -148.152 -362.974 291.429 -319.704 -148.152 -319.705 -517.551
GPRESSURE: 1300000 757.624 -379.546 -452.308 -511.045 195.588 -134.456 -16.0082 -206.675 -361.366
PRESSAVG: 1300000 -176.539 32.5187 -21.0945 32.5187 -9.27951 24.6376 -21.0945 24.6376 77.1699
GPRESSAVG: 1300000 -70.1987 12.3106 -62.928 22.0308 46.2854 11.1193 9.00159 -36.7519 108.859
ENERGY: 1300000         6.6659         9.5251         4.0909         0.0000         -10597.0702      1431.5152         0.0000         0.0000      1744.8982          -7400.3749       298.1571     -9145.2731     -7430.3994       300.7458            153.8885       197.2818     30178.9696       -72.0843        -4.5480
FEP:    1300000        20.2819    -10597.3033      1431.6704

WRITING EXTENDED SYSTEM TO RESTART FILE AT STEP 1300000
WRITING COORDINATES TO DCD FILE mobley_7364468_prod.dcd AT STEP 1300000
WRITING COORDINATES TO RESTART FILE AT STEP 1300000
FINISHED WRITING RESTART COORDINATES
WRITING VELOCITIES TO RESTART FILE AT STEP 1300000
FINISHED WRITING RESTART VELOCITIES
PRESSURE: 1400000 -445.893 -431.568 350.305 -431.567 -170.958 257.959 350.304 257.961 -86.7453
GPRESSURE: 1400000 -375.059 -404.22 283.477 -589.648 -199.402 169.059 346.037 -105.527 -43.9395
PRESSAVG: 1400000 -210.343 5.91059 3.43024 5.91059 -10.8123 49.0975 3.43024 49.0975 95.0938
GPRESSAVG: 1400000 -99.519 -18.8469 -32.2176 -30.7152 32.9521 31.4289 13.3604 -12.472 131.442
ENERGY: 1400000         1.7544        11.5654        11.2913         0.0000         -10655.1283      1408.6358         0.0000         0.0000      1708.2392          -7513.6422       291.8931     -9221.8813     -7435.9489       300.1557           -234.5319      -206.1335     30301.6335       -82.9141       -17.9871
FEP:    1400000        24.6112    -10655.4120      1409.5336

WRITING EXTENDED SYSTEM TO RESTART FILE AT STEP 1400000
WRITING COORDINATES TO DCD FILE mobley_7364468_prod.dcd AT STEP 1400000
WRITING COORDINATES TO RESTART FILE AT STEP 1400000
FINISHED WRITING RESTART COORDINATES
WRITING VELOCITIES TO RESTART FILE AT STEP 1400000
FINISHED WRITING RESTART VELOCITIES
PRESSURE: 1500000 -1031.26 -89.0213 247.606 -89.0222 -790.86 -73.0517 247.607 -73.0532 -523.794
GPRESSURE: 1500000 -801.096 -417.912 353.965 82.703 -671.041 -135.576 397.861 -41.899 -682.485
PRESSAVG: 1500000 -267.636 -16.7461 28.9063 -16.7461 -105.581 56.5659 28.9063 56.5659 54.9766
GPRESSAVG: 1500000 -146.004 -57.411 -3.78565 -53.7006 -60.7838 22.0346 40.1182 7.45194 88.3831
ENERGY: 1500000         5.0188        13.6882         7.2594         0.0000         -10579.5343      1359.9231         0.0000         0.0000      1761.2422          -7432.4027       300.9499     -9193.6449     -7435.7273       300.2053           -781.9705      -718.2073     30437.9842      -126.6051       -61.7508
FEP:    1500000        25.9664    -10580.1014      1359.9176

WRITING EXTENDED SYSTEM TO RESTART FILE AT STEP 1500000
WRITING COORDINATES TO DCD FILE mobley_7364468_prod.dcd AT STEP 1500000
WRITING COORDINATES TO RESTART FILE AT STEP 1500000
FINISHED WRITING RESTART COORDINATES
WRITING VELOCITIES TO RESTART FILE AT STEP 1500000
FINISHED WRITING RESTART VELOCITIES
TCL: Running FEP window  13: Lambda1 0.6    Lambda2 0.65   [dLambda 0.050000000000000044]
TCL: Setting parameter firsttimestep to 0
TCL: Setting parameter alchLambda to 0.6
Info: NONBONDED TABLE R-SQUARED SPACING: 0.0625
Info: NONBONDED TABLE SIZE: 705 POINTS
Info: INCONSISTENCY IN FAST TABLE ENERGY VS FORCE: 0.000290481 AT 0.251946
Info: INCONSISTENCY IN SCOR TABLE ENERGY VS FORCE: 0.000238233 AT 8.9687
Info: ABSOLUTE IMPRECISION IN VDWA TABLE ENERGY: 1.21169e-27 AT 8.99653
Info: ABSOLUTE IMPRECISION IN VDWA TABLE FORCE: 2.57484e-27 AT 8.99653
Info: INCONSISTENCY IN VDWA TABLE ENERGY VS FORCE: 0.0040507 AT 0.251946
Info: INCONSISTENCY IN VDWB TABLE ENERGY VS FORCE: 0.00150189 AT 0.251946
TCL: Setting parameter alchLambda2 to 0.65
Info: NONBONDED TABLE R-SQUARED SPACING: 0.0625
Info: NONBONDED TABLE SIZE: 705 POINTS
Info: INCONSISTENCY IN FAST TABLE ENERGY VS FORCE: 0.000290481 AT 0.251946
Info: INCONSISTENCY IN SCOR TABLE ENERGY VS FORCE: 0.000238233 AT 8.9687
Info: ABSOLUTE IMPRECISION IN VDWA TABLE ENERGY: 1.21169e-27 AT 8.99653
Info: ABSOLUTE IMPRECISION IN VDWA TABLE FORCE: 2.57484e-27 AT 8.99653
Info: INCONSISTENCY IN VDWA TABLE ENERGY VS FORCE: 0.0040507 AT 0.251946
Info: INCONSISTENCY IN VDWB TABLE ENERGY VS FORCE: 0.00150189 AT 0.251946
TCL: Running for 1500000 steps
FEP: RESETTING FOR NEW FEP WINDOW LAMBDA SET TO 0.6 LAMBDA2 0.65
FEP: WINDOW TO HAVE 100000 STEPS OF EQUILIBRATION PRIOR TO FEP DATA COLLECTION.
FEP: USING CONSTANT TEMPERATURE OF 300 K FOR FEP CALCULATION
PRESSURE: 0 -1019.1 -80.8184 187.01 -80.8192 -796.707 -115.814 187.009 -115.813 -552.604
GPRESSURE: 0 -797.619 -420.6 346.907 81.6445 -664.107 -139.418 383.485 -44.2649 -668.416
ETITLE:      TS           BOND          ANGLE          DIHED          IMPRP               ELECT            VDW       BOUNDARY           MISC        KINETIC               TOTAL           TEMP      POTENTIAL       TOTALAVG        TEMPAVG            PRESSURE      GPRESSURE         VOLUME       PRESSAVG      GPRESSAVG
FEPTITLE:    TS          BOND2         ELECT2           VDW2

ENERGY:       0         5.0188        13.6882         7.2594         0.0000         -10580.1030      1359.9177         0.0000         0.0000      1760.3516          -7433.8674       300.7977     -9194.2189     -7433.8674       300.7977           -789.4714      -710.0475     30437.9842      -789.4714      -710.0475
FEP:          0        25.9664    -10580.6703      1360.3513

PRESSURE: 100000 20.9808 271.414 -463.298 271.412 810.423 -29.9135 -463.301 -29.9098 235.586
GPRESSURE: 100000 102.925 396.939 -725.038 -179.111 777.385 54.9535 -483.796 -170.749 246.129
PRESSAVG: 100000 -300.849 -27.4925 -26.4103 -27.4925 -84.5867 30.4994 -26.4103 30.4994 6.1784
GPRESSAVG: 100000 -177.532 -59.6941 -25.3725 -74.5532 -53.8061 17.977 -43.7408 -3.12039 35.0797
ENERGY:  100000         3.3230         7.3158         4.5239         0.0000         -10682.4205      1492.8710         0.0000         0.0000      1758.6950          -7415.6918       300.5146     -9174.3868     -7424.7796       300.6562            355.6632       375.4793     30105.1547      -216.9041      -167.2841
FEP:     100000        15.1627    -10683.5047      1492.9181

WRITING EXTENDED SYSTEM TO RESTART FILE AT STEP 100000
WRITING COORDINATES TO DCD FILE mobley_7364468_prod.dcd AT STEP 100000
WRITING COORDINATES TO RESTART FILE AT STEP 100000
FINISHED WRITING RESTART COORDINATES
WRITING VELOCITIES TO RESTART FILE AT STEP 100000
FINISHED WRITING RESTART VELOCITIES
PRESSURE: 200000 -39.1332 348.515 116.979 348.514 -170.132 216.365 116.978 216.365 -1198.29
GPRESSURE: 200000 15.5649 484.505 -193.972 405.985 -317.635 324.44 482.452 393.151 -903.959
PRESSAVG: 200000 -323.203 7.92692 -24.8817 7.92692 -91.0934 38.4673 -24.8817 38.4673 -38.8072
GPRESSAVG: 200000 -209.867 -31.7848 -47.5444 -40.2409 -61.3723 23.5147 -18.2971 17.4795 6.50351
ENERGY:  200000         4.1425        12.7501         6.6094         0.0000         -10595.8952      1369.8361         0.0000         0.0000      1756.2276          -7446.3295       300.0930     -9202.5571     -7431.9629       300.4684           -469.1853      -402.0098     30224.1446      -300.9978      -245.5260
FEP:     200000        23.5021    -10596.0017      1369.8526

WRITING EXTENDED SYSTEM TO RESTART FILE AT STEP 200000
WRITING COORDINATES TO DCD FILE mobley_7364468_prod.dcd AT STEP 200000
WRITING COORDINATES TO RESTART FILE AT STEP 200000
FINISHED WRITING RESTART COORDINATES
WRITING VELOCITIES TO RESTART FILE AT STEP 200000
FINISHED WRITING RESTART VELOCITIES
PRESSURE: 300000 -374.978 134.951 -63.2321 134.95 -80.6767 101.688 -63.2325 101.69 -10.0716
GPRESSURE: 300000 -309.212 46.7669 164.072 167.051 46.1539 490.769 118.616 -180.969 -143.702
PRESSAVG: 300000 -317.991 -3.72202 -32.6532 -3.72202 -80.1654 55.97 -32.6532 55.97 -64.4308
GPRESSAVG: 300000 -203.596 -55.859 -55.8381 -33.4064 -43.1512 63.5525 -24.0507 13.2456 -32.2799
ENERGY:  300000         2.3484         8.8429         5.6019         0.0000         -10650.1437      1402.8397         0.0000         0.0000      1779.4762          -7451.0346       304.0656     -9230.5108     -7436.7308       301.3677           -155.2421      -135.5867     29940.8281      -264.5589      -218.0412
FEP:     300000        16.7932    -10651.4018      1402.7567

WRITING EXTENDED SYSTEM TO RESTART FILE AT STEP 300000
WRITING COORDINATES TO DCD FILE mobley_7364468_prod.dcd AT STEP 300000
WRITING COORDINATES TO RESTART FILE AT STEP 300000
FINISHED WRITING RESTART COORDINATES
WRITING VELOCITIES TO RESTART FILE AT STEP 300000
FINISHED WRITING RESTART VELOCITIES
PRESSURE: 400000 -861.633 369.063 208.597 369.064 -649.43 193.09 208.595 193.088 -208.002
GPRESSURE: 400000 -596.638 303.678 168.793 466.098 -666.559 283.699 31.706 145.271 -187.97
PRESSAVG: 400000 -335.677 -2.84889 -28.0513 -2.84889 -99.3928 78.0292 -28.0513 78.0292 -97.5346
GPRESSAVG: 400000 -212.737 -67.2409 -63.5939 -12.18 -60.7647 93.5969 -33.8042 25.5802 -73.7694
ENERGY:  400000         3.1479        10.8017         5.6844         0.0000         -10614.9191      1385.9752         0.0000         0.0000      1743.3965          -7465.9134       297.9005     -9209.3099     -7442.5673       300.6743           -573.0217      -483.7223     30503.9559      -326.2515      -271.1774
FEP:     400000        19.6340    -10615.4988      1385.9752

WRITING EXTENDED SYSTEM TO RESTART FILE AT STEP 400000
WRITING COORDINATES TO DCD FILE mobley_7364468_prod.dcd AT STEP 400000
WRITING COORDINATES TO RESTART FILE AT STEP 400000
FINISHED WRITING RESTART COORDINATES
WRITING VELOCITIES TO RESTART FILE AT STEP 400000
FINISHED WRITING RESTART VELOCITIES
PRESSURE: 500000 685.394 124.756 12.7136 124.761 623.144 -422.32 12.7161 -422.318 432.998
GPRESSURE: 500000 829.687 -38.4926 621.041 266.829 673.037 -323.56 342.97 120.245 482.711
PRESSAVG: 500000 -301.613 6.3556 -19.227 6.3556 -89.3217 45.8767 -19.227 45.8767 -144.353
GPRESSAVG: 500000 -164.004 -63.3447 -39.6364 9.29399 -52.1456 59.0704 5.54695 32.9732 -121.441
ENERGY:  500000         2.4466        11.3424         7.3193         0.0000         -10651.0041      1477.6744         0.0000         0.0000      1795.5987          -7356.6228       306.8205     -9152.2215     -7428.2432       301.6987            580.5120       661.8116     29992.2960      -175.1242      -115.6792
FEP:     500000        21.1082    -10652.5722      1478.2532

WRITING EXTENDED SYSTEM TO RESTART FILE AT STEP 500000
WRITING COORDINATES TO DCD FILE mobley_7364468_prod.dcd AT STEP 500000
WRITING COORDINATES TO RESTART FILE AT STEP 500000
FINISHED WRITING RESTART COORDINATES
WRITING VELOCITIES TO RESTART FILE AT STEP 500000
FINISHED WRITING RESTART VELOCITIES
PRESSURE: 600000 20.0765 -320.004 -343.359 -320.002 -335.096 -294.861 -343.354 -294.862 59.6542
GPRESSURE: 600000 111.752 -126.806 -577.987 -228.011 -210.615 -38.4724 -348.079 -595.854 120.089
PRESSAVG: 600000 -264.429 -15.9099 -13.0382 -15.9099 -75.8983 19.4249 -13.0382 19.4249 -113.515
GPRESSAVG: 600000 -126.605 -75.4641 -55.0104 -8.87228 -34.1078 47.2775 24.937 -0.711902 -93.9213
ENERGY:  600000         2.3803         8.7899         4.4945         0.0000         -10649.3894      1437.4269         0.0000         0.0000      1739.2448          -7457.0530       297.1911     -9196.2978     -7432.3589       301.0547            -85.1219         7.0752     30577.0028      -162.2667       -98.1429
FEP:     600000        15.6647    -10650.3227      1437.0136

WRITING EXTENDED SYSTEM TO RESTART FILE AT STEP 600000
WRITING COORDINATES TO DCD FILE mobley_7364468_prod.dcd AT STEP 600000
WRITING COORDINATES TO RESTART FILE AT STEP 600000
FINISHED WRITING RESTART COORDINATES
WRITING VELOCITIES TO RESTART FILE AT STEP 600000
FINISHED WRITING RESTART VELOCITIES
PRESSURE: 700000 -376.13 -87.3955 -290.915 -87.3954 -576.392 -82.2813 -290.919 -82.2801 35.0111
GPRESSURE: 700000 -366.715 41.3123 -499.319 -293.498 -473.458 39.4982 -99.2757 172.74 -7.25777
PRESSAVG: 700000 -222.128 7.71801 -21.0281 7.71801 -75.9155 -0.834736 -21.0281 -0.834736 -79.1858
GPRESSAVG: 700000 -96.1507 -45.6041 -76.8399 -9.2513 -30.3436 25.4489 47.6356 0.592142 -61.0846
ENERGY:  700000         1.5684        10.0065         4.9907         0.0000         -10652.1579      1409.4689         0.0000         0.0000      1724.6244          -7501.4990       294.6929     -9226.1234     -7441.0014       300.2595           -305.8373      -282.4769     30320.6729      -180.2131      -121.1846
FEP:     700000        16.5657    -10651.9846      1409.3853

WRITING EXTENDED SYSTEM TO RESTART FILE AT STEP 700000
WRITING COORDINATES TO DCD FILE mobley_7364468_prod.dcd AT STEP 700000
WRITING COORDINATES TO RESTART FILE AT STEP 700000
FINISHED WRITING RESTART COORDINATES
WRITING VELOCITIES TO RESTART FILE AT STEP 700000
FINISHED WRITING RESTART VELOCITIES
PRESSURE: 800000 994.952 -664.447 443.166 -664.45 946.322 0.0632412 443.165 0.0583376 1396.86
GPRESSURE: 800000 1000.57 -648.095 567.299 -379.663 923.398 -226.12 -95.2577 102.163 1395.83
PRESSAVG: 800000 -165.189 -7.13475 2.83614 -7.13475 1.33643 -0.128585 2.83614 -0.128585 26.5871
GPRESSAVG: 800000 -53.5996 -59.9506 -36.9424 -12.3061 56.6975 17.5743 35.6073 -6.63238 40.5833
ENERGY:  800000         1.9784        10.5235         6.0340         0.0000         -10721.0317      1548.8732         0.0000         0.0000      1760.2203          -7393.4022       300.7753     -9153.6225     -7435.7126       300.3168           1112.7111      1106.5994     30092.7184       -36.5548        15.2358
FEP:     800000        18.5360    -10721.4053      1548.9845

WRITING EXTENDED SYSTEM TO RESTART FILE AT STEP 800000
WRITING COORDINATES TO DCD FILE mobley_7364468_prod.dcd AT STEP 800000
WRITING COORDINATES TO RESTART FILE AT STEP 800000
FINISHED WRITING RESTART COORDINATES
WRITING VELOCITIES TO RESTART FILE AT STEP 800000
FINISHED WRITING RESTART VELOCITIES
PRESSURE: 900000 -93.6708 -278.155 318.579 -278.155 301.963 -323.632 318.58 -323.633 -539.937
GPRESSURE: 900000 -17.6701 -534.499 77.5138 -26.5709 321.889 -630.345 53.8325 71.6147 -457.54
PRESSAVG: 900000 -138.581 -22.7922 56.3761 -22.7922 33.9579 6.58605 56.3761 6.58605 -1.44734
GPRESSAVG: 900000 -22.4145 -88.1494 4.91686 -7.80272 86.6313 3.92815 75.0429 23.9825 16.3071
ENERGY:  900000         4.4595         8.0001         3.5806         0.0000         -10622.9619      1438.3473         0.0000         0.0000      1836.1521          -7332.4222       313.7500     -9168.5744     -7425.3836       301.6601           -110.5482       -51.1069     30816.2246       -43.9542         8.6016
FEP:     900000        16.0402    -10622.9151      1437.9124

WRITING EXTENDED SYSTEM TO RESTART FILE AT STEP 900000
WRITING COORDINATES TO DCD FILE mobley_7364468_prod.dcd AT STEP 900000
WRITING COORDINATES TO RESTART FILE AT STEP 900000
FINISHED WRITING RESTART COORDINATES
WRITING VELOCITIES TO RESTART FILE AT STEP 900000
FINISHED WRITING RESTART VELOCITIES
PRESSURE: 1000000 383.689 242.628 370.318 242.627 -865.4 -346.263 370.321 -346.263 284.984
GPRESSURE: 1000000 454.479 18.783 725.017 477.537 -839.1 -281.301 5.86222 -535.501 372.787
PRESSAVG: 1000000 -134.248 -6.41002 90.8212 -6.41002 -23.1878 3.43829 90.8212 3.43829 -8.33666
GPRESSAVG: 1000000 -21.0559 -86.2339 63.2914 27.0516 23.4738 13.31 84.8006 2.38428 11.9362
TIMING: 1000000  CPU: 8078.06, 0.000414108/step  Wall: 8283.64, 0.000420097/step, 411.334 ns/days, 0.0583467 hours remaining, 0.000000 MB of memory in use.
PERFORMANCE: 1000000  averaging 398.943 ns/day, 0.000433145 sec/step with standard deviation 1.37433e-05
ETITLE:      TS           BOND          ANGLE          DIHED          IMPRP               ELECT            VDW       BOUNDARY           MISC        KINETIC               TOTAL           TEMP      POTENTIAL       TOTALAVG        TEMPAVG            PRESSURE      GPRESSURE         VOLUME       PRESSAVG      GPRESSAVG
FEPTITLE:    TS          BOND2         ELECT2           VDW2

ENERGY: 1000000         4.7008         8.7019         6.3217         0.0000         -10631.2230      1434.8829         0.0000         0.0000      1700.7690          -7475.8467       290.6166     -9176.6157     -7429.9711       300.6562            -65.5757        -3.9445     30400.1621       -45.9198         7.4610
FEP:    1000000        19.7244    -10631.6614      1434.6339

WRITING EXTENDED SYSTEM TO RESTART FILE AT STEP 1000000
WRITING COORDINATES TO DCD FILE mobley_7364468_prod.dcd AT STEP 1000000
WRITING COORDINATES TO RESTART FILE AT STEP 1000000
FINISHED WRITING RESTART COORDINATES
WRITING VELOCITIES TO RESTART FILE AT STEP 1000000
FINISHED WRITING RESTART VELOCITIES
PRESSURE: 1100000 -597.74 -290.619 608.887 -290.616 41.1005 299.932 608.888 299.933 576.26
GPRESSURE: 1100000 -552.559 -143.972 528.072 -194.467 358.042 526.516 448.327 249.912 382.507
PRESSAVG: 1100000 -148.779 -44.9685 120.243 -44.9685 -60.855 -10.6027 120.243 -10.6027 -29.5211
GPRESSAVG: 1100000 -37.1956 -96.934 91.3281 -10.0693 -1.29982 30.309 98.9424 -12.2259 -16.7659
ENERGY: 1100000         1.9677        10.4928         5.2433         0.0000         -10636.4492      1441.3174         0.0000         0.0000      1747.2789          -7430.1491       298.5639     -9177.4280     -7429.9860       300.4818              6.5402        62.6635     30352.8183       -41.5481        12.0612
FEP:    1100000        17.7038    -10637.1098      1441.5898

WRITING EXTENDED SYSTEM TO RESTART FILE AT STEP 1100000
WRITING COORDINATES TO DCD FILE mobley_7364468_prod.dcd AT STEP 1100000
WRITING COORDINATES TO RESTART FILE AT STEP 1100000
FINISHED WRITING RESTART COORDINATES
WRITING VELOCITIES TO RESTART FILE AT STEP 1100000
FINISHED WRITING RESTART VELOCITIES
PRESSURE: 1200000 -960.744 -622.355 452.191 -622.358 -822.282 139.345 452.189 139.346 1059.65
GPRESSURE: 1200000 -986.251 -717.852 326.443 -354.237 -706.929 194.157 142.332 107.973 1393.29
PRESSAVG: 1200000 -172.273 -91.3604 134.438 -91.3604 -77.8669 -22.6001 134.438 -22.6001 98.9234
GPRESSAVG: 1200000 -68.688 -145.795 108.834 -24.3603 -9.53137 12.9626 102.628 -25.7953 120.46
ENERGY: 1200000         4.0781        10.3472         4.1835         0.0000         -10640.5855      1417.2131         0.0000         0.0000      1823.5687          -7381.1950       311.5998     -9204.7636     -7426.2328       301.3370           -241.1253       -99.9632     30271.4829       -56.9002         3.4440
FEP:    1200000        18.6088    -10641.5196      1418.6986

WRITING EXTENDED SYSTEM TO RESTART FILE AT STEP 1200000
WRITING COORDINATES TO DCD FILE mobley_7364468_prod.dcd AT STEP 1200000
WRITING COORDINATES TO RESTART FILE AT STEP 1200000
FINISHED WRITING RESTART COORDINATES
WRITING VELOCITIES TO RESTART FILE AT STEP 1200000
FINISHED WRITING RESTART VELOCITIES
PRESSURE: 1300000 641.755 345.182 -30.7655 345.18 917.629 -156.403 -30.7653 -156.403 376.226
GPRESSURE: 1300000 730.734 639.639 -70.6831 169.569 1025.22 -364.682 -80.8271 45.9719 487.902
PRESSAVG: 1300000 -144.049 -61.9839 116.562 -61.9839 -37.1244 -43.023 116.562 -43.023 131.289
GPRESSAVG: 1300000 -40.9054 -103.574 99.938 -15.0695 28.6721 -25.5896 91.4971 -21.7738 159.323
ENERGY: 1300000         3.4592        12.3355         6.2551         0.0000         -10713.8483      1526.9952         0.0000         0.0000      1767.5643          -7397.2390       302.0302     -9164.8033     -7424.1618       301.3865            645.2035       747.9508     30261.3823        -6.7499        56.6230
FEP:    1300000        22.0498    -10714.6046      1527.1860

WRITING EXTENDED SYSTEM TO RESTART FILE AT STEP 1300000
WRITING COORDINATES TO DCD FILE mobley_7364468_prod.dcd AT STEP 1300000
WRITING COORDINATES TO RESTART FILE AT STEP 1300000
FINISHED WRITING RESTART COORDINATES
WRITING VELOCITIES TO RESTART FILE AT STEP 1300000
FINISHED WRITING RESTART VELOCITIES
PRESSURE: 1400000 -704.227 275.822 291.634 275.82 -664.047 362.958 291.635 362.958 -620.279
GPRESSURE: 1400000 -493.303 370.18 -17.8866 39.562 -742.567 238.42 619.578 219.338 -649.628
PRESSAVG: 1400000 -189.496 -72.7666 129.409 -72.7666 -104.124 -24.0419 129.409 -24.0419 44.3824
GPRESSAVG: 1400000 -78.3024 -105.793 103.587 -39.4784 -45.1751 -13.7182 124.331 -7.582 61.5387
ENERGY: 1400000         4.9768         7.8202         4.0480         0.0000         -10601.7528      1369.4127         0.0000         0.0000      1722.3191          -7493.1760       294.2989     -9215.4951     -7428.7628       300.9140           -662.8511      -628.4995     30115.3335       -50.4900        10.9482
FEP:    1400000        16.8450    -10602.0185      1370.7532

WRITING EXTENDED SYSTEM TO RESTART FILE AT STEP 1400000
WRITING COORDINATES TO DCD FILE mobley_7364468_prod.dcd AT STEP 1400000
WRITING COORDINATES TO RESTART FILE AT STEP 1400000
FINISHED WRITING RESTART COORDINATES
WRITING VELOCITIES TO RESTART FILE AT STEP 1400000
FINISHED WRITING RESTART VELOCITIES
PRESSURE: 1500000 698.207 10.3334 -198.706 10.3351 740.739 565.977 -198.701 565.981 1483.51
GPRESSURE: 1500000 809.475 -306.152 45.5295 161.931 722.653 486.191 -175.89 448.752 1548.38
PRESSAVG: 1500000 -97.2653 -53.9429 127.122 -53.9429 -63.8488 -10.1238 127.122 -10.1238 109.218
GPRESSAVG: 1500000 -4.48742 -92.2501 99.762 -17.3664 -5.91195 9.43372 124.689 -7.62655 141.537
ENERGY: 1500000         3.1599         9.9418         3.6677         0.0000         -10811.6060      1562.2466         0.0000         0.0000      1725.6005          -7506.9894       294.8597     -9232.5899     -7433.6519       300.5356            974.1509      1026.8365     29706.0257        13.5501        74.4412
FEP:    1500000        16.7694    -10811.7264      1561.6080

WRITING EXTENDED SYSTEM TO RESTART FILE AT STEP 1500000
WRITING COORDINATES TO DCD FILE mobley_7364468_prod.dcd AT STEP 1500000
WRITING COORDINATES TO RESTART FILE AT STEP 1500000
FINISHED WRITING RESTART COORDINATES
WRITING VELOCITIES TO RESTART FILE AT STEP 1500000
FINISHED WRITING RESTART VELOCITIES
TCL: Running FEP window  14: Lambda1 0.65   Lambda2 0.7000000000000001 [dLambda 0.050000000000000044]
TCL: Setting parameter firsttimestep to 0
TCL: Setting parameter alchLambda to 0.65
Info: NONBONDED TABLE R-SQUARED SPACING: 0.0625
Info: NONBONDED TABLE SIZE: 705 POINTS
Info: INCONSISTENCY IN FAST TABLE ENERGY VS FORCE: 0.000290481 AT 0.251946
Info: INCONSISTENCY IN SCOR TABLE ENERGY VS FORCE: 0.000238233 AT 8.9687
Info: ABSOLUTE IMPRECISION IN VDWA TABLE ENERGY: 1.21169e-27 AT 8.99653
Info: ABSOLUTE IMPRECISION IN VDWA TABLE FORCE: 2.57484e-27 AT 8.99653
Info: INCONSISTENCY IN VDWA TABLE ENERGY VS FORCE: 0.0040507 AT 0.251946
Info: INCONSISTENCY IN VDWB TABLE ENERGY VS FORCE: 0.00150189 AT 0.251946
TCL: Setting parameter alchLambda2 to 0.7000000000000001
Info: NONBONDED TABLE R-SQUARED SPACING: 0.0625
Info: NONBONDED TABLE SIZE: 705 POINTS
Info: INCONSISTENCY IN FAST TABLE ENERGY VS FORCE: 0.000290481 AT 0.251946
Info: INCONSISTENCY IN SCOR TABLE ENERGY VS FORCE: 0.000238233 AT 8.9687
Info: ABSOLUTE IMPRECISION IN VDWA TABLE ENERGY: 1.21169e-27 AT 8.99653
Info: ABSOLUTE IMPRECISION IN VDWA TABLE FORCE: 2.57484e-27 AT 8.99653
Info: INCONSISTENCY IN VDWA TABLE ENERGY VS FORCE: 0.0040507 AT 0.251946
Info: INCONSISTENCY IN VDWB TABLE ENERGY VS FORCE: 0.00150189 AT 0.251946
TCL: Running for 1500000 steps
FEP: RESETTING FOR NEW FEP WINDOW LAMBDA SET TO 0.65 LAMBDA2 0.7
FEP: WINDOW TO HAVE 100000 STEPS OF EQUILIBRATION PRIOR TO FEP DATA COLLECTION.
FEP: USING CONSTANT TEMPERATURE OF 300 K FOR FEP CALCULATION
PRESSURE: 0 692.87 -13.9258 -239.934 -13.9262 733.558 578.472 -239.933 578.47 1429.82
GPRESSURE: 0 815.727 -305.848 44.8849 163.599 724.414 489.066 -179.099 449.282 1554.62
ETITLE:      TS           BOND          ANGLE          DIHED          IMPRP               ELECT            VDW       BOUNDARY           MISC        KINETIC               TOTAL           TEMP      POTENTIAL       TOTALAVG        TEMPAVG            PRESSURE      GPRESSURE         VOLUME       PRESSAVG      GPRESSAVG
FEPTITLE:    TS          BOND2         ELECT2           VDW2

ENERGY:       0         3.1599         9.9418         3.6677         0.0000         -10811.7256      1561.6080         0.0000         0.0000      1724.7521          -7508.5960       294.7147     -9233.3481     -7508.5960       294.7147            952.0829      1031.5862     29706.0257       952.0829      1031.5862
FEP:          0        16.7694    -10811.8463      1561.1906

PRESSURE: 100000 -3.37112 377.097 -350.713 377.096 -789.694 -216.093 -350.713 -216.096 100.806
GPRESSURE: 100000 26.6404 359.016 -376.577 370.6 -696.631 -251.222 -187.406 -233.39 139.186
PRESSAVG: 100000 -118.498 -18.9276 81.3534 -18.9276 -79.8399 32.761 81.3534 32.761 186.582
GPRESSAVG: 100000 -19.9286 -70.1815 89.5775 30.3951 -30.7928 45.3036 86.1713 30.9129 218.927
ENERGY:  100000         4.5269        10.4634         5.0198         0.0000         -10557.0723      1379.3009         0.0000         0.0000      1670.1896          -7487.5717       285.3914     -9157.7613     -7498.0839       290.0530           -230.7533      -176.9351     30339.3527       360.6648       427.3256
FEP:     100000        20.0102    -10558.4301      1379.9696

WRITING EXTENDED SYSTEM TO RESTART FILE AT STEP 100000
WRITING COORDINATES TO DCD FILE mobley_7364468_prod.dcd AT STEP 100000
WRITING COORDINATES TO RESTART FILE AT STEP 100000
FINISHED WRITING RESTART COORDINATES
WRITING VELOCITIES TO RESTART FILE AT STEP 100000
FINISHED WRITING RESTART VELOCITIES
PRESSURE: 200000 447.557 106.668 -64.2568 106.668 896.504 230.445 -64.2604 230.443 1541.99
GPRESSURE: 200000 575.159 -18.0129 -320.97 255.008 990.39 -146.946 74.6484 611.834 1377.84
PRESSAVG: 200000 -73.8253 7.98415 60.6252 7.98415 -26.4669 31.3851 60.6252 31.3851 268.019
GPRESSAVG: 200000 27.5824 -50.8712 59.3551 72.6279 28.6968 29.5033 72.6019 66.7809 290.016
ENERGY:  200000         2.3027        12.3714         4.8215         0.0000         -10721.0225      1524.6405         0.0000         0.0000      1712.0500          -7464.8364       292.5442     -9176.8864     -7487.0014       290.8834            962.0173       981.1307     29987.5893       561.1156       611.9273
FEP:     200000        19.4956    -10721.5414      1525.1266

WRITING EXTENDED SYSTEM TO RESTART FILE AT STEP 200000
WRITING COORDINATES TO DCD FILE mobley_7364468_prod.dcd AT STEP 200000
WRITING COORDINATES TO RESTART FILE AT STEP 200000
FINISHED WRITING RESTART COORDINATES
WRITING VELOCITIES TO RESTART FILE AT STEP 200000
FINISHED WRITING RESTART VELOCITIES
PRESSURE: 300000 -631.057 -47.9097 281.15 -47.9025 -391.591 210.959 281.151 210.956 -168.878
GPRESSURE: 300000 -458.191 -111.346 326.56 -14.4037 -369.32 419.481 -33.8439 223.726 -171.473
PRESSAVG: 300000 -53.8153 10.0401 62.3024 10.0401 -6.50346 45.5855 62.3024 45.5855 285.765
GPRESSAVG: 300000 44.7276 -35.5429 57.9849 67.7725 43.7828 57.2562 51.0167 80.0622 315.567
ENERGY:  300000         3.3856         8.7025         3.8166         0.0000         -10462.9807      1353.5452         0.0000         0.0000      1768.6247          -7324.9062       302.2114     -9093.5310     -7446.4776       293.7154           -397.1756      -332.9944     30345.0242       321.5428       375.6969
FEP:     300000        15.9046    -10464.2059      1354.5429

WRITING EXTENDED SYSTEM TO RESTART FILE AT STEP 300000
WRITING COORDINATES TO DCD FILE mobley_7364468_prod.dcd AT STEP 300000
WRITING COORDINATES TO RESTART FILE AT STEP 300000
FINISHED WRITING RESTART COORDINATES
WRITING VELOCITIES TO RESTART FILE AT STEP 300000
FINISHED WRITING RESTART VELOCITIES
PRESSURE: 400000 744.367 -75.8425 -180.088 -75.8435 962.454 26.5127 -180.082 26.5137 -118.898
GPRESSURE: 400000 1088.59 69.2663 -125.135 -40.5122 779.741 103.751 -85.3864 48.5439 40.9953
PRESSAVG: 400000 34.3582 10.2889 43.9479 10.2889 81.4546 52.7018 43.9479 52.7018 307.45
GPRESSAVG: 400000 139.038 -11.0495 34.3828 61.6647 115.975 69.4146 27.5731 84.7027 351.037
ENERGY:  400000         2.3782         8.2014         4.0447         0.0000         -10679.9221      1507.1261         0.0000         0.0000      1773.2546          -7384.9171       303.0025     -9158.1717     -7434.1655       295.5728            529.3076       636.4437     30318.5898       363.0958       427.8462
FEP:     400000        14.6243    -10681.2953      1507.7850

WRITING EXTENDED SYSTEM TO RESTART FILE AT STEP 400000
WRITING COORDINATES TO DCD FILE mobley_7364468_prod.dcd AT STEP 400000
WRITING COORDINATES TO RESTART FILE AT STEP 400000
FINISHED WRITING RESTART COORDINATES
WRITING VELOCITIES TO RESTART FILE AT STEP 400000
FINISHED WRITING RESTART VELOCITIES
PRESSURE: 500000 417.596 87.5899 330.898 87.5908 -15.7325 803.729 330.896 803.729 -683.196
GPRESSURE: 500000 336.778 81.8143 299.923 163.641 -116.396 890.918 10.6854 771.387 -441.938
PRESSAVG: 500000 54.1889 1.09784 83.6577 1.09784 40.1468 94.3838 83.6577 94.3838 261.511
GPRESSAVG: 500000 150.731 -26.8058 85.6308 78.8023 71.2862 111.213 52.2972 131.809 316.634
ENERGY:  500000         4.1372        10.4370         4.5819         0.0000         -10590.8867      1420.1604         0.0000         0.0000      1727.0547          -7424.5154       295.1081     -9151.5701     -7432.5572       295.4954            -93.7776       -73.8521     30691.7988       286.9502       344.2299
FEP:     500000        19.1562    -10592.0245      1419.8062

WRITING EXTENDED SYSTEM TO RESTART FILE AT STEP 500000
WRITING COORDINATES TO DCD FILE mobley_7364468_prod.dcd AT STEP 500000
WRITING COORDINATES TO RESTART FILE AT STEP 500000
FINISHED WRITING RESTART COORDINATES
WRITING VELOCITIES TO RESTART FILE AT STEP 500000
FINISHED WRITING RESTART VELOCITIES
PRESSURE: 600000 -70.3557 183.074 571.94 183.073 272.004 -408.42 571.944 -408.422 -307.661
GPRESSURE: 600000 153.391 30.4077 561.859 465.109 133.814 -510.608 441.7 -28.5057 -282.56
PRESSAVG: 600000 52.6278 -7.17423 106.406 -7.17423 62.2537 63.1444 106.406 63.1444 306.042
GPRESSAVG: 600000 157.622 -49.5106 123.422 81.7585 93.8586 69.4604 50.2596 110.727 347.704
ENERGY:  600000         2.6003        10.8486         3.7910         0.0000         -10536.3330      1396.0646         0.0000         0.0000      1768.5149          -7354.5137       302.1926     -9123.0286     -7421.4081       296.4521            -35.3373         1.5485     30120.6270       240.9091       295.2754
FEP:     600000        17.2398    -10536.3465      1395.4845

WRITING EXTENDED SYSTEM TO RESTART FILE AT STEP 600000
WRITING COORDINATES TO DCD FILE mobley_7364468_prod.dcd AT STEP 600000
WRITING COORDINATES TO RESTART FILE AT STEP 600000
FINISHED WRITING RESTART COORDINATES
WRITING VELOCITIES TO RESTART FILE AT STEP 600000
FINISHED WRITING RESTART VELOCITIES
PRESSURE: 700000 -212.295 152.155 -687.077 152.149 -75.5669 471.711 -687.077 471.711 840.6
GPRESSURE: 700000 -166.187 380.106 -644.823 245.54 -48.1384 249.389 -680.314 433.93 909.797
PRESSAVG: 700000 60.762 -6.31423 75.2138 -6.31423 62.5091 81.6455 75.2138 81.6455 348.576
GPRESSAVG: 700000 164.774 -32.8437 82.9777 85.6829 89.144 57.3915 10.3131 141.472 400.379
ENERGY:  700000         2.8433        12.4708         5.5997         0.0000         -10658.0694      1421.6104         0.0000         0.0000      1794.2726          -7421.2727       306.5939     -9215.5453     -7421.3912       297.7198            184.2461       231.8237     29860.4802       233.8263       287.3439
FEP:     700000        20.9138    -10658.7106      1421.8719

WRITING EXTENDED SYSTEM TO RESTART FILE AT STEP 700000
WRITING COORDINATES TO DCD FILE mobley_7364468_prod.dcd AT STEP 700000
WRITING COORDINATES TO RESTART FILE AT STEP 700000
FINISHED WRITING RESTART COORDINATES
WRITING VELOCITIES TO RESTART FILE AT STEP 700000
FINISHED WRITING RESTART VELOCITIES
PRESSURE: 800000 -398.779 -194.311 -259.982 -194.309 540.233 531.862 -259.982 531.861 464.806
GPRESSURE: 800000 -354.462 -161.116 -478.723 -496.889 456.921 567.694 -433.46 347.327 520.645
PRESSAVG: 800000 83.9046 -34.4829 51.785 -34.4829 121.992 98.5841 51.785 98.5841 382.216
GPRESSAVG: 800000 176.882 -56.0834 50.6019 37.5336 145.318 71.5912 -12.9452 151.574 435.809
ENERGY:  800000         4.0858        11.8503         3.4872         0.0000         -10594.6144      1427.7052         0.0000         0.0000      1733.6180          -7413.8679       296.2296     -9147.4858     -7420.5552       297.5543            202.0866       207.7011     30439.2654       230.2996       278.4947
FEP:     800000        19.4233    -10595.1406      1427.3757

WRITING EXTENDED SYSTEM TO RESTART FILE AT STEP 800000
WRITING COORDINATES TO DCD FILE mobley_7364468_prod.dcd AT STEP 800000
WRITING COORDINATES TO RESTART FILE AT STEP 800000
FINISHED WRITING RESTART COORDINATES
WRITING VELOCITIES TO RESTART FILE AT STEP 800000
FINISHED WRITING RESTART VELOCITIES
PRESSURE: 900000 -739.468 -272.272 -259.188 -272.272 -612.305 -237.606 -259.19 -237.601 -835.25
GPRESSURE: 900000 -465.32 -276.92 -173.24 -345.145 -793.363 -280.698 -207.09 -60.1033 -802.467
PRESSAVG: 900000 12.6615 -54.3345 38.1897 -54.3345 60.2199 107.82 38.1897 107.82 318.804
GPRESSAVG: 900000 112.132 -68.0048 10.8878 6.93491 71.998 73.7343 -40.4482 142.557 371.551
ENERGY:  900000         3.6173        11.8928         3.8937         0.0000         -10547.8096      1355.2514         0.0000         0.0000      1721.8150          -7451.3394       294.2128     -9173.1544     -7423.6337       297.2201           -729.0079      -687.0499     30912.8765       134.3689       181.9403
FEP:     900000        19.4038    -10548.6924      1355.7315

WRITING EXTENDED SYSTEM TO RESTART FILE AT STEP 900000
WRITING COORDINATES TO DCD FILE mobley_7364468_prod.dcd AT STEP 900000
WRITING COORDINATES TO RESTART FILE AT STEP 900000
FINISHED WRITING RESTART COORDINATES
WRITING VELOCITIES TO RESTART FILE AT STEP 900000
FINISHED WRITING RESTART VELOCITIES
PRESSURE: 1000000 -1213.56 -287.272 -85.5484 -287.273 -163.284 60.9315 -85.5488 60.9306 -464.062
GPRESSURE: 1000000 -1008.91 -129.107 -170.062 -442.686 -124.586 154.522 -36.4506 107.182 -498.404
PRESSAVG: 1000000 -49.0205 -52.698 51.08 -52.698 68.8105 125.61 51.08 125.61 292.618
GPRESSAVG: 1000000 56.0988 -68.1198 31.2841 -3.79881 76.2995 83.384 -24.8668 177.709 340.626
TIMING: 1000000  CPU: 8745.32, 0.000454003/step  Wall: 8968.45, 0.000466645/step, 370.303 ns/days, 0.0648118 hours remaining, 0.000000 MB of memory in use.
PERFORMANCE: 1000000  averaging 396.751 ns/day, 0.000435537 sec/step with standard deviation 1.59535e-05
ETITLE:      TS           BOND          ANGLE          DIHED          IMPRP               ELECT            VDW       BOUNDARY           MISC        KINETIC               TOTAL           TEMP      POTENTIAL       TOTALAVG        TEMPAVG            PRESSURE      GPRESSURE         VOLUME       PRESSAVG      GPRESSAVG
FEPTITLE:    TS          BOND2         ELECT2           VDW2

ENERGY: 1000000         4.5066        13.9521         5.1280         0.0000         -10572.6136      1379.5095         0.0000         0.0000      1747.4805          -7422.0370       298.5984     -9169.5175     -7423.4885       297.3454           -613.6366      -543.9674     30502.7802        66.3684       115.9486
FEP:    1000000        23.5866    -10573.3763      1379.6309

WRITING EXTENDED SYSTEM TO RESTART FILE AT STEP 1000000
WRITING COORDINATES TO DCD FILE mobley_7364468_prod.dcd AT STEP 1000000
WRITING COORDINATES TO RESTART FILE AT STEP 1000000
FINISHED WRITING RESTART COORDINATES
WRITING VELOCITIES TO RESTART FILE AT STEP 1000000
FINISHED WRITING RESTART VELOCITIES
PRESSURE: 1100000 -607.67 423.246 -64.7702 423.244 -254.647 -548.994 -64.7643 -548.991 -733.861
GPRESSURE: 1100000 -534.714 233.33 -257.293 542.74 -217.61 -57.0352 362.716 -543.957 -697.895
PRESSAVG: 1100000 -60.5974 -27.166 62.3877 -27.166 84.8978 102.274 62.3877 102.274 254.174
GPRESSAVG: 1100000 47.6988 -58.519 43.3854 38.0131 89.0919 78.5574 -1.76718 141.874 306.094
ENERGY: 1100000         3.6872         9.1446         5.1203         0.0000         -10582.3282      1375.1399         0.0000         0.0000      1752.6651          -7436.5712       299.4843     -9189.2363     -7424.5787       297.5237           -532.0593      -483.4061     30414.0252        16.4994        66.0024
FEP:    1100000        17.9521    -10582.6847      1375.6960

WRITING EXTENDED SYSTEM TO RESTART FILE AT STEP 1100000
WRITING COORDINATES TO DCD FILE mobley_7364468_prod.dcd AT STEP 1100000
WRITING COORDINATES TO RESTART FILE AT STEP 1100000
FINISHED WRITING RESTART COORDINATES
WRITING VELOCITIES TO RESTART FILE AT STEP 1100000
FINISHED WRITING RESTART VELOCITIES
PRESSURE: 1200000 670.807 -155.698 -401.919 -155.694 1239.2 -77.9046 -401.922 -77.9057 -533.135
GPRESSURE: 1200000 772.296 93.8151 97.0469 -312.966 981.54 -53.2064 -771.078 34.4044 -224.688
PRESSAVG: 1200000 -76.8047 -1.72822 20.1333 -1.72822 99.5419 98.3759 20.1333 98.3759 157.675
GPRESSAVG: 1200000 36.2853 -21.4234 19.8728 41.3479 91.999 87.203 -35.5582 138.486 225.068
ENERGY: 1200000         2.5532        17.0796         5.0041         0.0000         -10652.3629      1425.8917         0.0000         0.0000      1782.2159          -7419.6183       304.5337     -9201.8343     -7424.1972       298.0629            458.9584       509.7160     29684.3542        50.5347       100.1342
FEP:    1200000        24.6369    -10653.4275      1425.4383

WRITING EXTENDED SYSTEM TO RESTART FILE AT STEP 1200000
WRITING COORDINATES TO DCD FILE mobley_7364468_prod.dcd AT STEP 1200000
WRITING COORDINATES TO RESTART FILE AT STEP 1200000
FINISHED WRITING RESTART COORDINATES
WRITING VELOCITIES TO RESTART FILE AT STEP 1200000
FINISHED WRITING RESTART VELOCITIES
PRESSURE: 1300000 244.951 607.604 18.0449 607.607 761.572 1.31237 18.0443 1.30639 352.847
GPRESSURE: 1300000 310.088 605.534 208.03 439.656 731.658 67.5244 -25.5252 -189.632 452.748
PRESSAVG: 1300000 -59.8736 42.5599 5.10652 42.5599 122.522 114.623 5.10652 114.623 202.314
GPRESSAVG: 1300000 52.6732 35.5782 26.3986 64.6593 112.487 122.097 -39.5261 125.424 270.582
ENERGY: 1300000         2.4504        11.8615         4.3423         0.0000         -10683.8727      1453.9500         0.0000         0.0000      1711.2168          -7500.0517       292.4019     -9211.2685     -7429.6153       297.6585            453.1232       498.1646     29731.9051        79.2910       128.5650
FEP:    1300000        18.6542    -10684.6099      1453.8461

WRITING EXTENDED SYSTEM TO RESTART FILE AT STEP 1300000
WRITING COORDINATES TO DCD FILE mobley_7364468_prod.dcd AT STEP 1300000
WRITING COORDINATES TO RESTART FILE AT STEP 1300000
FINISHED WRITING RESTART COORDINATES
WRITING VELOCITIES TO RESTART FILE AT STEP 1300000
FINISHED WRITING RESTART VELOCITIES
PRESSURE: 1400000 -599.474 108.062 -138.693 108.061 -1076.31 329.819 -138.694 329.821 -1538.52
GPRESSURE: 1400000 -662.087 -34.2201 -26.6951 244.772 -979.24 196.015 -378.442 405.612 -1470.83
PRESSAVG: 1400000 -109.032 35.8316 -20.3442 35.8316 111.977 148.427 -20.3442 148.427 111.139
GPRESSAVG: 1400000 -3.1551 32.9281 -11.187 53.021 105.48 145.962 -58.7413 172.479 178.401
ENERGY: 1400000         3.4660        12.1150         5.4569         0.0000         -10387.2406      1292.4671         0.0000         0.0000      1781.5334          -7292.2021       304.4171     -9073.7356     -7420.4545       298.1091          -1071.4326     -1037.3862     30980.0941         2.5761        50.8349
FEP:    1400000        21.0379    -10387.5643      1293.2763

WRITING EXTENDED SYSTEM TO RESTART FILE AT STEP 1400000
WRITING COORDINATES TO DCD FILE mobley_7364468_prod.dcd AT STEP 1400000
WRITING COORDINATES TO RESTART FILE AT STEP 1400000
FINISHED WRITING RESTART COORDINATES
WRITING VELOCITIES TO RESTART FILE AT STEP 1400000
FINISHED WRITING RESTART VELOCITIES
PRESSURE: 1500000 -1241.04 240.594 -219.239 240.594 -1589.05 612.469 -219.236 612.47 -356.56
GPRESSURE: 1500000 -927.037 371.064 -527.617 61.033 -1501.43 535.347 -149.629 965.752 -498.331
PRESSAVG: 1500000 -141.197 62.3921 -61.7504 62.3921 30.4695 164.054 -61.7504 164.054 64.4979
GPRESSAVG: 1500000 -21.879 58.6799 -63.9715 65.7961 12.5069 146.404 -88.6391 208.271 134.359
ENERGY: 1500000         3.9697         9.1570         5.5249         0.0000         -10345.9842      1275.6181         0.0000         0.0000      1701.1851          -7350.5294       290.6877     -9051.7145     -7416.0841       297.6453          -1062.2161      -975.5989     30503.6398       -63.9734       -13.3172
FEP:    1500000        18.6516    -10346.5635      1275.1988

WRITING EXTENDED SYSTEM TO RESTART FILE AT STEP 1500000
WRITING COORDINATES TO DCD FILE mobley_7364468_prod.dcd AT STEP 1500000
WRITING COORDINATES TO RESTART FILE AT STEP 1500000
FINISHED WRITING RESTART COORDINATES
WRITING VELOCITIES TO RESTART FILE AT STEP 1500000
FINISHED WRITING RESTART VELOCITIES
TCL: Running FEP window  15: Lambda1 0.7000000000000001 Lambda2 0.7500000000000001 [dLambda 0.050000000000000044]
TCL: Setting parameter firsttimestep to 0
TCL: Setting parameter alchLambda to 0.7000000000000001
Info: NONBONDED TABLE R-SQUARED SPACING: 0.0625
Info: NONBONDED TABLE SIZE: 705 POINTS
Info: INCONSISTENCY IN FAST TABLE ENERGY VS FORCE: 0.000290481 AT 0.251946
Info: INCONSISTENCY IN SCOR TABLE ENERGY VS FORCE: 0.000238233 AT 8.9687
Info: ABSOLUTE IMPRECISION IN VDWA TABLE ENERGY: 1.21169e-27 AT 8.99653
Info: ABSOLUTE IMPRECISION IN VDWA TABLE FORCE: 2.57484e-27 AT 8.99653
Info: INCONSISTENCY IN VDWA TABLE ENERGY VS FORCE: 0.0040507 AT 0.251946
Info: INCONSISTENCY IN VDWB TABLE ENERGY VS FORCE: 0.00150189 AT 0.251946
TCL: Setting parameter alchLambda2 to 0.7500000000000001
Info: NONBONDED TABLE R-SQUARED SPACING: 0.0625
Info: NONBONDED TABLE SIZE: 705 POINTS
Info: INCONSISTENCY IN FAST TABLE ENERGY VS FORCE: 0.000290481 AT 0.251946
Info: INCONSISTENCY IN SCOR TABLE ENERGY VS FORCE: 0.000238233 AT 8.9687
Info: ABSOLUTE IMPRECISION IN VDWA TABLE ENERGY: 1.21169e-27 AT 8.99653
Info: ABSOLUTE IMPRECISION IN VDWA TABLE FORCE: 2.57484e-27 AT 8.99653
Info: INCONSISTENCY IN VDWA TABLE ENERGY VS FORCE: 0.0040507 AT 0.251946
Info: INCONSISTENCY IN VDWB TABLE ENERGY VS FORCE: 0.00150189 AT 0.251946
TCL: Running for 1500000 steps
FEP: RESETTING FOR NEW FEP WINDOW LAMBDA SET TO 0.7 LAMBDA2 0.75
FEP: WINDOW TO HAVE 100000 STEPS OF EQUILIBRATION PRIOR TO FEP DATA COLLECTION.
FEP: USING CONSTANT TEMPERATURE OF 300 K FOR FEP CALCULATION
PRESSURE: 0 -1204.58 282.88 -164.675 282.881 -1567.68 587.228 -164.673 587.225 -386.678
GPRESSURE: 0 -916.791 374.555 -530.287 62.8328 -1495.47 536.764 -154.399 970.819 -496.663
ETITLE:      TS           BOND          ANGLE          DIHED          IMPRP               ELECT            VDW       BOUNDARY           MISC        KINETIC               TOTAL           TEMP      POTENTIAL       TOTALAVG        TEMPAVG            PRESSURE      GPRESSURE         VOLUME       PRESSAVG      GPRESSAVG
FEPTITLE:    TS          BOND2         ELECT2           VDW2

ENERGY:       0         3.9697         9.1570         5.5249         0.0000         -10346.5634      1275.1987         0.0000         0.0000      1700.3170          -7352.3960       290.5394     -9052.7131     -7352.3960       290.5394          -1052.9772      -969.6416     30503.6398     -1052.9772      -969.6416
FEP:          0        18.6516    -10347.1425      1275.0393

PRESSURE: 100000 641.066 -610.399 348.861 -610.402 -790.635 324.369 348.86 324.373 255.488
GPRESSURE: 100000 641.7 -389.041 749.983 -455.371 -745.752 319.652 21.2567 285.387 322.663
PRESSAVG: 100000 -153.423 59.8749 -73.6123 59.8749 -92.2134 210.487 -73.6123 210.487 -13.8555
GPRESSAVG: 100000 -22.8577 61.8662 -65.7747 55.4026 -115.469 197.751 -98.3714 263.384 31.5998
ENERGY:  100000         2.0199         7.5613         3.2651         0.0000         -10683.3472      1449.9463         0.0000         0.0000      1724.3177          -7496.2368       294.6405     -9220.5545     -7424.3164       292.5899             35.3064        72.8701     30436.1422      -508.8354      -448.3857
FEP:     100000        12.8463    -10684.1810      1449.4302

WRITING EXTENDED SYSTEM TO RESTART FILE AT STEP 100000
WRITING COORDINATES TO DCD FILE mobley_7364468_prod.dcd AT STEP 100000
WRITING COORDINATES TO RESTART FILE AT STEP 100000
FINISHED WRITING RESTART COORDINATES
WRITING VELOCITIES TO RESTART FILE AT STEP 100000
FINISHED WRITING RESTART VELOCITIES
PRESSURE: 200000 -247.26 239.823 216.664 239.822 -516.734 -61.9788 216.665 -61.9772 -609.169
GPRESSURE: 200000 -191.054 157.718 95.5612 348.859 -396.076 -81.3616 205.55 45.033 -691.37
PRESSAVG: 200000 -130.575 58.075 -77.3608 58.075 -84.8478 189.24 -77.3608 189.24 -13.3
GPRESSAVG: 200000 -7.74524 51.2431 -60.1023 70.8674 -98.1441 181.762 -119.073 254.669 29.5128
ENERGY:  200000         4.9715        13.1209         6.3202         0.0000         -10588.2718      1374.1393         0.0000         0.0000      1716.9922          -7472.7279       293.3887     -9189.7201     -7440.4536       292.8562           -457.7211      -426.1668     30354.1851      -491.7973      -440.9794
FEP:     200000        24.4125    -10588.5353      1374.8188

WRITING EXTENDED SYSTEM TO RESTART FILE AT STEP 200000
WRITING COORDINATES TO DCD FILE mobley_7364468_prod.dcd AT STEP 200000
WRITING COORDINATES TO RESTART FILE AT STEP 200000
FINISHED WRITING RESTART COORDINATES
WRITING VELOCITIES TO RESTART FILE AT STEP 200000
FINISHED WRITING RESTART VELOCITIES
PRESSURE: 300000 -281.206 -617.099 229.388 -617.101 154.666 43.781 229.389 43.781 -262.968
GPRESSURE: 300000 -130.478 -765.163 -54.9047 -341.133 102.375 402.135 344.023 -76.9905 -283.705
PRESSAVG: 300000 -179.545 26.7032 -55.9563 26.7032 -114.151 163.13 -55.9563 163.13 -100.624
GPRESSAVG: 300000 -54.7429 28.2926 -65.124 45.7142 -129.158 177.559 -93.0772 228.382 -62.0915
ENERGY:  300000         7.0568        14.3684         4.4284         0.0000         -10645.6038      1448.4189         0.0000         0.0000      1779.4535          -7391.8778       304.0617     -9171.3313     -7428.3096       295.6576           -129.8359      -103.9360     30526.1557      -401.3069      -356.7186
FEP:     300000        25.8535    -10646.6530      1448.2682

WRITING EXTENDED SYSTEM TO RESTART FILE AT STEP 300000
WRITING COORDINATES TO DCD FILE mobley_7364468_prod.dcd AT STEP 300000
WRITING COORDINATES TO RESTART FILE AT STEP 300000
FINISHED WRITING RESTART COORDINATES
WRITING VELOCITIES TO RESTART FILE AT STEP 300000
FINISHED WRITING RESTART VELOCITIES
PRESSURE: 400000 120.563 280.069 -155.754 280.068 -411.259 -954.634 -155.754 -954.631 199.08
GPRESSURE: 400000 85.7625 175.094 -181.048 403.955 -305.621 -596.316 -178.41 -1025.05 213.504
PRESSAVG: 400000 -208.161 41.4029 -51.7473 41.4029 -171.392 86.4748 -51.7473 86.4748 -162.161
GPRESSAVG: 400000 -91.2411 52.3397 -76.4206 57.732 -180.66 123.29 -93.0427 154.665 -129.147
ENERGY:  400000         2.8016        10.3197         4.6888         0.0000         -10637.1671      1445.6658         0.0000         0.0000      1734.6626          -7439.0286       296.4081     -9173.6912     -7430.4534       295.8077            -30.5389        -2.1179     30537.5910      -327.1533      -285.7984
FEP:     400000        17.8101    -10637.8340      1445.9732

WRITING EXTENDED SYSTEM TO RESTART FILE AT STEP 400000
WRITING COORDINATES TO DCD FILE mobley_7364468_prod.dcd AT STEP 400000
WRITING COORDINATES TO RESTART FILE AT STEP 400000
FINISHED WRITING RESTART COORDINATES
WRITING VELOCITIES TO RESTART FILE AT STEP 400000
FINISHED WRITING RESTART VELOCITIES
PRESSURE: 500000 -132.053 180.819 -101.611 180.812 388.01 -324.508 -101.613 -324.508 19.3412
GPRESSURE: 500000 -48.5228 -101.987 -32.2339 375.214 404.338 -79.0083 -24.6062 -520.783 98.6531
PRESSAVG: 500000 -214.595 31.5887 -39.2923 31.5887 -112.507 81.0542 -39.2923 81.0542 -166.234
GPRESSAVG: 500000 -94.9993 29.2896 -59.2035 57.9627 -125.611 131.901 -84.9027 140.296 -131.174
ENERGY:  500000         3.3194        12.1526         5.4324         0.0000         -10713.2461      1463.2907         0.0000         0.0000      1760.8992          -7468.1517       300.8913     -9229.0509     -7436.7365       296.6549             91.7662       151.4894     30268.1203      -257.3334      -212.9171
FEP:     500000        20.9045    -10714.3663      1463.1669

WRITING EXTENDED SYSTEM TO RESTART FILE AT STEP 500000
WRITING COORDINATES TO DCD FILE mobley_7364468_prod.dcd AT STEP 500000
WRITING COORDINATES TO RESTART FILE AT STEP 500000
FINISHED WRITING RESTART COORDINATES
WRITING VELOCITIES TO RESTART FILE AT STEP 500000
FINISHED WRITING RESTART VELOCITIES
PRESSURE: 600000 -220.051 153.697 541.381 153.7 -719.015 275.619 541.382 275.617 395.16
GPRESSURE: 600000 -98.9363 293.514 494.836 -220.464 -636.664 270.235 906.646 153.466 394.998
PRESSAVG: 600000 -247.975 33.9403 -9.01023 33.9403 -193.283 83.313 -9.01023 83.313 -223.576
GPRESSAVG: 600000 -128.704 44.8659 -18.4132 34.1891 -206.964 152.76 -43.3028 117.377 -180.316
ENERGY:  600000         1.1550         9.2512         4.2265         0.0000         -10553.5097      1370.7350         0.0000         0.0000      1783.0710          -7385.0710       304.6798     -9168.1420     -7429.3557       297.8014           -181.3019      -113.5339     30026.3156      -246.4718      -198.7195
FEP:     600000        14.6327    -10554.4118      1371.7353

WRITING EXTENDED SYSTEM TO RESTART FILE AT STEP 600000
WRITING COORDINATES TO DCD FILE mobley_7364468_prod.dcd AT STEP 600000
WRITING COORDINATES TO RESTART FILE AT STEP 600000
FINISHED WRITING RESTART COORDINATES
WRITING VELOCITIES TO RESTART FILE AT STEP 600000
FINISHED WRITING RESTART VELOCITIES
PRESSURE: 700000 -441.318 -533.921 14.0098 -533.922 -788.96 -25.0906 14.0044 -25.092 -313.257
GPRESSURE: 700000 -494.524 -793.522 268.454 -473.584 -668.127 304.532 -179.82 -461.127 -220.89
PRESSAVG: 700000 -238.488 9.63934 -22.3676 9.63934 -213.151 71.5106 -22.3676 71.5106 -230.795
GPRESSAVG: 700000 -130.521 10.7572 -21.3185 11.2301 -221.904 147.012 -50.6016 83.1348 -182.787
ENERGY:  700000         4.7872        10.4689         5.4878         0.0000         -10535.2069      1352.5742         0.0000         0.0000      1733.6333          -7428.2554       296.2322     -9161.8887     -7429.2182       297.6052           -514.5113      -461.1803     30345.0239      -279.9767      -231.5271
FEP:     700000        20.7440    -10535.8333      1352.1548

WRITING EXTENDED SYSTEM TO RESTART FILE AT STEP 700000
WRITING COORDINATES TO DCD FILE mobley_7364468_prod.dcd AT STEP 700000
WRITING COORDINATES TO RESTART FILE AT STEP 700000
FINISHED WRITING RESTART COORDINATES
WRITING VELOCITIES TO RESTART FILE AT STEP 700000
FINISHED WRITING RESTART VELOCITIES
PRESSURE: 800000 -465.575 346.935 -52.2288 346.936 253.475 369.976 -52.2288 369.978 -375.032
GPRESSURE: 800000 -430.512 86.7499 -251.445 361.969 142.061 -17.5165 -9.82979 394.347 -365.175
PRESSAVG: 800000 -298.985 30.7783 -15.9749 30.7783 -248.6 88.6838 -15.9749 88.6838 -243.601
GPRESSAVG: 800000 -206.476 11.6313 -27.634 31.3541 -253.788 140.949 -46.8238 100.425 -203.095
ENERGY:  800000         1.4723        11.3306         3.9074         0.0000         -10561.6672      1393.0789         0.0000         0.0000      1772.6894          -7379.1887       302.9059     -9151.8780     -7423.6593       298.1942           -195.7109      -217.8755     30597.8786      -270.6138      -230.0103
FEP:     800000        16.7102    -10561.8936      1393.3154

WRITING EXTENDED SYSTEM TO RESTART FILE AT STEP 800000
WRITING COORDINATES TO DCD FILE mobley_7364468_prod.dcd AT STEP 800000
WRITING COORDINATES TO RESTART FILE AT STEP 800000
FINISHED WRITING RESTART COORDINATES
WRITING VELOCITIES TO RESTART FILE AT STEP 800000
FINISHED WRITING RESTART VELOCITIES
PRESSURE: 900000 -1337.76 278.504 -85.6084 278.503 -1116.87 -58.389 -85.609 -58.3847 -1757.69
GPRESSURE: 900000 -1367.01 67.7957 148.855 272.727 -1104.41 -90.5559 -55.19 -5.81111 -1606.82
PRESSAVG: 900000 -386.753 40.324 -36.8001 40.324 -303.657 45.5781 -36.8001 45.5781 -297.326
GPRESSAVG: 900000 -291.666 10.9304 -35.1873 36.8084 -303.189 91.8752 -50.1176 61.565 -261.34
ENERGY:  900000         1.3775         6.7858         4.6124         0.0000         -10531.9406      1292.4054         0.0000         0.0000      1764.0600          -7462.6995       301.4314     -9226.7595     -7427.5633       298.5179          -1404.1105     -1359.4163     31050.1021      -383.9635      -342.9509
FEP:     900000        12.7756    -10532.3568      1292.1952

WRITING EXTENDED SYSTEM TO RESTART FILE AT STEP 900000
WRITING COORDINATES TO DCD FILE mobley_7364468_prod.dcd AT STEP 900000
WRITING COORDINATES TO RESTART FILE AT STEP 900000
FINISHED WRITING RESTART COORDINATES
WRITING VELOCITIES TO RESTART FILE AT STEP 900000
FINISHED WRITING RESTART VELOCITIES
PRESSURE: 1000000 -572.556 -59.1146 197.798 -59.1185 -854.552 88.9721 197.797 88.9721 -159.049
GPRESSURE: 1000000 -525.488 416.519 -438.74 -165.49 -916.553 140.529 588.237 -180.695 66.565
PRESSAVG: 1000000 -411.863 28.2144 -55.5075 28.2144 -359.985 70.4478 -55.5075 70.4478 -289.895
GPRESSAVG: 1000000 -325.61 30.236 -85.2173 5.27846 -355.707 124.432 -42.7907 53.9556 -243.884
TIMING: 1000000  CPU: 9372.33, 0.000417999/step  Wall: 9603.4, 0.000422388/step, 409.103 ns/days, 0.0586649 hours remaining, 0.000000 MB of memory in use.
PERFORMANCE: 1000000  averaging 397.551 ns/day, 0.000434661 sec/step with standard deviation 1.57436e-05
ETITLE:      TS           BOND          ANGLE          DIHED          IMPRP               ELECT            VDW       BOUNDARY           MISC        KINETIC               TOTAL           TEMP      POTENTIAL       TOTALAVG        TEMPAVG            PRESSURE      GPRESSURE         VOLUME       PRESSAVG      GPRESSAVG
FEPTITLE:    TS          BOND2         ELECT2           VDW2

ENERGY: 1000000         6.0029        11.8390         4.5290         0.0000         -10608.1831      1388.2038         0.0000         0.0000      1730.0116          -7467.5969       295.6134     -9197.6084     -7431.2028       298.2539           -528.7189      -458.4920     30811.3169      -397.1231      -353.4546
FEP:    1000000        22.3708    -10609.0186      1387.9205

WRITING EXTENDED SYSTEM TO RESTART FILE AT STEP 1000000
WRITING COORDINATES TO DCD FILE mobley_7364468_prod.dcd AT STEP 1000000
WRITING COORDINATES TO RESTART FILE AT STEP 1000000
FINISHED WRITING RESTART COORDINATES
WRITING VELOCITIES TO RESTART FILE AT STEP 1000000
FINISHED WRITING RESTART VELOCITIES
PRESSURE: 1100000 -637.412 -256.334 -333.445 -256.337 -95.0823 355.917 -333.448 355.919 813.482
GPRESSURE: 1100000 -703.104 102.745 -531.658 -158.924 -81.8204 175.474 48.5836 537.273 1040.02
PRESSAVG: 1100000 -433.119 7.7901 -37.826 7.7901 -360.961 64.6583 -37.826 64.6583 -291.251
GPRESSAVG: 1100000 -352.455 16.3679 -79.559 -14.9447 -357.391 120.736 -6.34584 59.1227 -237.372
ENERGY: 1100000         2.5950        11.0936         6.3684         0.0000         -10639.2227      1439.8318         0.0000         0.0000      1732.0983          -7447.2355       295.9700     -9179.3339     -7432.5388       298.0635             26.9958        85.0333     30419.8669      -361.7799      -316.9140
FEP:    1100000        20.0570    -10639.8525      1439.4029

WRITING EXTENDED SYSTEM TO RESTART FILE AT STEP 1100000
WRITING COORDINATES TO DCD FILE mobley_7364468_prod.dcd AT STEP 1100000
WRITING COORDINATES TO RESTART FILE AT STEP 1100000
FINISHED WRITING RESTART COORDINATES
WRITING VELOCITIES TO RESTART FILE AT STEP 1100000
FINISHED WRITING RESTART VELOCITIES
PRESSURE: 1200000 -74.7541 -113.057 -784.584 -113.06 -108.382 470.975 -784.587 470.979 -808.363
GPRESSURE: 1200000 -7.65561 -226.052 -1036.43 296.633 -121.173 442.775 -842.794 181.08 -749.103
PRESSAVG: 1200000 -416.918 11.8525 -64.0563 11.8525 -393.392 61.6141 -64.0563 61.6141 -354.91
GPRESSAVG: 1200000 -335.115 13.1211 -107.444 24.7314 -386.296 114.49 -26.8125 50.8103 -300.86
ENERGY: 1200000         3.7825        10.5998         4.9234         0.0000         -10633.4589      1405.0462         0.0000         0.0000      1741.0728          -7468.0342       297.5035     -9209.1070     -7435.2692       298.0204           -330.4996      -292.6438     30426.5334      -359.3737      -315.0470
FEP:    1200000        19.3057    -10633.6635      1404.9650

WRITING EXTENDED SYSTEM TO RESTART FILE AT STEP 1200000
WRITING COORDINATES TO DCD FILE mobley_7364468_prod.dcd AT STEP 1200000
WRITING COORDINATES TO RESTART FILE AT STEP 1200000
FINISHED WRITING RESTART COORDINATES
WRITING VELOCITIES TO RESTART FILE AT STEP 1200000
FINISHED WRITING RESTART VELOCITIES
PRESSURE: 1300000 1005.9 -55.8175 379.739 -55.8227 228.755 -360.233 379.738 -360.231 183.019
GPRESSURE: 1300000 964.029 -210.206 358.406 -106.79 338.322 -250.72 292.271 -411.113 286.223
PRESSAVG: 1300000 -329.65 22.675 -32.1099 22.675 -351.339 55.4826 -32.1099 55.4826 -303.996
GPRESSAVG: 1300000 -263.648 16.4568 -80.8619 36.6491 -329.712 115.989 -1.8445 33.2599 -246.425
ENERGY: 1300000         2.0514        11.7164         3.8215         0.0000         -10672.8169      1497.5798         0.0000         0.0000      1778.5719          -7379.0760       303.9111     -9157.6479     -7431.2554       298.4412            472.5570       529.5248     30387.9521      -299.9501      -254.7205
FEP:    1300000        17.5893    -10674.1030      1498.2352

WRITING EXTENDED SYSTEM TO RESTART FILE AT STEP 1300000
WRITING COORDINATES TO DCD FILE mobley_7364468_prod.dcd AT STEP 1300000
WRITING COORDINATES TO RESTART FILE AT STEP 1300000
FINISHED WRITING RESTART COORDINATES
WRITING VELOCITIES TO RESTART FILE AT STEP 1300000
FINISHED WRITING RESTART VELOCITIES
PRESSURE: 1400000 1291.49 -448.727 -27.5997 -448.729 361.702 499.927 -27.6024 499.927 1011.48
GPRESSURE: 1400000 1382.81 -419.594 -13.6579 -395.158 540.891 416.913 -124.881 708.706 957.114
PRESSAVG: 1400000 -204.397 14.6022 -29.2126 14.6022 -325.089 77.4324 -29.2126 77.4324 -230.219
GPRESSAVG: 1400000 -144.062 1.93247 -73.0417 39.0255 -296.438 129.109 -6.26603 63.3361 -173.649
ENERGY: 1400000         7.2926        15.5036         3.9254         0.0000         -10696.3071      1533.3420         0.0000         0.0000      1798.8821          -7337.3613       307.3816     -9136.2435     -7424.9958       299.0372            888.2232       960.2715     30413.9560      -220.7385      -173.7210
FEP:    1400000        26.7216    -10696.8501      1533.5496

WRITING EXTENDED SYSTEM TO RESTART FILE AT STEP 1400000
WRITING COORDINATES TO DCD FILE mobley_7364468_prod.dcd AT STEP 1400000
WRITING COORDINATES TO RESTART FILE AT STEP 1400000
FINISHED WRITING RESTART COORDINATES
WRITING VELOCITIES TO RESTART FILE AT STEP 1400000
FINISHED WRITING RESTART VELOCITIES
FATAL ERROR: Error on writing to file rf.fepout: Disk quota exceeded
[8] Stack Traceback:
  [8:0] namd3 0x11031a8 CmiAbortHelper(char const*, char const*, char const*, int, int)
  [8:1] namd3 0x11032ad 
  [8:2] namd3 0x7b77c9 
  [8:3] namd3 0x7b7e09 NAMD_write(int, char const*, unsigned long, char const*)
  [8:4] namd3 0xaa4c37 ofstream_namd::flush()
  [8:5] namd3 0xa45777 Controller::outputFepEnergy(int)
  [8:6] namd3 0xa50684 Controller::printStep(int, NodeReduction*)
  [8:7] namd3 0xc3c7dd Sequencer::integrate_CUDA_SOA(int)
  [8:8] namd3 0xc3da2a Sequencer::algorithm()
  [8:9] namd3 0x10c4d05 CthStartThread
  [8:10] namd3 0x10c4f4f make_fcontext
[8] Stack Traceback:
  [8:0] namd3 0x110207e 
  [8:1] namd3 0x110311e LrtsAbort(char const*)
  [8:2] namd3 0x11031b0 CmiAbortHelper(char const*, char const*, char const*, int, int)
  [8:3] namd3 0x11032ad 
  [8:4] namd3 0x7b77c9 
  [8:5] namd3 0x7b7e09 NAMD_write(int, char const*, unsigned long, char const*)
  [8:6] namd3 0xaa4c37 ofstream_namd::flush()
  [8:7] namd3 0xa45777 Controller::outputFepEnergy(int)
  [8:8] namd3 0xa50684 Controller::printStep(int, NodeReduction*)
  [8:9] namd3 0xc3c7dd Sequencer::integrate_CUDA_SOA(int)
  [8:10] namd3 0xc3da2a Sequencer::algorithm()
  [8:11] namd3 0x10c4d05 CthStartThread
  [8:12] namd3 0x10c4f4f make_fcontext
