2025-04-03 17:49:48,290 -     censo.parallel     -  DEBUG   - Free cores decreased 16 -> 15.
2025-04-03 17:49:48,300 -   censo.qm_processor   -  DEBUG   - worker3273404:Running on 1 cores.
2025-04-03 17:49:48,301 -     censo.parallel     -  DEBUG   - Free cores decreased 15 -> 14.
2025-04-03 17:49:48,302 -     censo.parallel     -  DEBUG   - Free cores decreased 14 -> 13.
2025-04-03 17:49:48,302 -   censo.qm_processor   -  DEBUG   - worker3273405:Running on 1 cores.
2025-04-03 17:49:48,303 -     censo.parallel     -  DEBUG   - Free cores decreased 13 -> 12.
2025-04-03 17:49:48,303 -   censo.qm_processor   -  DEBUG   - worker3273410:Running on 1 cores.
2025-04-03 17:49:48,303 -     censo.parallel     -  DEBUG   - Free cores decreased 12 -> 11.
2025-04-03 17:49:48,303 -   censo.qm_processor   -  DEBUG   - worker3273408:Running on 1 cores.
2025-04-03 17:49:48,303 -     censo.parallel     -  DEBUG   - Free cores decreased 11 -> 10.
2025-04-03 17:49:48,303 -   censo.qm_processor   -  DEBUG   - worker3273406:Running on 1 cores.
2025-04-03 17:49:48,304 -     censo.parallel     -  DEBUG   - Free cores decreased 10 -> 9.
2025-04-03 17:49:48,304 -   censo.qm_processor   -  DEBUG   - worker3273414:Running on 1 cores.
2025-04-03 17:49:48,304 -     censo.parallel     -  DEBUG   - Free cores decreased 9 -> 8.
2025-04-03 17:49:48,304 -   censo.qm_processor   -  DEBUG   - worker3273412:Running on 1 cores.
2025-04-03 17:49:48,304 -     censo.parallel     -  DEBUG   - Free cores decreased 8 -> 7.
2025-04-03 17:49:48,304 -   censo.qm_processor   -  DEBUG   - worker3273420:Running on 1 cores.
2025-04-03 17:49:48,305 -     censo.parallel     -  DEBUG   - Free cores decreased 7 -> 6.
2025-04-03 17:49:48,305 -   censo.qm_processor   -  DEBUG   - worker3273417:Running on 1 cores.
2025-04-03 17:49:48,305 -     censo.parallel     -  DEBUG   - Free cores decreased 6 -> 5.
2025-04-03 17:49:48,305 -   censo.qm_processor   -  DEBUG   - worker3273424:Running on 1 cores.
2025-04-03 17:49:48,305 -     censo.parallel     -  DEBUG   - Free cores decreased 5 -> 4.
2025-04-03 17:49:48,305 -   censo.qm_processor   -  DEBUG   - worker3273430:Running on 1 cores.
2025-04-03 17:49:48,306 -     censo.parallel     -  DEBUG   - Free cores decreased 4 -> 3.
2025-04-03 17:49:48,306 -   censo.qm_processor   -  DEBUG   - worker3273437:Running on 1 cores.
2025-04-03 17:49:48,306 -     censo.parallel     -  DEBUG   - Free cores decreased 3 -> 2.
2025-04-03 17:49:48,306 -   censo.qm_processor   -  DEBUG   - worker3273439:Running on 1 cores.
2025-04-03 17:49:48,306 -     censo.parallel     -  DEBUG   - Free cores decreased 2 -> 1.
2025-04-03 17:49:48,306 -   censo.qm_processor   -  DEBUG   - worker3273426:Running on 1 cores.
2025-04-03 17:49:48,307 -     censo.parallel     -  DEBUG   - Free cores decreased 1 -> 0.
2025-04-03 17:49:48,307 -   censo.qm_processor   -  DEBUG   - worker3273423:Running on 1 cores.
2025-04-03 17:49:48,307 -   censo.qm_processor   -  DEBUG   - worker3273434:Running on 1 cores.
2025-04-03 17:49:48,325 -   censo.qm_processor   -   INFO   - worker3273404:Running xtb_gsolv calculation in /srv/scratch/z5358697/.automated/3792/0_PRESCREENING/CONF1/xtb_gsolv.
2025-04-03 17:49:48,333 -   censo.qm_processor   -   INFO   - worker3273410:Running xtb_gsolv calculation in /srv/scratch/z5358697/.automated/3792/0_PRESCREENING/CONF3/xtb_gsolv.
2025-04-03 17:49:48,344 -   censo.qm_processor   -   INFO   - worker3273417:Running xtb_gsolv calculation in /srv/scratch/z5358697/.automated/3792/0_PRESCREENING/CONF9/xtb_gsolv.
2025-04-03 17:49:48,344 -   censo.qm_processor   -  DEBUG   - worker3273404:Running ['/srv/scratch/z5358697/.xtb/bin/xtb', 'gas.coord', '--gfn2', '--sp', '--chrg', '0', '--norestart', '--parallel', '1']...
2025-04-03 17:49:48,354 -   censo.qm_processor   -  DEBUG   - worker3273410:Running ['/srv/scratch/z5358697/.xtb/bin/xtb', 'gas.coord', '--gfn2', '--sp', '--chrg', '0', '--norestart', '--parallel', '1']...
2025-04-03 17:49:48,355 -   censo.qm_processor   -  DEBUG   - worker3273404:Started (PID: 3273454).
2025-04-03 17:49:48,360 -   censo.qm_processor   -   INFO   - worker3273420:Running xtb_gsolv calculation in /srv/scratch/z5358697/.automated/3792/0_PRESCREENING/CONF8/xtb_gsolv.
2025-04-03 17:49:48,365 -   censo.qm_processor   -  DEBUG   - worker3273417:Running ['/srv/scratch/z5358697/.xtb/bin/xtb', 'gas.coord', '--gfn2', '--sp', '--chrg', '0', '--norestart', '--parallel', '1']...
2025-04-03 17:49:48,371 -   censo.qm_processor   -  DEBUG   - worker3273410:Started (PID: 3273455).
2025-04-03 17:49:48,372 -   censo.qm_processor   -  DEBUG   - worker3273417:Started (PID: 3273456).
2025-04-03 17:49:48,382 -   censo.qm_processor   -  DEBUG   - worker3273420:Running ['/srv/scratch/z5358697/.xtb/bin/xtb', 'gas.coord', '--gfn2', '--sp', '--chrg', '0', '--norestart', '--parallel', '1']...
2025-04-03 17:49:48,386 -   censo.qm_processor   -  DEBUG   - worker3273420:Started (PID: 3273457).
2025-04-03 17:49:48,436 -   censo.qm_processor   -  DEBUG   - worker3273404:Done.
2025-04-03 17:49:48,451 -   censo.qm_processor   -  DEBUG   - worker3273410:Done.
2025-04-03 17:49:48,454 -   censo.qm_processor   -  DEBUG   - worker3273417:Done.
2025-04-03 17:49:48,465 -   censo.qm_processor   -  DEBUG   - worker3273404:Running ['/srv/scratch/z5358697/.xtb/bin/xtb', 'solv.coord', '--gfn2', '--sp', '--chrg', '0', '--norestart', '--parallel', '1', '--alpb', 'water', 'reference', '-I', 'xtb_sp-xcontrol-inp']...
2025-04-03 17:49:48,469 -   censo.qm_processor   -  DEBUG   - worker3273404:Started (PID: 3273458).
2025-04-03 17:49:48,473 -   censo.qm_processor   -  DEBUG   - worker3273420:Done.
2025-04-03 17:49:48,479 -   censo.qm_processor   -  DEBUG   - worker3273417:Running ['/srv/scratch/z5358697/.xtb/bin/xtb', 'solv.coord', '--gfn2', '--sp', '--chrg', '0', '--norestart', '--parallel', '1', '--alpb', 'water', 'reference', '-I', 'xtb_sp-xcontrol-inp']...
2025-04-03 17:49:48,479 -   censo.qm_processor   -  DEBUG   - worker3273410:Running ['/srv/scratch/z5358697/.xtb/bin/xtb', 'solv.coord', '--gfn2', '--sp', '--chrg', '0', '--norestart', '--parallel', '1', '--alpb', 'water', 'reference', '-I', 'xtb_sp-xcontrol-inp']...
2025-04-03 17:49:48,483 -   censo.qm_processor   -  DEBUG   - worker3273417:Started (PID: 3273459).
2025-04-03 17:49:48,483 -   censo.qm_processor   -  DEBUG   - worker3273410:Started (PID: 3273460).
2025-04-03 17:49:48,505 -   censo.qm_processor   -  DEBUG   - worker3273420:Running ['/srv/scratch/z5358697/.xtb/bin/xtb', 'solv.coord', '--gfn2', '--sp', '--chrg', '0', '--norestart', '--parallel', '1', '--alpb', 'water', 'reference', '-I', 'xtb_sp-xcontrol-inp']...
2025-04-03 17:49:48,510 -   censo.qm_processor   -  DEBUG   - worker3273420:Started (PID: 3273461).
2025-04-03 17:49:48,558 -   censo.qm_processor   -  DEBUG   - worker3273417:Done.
2025-04-03 17:49:48,559 -   censo.qm_processor   -  DEBUG   - worker3273410:Done.
2025-04-03 17:49:48,560 -   censo.qm_processor   -  DEBUG   - worker3273404:Done.
2025-04-03 17:49:48,560 -     censo.parallel     -  DEBUG   - Free cores increased 0 -> 1.
2025-04-03 17:49:48,561 -     censo.parallel     -  DEBUG   - Free cores decreased 1 -> 0.
2025-04-03 17:49:48,562 -     censo.parallel     -  DEBUG   - Free cores increased 0 -> 1.
2025-04-03 17:49:48,563 -   censo.qm_processor   -  DEBUG   - worker3273417:Running on 1 cores.
2025-04-03 17:49:48,563 -     censo.parallel     -  DEBUG   - Free cores decreased 1 -> 0.
2025-04-03 17:49:48,563 -     censo.parallel     -  DEBUG   - Free cores increased 0 -> 1.
2025-04-03 17:49:48,564 -   censo.qm_processor   -  DEBUG   - worker3273410:Running on 1 cores.
2025-04-03 17:49:48,564 -     censo.parallel     -  DEBUG   - Free cores decreased 1 -> 0.
2025-04-03 17:49:48,564 -   censo.qm_processor   -  DEBUG   - worker3273404:Running on 1 cores.
2025-04-03 17:49:48,573 -   censo.qm_processor   -   INFO   - worker3273424:Running xtb_gsolv calculation in /srv/scratch/z5358697/.automated/3792/0_PRESCREENING/CONF10/xtb_gsolv.
2025-04-03 17:49:48,588 -   censo.qm_processor   -  DEBUG   - worker3273424:Running ['/srv/scratch/z5358697/.xtb/bin/xtb', 'gas.coord', '--gfn2', '--sp', '--chrg', '0', '--norestart', '--parallel', '1']...
2025-04-03 17:49:48,594 -   censo.qm_processor   -  DEBUG   - worker3273424:Started (PID: 3273463).
2025-04-03 17:49:48,618 -   censo.qm_processor   -  DEBUG   - worker3273420:Done.
2025-04-03 17:49:48,628 -     censo.parallel     -  DEBUG   - Free cores increased 0 -> 1.
2025-04-03 17:49:48,629 -     censo.parallel     -  DEBUG   - Free cores decreased 1 -> 0.
2025-04-03 17:49:48,630 -   censo.qm_processor   -  DEBUG   - worker3273420:Running on 1 cores.
2025-04-03 17:49:48,677 -   censo.qm_processor   -  DEBUG   - worker3273424:Done.
2025-04-03 17:49:48,703 -   censo.qm_processor   -  DEBUG   - worker3273424:Running ['/srv/scratch/z5358697/.xtb/bin/xtb', 'solv.coord', '--gfn2', '--sp', '--chrg', '0', '--norestart', '--parallel', '1', '--alpb', 'water', 'reference', '-I', 'xtb_sp-xcontrol-inp']...
2025-04-03 17:49:48,707 -   censo.qm_processor   -  DEBUG   - worker3273424:Started (PID: 3273464).
2025-04-03 17:49:48,749 -   censo.qm_processor   -   INFO   - worker3273405:Running xtb_gsolv calculation in /srv/scratch/z5358697/.automated/3792/0_PRESCREENING/CONF2/xtb_gsolv.
2025-04-03 17:49:48,777 -   censo.qm_processor   -  DEBUG   - worker3273405:Running ['/srv/scratch/z5358697/.xtb/bin/xtb', 'gas.coord', '--gfn2', '--sp', '--chrg', '0', '--norestart', '--parallel', '1']...
2025-04-03 17:49:48,783 -   censo.qm_processor   -  DEBUG   - worker3273405:Started (PID: 3273466).
2025-04-03 17:49:48,788 -   censo.qm_processor   -  DEBUG   - worker3273424:Done.
2025-04-03 17:49:48,791 -     censo.parallel     -  DEBUG   - Free cores increased 0 -> 1.
2025-04-03 17:49:48,792 -     censo.parallel     -  DEBUG   - Free cores decreased 1 -> 0.
2025-04-03 17:49:48,792 -   censo.qm_processor   -  DEBUG   - worker3273424:Running on 1 cores.
2025-04-03 17:49:48,860 -   censo.qm_processor   -  DEBUG   - worker3273405:Done.
2025-04-03 17:49:48,888 -   censo.qm_processor   -  DEBUG   - worker3273405:Running ['/srv/scratch/z5358697/.xtb/bin/xtb', 'solv.coord', '--gfn2', '--sp', '--chrg', '0', '--norestart', '--parallel', '1', '--alpb', 'water', 'reference', '-I', 'xtb_sp-xcontrol-inp']...
2025-04-03 17:49:48,892 -   censo.qm_processor   -  DEBUG   - worker3273405:Started (PID: 3273467).
2025-04-03 17:49:48,898 -   censo.qm_processor   -   INFO   - worker3273414:Running xtb_gsolv calculation in /srv/scratch/z5358697/.automated/3792/0_PRESCREENING/CONF6/xtb_gsolv.
2025-04-03 17:49:48,911 -   censo.qm_processor   -   INFO   - worker3273412:Running xtb_gsolv calculation in /srv/scratch/z5358697/.automated/3792/0_PRESCREENING/CONF7/xtb_gsolv.
2025-04-03 17:49:48,914 -   censo.qm_processor   -  DEBUG   - worker3273414:Running ['/srv/scratch/z5358697/.xtb/bin/xtb', 'gas.coord', '--gfn2', '--sp', '--chrg', '0', '--norestart', '--parallel', '1']...
2025-04-03 17:49:48,920 -   censo.qm_processor   -  DEBUG   - worker3273414:Started (PID: 3273468).
2025-04-03 17:49:48,978 -   censo.qm_processor   -  DEBUG   - worker3273405:Done.
2025-04-03 17:49:48,980 -     censo.parallel     -  DEBUG   - Free cores increased 0 -> 1.
2025-04-03 17:49:48,981 -     censo.parallel     -  DEBUG   - Free cores decreased 1 -> 0.
2025-04-03 17:49:48,982 -   censo.qm_processor   -  DEBUG   - worker3273405:Running on 1 cores.
2025-04-03 17:49:48,989 -   censo.qm_processor   -  DEBUG   - worker3273414:Done.
2025-04-03 17:49:49,015 -   censo.qm_processor   -  DEBUG   - worker3273414:Running ['/srv/scratch/z5358697/.xtb/bin/xtb', 'solv.coord', '--gfn2', '--sp', '--chrg', '0', '--norestart', '--parallel', '1', '--alpb', 'water', 'reference', '-I', 'xtb_sp-xcontrol-inp']...
2025-04-03 17:49:49,019 -   censo.qm_processor   -  DEBUG   - worker3273414:Started (PID: 3273469).
2025-04-03 17:49:49,041 -   censo.qm_processor   -  DEBUG   - worker3273412:Running ['/srv/scratch/z5358697/.xtb/bin/xtb', 'gas.coord', '--gfn2', '--sp', '--chrg', '0', '--norestart', '--parallel', '1']...
2025-04-03 17:49:49,044 -   censo.qm_processor   -  DEBUG   - worker3273412:Started (PID: 3273470).
2025-04-03 17:49:49,092 -   censo.qm_processor   -  DEBUG   - worker3273414:Done.
2025-04-03 17:49:49,095 -     censo.parallel     -  DEBUG   - Free cores increased 0 -> 1.
2025-04-03 17:49:49,096 -     censo.parallel     -  DEBUG   - Free cores decreased 1 -> 0.
2025-04-03 17:49:49,097 -   censo.qm_processor   -  DEBUG   - worker3273414:Running on 1 cores.
2025-04-03 17:49:49,128 -   censo.qm_processor   -  DEBUG   - worker3273412:Done.
2025-04-03 17:49:49,156 -   censo.qm_processor   -  DEBUG   - worker3273412:Running ['/srv/scratch/z5358697/.xtb/bin/xtb', 'solv.coord', '--gfn2', '--sp', '--chrg', '0', '--norestart', '--parallel', '1', '--alpb', 'water', 'reference', '-I', 'xtb_sp-xcontrol-inp']...
2025-04-03 17:49:49,159 -   censo.qm_processor   -  DEBUG   - worker3273412:Started (PID: 3273471).
2025-04-03 17:49:49,235 -   censo.qm_processor   -  DEBUG   - worker3273412:Done.
2025-04-03 17:49:49,238 -     censo.parallel     -  DEBUG   - Free cores increased 0 -> 1.
2025-04-03 17:49:49,239 -     censo.parallel     -  DEBUG   - Free cores decreased 1 -> 0.
2025-04-03 17:49:49,240 -   censo.qm_processor   -  DEBUG   - worker3273412:Running on 1 cores.
2025-04-03 17:49:49,438 -   censo.qm_processor   -   INFO   - worker3273408:Running xtb_gsolv calculation in /srv/scratch/z5358697/.automated/3792/0_PRESCREENING/CONF4/xtb_gsolv.
2025-04-03 17:49:49,456 -   censo.qm_processor   -   INFO   - worker3273426:Running xtb_gsolv calculation in /srv/scratch/z5358697/.automated/3792/0_PRESCREENING/CONF14/xtb_gsolv.
2025-04-03 17:49:49,465 -   censo.qm_processor   -  DEBUG   - worker3273408:Running ['/srv/scratch/z5358697/.xtb/bin/xtb', 'gas.coord', '--gfn2', '--sp', '--chrg', '0', '--norestart', '--parallel', '1']...
2025-04-03 17:49:49,467 -   censo.qm_processor   -   INFO   - worker3273406:Running xtb_gsolv calculation in /srv/scratch/z5358697/.automated/3792/0_PRESCREENING/CONF5/xtb_gsolv.
2025-04-03 17:49:49,470 -   censo.qm_processor   -  DEBUG   - worker3273408:Started (PID: 3273472).
2025-04-03 17:49:49,477 -   censo.qm_processor   -  DEBUG   - worker3273426:Running ['/srv/scratch/z5358697/.xtb/bin/xtb', 'gas.coord', '--gfn2', '--sp', '--chrg', '0', '--norestart', '--parallel', '1']...
2025-04-03 17:49:49,483 -   censo.qm_processor   -  DEBUG   - worker3273426:Started (PID: 3273473).
2025-04-03 17:49:49,483 -   censo.qm_processor   -   INFO   - worker3273423:Running xtb_gsolv calculation in /srv/scratch/z5358697/.automated/3792/0_PRESCREENING/CONF15/xtb_gsolv.
2025-04-03 17:49:49,487 -   censo.qm_processor   -   INFO   - worker3273430:Running xtb_gsolv calculation in /srv/scratch/z5358697/.automated/3792/0_PRESCREENING/CONF11/xtb_gsolv.
2025-04-03 17:49:49,494 -   censo.qm_processor   -  DEBUG   - worker3273406:Running ['/srv/scratch/z5358697/.xtb/bin/xtb', 'gas.coord', '--gfn2', '--sp', '--chrg', '0', '--norestart', '--parallel', '1']...
2025-04-03 17:49:49,501 -   censo.qm_processor   -  DEBUG   - worker3273406:Started (PID: 3273474).
2025-04-03 17:49:49,502 -   censo.qm_processor   -  DEBUG   - worker3273423:Running ['/srv/scratch/z5358697/.xtb/bin/xtb', 'gas.coord', '--gfn2', '--sp', '--chrg', '0', '--norestart', '--parallel', '1']...
2025-04-03 17:49:49,504 -   censo.qm_processor   -  DEBUG   - worker3273430:Running ['/srv/scratch/z5358697/.xtb/bin/xtb', 'gas.coord', '--gfn2', '--sp', '--chrg', '0', '--norestart', '--parallel', '1']...
2025-04-03 17:49:49,509 -   censo.qm_processor   -  DEBUG   - worker3273430:Started (PID: 3273476).
2025-04-03 17:49:49,509 -   censo.qm_processor   -  DEBUG   - worker3273423:Started (PID: 3273475).
2025-04-03 17:49:49,534 -   censo.qm_processor   -   INFO   - worker3273434:Running xtb_gsolv calculation in /srv/scratch/z5358697/.automated/3792/0_PRESCREENING/CONF16/xtb_gsolv.
2025-04-03 17:49:49,553 -   censo.qm_processor   -  DEBUG   - worker3273426:Done.
2025-04-03 17:49:49,555 -   censo.qm_processor   -   INFO   - worker3273424:Running xtb_gsolv calculation in /srv/scratch/z5358697/.automated/3792/0_PRESCREENING/CONF21/xtb_gsolv.
2025-04-03 17:49:49,555 -   censo.qm_processor   -  DEBUG   - worker3273408:Done.
2025-04-03 17:49:49,570 -   censo.qm_processor   -  DEBUG   - worker3273434:Running ['/srv/scratch/z5358697/.xtb/bin/xtb', 'gas.coord', '--gfn2', '--sp', '--chrg', '0', '--norestart', '--parallel', '1']...
2025-04-03 17:49:49,571 -   censo.qm_processor   -   INFO   - worker3273439:Running xtb_gsolv calculation in /srv/scratch/z5358697/.automated/3792/0_PRESCREENING/CONF13/xtb_gsolv.
2025-04-03 17:49:49,579 -   censo.qm_processor   -  DEBUG   - worker3273434:Started (PID: 3273477).
2025-04-03 17:49:49,582 -   censo.qm_processor   -  DEBUG   - worker3273406:Done.
2025-04-03 17:49:49,584 -   censo.qm_processor   -  DEBUG   - worker3273426:Running ['/srv/scratch/z5358697/.xtb/bin/xtb', 'solv.coord', '--gfn2', '--sp', '--chrg', '0', '--norestart', '--parallel', '1', '--alpb', 'water', 'reference', '-I', 'xtb_sp-xcontrol-inp']...
2025-04-03 17:49:49,588 -   censo.qm_processor   -  DEBUG   - worker3273426:Started (PID: 3273478).
2025-04-03 17:49:49,589 -   censo.qm_processor   -  DEBUG   - worker3273408:Running ['/srv/scratch/z5358697/.xtb/bin/xtb', 'solv.coord', '--gfn2', '--sp', '--chrg', '0', '--norestart', '--parallel', '1', '--alpb', 'water', 'reference', '-I', 'xtb_sp-xcontrol-inp']...
2025-04-03 17:49:49,592 -   censo.qm_processor   -  DEBUG   - worker3273408:Started (PID: 3273479).
2025-04-03 17:49:49,593 -   censo.qm_processor   -  DEBUG   - worker3273439:Running ['/srv/scratch/z5358697/.xtb/bin/xtb', 'gas.coord', '--gfn2', '--sp', '--chrg', '0', '--norestart', '--parallel', '1']...
2025-04-03 17:49:49,596 -   censo.qm_processor   -  DEBUG   - worker3273439:Started (PID: 3273480).
2025-04-03 17:49:49,597 -   censo.qm_processor   -  DEBUG   - worker3273423:Done.
2025-04-03 17:49:49,605 -   censo.qm_processor   -  DEBUG   - worker3273430:Done.
2025-04-03 17:49:49,612 -   censo.qm_processor   -  DEBUG   - worker3273406:Running ['/srv/scratch/z5358697/.xtb/bin/xtb', 'solv.coord', '--gfn2', '--sp', '--chrg', '0', '--norestart', '--parallel', '1', '--alpb', 'water', 'reference', '-I', 'xtb_sp-xcontrol-inp']...
2025-04-03 17:49:49,616 -   censo.qm_processor   -  DEBUG   - worker3273406:Started (PID: 3273481).
2025-04-03 17:49:49,624 -   censo.qm_processor   -  DEBUG   - worker3273423:Running ['/srv/scratch/z5358697/.xtb/bin/xtb', 'solv.coord', '--gfn2', '--sp', '--chrg', '0', '--norestart', '--parallel', '1', '--alpb', 'water', 'reference', '-I', 'xtb_sp-xcontrol-inp']...
2025-04-03 17:49:49,627 -   censo.qm_processor   -  DEBUG   - worker3273423:Started (PID: 3273482).
2025-04-03 17:49:49,635 -   censo.qm_processor   -  DEBUG   - worker3273430:Running ['/srv/scratch/z5358697/.xtb/bin/xtb', 'solv.coord', '--gfn2', '--sp', '--chrg', '0', '--norestart', '--parallel', '1', '--alpb', 'water', 'reference', '-I', 'xtb_sp-xcontrol-inp']...
2025-04-03 17:49:49,639 -   censo.qm_processor   -  DEBUG   - worker3273430:Started (PID: 3273483).
2025-04-03 17:49:49,653 -   censo.qm_processor   -   INFO   - worker3273437:Running xtb_gsolv calculation in /srv/scratch/z5358697/.automated/3792/0_PRESCREENING/CONF12/xtb_gsolv.
2025-04-03 17:49:49,653 -   censo.qm_processor   -  DEBUG   - worker3273434:Done.
2025-04-03 17:49:49,671 -   censo.qm_processor   -  DEBUG   - worker3273437:Running ['/srv/scratch/z5358697/.xtb/bin/xtb', 'gas.coord', '--gfn2', '--sp', '--chrg', '0', '--norestart', '--parallel', '1']...
2025-04-03 17:49:49,671 -   censo.qm_processor   -  DEBUG   - worker3273408:Done.
2025-04-03 17:49:49,673 -     censo.parallel     -  DEBUG   - Free cores increased 0 -> 1.
2025-04-03 17:49:49,674 -   censo.qm_processor   -  DEBUG   - worker3273426:Done.
2025-04-03 17:49:49,674 -     censo.parallel     -  DEBUG   - Free cores decreased 1 -> 0.
2025-04-03 17:49:49,675 -   censo.qm_processor   -  DEBUG   - worker3273439:Done.
2025-04-03 17:49:49,678 -     censo.parallel     -  DEBUG   - Free cores increased 0 -> 1.
2025-04-03 17:49:49,681 -   censo.qm_processor   -  DEBUG   - worker3273408:Running on 1 cores.
2025-04-03 17:49:49,681 -     censo.parallel     -  DEBUG   - Free cores decreased 1 -> 0.
2025-04-03 17:49:49,683 -   censo.qm_processor   -  DEBUG   - worker3273434:Running ['/srv/scratch/z5358697/.xtb/bin/xtb', 'solv.coord', '--gfn2', '--sp', '--chrg', '0', '--norestart', '--parallel', '1', '--alpb', 'water', 'reference', '-I', 'xtb_sp-xcontrol-inp']...
2025-04-03 17:49:49,685 -   censo.qm_processor   -  DEBUG   - worker3273426:Running on 1 cores.
2025-04-03 17:49:49,688 -   censo.qm_processor   -  DEBUG   - worker3273437:Started (PID: 3273484).
2025-04-03 17:49:49,692 -   censo.qm_processor   -  DEBUG   - worker3273434:Started (PID: 3273485).
2025-04-03 17:49:49,707 -   censo.qm_processor   -  DEBUG   - worker3273439:Running ['/srv/scratch/z5358697/.xtb/bin/xtb', 'solv.coord', '--gfn2', '--sp', '--chrg', '0', '--norestart', '--parallel', '1', '--alpb', 'water', 'reference', '-I', 'xtb_sp-xcontrol-inp']...
2025-04-03 17:49:49,708 -   censo.qm_processor   -  DEBUG   - worker3273423:Done.
2025-04-03 17:49:49,708 -   censo.qm_processor   -  DEBUG   - worker3273406:Done.
2025-04-03 17:49:49,711 -     censo.parallel     -  DEBUG   - Free cores increased 0 -> 1.
2025-04-03 17:49:49,714 -     censo.parallel     -  DEBUG   - Free cores decreased 1 -> 0.
2025-04-03 17:49:49,716 -     censo.parallel     -  DEBUG   - Free cores increased 0 -> 1.
2025-04-03 17:49:49,718 -   censo.qm_processor   -  DEBUG   - worker3273423:Running on 1 cores.
2025-04-03 17:49:49,718 -     censo.parallel     -  DEBUG   - Free cores decreased 1 -> 0.
2025-04-03 17:49:49,720 -   censo.qm_processor   -  DEBUG   - worker3273406:Running on 1 cores.
2025-04-03 17:49:49,722 -   censo.qm_processor   -  DEBUG   - worker3273439:Started (PID: 3273486).
2025-04-03 17:49:49,746 -   censo.qm_processor   -  DEBUG   - worker3273430:Done.
2025-04-03 17:49:49,749 -     censo.parallel     -  DEBUG   - Free cores increased 0 -> 1.
2025-04-03 17:49:49,750 -     censo.parallel     -  DEBUG   - Free cores decreased 1 -> 0.
2025-04-03 17:49:49,751 -   censo.qm_processor   -  DEBUG   - worker3273430:Running on 1 cores.
2025-04-03 17:49:49,766 -   censo.qm_processor   -  DEBUG   - worker3273437:Done.
2025-04-03 17:49:49,783 -   censo.qm_processor   -  DEBUG   - worker3273434:Done.
2025-04-03 17:49:49,787 -     censo.parallel     -  DEBUG   - Free cores increased 0 -> 1.
2025-04-03 17:49:49,787 -     censo.parallel     -  DEBUG   - Free cores decreased 1 -> 0.
2025-04-03 17:49:49,788 -   censo.qm_processor   -  DEBUG   - worker3273434:Running on 1 cores.
2025-04-03 17:49:49,792 -   censo.qm_processor   -  DEBUG   - worker3273437:Running ['/srv/scratch/z5358697/.xtb/bin/xtb', 'solv.coord', '--gfn2', '--sp', '--chrg', '0', '--norestart', '--parallel', '1', '--alpb', 'water', 'reference', '-I', 'xtb_sp-xcontrol-inp']...
2025-04-03 17:49:49,795 -   censo.qm_processor   -  DEBUG   - worker3273437:Started (PID: 3273487).
2025-04-03 17:49:49,820 -   censo.qm_processor   -  DEBUG   - worker3273439:Done.
2025-04-03 17:49:49,823 -     censo.parallel     -  DEBUG   - Free cores increased 0 -> 1.
2025-04-03 17:49:49,824 -     censo.parallel     -  DEBUG   - Free cores decreased 1 -> 0.
2025-04-03 17:49:49,825 -   censo.qm_processor   -  DEBUG   - worker3273439:Running on 1 cores.
2025-04-03 17:49:49,875 -   censo.qm_processor   -  DEBUG   - worker3273437:Done.
2025-04-03 17:49:49,878 -     censo.parallel     -  DEBUG   - Free cores increased 0 -> 1.
2025-04-03 17:49:49,879 -     censo.parallel     -  DEBUG   - Free cores decreased 1 -> 0.
2025-04-03 17:49:49,880 -   censo.qm_processor   -  DEBUG   - worker3273437:Running on 1 cores.
2025-04-03 17:49:49,937 -   censo.qm_processor   -   INFO   - worker3273417:Running xtb_gsolv calculation in /srv/scratch/z5358697/.automated/3792/0_PRESCREENING/CONF17/xtb_gsolv.
2025-04-03 17:49:49,992 -   censo.qm_processor   -   INFO   - worker3273404:Running xtb_gsolv calculation in /srv/scratch/z5358697/.automated/3792/0_PRESCREENING/CONF19/xtb_gsolv.
2025-04-03 17:49:50,008 -   censo.qm_processor   -   INFO   - worker3273410:Running xtb_gsolv calculation in /srv/scratch/z5358697/.automated/3792/0_PRESCREENING/CONF18/xtb_gsolv.
2025-04-03 17:49:50,009 -   censo.qm_processor   -  DEBUG   - worker3273404:Running ['/srv/scratch/z5358697/.xtb/bin/xtb', 'gas.coord', '--gfn2', '--sp', '--chrg', '0', '--norestart', '--parallel', '1']...
2025-04-03 17:49:50,015 -   censo.qm_processor   -  DEBUG   - worker3273404:Started (PID: 3273488).
2025-04-03 17:49:50,024 -   censo.qm_processor   -   INFO   - worker3273405:Running xtb_gsolv calculation in /srv/scratch/z5358697/.automated/3792/0_PRESCREENING/CONF22/xtb_gsolv.
2025-04-03 17:49:50,028 -   censo.qm_processor   -   INFO   - worker3273420:Running xtb_gsolv calculation in /srv/scratch/z5358697/.automated/3792/0_PRESCREENING/CONF20/xtb_gsolv.
2025-04-03 17:49:50,042 -   censo.qm_processor   -   INFO   - worker3273430:Running xtb_gsolv calculation in /srv/scratch/z5358697/.automated/3792/0_PRESCREENING/CONF29/xtb_gsolv.
2025-04-03 17:49:50,047 -   censo.qm_processor   -  DEBUG   - worker3273420:Running ['/srv/scratch/z5358697/.xtb/bin/xtb', 'gas.coord', '--gfn2', '--sp', '--chrg', '0', '--norestart', '--parallel', '1']...
2025-04-03 17:49:50,053 -   censo.qm_processor   -  DEBUG   - worker3273420:Started (PID: 3273489).
2025-04-03 17:49:50,058 -   censo.qm_processor   -  DEBUG   - worker3273430:Running ['/srv/scratch/z5358697/.xtb/bin/xtb', 'gas.coord', '--gfn2', '--sp', '--chrg', '0', '--norestart', '--parallel', '1']...
2025-04-03 17:49:50,062 -   censo.qm_processor   -  DEBUG   - worker3273430:Started (PID: 3273490).
2025-04-03 17:49:50,072 -   censo.qm_processor   -  DEBUG   - worker3273405:Running ['/srv/scratch/z5358697/.xtb/bin/xtb', 'gas.coord', '--gfn2', '--sp', '--chrg', '0', '--norestart', '--parallel', '1']...
2025-04-03 17:49:50,075 -   censo.qm_processor   -  DEBUG   - worker3273405:Started (PID: 3273491).
2025-04-03 17:49:50,088 -   censo.qm_processor   -  DEBUG   - worker3273404:Done.
2025-04-03 17:49:50,115 -   censo.qm_processor   -  DEBUG   - worker3273404:Running ['/srv/scratch/z5358697/.xtb/bin/xtb', 'solv.coord', '--gfn2', '--sp', '--chrg', '0', '--norestart', '--parallel', '1', '--alpb', 'water', 'reference', '-I', 'xtb_sp-xcontrol-inp']...
2025-04-03 17:49:50,118 -   censo.qm_processor   -  DEBUG   - worker3273404:Started (PID: 3273492).
2025-04-03 17:49:50,122 -   censo.qm_processor   -  DEBUG   - worker3273417:Running ['/srv/scratch/z5358697/.xtb/bin/xtb', 'gas.coord', '--gfn2', '--sp', '--chrg', '0', '--norestart', '--parallel', '1']...
2025-04-03 17:49:50,126 -   censo.qm_processor   -  DEBUG   - worker3273417:Started (PID: 3273493).
2025-04-03 17:49:50,130 -   censo.qm_processor   -  DEBUG   - worker3273420:Done.
2025-04-03 17:49:50,133 -   censo.qm_processor   -  DEBUG   - worker3273430:Done.
2025-04-03 17:49:50,155 -   censo.qm_processor   -  DEBUG   - worker3273420:Running ['/srv/scratch/z5358697/.xtb/bin/xtb', 'solv.coord', '--gfn2', '--sp', '--chrg', '0', '--norestart', '--parallel', '1', '--alpb', 'water', 'reference', '-I', 'xtb_sp-xcontrol-inp']...
2025-04-03 17:49:50,156 -   censo.qm_processor   -  DEBUG   - worker3273430:Running ['/srv/scratch/z5358697/.xtb/bin/xtb', 'solv.coord', '--gfn2', '--sp', '--chrg', '0', '--norestart', '--parallel', '1', '--alpb', 'water', 'reference', '-I', 'xtb_sp-xcontrol-inp']...
2025-04-03 17:49:50,161 -   censo.qm_processor   -  DEBUG   - worker3273430:Started (PID: 3273495).
2025-04-03 17:49:50,161 -   censo.qm_processor   -  DEBUG   - worker3273420:Started (PID: 3273494).
2025-04-03 17:49:50,163 -   censo.qm_processor   -  DEBUG   - worker3273405:Done.
2025-04-03 17:49:50,190 -   censo.qm_processor   -  DEBUG   - worker3273410:Running ['/srv/scratch/z5358697/.xtb/bin/xtb', 'gas.coord', '--gfn2', '--sp', '--chrg', '0', '--norestart', '--parallel', '1']...
2025-04-03 17:49:50,191 -   censo.qm_processor   -  DEBUG   - worker3273405:Running ['/srv/scratch/z5358697/.xtb/bin/xtb', 'solv.coord', '--gfn2', '--sp', '--chrg', '0', '--norestart', '--parallel', '1', '--alpb', 'water', 'reference', '-I', 'xtb_sp-xcontrol-inp']...
2025-04-03 17:49:50,193 -   censo.qm_processor   -  DEBUG   - worker3273410:Started (PID: 3273496).
2025-04-03 17:49:50,194 -   censo.qm_processor   -  DEBUG   - worker3273405:Started (PID: 3273497).
2025-04-03 17:49:50,202 -   censo.qm_processor   -  DEBUG   - worker3273424:Running ['/srv/scratch/z5358697/.xtb/bin/xtb', 'gas.coord', '--gfn2', '--sp', '--chrg', '0', '--norestart', '--parallel', '1']...
2025-04-03 17:49:50,205 -   censo.qm_processor   -  DEBUG   - worker3273424:Started (PID: 3273498).
2025-04-03 17:49:50,206 -   censo.qm_processor   -  DEBUG   - worker3273417:Done.
2025-04-03 17:49:50,211 -   censo.qm_processor   -  DEBUG   - worker3273404:Done.
2025-04-03 17:49:50,213 -     censo.parallel     -  DEBUG   - Free cores increased 0 -> 1.
2025-04-03 17:49:50,214 -     censo.parallel     -  DEBUG   - Free cores decreased 1 -> 0.
2025-04-03 17:49:50,215 -   censo.qm_processor   -  DEBUG   - worker3273404:Running on 1 cores.
2025-04-03 17:49:50,234 -   censo.qm_processor   -  DEBUG   - worker3273417:Running ['/srv/scratch/z5358697/.xtb/bin/xtb', 'solv.coord', '--gfn2', '--sp', '--chrg', '0', '--norestart', '--parallel', '1', '--alpb', 'water', 'reference', '-I', 'xtb_sp-xcontrol-inp']...
2025-04-03 17:49:50,237 -   censo.qm_processor   -  DEBUG   - worker3273417:Started (PID: 3273499).
2025-04-03 17:49:50,241 -   censo.qm_processor   -  DEBUG   - worker3273420:Done.
2025-04-03 17:49:50,242 -   censo.qm_processor   -  DEBUG   - worker3273430:Done.
2025-04-03 17:49:50,243 -     censo.parallel     -  DEBUG   - Free cores increased 0 -> 1.
2025-04-03 17:49:50,245 -     censo.parallel     -  DEBUG   - Free cores decreased 1 -> 0.
2025-04-03 17:49:50,245 -     censo.parallel     -  DEBUG   - Free cores increased 0 -> 1.
2025-04-03 17:49:50,246 -   censo.qm_processor   -  DEBUG   - worker3273420:Running on 1 cores.
2025-04-03 17:49:50,246 -     censo.parallel     -  DEBUG   - Free cores decreased 1 -> 0.
2025-04-03 17:49:50,246 -   censo.qm_processor   -  DEBUG   - worker3273430:Running on 1 cores.
2025-04-03 17:49:50,279 -   censo.qm_processor   -  DEBUG   - worker3273410:Done.
2025-04-03 17:49:50,281 -   censo.qm_processor   -  DEBUG   - worker3273405:Done.
2025-04-03 17:49:50,283 -     censo.parallel     -  DEBUG   - Free cores increased 0 -> 1.
2025-04-03 17:49:50,284 -     censo.parallel     -  DEBUG   - Free cores decreased 1 -> 0.
2025-04-03 17:49:50,285 -   censo.qm_processor   -  DEBUG   - worker3273405:Running on 1 cores.
2025-04-03 17:49:50,287 -   censo.qm_processor   -  DEBUG   - worker3273424:Done.
2025-04-03 17:49:50,304 -   censo.qm_processor   -  DEBUG   - worker3273410:Running ['/srv/scratch/z5358697/.xtb/bin/xtb', 'solv.coord', '--gfn2', '--sp', '--chrg', '0', '--norestart', '--parallel', '1', '--alpb', 'water', 'reference', '-I', 'xtb_sp-xcontrol-inp']...
2025-04-03 17:49:50,307 -   censo.qm_processor   -  DEBUG   - worker3273410:Started (PID: 3273500).
2025-04-03 17:49:50,311 -   censo.qm_processor   -  DEBUG   - worker3273424:Running ['/srv/scratch/z5358697/.xtb/bin/xtb', 'solv.coord', '--gfn2', '--sp', '--chrg', '0', '--norestart', '--parallel', '1', '--alpb', 'water', 'reference', '-I', 'xtb_sp-xcontrol-inp']...
2025-04-03 17:49:50,314 -   censo.qm_processor   -  DEBUG   - worker3273424:Started (PID: 3273501).
2025-04-03 17:49:50,317 -   censo.qm_processor   -  DEBUG   - worker3273417:Done.
2025-04-03 17:49:50,319 -     censo.parallel     -  DEBUG   - Free cores increased 0 -> 1.
2025-04-03 17:49:50,320 -     censo.parallel     -  DEBUG   - Free cores decreased 1 -> 0.
2025-04-03 17:49:50,320 -   censo.qm_processor   -  DEBUG   - worker3273417:Running on 1 cores.
2025-04-03 17:49:50,385 -   censo.qm_processor   -  DEBUG   - worker3273410:Done.
2025-04-03 17:49:50,387 -   censo.qm_processor   -  DEBUG   - worker3273424:Done.
2025-04-03 17:49:50,388 -     censo.parallel     -  DEBUG   - Free cores increased 0 -> 1.
2025-04-03 17:49:50,389 -     censo.parallel     -  DEBUG   - Free cores decreased 1 -> 0.
2025-04-03 17:49:50,390 -     censo.parallel     -  DEBUG   - Free cores increased 0 -> 1.
2025-04-03 17:49:50,390 -   censo.qm_processor   -  DEBUG   - worker3273410:Running on 1 cores.
2025-04-03 17:49:50,390 -     censo.parallel     -  DEBUG   - Free cores decreased 1 -> 0.
2025-04-03 17:49:50,391 -   censo.qm_processor   -  DEBUG   - worker3273424:Running on 1 cores.
2025-04-03 17:49:50,482 -   censo.qm_processor   -   INFO   - worker3273437:Running xtb_gsolv calculation in /srv/scratch/z5358697/.automated/3792/0_PRESCREENING/CONF32/xtb_gsolv.
2025-04-03 17:49:50,487 -   censo.qm_processor   -   INFO   - worker3273412:Running xtb_gsolv calculation in /srv/scratch/z5358697/.automated/3792/0_PRESCREENING/CONF24/xtb_gsolv.
2025-04-03 17:49:50,498 -   censo.qm_processor   -  DEBUG   - worker3273437:Running ['/srv/scratch/z5358697/.xtb/bin/xtb', 'gas.coord', '--gfn2', '--sp', '--chrg', '0', '--norestart', '--parallel', '1']...
2025-04-03 17:49:50,506 -   censo.qm_processor   -  DEBUG   - worker3273437:Started (PID: 3273502).
2025-04-03 17:49:50,511 -   censo.qm_processor   -  DEBUG   - worker3273412:Running ['/srv/scratch/z5358697/.xtb/bin/xtb', 'gas.coord', '--gfn2', '--sp', '--chrg', '0', '--norestart', '--parallel', '1']...
2025-04-03 17:49:50,514 -   censo.qm_processor   -  DEBUG   - worker3273412:Started (PID: 3273503).
2025-04-03 17:49:50,537 -   censo.qm_processor   -   INFO   - worker3273423:Running xtb_gsolv calculation in /srv/scratch/z5358697/.automated/3792/0_PRESCREENING/CONF27/xtb_gsolv.
2025-04-03 17:49:50,553 -   censo.qm_processor   -  DEBUG   - worker3273423:Running ['/srv/scratch/z5358697/.xtb/bin/xtb', 'gas.coord', '--gfn2', '--sp', '--chrg', '0', '--norestart', '--parallel', '1']...
2025-04-03 17:49:50,557 -   censo.qm_processor   -   INFO   - worker3273406:Running xtb_gsolv calculation in /srv/scratch/z5358697/.automated/3792/0_PRESCREENING/CONF28/xtb_gsolv.
2025-04-03 17:49:50,561 -   censo.qm_processor   -  DEBUG   - worker3273423:Started (PID: 3273504).
2025-04-03 17:49:50,578 -   censo.qm_processor   -  DEBUG   - worker3273437:Done.
2025-04-03 17:49:50,594 -   censo.qm_processor   -  DEBUG   - worker3273412:Done.
2025-04-03 17:49:50,604 -   censo.qm_processor   -  DEBUG   - worker3273437:Running ['/srv/scratch/z5358697/.xtb/bin/xtb', 'solv.coord', '--gfn2', '--sp', '--chrg', '0', '--norestart', '--parallel', '1', '--alpb', 'water', 'reference', '-I', 'xtb_sp-xcontrol-inp']...
2025-04-03 17:49:50,610 -   censo.qm_processor   -  DEBUG   - worker3273437:Started (PID: 3273505).
2025-04-03 17:49:50,621 -   censo.qm_processor   -  DEBUG   - worker3273412:Running ['/srv/scratch/z5358697/.xtb/bin/xtb', 'solv.coord', '--gfn2', '--sp', '--chrg', '0', '--norestart', '--parallel', '1', '--alpb', 'water', 'reference', '-I', 'xtb_sp-xcontrol-inp']...
2025-04-03 17:49:50,621 -   censo.qm_processor   -   INFO   - worker3273404:Running xtb_gsolv calculation in /srv/scratch/z5358697/.automated/3792/0_PRESCREENING/CONF33/xtb_gsolv.
2025-04-03 17:49:50,626 -   censo.qm_processor   -  DEBUG   - worker3273412:Started (PID: 3273506).
2025-04-03 17:49:50,635 -   censo.qm_processor   -  DEBUG   - worker3273423:Done.
2025-04-03 17:49:50,637 -   censo.qm_processor   -   INFO   - worker3273405:Running xtb_gsolv calculation in /srv/scratch/z5358697/.automated/3792/0_PRESCREENING/CONF36/xtb_gsolv.
2025-04-03 17:49:50,644 -   censo.qm_processor   -   INFO   - worker3273434:Running xtb_gsolv calculation in /srv/scratch/z5358697/.automated/3792/0_PRESCREENING/CONF30/xtb_gsolv.
2025-04-03 17:49:50,649 -   censo.qm_processor   -  DEBUG   - worker3273404:Running ['/srv/scratch/z5358697/.xtb/bin/xtb', 'gas.coord', '--gfn2', '--sp', '--chrg', '0', '--norestart', '--parallel', '1']...
2025-04-03 17:49:50,653 -   censo.qm_processor   -   INFO   - worker3273417:Running xtb_gsolv calculation in /srv/scratch/z5358697/.automated/3792/0_PRESCREENING/CONF37/xtb_gsolv.
2025-04-03 17:49:50,658 -   censo.qm_processor   -  DEBUG   - worker3273404:Started (PID: 3273507).
2025-04-03 17:49:50,662 -   censo.qm_processor   -  DEBUG   - worker3273434:Running ['/srv/scratch/z5358697/.xtb/bin/xtb', 'gas.coord', '--gfn2', '--sp', '--chrg', '0', '--norestart', '--parallel', '1']...
2025-04-03 17:49:50,663 -   censo.qm_processor   -  DEBUG   - worker3273423:Running ['/srv/scratch/z5358697/.xtb/bin/xtb', 'solv.coord', '--gfn2', '--sp', '--chrg', '0', '--norestart', '--parallel', '1', '--alpb', 'water', 'reference', '-I', 'xtb_sp-xcontrol-inp']...
2025-04-03 17:49:50,668 -   censo.qm_processor   -  DEBUG   - worker3273434:Started (PID: 3273508).
2025-04-03 17:49:50,668 -   censo.qm_processor   -  DEBUG   - worker3273423:Started (PID: 3273509).
2025-04-03 17:49:50,671 -   censo.qm_processor   -  DEBUG   - worker3273417:Running ['/srv/scratch/z5358697/.xtb/bin/xtb', 'gas.coord', '--gfn2', '--sp', '--chrg', '0', '--norestart', '--parallel', '1']...
2025-04-03 17:49:50,674 -   censo.qm_processor   -  DEBUG   - worker3273417:Started (PID: 3273510).
2025-04-03 17:49:50,691 -   censo.qm_processor   -  DEBUG   - worker3273437:Done.
2025-04-03 17:49:50,694 -     censo.parallel     -  DEBUG   - Free cores increased 0 -> 1.
2025-04-03 17:49:50,695 -     censo.parallel     -  DEBUG   - Free cores decreased 1 -> 0.
2025-04-03 17:49:50,695 -   censo.qm_processor   -  DEBUG   - worker3273437:Running on 1 cores.
2025-04-03 17:49:50,705 -   censo.qm_processor   -  DEBUG   - worker3273405:Running ['/srv/scratch/z5358697/.xtb/bin/xtb', 'gas.coord', '--gfn2', '--sp', '--chrg', '0', '--norestart', '--parallel', '1']...
2025-04-03 17:49:50,708 -   censo.qm_processor   -  DEBUG   - worker3273412:Done.
2025-04-03 17:49:50,710 -     censo.parallel     -  DEBUG   - Free cores increased 0 -> 1.
2025-04-03 17:49:50,711 -     censo.parallel     -  DEBUG   - Free cores decreased 1 -> 0.
2025-04-03 17:49:50,713 -   censo.qm_processor   -  DEBUG   - worker3273412:Running on 1 cores.
2025-04-03 17:49:50,718 -   censo.qm_processor   -  DEBUG   - worker3273405:Started (PID: 3273511).
2025-04-03 17:49:50,724 -   censo.qm_processor   -   INFO   - worker3273439:Running xtb_gsolv calculation in /srv/scratch/z5358697/.automated/3792/0_PRESCREENING/CONF31/xtb_gsolv.
2025-04-03 17:49:50,736 -   censo.qm_processor   -  DEBUG   - worker3273404:Done.
2025-04-03 17:49:50,737 -   censo.qm_processor   -   INFO   - worker3273420:Running xtb_gsolv calculation in /srv/scratch/z5358697/.automated/3792/0_PRESCREENING/CONF34/xtb_gsolv.
2025-04-03 17:49:50,741 -   censo.qm_processor   -  DEBUG   - worker3273439:Running ['/srv/scratch/z5358697/.xtb/bin/xtb', 'gas.coord', '--gfn2', '--sp', '--chrg', '0', '--norestart', '--parallel', '1']...
2025-04-03 17:49:50,746 -   censo.qm_processor   -  DEBUG   - worker3273439:Started (PID: 3273512).
2025-04-03 17:49:50,747 -   censo.qm_processor   -  DEBUG   - worker3273417:Done.
2025-04-03 17:49:50,747 -   censo.qm_processor   -  DEBUG   - worker3273434:Done.
2025-04-03 17:49:50,752 -   censo.qm_processor   -   INFO   - worker3273430:Running xtb_gsolv calculation in /srv/scratch/z5358697/.automated/3792/0_PRESCREENING/CONF35/xtb_gsolv.
2025-04-03 17:49:50,752 -   censo.qm_processor   -  DEBUG   - worker3273423:Done.
2025-04-03 17:49:50,753 -     censo.parallel     -  DEBUG   - Free cores increased 0 -> 1.
2025-04-03 17:49:50,754 -   censo.qm_processor   -  DEBUG   - worker3273420:Running ['/srv/scratch/z5358697/.xtb/bin/xtb', 'gas.coord', '--gfn2', '--sp', '--chrg', '0', '--norestart', '--parallel', '1']...
2025-04-03 17:49:50,754 -     censo.parallel     -  DEBUG   - Free cores decreased 1 -> 0.
2025-04-03 17:49:50,755 -   censo.qm_processor   -  DEBUG   - worker3273423:Running on 1 cores.
2025-04-03 17:49:50,759 -   censo.qm_processor   -  DEBUG   - worker3273420:Started (PID: 3273513).
2025-04-03 17:49:50,761 -   censo.qm_processor   -  DEBUG   - worker3273404:Running ['/srv/scratch/z5358697/.xtb/bin/xtb', 'solv.coord', '--gfn2', '--sp', '--chrg', '0', '--norestart', '--parallel', '1', '--alpb', 'water', 'reference', '-I', 'xtb_sp-xcontrol-inp']...
2025-04-03 17:49:50,765 -   censo.qm_processor   -  DEBUG   - worker3273404:Started (PID: 3273514).
2025-04-03 17:49:50,767 -   censo.qm_processor   -  DEBUG   - worker3273430:Running ['/srv/scratch/z5358697/.xtb/bin/xtb', 'gas.coord', '--gfn2', '--sp', '--chrg', '0', '--norestart', '--parallel', '1']...
2025-04-03 17:49:50,769 -   censo.qm_processor   -  DEBUG   - worker3273430:Started (PID: 3273515).
2025-04-03 17:49:50,771 -   censo.qm_processor   -  DEBUG   - worker3273417:Running ['/srv/scratch/z5358697/.xtb/bin/xtb', 'solv.coord', '--gfn2', '--sp', '--chrg', '0', '--norestart', '--parallel', '1', '--alpb', 'water', 'reference', '-I', 'xtb_sp-xcontrol-inp']...
2025-04-03 17:49:50,771 -   censo.qm_processor   -  DEBUG   - worker3273434:Running ['/srv/scratch/z5358697/.xtb/bin/xtb', 'solv.coord', '--gfn2', '--sp', '--chrg', '0', '--norestart', '--parallel', '1', '--alpb', 'water', 'reference', '-I', 'xtb_sp-xcontrol-inp']...
2025-04-03 17:49:50,774 -   censo.qm_processor   -  DEBUG   - worker3273417:Started (PID: 3273516).
2025-04-03 17:49:50,774 -   censo.qm_processor   -  DEBUG   - worker3273434:Started (PID: 3273517).
2025-04-03 17:49:50,804 -   censo.qm_processor   -  DEBUG   - worker3273405:Done.
2025-04-03 17:49:50,828 -   censo.qm_processor   -  DEBUG   - worker3273439:Done.
2025-04-03 17:49:50,829 -   censo.qm_processor   -  DEBUG   - worker3273405:Running ['/srv/scratch/z5358697/.xtb/bin/xtb', 'solv.coord', '--gfn2', '--sp', '--chrg', '0', '--norestart', '--parallel', '1', '--alpb', 'water', 'reference', '-I', 'xtb_sp-xcontrol-inp']...
2025-04-03 17:49:50,832 -   censo.qm_processor   -  DEBUG   - worker3273405:Started (PID: 3273518).
2025-04-03 17:49:50,839 -   censo.qm_processor   -  DEBUG   - worker3273420:Done.
2025-04-03 17:49:50,841 -   censo.qm_processor   -  DEBUG   - worker3273430:Done.
2025-04-03 17:49:50,846 -   censo.qm_processor   -  DEBUG   - worker3273404:Done.
2025-04-03 17:49:50,847 -     censo.parallel     -  DEBUG   - Free cores increased 0 -> 1.
2025-04-03 17:49:50,848 -     censo.parallel     -  DEBUG   - Free cores decreased 1 -> 0.
2025-04-03 17:49:50,849 -   censo.qm_processor   -  DEBUG   - worker3273404:Running on 1 cores.
2025-04-03 17:49:50,852 -   censo.qm_processor   -  DEBUG   - worker3273439:Running ['/srv/scratch/z5358697/.xtb/bin/xtb', 'solv.coord', '--gfn2', '--sp', '--chrg', '0', '--norestart', '--parallel', '1', '--alpb', 'water', 'reference', '-I', 'xtb_sp-xcontrol-inp']...
2025-04-03 17:49:50,855 -   censo.qm_processor   -  DEBUG   - worker3273439:Started (PID: 3273519).
2025-04-03 17:49:50,862 -   censo.qm_processor   -  DEBUG   - worker3273420:Running ['/srv/scratch/z5358697/.xtb/bin/xtb', 'solv.coord', '--gfn2', '--sp', '--chrg', '0', '--norestart', '--parallel', '1', '--alpb', 'water', 'reference', '-I', 'xtb_sp-xcontrol-inp']...
2025-04-03 17:49:50,863 -   censo.qm_processor   -  DEBUG   - worker3273434:Done.
2025-04-03 17:49:50,864 -   censo.qm_processor   -  DEBUG   - worker3273417:Done.
2025-04-03 17:49:50,865 -   censo.qm_processor   -  DEBUG   - worker3273430:Running ['/srv/scratch/z5358697/.xtb/bin/xtb', 'solv.coord', '--gfn2', '--sp', '--chrg', '0', '--norestart', '--parallel', '1', '--alpb', 'water', 'reference', '-I', 'xtb_sp-xcontrol-inp']...
2025-04-03 17:49:50,870 -   censo.qm_processor   -   INFO   - worker3273414:Running xtb_gsolv calculation in /srv/scratch/z5358697/.automated/3792/0_PRESCREENING/CONF23/xtb_gsolv.
2025-04-03 17:49:50,872 -     censo.parallel     -  DEBUG   - Free cores increased 0 -> 1.
2025-04-03 17:49:50,875 -     censo.parallel     -  DEBUG   - Free cores decreased 1 -> 0.
2025-04-03 17:49:50,877 -     censo.parallel     -  DEBUG   - Free cores increased 0 -> 1.
2025-04-03 17:49:50,879 -   censo.qm_processor   -  DEBUG   - worker3273417:Running on 1 cores.
2025-04-03 17:49:50,879 -     censo.parallel     -  DEBUG   - Free cores decreased 1 -> 0.
2025-04-03 17:49:50,883 -   censo.qm_processor   -  DEBUG   - worker3273434:Running on 1 cores.
2025-04-03 17:49:50,887 -   censo.qm_processor   -  DEBUG   - worker3273420:Started (PID: 3273520).
2025-04-03 17:49:50,887 -   censo.qm_processor   -  DEBUG   - worker3273430:Started (PID: 3273521).
2025-04-03 17:49:50,913 -   censo.qm_processor   -  DEBUG   - worker3273405:Done.
2025-04-03 17:49:50,916 -     censo.parallel     -  DEBUG   - Free cores increased 0 -> 1.
2025-04-03 17:49:50,916 -     censo.parallel     -  DEBUG   - Free cores decreased 1 -> 0.
2025-04-03 17:49:50,917 -   censo.qm_processor   -  DEBUG   - worker3273405:Running on 1 cores.
2025-04-03 17:49:50,923 -   censo.qm_processor   -   INFO   - worker3273410:Running xtb_gsolv calculation in /srv/scratch/z5358697/.automated/3792/0_PRESCREENING/CONF38/xtb_gsolv.
2025-04-03 17:49:50,938 -   censo.qm_processor   -  DEBUG   - worker3273439:Done.
2025-04-03 17:49:50,939 -   censo.qm_processor   -   INFO   - worker3273412:Running xtb_gsolv calculation in /srv/scratch/z5358697/.automated/3792/0_PRESCREENING/CONF41/xtb_gsolv.
2025-04-03 17:49:50,940 -     censo.parallel     -  DEBUG   - Free cores increased 0 -> 1.
2025-04-03 17:49:50,941 -     censo.parallel     -  DEBUG   - Free cores decreased 1 -> 0.
2025-04-03 17:49:50,942 -   censo.qm_processor   -  DEBUG   - worker3273439:Running on 1 cores.
2025-04-03 17:49:50,942 -   censo.qm_processor   -  DEBUG   - worker3273410:Running ['/srv/scratch/z5358697/.xtb/bin/xtb', 'gas.coord', '--gfn2', '--sp', '--chrg', '0', '--norestart', '--parallel', '1']...
2025-04-03 17:49:50,948 -   censo.qm_processor   -  DEBUG   - worker3273410:Started (PID: 3273522).
2025-04-03 17:49:50,955 -   censo.qm_processor   -   INFO   - worker3273423:Running xtb_gsolv calculation in /srv/scratch/z5358697/.automated/3792/0_PRESCREENING/CONF43/xtb_gsolv.
2025-04-03 17:49:50,961 -   censo.qm_processor   -  DEBUG   - worker3273420:Done.
2025-04-03 17:49:50,962 -   censo.qm_processor   -  DEBUG   - worker3273430:Done.
2025-04-03 17:49:50,963 -     censo.parallel     -  DEBUG   - Free cores increased 0 -> 1.
2025-04-03 17:49:50,964 -     censo.parallel     -  DEBUG   - Free cores decreased 1 -> 0.
2025-04-03 17:49:50,964 -     censo.parallel     -  DEBUG   - Free cores increased 0 -> 1.
2025-04-03 17:49:50,965 -     censo.parallel     -  DEBUG   - Free cores decreased 1 -> 0.
2025-04-03 17:49:50,965 -   censo.qm_processor   -  DEBUG   - worker3273420:Running on 1 cores.
2025-04-03 17:49:50,966 -   censo.qm_processor   -  DEBUG   - worker3273430:Running on 1 cores.
2025-04-03 17:49:50,995 -   censo.qm_processor   -   INFO   - worker3273434:Running xtb_gsolv calculation in /srv/scratch/z5358697/.automated/3792/0_PRESCREENING/CONF45/xtb_gsolv.
2025-04-03 17:49:50,997 -   censo.qm_processor   -   INFO   - worker3273424:Running xtb_gsolv calculation in /srv/scratch/z5358697/.automated/3792/0_PRESCREENING/CONF39/xtb_gsolv.
2025-04-03 17:49:51,020 -   censo.qm_processor   -   INFO   - worker3273437:Running xtb_gsolv calculation in /srv/scratch/z5358697/.automated/3792/0_PRESCREENING/CONF40/xtb_gsolv.
2025-04-03 17:49:51,023 -   censo.qm_processor   -  DEBUG   - worker3273434:Running ['/srv/scratch/z5358697/.xtb/bin/xtb', 'gas.coord', '--gfn2', '--sp', '--chrg', '0', '--norestart', '--parallel', '1']...
2025-04-03 17:49:51,029 -   censo.qm_processor   -  DEBUG   - worker3273434:Started (PID: 3273523).
2025-04-03 17:49:51,030 -   censo.qm_processor   -  DEBUG   - worker3273424:Running ['/srv/scratch/z5358697/.xtb/bin/xtb', 'gas.coord', '--gfn2', '--sp', '--chrg', '0', '--norestart', '--parallel', '1']...
2025-04-03 17:49:51,030 -   censo.qm_processor   -  DEBUG   - worker3273410:Done.
2025-04-03 17:49:51,032 -   censo.qm_processor   -   INFO   - worker3273404:Running xtb_gsolv calculation in /srv/scratch/z5358697/.automated/3792/0_PRESCREENING/CONF42/xtb_gsolv.
2025-04-03 17:49:51,036 -   censo.qm_processor   -  DEBUG   - worker3273437:Running ['/srv/scratch/z5358697/.xtb/bin/xtb', 'gas.coord', '--gfn2', '--sp', '--chrg', '0', '--norestart', '--parallel', '1']...
2025-04-03 17:49:51,036 -   censo.qm_processor   -  DEBUG   - worker3273424:Started (PID: 3273524).
2025-04-03 17:49:51,037 -   censo.qm_processor   -  DEBUG   - worker3273423:Running ['/srv/scratch/z5358697/.xtb/bin/xtb', 'gas.coord', '--gfn2', '--sp', '--chrg', '0', '--norestart', '--parallel', '1']...
2025-04-03 17:49:51,040 -   censo.qm_processor   -  DEBUG   - worker3273412:Running ['/srv/scratch/z5358697/.xtb/bin/xtb', 'gas.coord', '--gfn2', '--sp', '--chrg', '0', '--norestart', '--parallel', '1']...
2025-04-03 17:49:51,044 -   censo.qm_processor   -  DEBUG   - worker3273412:Started (PID: 3273527).
2025-04-03 17:49:51,044 -   censo.qm_processor   -  DEBUG   - worker3273423:Started (PID: 3273526).
2025-04-03 17:49:51,044 -   censo.qm_processor   -  DEBUG   - worker3273437:Started (PID: 3273525).
2025-04-03 17:49:51,056 -   censo.qm_processor   -   INFO   - worker3273439:Running xtb_gsolv calculation in /srv/scratch/z5358697/.automated/3792/0_PRESCREENING/CONF47/xtb_gsolv.
2025-04-03 17:49:51,056 -   censo.qm_processor   -  DEBUG   - worker3273410:Running ['/srv/scratch/z5358697/.xtb/bin/xtb', 'solv.coord', '--gfn2', '--sp', '--chrg', '0', '--norestart', '--parallel', '1', '--alpb', 'water', 'reference', '-I', 'xtb_sp-xcontrol-inp']...
2025-04-03 17:49:51,059 -   censo.qm_processor   -   INFO   - worker3273405:Running xtb_gsolv calculation in /srv/scratch/z5358697/.automated/3792/0_PRESCREENING/CONF46/xtb_gsolv.
2025-04-03 17:49:51,063 -   censo.qm_processor   -  DEBUG   - worker3273410:Started (PID: 3273528).
2025-04-03 17:49:51,073 -   censo.qm_processor   -   INFO   - worker3273430:Running xtb_gsolv calculation in /srv/scratch/z5358697/.automated/3792/0_PRESCREENING/CONF49/xtb_gsolv.
2025-04-03 17:49:51,077 -   censo.qm_processor   -  DEBUG   - worker3273439:Running ['/srv/scratch/z5358697/.xtb/bin/xtb', 'gas.coord', '--gfn2', '--sp', '--chrg', '0', '--norestart', '--parallel', '1']...
2025-04-03 17:49:51,081 -   censo.qm_processor   -   INFO   - worker3273417:Running xtb_gsolv calculation in /srv/scratch/z5358697/.automated/3792/0_PRESCREENING/CONF44/xtb_gsolv.
2025-04-03 17:49:51,085 -   censo.qm_processor   -  DEBUG   - worker3273439:Started (PID: 3273529).
2025-04-03 17:49:51,088 -   censo.qm_processor   -   INFO   - worker3273420:Running xtb_gsolv calculation in /srv/scratch/z5358697/.automated/3792/0_PRESCREENING/CONF48/xtb_gsolv.
2025-04-03 17:49:51,091 -   censo.qm_processor   -  DEBUG   - worker3273430:Running ['/srv/scratch/z5358697/.xtb/bin/xtb', 'gas.coord', '--gfn2', '--sp', '--chrg', '0', '--norestart', '--parallel', '1']...
2025-04-03 17:49:51,099 -   censo.qm_processor   -  DEBUG   - worker3273417:Running ['/srv/scratch/z5358697/.xtb/bin/xtb', 'gas.coord', '--gfn2', '--sp', '--chrg', '0', '--norestart', '--parallel', '1']...
2025-04-03 17:49:51,102 -   censo.qm_processor   -  DEBUG   - worker3273434:Done.
2025-04-03 17:49:51,104 -   censo.qm_processor   -  DEBUG   - worker3273420:Running ['/srv/scratch/z5358697/.xtb/bin/xtb', 'gas.coord', '--gfn2', '--sp', '--chrg', '0', '--norestart', '--parallel', '1']...
2025-04-03 17:49:51,111 -   censo.qm_processor   -  DEBUG   - worker3273424:Done.
2025-04-03 17:49:51,112 -   censo.qm_processor   -  DEBUG   - worker3273412:Done.
2025-04-03 17:49:51,115 -   censo.qm_processor   -  DEBUG   - worker3273437:Done.
2025-04-03 17:49:51,117 -   censo.qm_processor   -  DEBUG   - worker3273423:Done.
2025-04-03 17:49:51,119 -   censo.qm_processor   -  DEBUG   - worker3273420:Started (PID: 3273531).
2025-04-03 17:49:51,119 -   censo.qm_processor   -  DEBUG   - worker3273430:Started (PID: 3273530).
2025-04-03 17:49:51,125 -   censo.qm_processor   -  DEBUG   - worker3273417:Started (PID: 3273532).
2025-04-03 17:49:51,137 -   censo.qm_processor   -  DEBUG   - worker3273434:Running ['/srv/scratch/z5358697/.xtb/bin/xtb', 'solv.coord', '--gfn2', '--sp', '--chrg', '0', '--norestart', '--parallel', '1', '--alpb', 'water', 'reference', '-I', 'xtb_sp-xcontrol-inp']...
2025-04-03 17:49:51,138 -   censo.qm_processor   -  DEBUG   - worker3273424:Running ['/srv/scratch/z5358697/.xtb/bin/xtb', 'solv.coord', '--gfn2', '--sp', '--chrg', '0', '--norestart', '--parallel', '1', '--alpb', 'water', 'reference', '-I', 'xtb_sp-xcontrol-inp']...
2025-04-03 17:49:51,141 -   censo.qm_processor   -  DEBUG   - worker3273412:Running ['/srv/scratch/z5358697/.xtb/bin/xtb', 'solv.coord', '--gfn2', '--sp', '--chrg', '0', '--norestart', '--parallel', '1', '--alpb', 'water', 'reference', '-I', 'xtb_sp-xcontrol-inp']...
2025-04-03 17:49:51,141 -   censo.qm_processor   -  DEBUG   - worker3273437:Running ['/srv/scratch/z5358697/.xtb/bin/xtb', 'solv.coord', '--gfn2', '--sp', '--chrg', '0', '--norestart', '--parallel', '1', '--alpb', 'water', 'reference', '-I', 'xtb_sp-xcontrol-inp']...
2025-04-03 17:49:51,143 -   censo.qm_processor   -  DEBUG   - worker3273423:Running ['/srv/scratch/z5358697/.xtb/bin/xtb', 'solv.coord', '--gfn2', '--sp', '--chrg', '0', '--norestart', '--parallel', '1', '--alpb', 'water', 'reference', '-I', 'xtb_sp-xcontrol-inp']...
2025-04-03 17:49:51,151 -   censo.qm_processor   -  DEBUG   - worker3273423:Started (PID: 3273537).
2025-04-03 17:49:51,152 -   censo.qm_processor   -  DEBUG   - worker3273424:Started (PID: 3273534).
2025-04-03 17:49:51,152 -   censo.qm_processor   -  DEBUG   - worker3273412:Started (PID: 3273535).
2025-04-03 17:49:51,152 -   censo.qm_processor   -  DEBUG   - worker3273434:Started (PID: 3273533).
2025-04-03 17:49:51,152 -   censo.qm_processor   -  DEBUG   - worker3273437:Started (PID: 3273536).
2025-04-03 17:49:51,157 -   censo.qm_processor   -  DEBUG   - worker3273406:Running ['/srv/scratch/z5358697/.xtb/bin/xtb', 'gas.coord', '--gfn2', '--sp', '--chrg', '0', '--norestart', '--parallel', '1']...
2025-04-03 17:49:51,160 -   censo.qm_processor   -  DEBUG   - worker3273406:Started (PID: 3273538).
2025-04-03 17:49:51,162 -   censo.qm_processor   -  DEBUG   - worker3273410:Done.
2025-04-03 17:49:51,163 -     censo.parallel     -  DEBUG   - Free cores increased 0 -> 1.
2025-04-03 17:49:51,164 -     censo.parallel     -  DEBUG   - Free cores decreased 1 -> 0.
2025-04-03 17:49:51,164 -   censo.qm_processor   -  DEBUG   - worker3273410:Running on 1 cores.
2025-04-03 17:49:51,168 -   censo.qm_processor   -  DEBUG   - worker3273439:Done.
2025-04-03 17:49:51,194 -   censo.qm_processor   -  DEBUG   - worker3273439:Running ['/srv/scratch/z5358697/.xtb/bin/xtb', 'solv.coord', '--gfn2', '--sp', '--chrg', '0', '--norestart', '--parallel', '1', '--alpb', 'water', 'reference', '-I', 'xtb_sp-xcontrol-inp']...
2025-04-03 17:49:51,197 -   censo.qm_processor   -  DEBUG   - worker3273439:Started (PID: 3273539).
2025-04-03 17:49:51,198 -   censo.qm_processor   -  DEBUG   - worker3273420:Done.
2025-04-03 17:49:51,199 -   censo.qm_processor   -  DEBUG   - worker3273430:Done.
2025-04-03 17:49:51,202 -   censo.qm_processor   -   INFO   - worker3273410:Running xtb_gsolv calculation in /srv/scratch/z5358697/.automated/3792/0_PRESCREENING/CONF50/xtb_gsolv.
2025-04-03 17:49:51,222 -   censo.qm_processor   -  DEBUG   - worker3273410:Running ['/srv/scratch/z5358697/.xtb/bin/xtb', 'gas.coord', '--gfn2', '--sp', '--chrg', '0', '--norestart', '--parallel', '1']...
2025-04-03 17:49:51,223 -   censo.qm_processor   -  DEBUG   - worker3273417:Done.
2025-04-03 17:49:51,223 -   censo.qm_processor   -  DEBUG   - worker3273420:Running ['/srv/scratch/z5358697/.xtb/bin/xtb', 'solv.coord', '--gfn2', '--sp', '--chrg', '0', '--norestart', '--parallel', '1', '--alpb', 'water', 'reference', '-I', 'xtb_sp-xcontrol-inp']...
2025-04-03 17:49:51,227 -   censo.qm_processor   -  DEBUG   - worker3273430:Running ['/srv/scratch/z5358697/.xtb/bin/xtb', 'solv.coord', '--gfn2', '--sp', '--chrg', '0', '--norestart', '--parallel', '1', '--alpb', 'water', 'reference', '-I', 'xtb_sp-xcontrol-inp']...
2025-04-03 17:49:51,227 -   censo.qm_processor   -  DEBUG   - worker3273420:Started (PID: 3273541).
2025-04-03 17:49:51,227 -   censo.qm_processor   -  DEBUG   - worker3273410:Started (PID: 3273540).
2025-04-03 17:49:51,229 -   censo.qm_processor   -   INFO   - worker3273408:Running xtb_gsolv calculation in /srv/scratch/z5358697/.automated/3792/0_PRESCREENING/CONF25/xtb_gsolv.
2025-04-03 17:49:51,233 -   censo.qm_processor   -  DEBUG   - worker3273437:Done.
2025-04-03 17:49:51,234 -   censo.qm_processor   -  DEBUG   - worker3273412:Done.
2025-04-03 17:49:51,235 -     censo.parallel     -  DEBUG   - Free cores increased 0 -> 1.
2025-04-03 17:49:51,235 -   censo.qm_processor   -  DEBUG   - worker3273424:Done.
2025-04-03 17:49:51,235 -   censo.qm_processor   -  DEBUG   - worker3273423:Done.
2025-04-03 17:49:51,237 -   censo.qm_processor   -  DEBUG   - worker3273430:Started (PID: 3273542).
2025-04-03 17:49:51,238 -     censo.parallel     -  DEBUG   - Free cores decreased 1 -> 0.
2025-04-03 17:49:51,238 -   censo.qm_processor   -  DEBUG   - worker3273434:Done.
2025-04-03 17:49:51,238 -     censo.parallel     -  DEBUG   - Free cores increased 0 -> 1.
2025-04-03 17:49:51,239 -   censo.qm_processor   -  DEBUG   - worker3273437:Running on 1 cores.
2025-04-03 17:49:51,239 -     censo.parallel     -  DEBUG   - Free cores decreased 1 -> 0.
2025-04-03 17:49:51,239 -     censo.parallel     -  DEBUG   - Free cores increased 0 -> 1.
2025-04-03 17:49:51,240 -   censo.qm_processor   -  DEBUG   - worker3273412:Running on 1 cores.
2025-04-03 17:49:51,240 -     censo.parallel     -  DEBUG   - Free cores decreased 1 -> 0.
2025-04-03 17:49:51,240 -     censo.parallel     -  DEBUG   - Free cores increased 0 -> 1.
2025-04-03 17:49:51,240 -   censo.qm_processor   -  DEBUG   - worker3273424:Running on 1 cores.
2025-04-03 17:49:51,240 -     censo.parallel     -  DEBUG   - Free cores decreased 1 -> 0.
2025-04-03 17:49:51,241 -     censo.parallel     -  DEBUG   - Free cores increased 0 -> 1.
2025-04-03 17:49:51,241 -   censo.qm_processor   -  DEBUG   - worker3273423:Running on 1 cores.
2025-04-03 17:49:51,241 -     censo.parallel     -  DEBUG   - Free cores decreased 1 -> 0.
2025-04-03 17:49:51,241 -   censo.qm_processor   -  DEBUG   - worker3273434:Running on 1 cores.
2025-04-03 17:49:51,247 -   censo.qm_processor   -  DEBUG   - worker3273417:Running ['/srv/scratch/z5358697/.xtb/bin/xtb', 'solv.coord', '--gfn2', '--sp', '--chrg', '0', '--norestart', '--parallel', '1', '--alpb', 'water', 'reference', '-I', 'xtb_sp-xcontrol-inp']...
2025-04-03 17:49:51,250 -   censo.qm_processor   -  DEBUG   - worker3273408:Running ['/srv/scratch/z5358697/.xtb/bin/xtb', 'gas.coord', '--gfn2', '--sp', '--chrg', '0', '--norestart', '--parallel', '1']...
2025-04-03 17:49:51,250 -   censo.qm_processor   -   INFO   - worker3273437:Running xtb_gsolv calculation in /srv/scratch/z5358697/.automated/3792/0_PRESCREENING/CONF51/xtb_gsolv.
2025-04-03 17:49:51,256 -   censo.qm_processor   -  DEBUG   - worker3273408:Started (PID: 3273544).
2025-04-03 17:49:51,256 -   censo.qm_processor   -  DEBUG   - worker3273417:Started (PID: 3273543).
2025-04-03 17:49:51,262 -   censo.qm_processor   -  DEBUG   - worker3273406:Done.
2025-04-03 17:49:51,269 -   censo.qm_processor   -  DEBUG   - worker3273437:Running ['/srv/scratch/z5358697/.xtb/bin/xtb', 'gas.coord', '--gfn2', '--sp', '--chrg', '0', '--norestart', '--parallel', '1']...
2025-04-03 17:49:51,274 -   censo.qm_processor   -  DEBUG   - worker3273437:Started (PID: 3273545).
2025-04-03 17:49:51,279 -   censo.qm_processor   -   INFO   - worker3273424:Running xtb_gsolv calculation in /srv/scratch/z5358697/.automated/3792/0_PRESCREENING/CONF53/xtb_gsolv.
2025-04-03 17:49:51,286 -   censo.qm_processor   -  DEBUG   - worker3273406:Running ['/srv/scratch/z5358697/.xtb/bin/xtb', 'solv.coord', '--gfn2', '--sp', '--chrg', '0', '--norestart', '--parallel', '1', '--alpb', 'water', 'reference', '-I', 'xtb_sp-xcontrol-inp']...
2025-04-03 17:49:51,292 -   censo.qm_processor   -  DEBUG   - worker3273406:Started (PID: 3273546).
2025-04-03 17:49:51,296 -   censo.qm_processor   -  DEBUG   - worker3273439:Done.
2025-04-03 17:49:51,298 -     censo.parallel     -  DEBUG   - Free cores increased 0 -> 1.
2025-04-03 17:49:51,299 -     censo.parallel     -  DEBUG   - Free cores decreased 1 -> 0.
2025-04-03 17:49:51,300 -   censo.qm_processor   -  DEBUG   - worker3273439:Running on 1 cores.
2025-04-03 17:49:51,305 -   censo.qm_processor   -  DEBUG   - worker3273424:Running ['/srv/scratch/z5358697/.xtb/bin/xtb', 'gas.coord', '--gfn2', '--sp', '--chrg', '0', '--norestart', '--parallel', '1']...
2025-04-03 17:49:51,307 -   censo.qm_processor   -   INFO   - worker3273423:Running xtb_gsolv calculation in /srv/scratch/z5358697/.automated/3792/0_PRESCREENING/CONF55/xtb_gsolv.
2025-04-03 17:49:51,311 -   censo.qm_processor   -  DEBUG   - worker3273424:Started (PID: 3273547).
2025-04-03 17:49:51,315 -   censo.qm_processor   -  DEBUG   - worker3273420:Done.
2025-04-03 17:49:51,317 -     censo.parallel     -  DEBUG   - Free cores increased 0 -> 1.
2025-04-03 17:49:51,318 -     censo.parallel     -  DEBUG   - Free cores decreased 1 -> 0.
2025-04-03 17:49:51,318 -   censo.qm_processor   -  DEBUG   - worker3273430:Done.
2025-04-03 17:49:51,318 -   censo.qm_processor   -  DEBUG   - worker3273420:Running on 1 cores.
2025-04-03 17:49:51,319 -     censo.parallel     -  DEBUG   - Free cores increased 0 -> 1.
2025-04-03 17:49:51,320 -     censo.parallel     -  DEBUG   - Free cores decreased 1 -> 0.
2025-04-03 17:49:51,320 -   censo.qm_processor   -  DEBUG   - worker3273430:Running on 1 cores.
2025-04-03 17:49:51,322 -   censo.qm_processor   -  DEBUG   - worker3273410:Done.
2025-04-03 17:49:51,327 -   censo.qm_processor   -  DEBUG   - worker3273423:Running ['/srv/scratch/z5358697/.xtb/bin/xtb', 'gas.coord', '--gfn2', '--sp', '--chrg', '0', '--norestart', '--parallel', '1']...
2025-04-03 17:49:51,328 -   censo.qm_processor   -   INFO   - worker3273434:Running xtb_gsolv calculation in /srv/scratch/z5358697/.automated/3792/0_PRESCREENING/CONF54/xtb_gsolv.
2025-04-03 17:49:51,333 -   censo.qm_processor   -  DEBUG   - worker3273423:Started (PID: 3273548).
2025-04-03 17:49:51,343 -   censo.qm_processor   -  DEBUG   - worker3273408:Done.
2025-04-03 17:49:51,344 -   censo.qm_processor   -   INFO   - worker3273439:Running xtb_gsolv calculation in /srv/scratch/z5358697/.automated/3792/0_PRESCREENING/CONF56/xtb_gsolv.
2025-04-03 17:49:51,348 -   censo.qm_processor   -  DEBUG   - worker3273417:Done.
2025-04-03 17:49:51,350 -     censo.parallel     -  DEBUG   - Free cores increased 0 -> 1.
2025-04-03 17:49:51,350 -     censo.parallel     -  DEBUG   - Free cores decreased 1 -> 0.
2025-04-03 17:49:51,350 -   censo.qm_processor   -  DEBUG   - worker3273434:Running ['/srv/scratch/z5358697/.xtb/bin/xtb', 'gas.coord', '--gfn2', '--sp', '--chrg', '0', '--norestart', '--parallel', '1']...
2025-04-03 17:49:51,351 -   censo.qm_processor   -  DEBUG   - worker3273417:Running on 1 cores.
2025-04-03 17:49:51,351 -   censo.qm_processor   -  DEBUG   - worker3273410:Running ['/srv/scratch/z5358697/.xtb/bin/xtb', 'solv.coord', '--gfn2', '--sp', '--chrg', '0', '--norestart', '--parallel', '1', '--alpb', 'water', 'reference', '-I', 'xtb_sp-xcontrol-inp']...
2025-04-03 17:49:51,355 -   censo.qm_processor   -  DEBUG   - worker3273410:Started (PID: 3273550).
2025-04-03 17:49:51,355 -   censo.qm_processor   -  DEBUG   - worker3273434:Started (PID: 3273549).
2025-04-03 17:49:51,359 -   censo.qm_processor   -   INFO   - worker3273430:Running xtb_gsolv calculation in /srv/scratch/z5358697/.automated/3792/0_PRESCREENING/CONF58/xtb_gsolv.
2025-04-03 17:49:51,360 -   censo.qm_processor   -  DEBUG   - worker3273437:Done.
2025-04-03 17:49:51,363 -   censo.qm_processor   -  DEBUG   - worker3273439:Running ['/srv/scratch/z5358697/.xtb/bin/xtb', 'gas.coord', '--gfn2', '--sp', '--chrg', '0', '--norestart', '--parallel', '1']...
2025-04-03 17:49:51,368 -   censo.qm_processor   -  DEBUG   - worker3273439:Started (PID: 3273551).
2025-04-03 17:49:51,368 -   censo.qm_processor   -   INFO   - worker3273420:Running xtb_gsolv calculation in /srv/scratch/z5358697/.automated/3792/0_PRESCREENING/CONF57/xtb_gsolv.
2025-04-03 17:49:51,369 -   censo.qm_processor   -  DEBUG   - worker3273408:Running ['/srv/scratch/z5358697/.xtb/bin/xtb', 'solv.coord', '--gfn2', '--sp', '--chrg', '0', '--norestart', '--parallel', '1', '--alpb', 'water', 'reference', '-I', 'xtb_sp-xcontrol-inp']...
2025-04-03 17:49:51,375 -   censo.qm_processor   -  DEBUG   - worker3273408:Started (PID: 3273552).
2025-04-03 17:49:51,379 -   censo.qm_processor   -  DEBUG   - worker3273406:Done.
2025-04-03 17:49:51,379 -   censo.qm_processor   -  DEBUG   - worker3273430:Running ['/srv/scratch/z5358697/.xtb/bin/xtb', 'gas.coord', '--gfn2', '--sp', '--chrg', '0', '--norestart', '--parallel', '1']...
2025-04-03 17:49:51,380 -     censo.parallel     -  DEBUG   - Free cores increased 0 -> 1.
2025-04-03 17:49:51,382 -     censo.parallel     -  DEBUG   - Free cores decreased 1 -> 0.
2025-04-03 17:49:51,383 -   censo.qm_processor   -  DEBUG   - worker3273437:Running ['/srv/scratch/z5358697/.xtb/bin/xtb', 'solv.coord', '--gfn2', '--sp', '--chrg', '0', '--norestart', '--parallel', '1', '--alpb', 'water', 'reference', '-I', 'xtb_sp-xcontrol-inp']...
2025-04-03 17:49:51,384 -   censo.qm_processor   -  DEBUG   - worker3273406:Running on 1 cores.
2025-04-03 17:49:51,386 -   censo.qm_processor   -   INFO   - worker3273417:Running xtb_gsolv calculation in /srv/scratch/z5358697/.automated/3792/0_PRESCREENING/CONF59/xtb_gsolv.
2025-04-03 17:49:51,386 -   censo.qm_processor   -  DEBUG   - worker3273430:Started (PID: 3273553).
2025-04-03 17:49:51,387 -   censo.qm_processor   -  DEBUG   - worker3273420:Running ['/srv/scratch/z5358697/.xtb/bin/xtb', 'gas.coord', '--gfn2', '--sp', '--chrg', '0', '--norestart', '--parallel', '1']...
2025-04-03 17:49:51,395 -   censo.qm_processor   -  DEBUG   - worker3273437:Started (PID: 3273554).
2025-04-03 17:49:51,400 -   censo.qm_processor   -  DEBUG   - worker3273420:Started (PID: 3273555).
2025-04-03 17:49:51,400 -   censo.qm_processor   -   INFO   - worker3273406:Running xtb_gsolv calculation in /srv/scratch/z5358697/.automated/3792/0_PRESCREENING/CONF60/xtb_gsolv.
2025-04-03 17:49:51,405 -   censo.qm_processor   -  DEBUG   - worker3273417:Running ['/srv/scratch/z5358697/.xtb/bin/xtb', 'gas.coord', '--gfn2', '--sp', '--chrg', '0', '--norestart', '--parallel', '1']...
2025-04-03 17:49:51,409 -   censo.qm_processor   -  DEBUG   - worker3273424:Done.
2025-04-03 17:49:51,413 -   censo.qm_processor   -  DEBUG   - worker3273423:Done.
2025-04-03 17:49:51,417 -   censo.qm_processor   -  DEBUG   - worker3273417:Started (PID: 3273556).
2025-04-03 17:49:51,419 -   censo.qm_processor   -  DEBUG   - worker3273406:Running ['/srv/scratch/z5358697/.xtb/bin/xtb', 'gas.coord', '--gfn2', '--sp', '--chrg', '0', '--norestart', '--parallel', '1']...
2025-04-03 17:49:51,421 -   censo.qm_processor   -  DEBUG   - worker3273405:Running ['/srv/scratch/z5358697/.xtb/bin/xtb', 'gas.coord', '--gfn2', '--sp', '--chrg', '0', '--norestart', '--parallel', '1']...
2025-04-03 17:49:51,422 -   censo.qm_processor   -  DEBUG   - worker3273406:Started (PID: 3273557).
2025-04-03 17:49:51,424 -   censo.qm_processor   -  DEBUG   - worker3273405:Started (PID: 3273558).
2025-04-03 17:49:51,435 -   censo.qm_processor   -  DEBUG   - worker3273434:Done.
2025-04-03 17:49:51,436 -   censo.qm_processor   -  DEBUG   - worker3273424:Running ['/srv/scratch/z5358697/.xtb/bin/xtb', 'solv.coord', '--gfn2', '--sp', '--chrg', '0', '--norestart', '--parallel', '1', '--alpb', 'water', 'reference', '-I', 'xtb_sp-xcontrol-inp']...
2025-04-03 17:49:51,437 -   censo.qm_processor   -  DEBUG   - worker3273423:Running ['/srv/scratch/z5358697/.xtb/bin/xtb', 'solv.coord', '--gfn2', '--sp', '--chrg', '0', '--norestart', '--parallel', '1', '--alpb', 'water', 'reference', '-I', 'xtb_sp-xcontrol-inp']...
2025-04-03 17:49:51,441 -   censo.qm_processor   -  DEBUG   - worker3273424:Started (PID: 3273559).
2025-04-03 17:49:51,441 -   censo.qm_processor   -  DEBUG   - worker3273423:Started (PID: 3273560).
2025-04-03 17:49:51,442 -   censo.qm_processor   -  DEBUG   - worker3273410:Done.
2025-04-03 17:49:51,444 -     censo.parallel     -  DEBUG   - Free cores increased 0 -> 1.
2025-04-03 17:49:51,444 -     censo.parallel     -  DEBUG   - Free cores decreased 1 -> 0.
2025-04-03 17:49:51,445 -   censo.qm_processor   -  DEBUG   - worker3273410:Running on 1 cores.
2025-04-03 17:49:51,460 -   censo.qm_processor   -  DEBUG   - worker3273439:Done.
2025-04-03 17:49:51,460 -   censo.qm_processor   -  DEBUG   - worker3273434:Running ['/srv/scratch/z5358697/.xtb/bin/xtb', 'solv.coord', '--gfn2', '--sp', '--chrg', '0', '--norestart', '--parallel', '1', '--alpb', 'water', 'reference', '-I', 'xtb_sp-xcontrol-inp']...
2025-04-03 17:49:51,463 -   censo.qm_processor   -  DEBUG   - worker3273434:Started (PID: 3273561).
2025-04-03 17:49:51,463 -   censo.qm_processor   -  DEBUG   - worker3273408:Done.
2025-04-03 17:49:51,465 -     censo.parallel     -  DEBUG   - Free cores increased 0 -> 1.
2025-04-03 17:49:51,466 -     censo.parallel     -  DEBUG   - Free cores decreased 1 -> 0.
2025-04-03 17:49:51,466 -   censo.qm_processor   -  DEBUG   - worker3273408:Running on 1 cores.
2025-04-03 17:49:51,478 -   censo.qm_processor   -  DEBUG   - worker3273430:Done.
2025-04-03 17:49:51,479 -   censo.qm_processor   -   INFO   - worker3273408:Running xtb_gsolv calculation in /srv/scratch/z5358697/.automated/3792/0_PRESCREENING/CONF62/xtb_gsolv.
2025-04-03 17:49:51,480 -   censo.qm_processor   -  DEBUG   - worker3273420:Done.
2025-04-03 17:49:51,484 -   censo.qm_processor   -  DEBUG   - worker3273437:Done.
2025-04-03 17:49:51,485 -   censo.qm_processor   -  DEBUG   - worker3273439:Running ['/srv/scratch/z5358697/.xtb/bin/xtb', 'solv.coord', '--gfn2', '--sp', '--chrg', '0', '--norestart', '--parallel', '1', '--alpb', 'water', 'reference', '-I', 'xtb_sp-xcontrol-inp']...
2025-04-03 17:49:51,486 -     censo.parallel     -  DEBUG   - Free cores increased 0 -> 1.
2025-04-03 17:49:51,486 -     censo.parallel     -  DEBUG   - Free cores decreased 1 -> 0.
2025-04-03 17:49:51,487 -   censo.qm_processor   -  DEBUG   - worker3273437:Running on 1 cores.
2025-04-03 17:49:51,490 -   censo.qm_processor   -  DEBUG   - worker3273439:Started (PID: 3273562).
2025-04-03 17:49:51,494 -   censo.qm_processor   -   INFO   - worker3273412:Running xtb_gsolv calculation in /srv/scratch/z5358697/.automated/3792/0_PRESCREENING/CONF52/xtb_gsolv.
2025-04-03 17:49:51,495 -   censo.qm_processor   -  DEBUG   - worker3273408:Running ['/srv/scratch/z5358697/.xtb/bin/xtb', 'gas.coord', '--gfn2', '--sp', '--chrg', '0', '--norestart', '--parallel', '1']...
2025-04-03 17:49:51,498 -   censo.qm_processor   -  DEBUG   - worker3273417:Done.
2025-04-03 17:49:51,500 -   censo.qm_processor   -  DEBUG   - worker3273406:Done.
2025-04-03 17:49:51,500 -   censo.qm_processor   -   INFO   - worker3273437:Running xtb_gsolv calculation in /srv/scratch/z5358697/.automated/3792/0_PRESCREENING/CONF63/xtb_gsolv.
2025-04-03 17:49:51,501 -   censo.qm_processor   -  DEBUG   - worker3273430:Running ['/srv/scratch/z5358697/.xtb/bin/xtb', 'solv.coord', '--gfn2', '--sp', '--chrg', '0', '--norestart', '--parallel', '1', '--alpb', 'water', 'reference', '-I', 'xtb_sp-xcontrol-inp']...
2025-04-03 17:49:51,502 -   censo.qm_processor   -  DEBUG   - worker3273420:Running ['/srv/scratch/z5358697/.xtb/bin/xtb', 'solv.coord', '--gfn2', '--sp', '--chrg', '0', '--norestart', '--parallel', '1', '--alpb', 'water', 'reference', '-I', 'xtb_sp-xcontrol-inp']...
2025-04-03 17:49:51,506 -   censo.qm_processor   -  DEBUG   - worker3273408:Started (PID: 3273563).
2025-04-03 17:49:51,508 -   censo.qm_processor   -  DEBUG   - worker3273420:Started (PID: 3273565).
2025-04-03 17:49:51,508 -   censo.qm_processor   -  DEBUG   - worker3273430:Started (PID: 3273564).
2025-04-03 17:49:51,511 -   censo.qm_processor   -  DEBUG   - worker3273405:Done.
2025-04-03 17:49:51,511 -   censo.qm_processor   -  DEBUG   - worker3273412:Running ['/srv/scratch/z5358697/.xtb/bin/xtb', 'gas.coord', '--gfn2', '--sp', '--chrg', '0', '--norestart', '--parallel', '1']...
2025-04-03 17:49:51,514 -   censo.qm_processor   -  DEBUG   - worker3273412:Started (PID: 3273566).
2025-04-03 17:49:51,518 -   censo.qm_processor   -  DEBUG   - worker3273437:Running ['/srv/scratch/z5358697/.xtb/bin/xtb', 'gas.coord', '--gfn2', '--sp', '--chrg', '0', '--norestart', '--parallel', '1']...
2025-04-03 17:49:51,521 -   censo.qm_processor   -  DEBUG   - worker3273437:Started (PID: 3273567).
2025-04-03 17:49:51,523 -   censo.qm_processor   -  DEBUG   - worker3273417:Running ['/srv/scratch/z5358697/.xtb/bin/xtb', 'solv.coord', '--gfn2', '--sp', '--chrg', '0', '--norestart', '--parallel', '1', '--alpb', 'water', 'reference', '-I', 'xtb_sp-xcontrol-inp']...
2025-04-03 17:49:51,524 -   censo.qm_processor   -  DEBUG   - worker3273424:Done.
2025-04-03 17:49:51,525 -   censo.qm_processor   -  DEBUG   - worker3273406:Running ['/srv/scratch/z5358697/.xtb/bin/xtb', 'solv.coord', '--gfn2', '--sp', '--chrg', '0', '--norestart', '--parallel', '1', '--alpb', 'water', 'reference', '-I', 'xtb_sp-xcontrol-inp']...
2025-04-03 17:49:51,527 -     censo.parallel     -  DEBUG   - Free cores increased 0 -> 1.
2025-04-03 17:49:51,526 -   censo.qm_processor   -  DEBUG   - worker3273423:Done.
2025-04-03 17:49:51,528 -     censo.parallel     -  DEBUG   - Free cores decreased 1 -> 0.
2025-04-03 17:49:51,530 -     censo.parallel     -  DEBUG   - Free cores increased 0 -> 1.
2025-04-03 17:49:51,530 -   censo.qm_processor   -  DEBUG   - worker3273417:Started (PID: 3273568).
2025-04-03 17:49:51,530 -   censo.qm_processor   -  DEBUG   - worker3273414:Running ['/srv/scratch/z5358697/.xtb/bin/xtb', 'gas.coord', '--gfn2', '--sp', '--chrg', '0', '--norestart', '--parallel', '1']...
2025-04-03 17:49:51,532 -   censo.qm_processor   -  DEBUG   - worker3273424:Running on 1 cores.
2025-04-03 17:49:51,532 -     censo.parallel     -  DEBUG   - Free cores decreased 1 -> 0.
2025-04-03 17:49:51,536 -   censo.qm_processor   -  DEBUG   - worker3273406:Started (PID: 3273569).
2025-04-03 17:49:51,536 -   censo.qm_processor   -  DEBUG   - worker3273423:Running on 1 cores.
2025-04-03 17:49:51,538 -   censo.qm_processor   -  DEBUG   - worker3273405:Running ['/srv/scratch/z5358697/.xtb/bin/xtb', 'solv.coord', '--gfn2', '--sp', '--chrg', '0', '--norestart', '--parallel', '1', '--alpb', 'water', 'reference', '-I', 'xtb_sp-xcontrol-inp']...
2025-04-03 17:49:51,544 -   censo.qm_processor   -  DEBUG   - worker3273405:Started (PID: 3273571).
2025-04-03 17:49:51,544 -   censo.qm_processor   -  DEBUG   - worker3273414:Started (PID: 3273570).
2025-04-03 17:49:51,568 -   censo.qm_processor   -  DEBUG   - worker3273434:Done.
2025-04-03 17:49:51,569 -     censo.parallel     -  DEBUG   - Free cores increased 0 -> 1.
2025-04-03 17:49:51,570 -     censo.parallel     -  DEBUG   - Free cores decreased 1 -> 0.
2025-04-03 17:49:51,571 -   censo.qm_processor   -  DEBUG   - worker3273434:Running on 1 cores.
2025-04-03 17:49:51,574 -   censo.qm_processor   -  DEBUG   - worker3273439:Done.
2025-04-03 17:49:51,575 -     censo.parallel     -  DEBUG   - Free cores increased 0 -> 1.
2025-04-03 17:49:51,576 -     censo.parallel     -  DEBUG   - Free cores decreased 1 -> 0.
2025-04-03 17:49:51,576 -   censo.qm_processor   -  DEBUG   - worker3273439:Running on 1 cores.
2025-04-03 17:49:51,582 -   censo.qm_processor   -  DEBUG   - worker3273412:Done.
2025-04-03 17:49:51,583 -   censo.qm_processor   -   INFO   - worker3273424:Running xtb_gsolv calculation in /srv/scratch/z5358697/.automated/3792/0_PRESCREENING/CONF64/xtb_gsolv.
2025-04-03 17:49:51,591 -   censo.qm_processor   -  DEBUG   - worker3273430:Done.
2025-04-03 17:49:51,591 -   censo.qm_processor   -  DEBUG   - worker3273420:Done.
2025-04-03 17:49:51,592 -   censo.qm_processor   -   INFO   - worker3273434:Running xtb_gsolv calculation in /srv/scratch/z5358697/.automated/3792/0_PRESCREENING/CONF66/xtb_gsolv.
2025-04-03 17:49:51,593 -     censo.parallel     -  DEBUG   - Free cores increased 0 -> 1.
2025-04-03 17:49:51,593 -     censo.parallel     -  DEBUG   - Free cores decreased 1 -> 0.
2025-04-03 17:49:51,594 -     censo.parallel     -  DEBUG   - Free cores increased 0 -> 1.
2025-04-03 17:49:51,594 -   censo.qm_processor   -  DEBUG   - worker3273420:Running on 1 cores.
2025-04-03 17:49:51,594 -     censo.parallel     -  DEBUG   - Free cores decreased 1 -> 0.
2025-04-03 17:49:51,594 -   censo.qm_processor   -  DEBUG   - worker3273430:Running on 1 cores.
2025-04-03 17:49:51,610 -   censo.qm_processor   -   INFO   - worker3273423:Running xtb_gsolv calculation in /srv/scratch/z5358697/.automated/3792/0_PRESCREENING/CONF65/xtb_gsolv.
2025-04-03 17:49:51,610 -   censo.qm_processor   -  DEBUG   - worker3273424:Running ['/srv/scratch/z5358697/.xtb/bin/xtb', 'gas.coord', '--gfn2', '--sp', '--chrg', '0', '--norestart', '--parallel', '1']...
2025-04-03 17:49:51,613 -   censo.qm_processor   -  DEBUG   - worker3273408:Done.
2025-04-03 17:49:51,617 -   censo.qm_processor   -   INFO   - worker3273439:Running xtb_gsolv calculation in /srv/scratch/z5358697/.automated/3792/0_PRESCREENING/CONF67/xtb_gsolv.
2025-04-03 17:49:51,617 -   censo.qm_processor   -  DEBUG   - worker3273424:Started (PID: 3273572).
2025-04-03 17:49:51,622 -   censo.qm_processor   -  DEBUG   - worker3273434:Running ['/srv/scratch/z5358697/.xtb/bin/xtb', 'gas.coord', '--gfn2', '--sp', '--chrg', '0', '--norestart', '--parallel', '1']...
2025-04-03 17:49:51,623 -   censo.qm_processor   -  DEBUG   - worker3273412:Running ['/srv/scratch/z5358697/.xtb/bin/xtb', 'solv.coord', '--gfn2', '--sp', '--chrg', '0', '--norestart', '--parallel', '1', '--alpb', 'water', 'reference', '-I', 'xtb_sp-xcontrol-inp']...
2025-04-03 17:49:51,626 -   censo.qm_processor   -   INFO   - worker3273430:Running xtb_gsolv calculation in /srv/scratch/z5358697/.automated/3792/0_PRESCREENING/CONF69/xtb_gsolv.
2025-04-03 17:49:51,629 -   censo.qm_processor   -  DEBUG   - worker3273437:Done.
2025-04-03 17:49:51,631 -   censo.qm_processor   -   INFO   - worker3273420:Running xtb_gsolv calculation in /srv/scratch/z5358697/.automated/3792/0_PRESCREENING/CONF68/xtb_gsolv.
2025-04-03 17:49:51,636 -   censo.qm_processor   -  DEBUG   - worker3273434:Started (PID: 3273573).
2025-04-03 17:49:51,636 -   censo.qm_processor   -  DEBUG   - worker3273412:Started (PID: 3273574).
2025-04-03 17:49:51,638 -   censo.qm_processor   -  DEBUG   - worker3273423:Running ['/srv/scratch/z5358697/.xtb/bin/xtb', 'gas.coord', '--gfn2', '--sp', '--chrg', '0', '--norestart', '--parallel', '1']...
2025-04-03 17:49:51,640 -   censo.qm_processor   -  DEBUG   - worker3273414:Done.
2025-04-03 17:49:51,644 -   censo.qm_processor   -  DEBUG   - worker3273406:Done.
2025-04-03 17:49:51,644 -   censo.qm_processor   -  DEBUG   - worker3273417:Done.
2025-04-03 17:49:51,644 -   censo.qm_processor   -  DEBUG   - worker3273423:Started (PID: 3273575).
2025-04-03 17:49:51,645 -   censo.qm_processor   -  DEBUG   - worker3273405:Done.
2025-04-03 17:49:51,645 -     censo.parallel     -  DEBUG   - Free cores increased 0 -> 1.
2025-04-03 17:49:51,646 -     censo.parallel     -  DEBUG   - Free cores decreased 1 -> 0.
2025-04-03 17:49:51,646 -     censo.parallel     -  DEBUG   - Free cores increased 0 -> 1.
2025-04-03 17:49:51,647 -   censo.qm_processor   -  DEBUG   - worker3273406:Running on 1 cores.
2025-04-03 17:49:51,647 -     censo.parallel     -  DEBUG   - Free cores decreased 1 -> 0.
2025-04-03 17:49:51,647 -     censo.parallel     -  DEBUG   - Free cores increased 0 -> 1.
2025-04-03 17:49:51,648 -   censo.qm_processor   -  DEBUG   - worker3273417:Running on 1 cores.
2025-04-03 17:49:51,648 -     censo.parallel     -  DEBUG   - Free cores decreased 1 -> 0.
2025-04-03 17:49:51,648 -   censo.qm_processor   -  DEBUG   - worker3273405:Running on 1 cores.
2025-04-03 17:49:51,649 -   censo.qm_processor   -  DEBUG   - worker3273408:Running ['/srv/scratch/z5358697/.xtb/bin/xtb', 'solv.coord', '--gfn2', '--sp', '--chrg', '0', '--norestart', '--parallel', '1', '--alpb', 'water', 'reference', '-I', 'xtb_sp-xcontrol-inp']...
2025-04-03 17:49:51,651 -   censo.qm_processor   -  DEBUG   - worker3273430:Running ['/srv/scratch/z5358697/.xtb/bin/xtb', 'gas.coord', '--gfn2', '--sp', '--chrg', '0', '--norestart', '--parallel', '1']...
2025-04-03 17:49:51,654 -   censo.qm_processor   -  DEBUG   - worker3273430:Started (PID: 3273577).
2025-04-03 17:49:51,654 -   censo.qm_processor   -  DEBUG   - worker3273408:Started (PID: 3273576).
2025-04-03 17:49:51,659 -   censo.qm_processor   -  DEBUG   - worker3273437:Running ['/srv/scratch/z5358697/.xtb/bin/xtb', 'solv.coord', '--gfn2', '--sp', '--chrg', '0', '--norestart', '--parallel', '1', '--alpb', 'water', 'reference', '-I', 'xtb_sp-xcontrol-inp']...
2025-04-03 17:49:51,660 -   censo.qm_processor   -  DEBUG   - worker3273420:Running ['/srv/scratch/z5358697/.xtb/bin/xtb', 'gas.coord', '--gfn2', '--sp', '--chrg', '0', '--norestart', '--parallel', '1']...
2025-04-03 17:49:51,662 -   censo.qm_processor   -   INFO   - worker3273406:Running xtb_gsolv calculation in /srv/scratch/z5358697/.automated/3792/0_PRESCREENING/CONF70/xtb_gsolv.
2025-04-03 17:49:51,666 -   censo.qm_processor   -  DEBUG   - worker3273414:Running ['/srv/scratch/z5358697/.xtb/bin/xtb', 'solv.coord', '--gfn2', '--sp', '--chrg', '0', '--norestart', '--parallel', '1', '--alpb', 'water', 'reference', '-I', 'xtb_sp-xcontrol-inp']...
2025-04-03 17:49:51,667 -   censo.qm_processor   -  DEBUG   - worker3273437:Started (PID: 3273578).
2025-04-03 17:49:51,672 -   censo.qm_processor   -  DEBUG   - worker3273414:Started (PID: 3273580).
2025-04-03 17:49:51,673 -   censo.qm_processor   -  DEBUG   - worker3273420:Started (PID: 3273579).
2025-04-03 17:49:51,697 -   censo.qm_processor   -  DEBUG   - worker3273424:Done.
2025-04-03 17:49:51,712 -   censo.qm_processor   -  DEBUG   - worker3273434:Done.
2025-04-03 17:49:51,719 -   censo.qm_processor   -  DEBUG   - worker3273412:Done.
2025-04-03 17:49:51,721 -     censo.parallel     -  DEBUG   - Free cores increased 0 -> 1.
2025-04-03 17:49:51,722 -     censo.parallel     -  DEBUG   - Free cores decreased 1 -> 0.
2025-04-03 17:49:51,723 -   censo.qm_processor   -  DEBUG   - worker3273412:Running on 1 cores.
2025-04-03 17:49:51,724 -   censo.qm_processor   -  DEBUG   - worker3273424:Running ['/srv/scratch/z5358697/.xtb/bin/xtb', 'solv.coord', '--gfn2', '--sp', '--chrg', '0', '--norestart', '--parallel', '1', '--alpb', 'water', 'reference', '-I', 'xtb_sp-xcontrol-inp']...
2025-04-03 17:49:51,727 -   censo.qm_processor   -  DEBUG   - worker3273424:Started (PID: 3273581).
2025-04-03 17:49:51,728 -   censo.qm_processor   -  DEBUG   - worker3273423:Done.
2025-04-03 17:49:51,733 -   censo.qm_processor   -  DEBUG   - worker3273439:Running ['/srv/scratch/z5358697/.xtb/bin/xtb', 'gas.coord', '--gfn2', '--sp', '--chrg', '0', '--norestart', '--parallel', '1']...
2025-04-03 17:49:51,736 -   censo.qm_processor   -  DEBUG   - worker3273439:Started (PID: 3273582).
2025-04-03 17:49:51,738 -   censo.qm_processor   -  DEBUG   - worker3273434:Running ['/srv/scratch/z5358697/.xtb/bin/xtb', 'solv.coord', '--gfn2', '--sp', '--chrg', '0', '--norestart', '--parallel', '1', '--alpb', 'water', 'reference', '-I', 'xtb_sp-xcontrol-inp']...
2025-04-03 17:49:51,741 -   censo.qm_processor   -  DEBUG   - worker3273434:Started (PID: 3273583).
2025-04-03 17:49:51,744 -   censo.qm_processor   -  DEBUG   - worker3273430:Done.
2025-04-03 17:49:51,747 -   censo.qm_processor   -  DEBUG   - worker3273420:Done.
2025-04-03 17:49:51,747 -   censo.qm_processor   -  DEBUG   - worker3273408:Done.
2025-04-03 17:49:51,749 -     censo.parallel     -  DEBUG   - Free cores increased 0 -> 1.
2025-04-03 17:49:51,750 -     censo.parallel     -  DEBUG   - Free cores decreased 1 -> 0.
2025-04-03 17:49:51,751 -   censo.qm_processor   -  DEBUG   - worker3273408:Running on 1 cores.
2025-04-03 17:49:51,752 -   censo.qm_processor   -  DEBUG   - worker3273423:Running ['/srv/scratch/z5358697/.xtb/bin/xtb', 'solv.coord', '--gfn2', '--sp', '--chrg', '0', '--norestart', '--parallel', '1', '--alpb', 'water', 'reference', '-I', 'xtb_sp-xcontrol-inp']...
2025-04-03 17:49:51,753 -   censo.qm_processor   -   INFO   - worker3273417:Running xtb_gsolv calculation in /srv/scratch/z5358697/.automated/3792/0_PRESCREENING/CONF71/xtb_gsolv.
2025-04-03 17:49:51,753 -   censo.qm_processor   -  DEBUG   - worker3273437:Done.
2025-04-03 17:49:51,754 -   censo.qm_processor   -  DEBUG   - worker3273414:Done.
2025-04-03 17:49:51,756 -     censo.parallel     -  DEBUG   - Free cores increased 0 -> 1.
2025-04-03 17:49:51,757 -   censo.qm_processor   -  DEBUG   - worker3273423:Started (PID: 3273584).
2025-04-03 17:49:51,757 -     censo.parallel     -  DEBUG   - Free cores decreased 1 -> 0.
2025-04-03 17:49:51,758 -     censo.parallel     -  DEBUG   - Free cores increased 0 -> 1.
2025-04-03 17:49:51,758 -   censo.qm_processor   -  DEBUG   - worker3273437:Running on 1 cores.
2025-04-03 17:49:51,758 -     censo.parallel     -  DEBUG   - Free cores decreased 1 -> 0.
2025-04-03 17:49:51,759 -   censo.qm_processor   -  DEBUG   - worker3273414:Running on 1 cores.
2025-04-03 17:49:51,768 -   censo.qm_processor   -  DEBUG   - worker3273430:Running ['/srv/scratch/z5358697/.xtb/bin/xtb', 'solv.coord', '--gfn2', '--sp', '--chrg', '0', '--norestart', '--parallel', '1', '--alpb', 'water', 'reference', '-I', 'xtb_sp-xcontrol-inp']...
2025-04-03 17:49:51,772 -   censo.qm_processor   -  DEBUG   - worker3273417:Running ['/srv/scratch/z5358697/.xtb/bin/xtb', 'gas.coord', '--gfn2', '--sp', '--chrg', '0', '--norestart', '--parallel', '1']...
2025-04-03 17:49:51,773 -   censo.qm_processor   -  DEBUG   - worker3273420:Running ['/srv/scratch/z5358697/.xtb/bin/xtb', 'solv.coord', '--gfn2', '--sp', '--chrg', '0', '--norestart', '--parallel', '1', '--alpb', 'water', 'reference', '-I', 'xtb_sp-xcontrol-inp']...
2025-04-03 17:49:51,776 -   censo.qm_processor   -  DEBUG   - worker3273430:Started (PID: 3273585).
2025-04-03 17:49:51,777 -   censo.qm_processor   -   INFO   - worker3273414:Running xtb_gsolv calculation in /srv/scratch/z5358697/.automated/3792/0_PRESCREENING/CONF76/xtb_gsolv.
2025-04-03 17:49:51,780 -   censo.qm_processor   -  DEBUG   - worker3273420:Started (PID: 3273587).
2025-04-03 17:49:51,780 -   censo.qm_processor   -  DEBUG   - worker3273417:Started (PID: 3273586).
2025-04-03 17:49:51,787 -   censo.qm_processor   -   INFO   - worker3273437:Running xtb_gsolv calculation in /srv/scratch/z5358697/.automated/3792/0_PRESCREENING/CONF75/xtb_gsolv.
2025-04-03 17:49:51,795 -   censo.qm_processor   -  DEBUG   - worker3273414:Running ['/srv/scratch/z5358697/.xtb/bin/xtb', 'gas.coord', '--gfn2', '--sp', '--chrg', '0', '--norestart', '--parallel', '1']...
2025-04-03 17:49:51,800 -   censo.qm_processor   -  DEBUG   - worker3273414:Started (PID: 3273588).
2025-04-03 17:49:51,803 -   censo.qm_processor   -  DEBUG   - worker3273424:Done.
2025-04-03 17:49:51,804 -   censo.qm_processor   -  DEBUG   - worker3273437:Running ['/srv/scratch/z5358697/.xtb/bin/xtb', 'gas.coord', '--gfn2', '--sp', '--chrg', '0', '--norestart', '--parallel', '1']...
2025-04-03 17:49:51,804 -     censo.parallel     -  DEBUG   - Free cores increased 0 -> 1.
2025-04-03 17:49:51,805 -     censo.parallel     -  DEBUG   - Free cores decreased 1 -> 0.
2025-04-03 17:49:51,807 -   censo.qm_processor   -  DEBUG   - worker3273424:Running on 1 cores.
2025-04-03 17:49:51,811 -   censo.qm_processor   -  DEBUG   - worker3273439:Done.
2025-04-03 17:49:51,813 -   censo.qm_processor   -  DEBUG   - worker3273437:Started (PID: 3273589).
2025-04-03 17:49:51,818 -   censo.qm_processor   -  DEBUG   - worker3273434:Done.
2025-04-03 17:49:51,818 -   censo.qm_processor   -   INFO   - worker3273410:Running xtb_gsolv calculation in /srv/scratch/z5358697/.automated/3792/0_PRESCREENING/CONF61/xtb_gsolv.
2025-04-03 17:49:51,820 -     censo.parallel     -  DEBUG   - Free cores increased 0 -> 1.
2025-04-03 17:49:51,820 -     censo.parallel     -  DEBUG   - Free cores decreased 1 -> 0.
2025-04-03 17:49:51,821 -   censo.qm_processor   -  DEBUG   - worker3273434:Running on 1 cores.
2025-04-03 17:49:51,829 -   censo.qm_processor   -   INFO   - worker3273424:Running xtb_gsolv calculation in /srv/scratch/z5358697/.automated/3792/0_PRESCREENING/CONF77/xtb_gsolv.
2025-04-03 17:49:51,834 -   censo.qm_processor   -  DEBUG   - worker3273410:Running ['/srv/scratch/z5358697/.xtb/bin/xtb', 'gas.coord', '--gfn2', '--sp', '--chrg', '0', '--norestart', '--parallel', '1']...
2025-04-03 17:49:51,836 -   censo.qm_processor   -  DEBUG   - worker3273439:Running ['/srv/scratch/z5358697/.xtb/bin/xtb', 'solv.coord', '--gfn2', '--sp', '--chrg', '0', '--norestart', '--parallel', '1', '--alpb', 'water', 'reference', '-I', 'xtb_sp-xcontrol-inp']...
2025-04-03 17:49:51,841 -   censo.qm_processor   -  DEBUG   - worker3273439:Started (PID: 3273591).
2025-04-03 17:49:51,841 -   censo.qm_processor   -  DEBUG   - worker3273410:Started (PID: 3273590).
2025-04-03 17:49:51,845 -   censo.qm_processor   -  DEBUG   - worker3273424:Running ['/srv/scratch/z5358697/.xtb/bin/xtb', 'gas.coord', '--gfn2', '--sp', '--chrg', '0', '--norestart', '--parallel', '1']...
2025-04-03 17:49:51,847 -   censo.qm_processor   -   INFO   - worker3273426:Running xtb_gsolv calculation in /srv/scratch/z5358697/.automated/3792/0_PRESCREENING/CONF26/xtb_gsolv.
2025-04-03 17:49:51,851 -   censo.qm_processor   -  DEBUG   - worker3273423:Done.
2025-04-03 17:49:51,851 -   censo.qm_processor   -  DEBUG   - worker3273424:Started (PID: 3273592).
2025-04-03 17:49:51,852 -     censo.parallel     -  DEBUG   - Free cores increased 0 -> 1.
2025-04-03 17:49:51,853 -     censo.parallel     -  DEBUG   - Free cores decreased 1 -> 0.
2025-04-03 17:49:51,853 -   censo.qm_processor   -  DEBUG   - worker3273423:Running on 1 cores.
2025-04-03 17:49:51,860 -   censo.qm_processor   -   INFO   - worker3273434:Running xtb_gsolv calculation in /srv/scratch/z5358697/.automated/3792/0_PRESCREENING/CONF78/xtb_gsolv.
2025-04-03 17:49:51,864 -   censo.qm_processor   -  DEBUG   - worker3273417:Done.
2025-04-03 17:49:51,864 -   censo.qm_processor   -  DEBUG   - worker3273420:Done.
2025-04-03 17:49:51,864 -   censo.qm_processor   -  DEBUG   - worker3273430:Done.
2025-04-03 17:49:51,865 -     censo.parallel     -  DEBUG   - Free cores increased 0 -> 1.
2025-04-03 17:49:51,866 -     censo.parallel     -  DEBUG   - Free cores decreased 1 -> 0.
2025-04-03 17:49:51,866 -   censo.qm_processor   -  DEBUG   - worker3273426:Running ['/srv/scratch/z5358697/.xtb/bin/xtb', 'gas.coord', '--gfn2', '--sp', '--chrg', '0', '--norestart', '--parallel', '1']...
2025-04-03 17:49:51,867 -     censo.parallel     -  DEBUG   - Free cores increased 0 -> 1.
2025-04-03 17:49:51,867 -   censo.qm_processor   -  DEBUG   - worker3273430:Running on 1 cores.
2025-04-03 17:49:51,867 -     censo.parallel     -  DEBUG   - Free cores decreased 1 -> 0.
2025-04-03 17:49:51,868 -   censo.qm_processor   -  DEBUG   - worker3273420:Running on 1 cores.
2025-04-03 17:49:51,872 -   censo.qm_processor   -  DEBUG   - worker3273426:Started (PID: 3273593).
2025-04-03 17:49:51,881 -   censo.qm_processor   -   INFO   - worker3273423:Running xtb_gsolv calculation in /srv/scratch/z5358697/.automated/3792/0_PRESCREENING/CONF79/xtb_gsolv.
2025-04-03 17:49:51,881 -   censo.qm_processor   -  DEBUG   - worker3273434:Running ['/srv/scratch/z5358697/.xtb/bin/xtb', 'gas.coord', '--gfn2', '--sp', '--chrg', '0', '--norestart', '--parallel', '1']...
2025-04-03 17:49:51,886 -   censo.qm_processor   -  DEBUG   - worker3273434:Started (PID: 3273594).
2025-04-03 17:49:51,890 -   censo.qm_processor   -  DEBUG   - worker3273417:Running ['/srv/scratch/z5358697/.xtb/bin/xtb', 'solv.coord', '--gfn2', '--sp', '--chrg', '0', '--norestart', '--parallel', '1', '--alpb', 'water', 'reference', '-I', 'xtb_sp-xcontrol-inp']...
2025-04-03 17:49:51,893 -   censo.qm_processor   -  DEBUG   - worker3273414:Done.
2025-04-03 17:49:51,893 -   censo.qm_processor   -  DEBUG   - worker3273417:Started (PID: 3273595).
2025-04-03 17:49:51,896 -   censo.qm_processor   -   INFO   - worker3273430:Running xtb_gsolv calculation in /srv/scratch/z5358697/.automated/3792/0_PRESCREENING/CONF80/xtb_gsolv.
2025-04-03 17:49:51,899 -   censo.qm_processor   -  DEBUG   - worker3273423:Running ['/srv/scratch/z5358697/.xtb/bin/xtb', 'gas.coord', '--gfn2', '--sp', '--chrg', '0', '--norestart', '--parallel', '1']...
2025-04-03 17:49:51,900 -   censo.qm_processor   -   INFO   - worker3273420:Running xtb_gsolv calculation in /srv/scratch/z5358697/.automated/3792/0_PRESCREENING/CONF81/xtb_gsolv.
2025-04-03 17:49:51,904 -   censo.qm_processor   -  DEBUG   - worker3273423:Started (PID: 3273596).
2025-04-03 17:49:51,905 -   censo.qm_processor   -   INFO   - worker3273412:Running xtb_gsolv calculation in /srv/scratch/z5358697/.automated/3792/0_PRESCREENING/CONF73/xtb_gsolv.
2025-04-03 17:49:51,913 -   censo.qm_processor   -  DEBUG   - worker3273410:Done.
2025-04-03 17:49:51,917 -   censo.qm_processor   -  DEBUG   - worker3273414:Running ['/srv/scratch/z5358697/.xtb/bin/xtb', 'solv.coord', '--gfn2', '--sp', '--chrg', '0', '--norestart', '--parallel', '1', '--alpb', 'water', 'reference', '-I', 'xtb_sp-xcontrol-inp']...
2025-04-03 17:49:51,918 -   censo.qm_processor   -  DEBUG   - worker3273420:Running ['/srv/scratch/z5358697/.xtb/bin/xtb', 'gas.coord', '--gfn2', '--sp', '--chrg', '0', '--norestart', '--parallel', '1']...
2025-04-03 17:49:51,918 -   censo.qm_processor   -  DEBUG   - worker3273439:Done.
2025-04-03 17:49:51,919 -     censo.parallel     -  DEBUG   - Free cores increased 0 -> 1.
2025-04-03 17:49:51,920 -   censo.qm_processor   -  DEBUG   - worker3273437:Done.
2025-04-03 17:49:51,922 -     censo.parallel     -  DEBUG   - Free cores decreased 1 -> 0.
2025-04-03 17:49:51,923 -   censo.qm_processor   -  DEBUG   - worker3273439:Running on 1 cores.
2025-04-03 17:49:51,926 -   censo.qm_processor   -  DEBUG   - worker3273414:Started (PID: 3273597).
2025-04-03 17:49:51,926 -   censo.qm_processor   -  DEBUG   - worker3273420:Started (PID: 3273598).
2025-04-03 17:49:51,930 -   censo.qm_processor   -  DEBUG   - worker3273412:Running ['/srv/scratch/z5358697/.xtb/bin/xtb', 'gas.coord', '--gfn2', '--sp', '--chrg', '0', '--norestart', '--parallel', '1']...
2025-04-03 17:49:51,934 -   censo.qm_processor   -  DEBUG   - worker3273412:Started (PID: 3273599).
2025-04-03 17:49:51,935 -   censo.qm_processor   -   INFO   - worker3273439:Running xtb_gsolv calculation in /srv/scratch/z5358697/.automated/3792/0_PRESCREENING/CONF82/xtb_gsolv.
2025-04-03 17:49:51,940 -   censo.qm_processor   -  DEBUG   - worker3273410:Running ['/srv/scratch/z5358697/.xtb/bin/xtb', 'solv.coord', '--gfn2', '--sp', '--chrg', '0', '--norestart', '--parallel', '1', '--alpb', 'water', 'reference', '-I', 'xtb_sp-xcontrol-inp']...
2025-04-03 17:49:51,947 -   censo.qm_processor   -  DEBUG   - worker3273410:Started (PID: 3273600).
2025-04-03 17:49:51,949 -   censo.qm_processor   -  DEBUG   - worker3273437:Running ['/srv/scratch/z5358697/.xtb/bin/xtb', 'solv.coord', '--gfn2', '--sp', '--chrg', '0', '--norestart', '--parallel', '1', '--alpb', 'water', 'reference', '-I', 'xtb_sp-xcontrol-inp']...
2025-04-03 17:49:51,951 -   censo.qm_processor   -  DEBUG   - worker3273424:Done.
2025-04-03 17:49:51,954 -   censo.qm_processor   -  DEBUG   - worker3273439:Running ['/srv/scratch/z5358697/.xtb/bin/xtb', 'gas.coord', '--gfn2', '--sp', '--chrg', '0', '--norestart', '--parallel', '1']...
2025-04-03 17:49:51,955 -   censo.qm_processor   -  DEBUG   - worker3273437:Started (PID: 3273601).
2025-04-03 17:49:51,959 -   censo.qm_processor   -  DEBUG   - worker3273439:Started (PID: 3273602).
2025-04-03 17:49:51,964 -   censo.qm_processor   -  DEBUG   - worker3273430:Running ['/srv/scratch/z5358697/.xtb/bin/xtb', 'gas.coord', '--gfn2', '--sp', '--chrg', '0', '--norestart', '--parallel', '1']...
2025-04-03 17:49:51,966 -   censo.qm_processor   -  DEBUG   - worker3273426:Done.
2025-04-03 17:49:51,971 -   censo.qm_processor   -  DEBUG   - worker3273430:Started (PID: 3273603).
2025-04-03 17:49:51,978 -   censo.qm_processor   -  DEBUG   - worker3273424:Running ['/srv/scratch/z5358697/.xtb/bin/xtb', 'solv.coord', '--gfn2', '--sp', '--chrg', '0', '--norestart', '--parallel', '1', '--alpb', 'water', 'reference', '-I', 'xtb_sp-xcontrol-inp']...
2025-04-03 17:49:51,979 -   censo.qm_processor   -   INFO   - worker3273408:Running xtb_gsolv calculation in /srv/scratch/z5358697/.automated/3792/0_PRESCREENING/CONF74/xtb_gsolv.
2025-04-03 17:49:51,984 -   censo.qm_processor   -  DEBUG   - worker3273424:Started (PID: 3273604).
2025-04-03 17:49:51,984 -   censo.qm_processor   -  DEBUG   - worker3273434:Done.
2025-04-03 17:49:51,985 -   censo.qm_processor   -  DEBUG   - worker3273417:Done.
2025-04-03 17:49:51,986 -     censo.parallel     -  DEBUG   - Free cores increased 0 -> 1.
2025-04-03 17:49:51,987 -     censo.parallel     -  DEBUG   - Free cores decreased 1 -> 0.
2025-04-03 17:49:51,987 -   censo.qm_processor   -  DEBUG   - worker3273417:Running on 1 cores.
2025-04-03 17:49:51,993 -   censo.qm_processor   -  DEBUG   - worker3273426:Running ['/srv/scratch/z5358697/.xtb/bin/xtb', 'solv.coord', '--gfn2', '--sp', '--chrg', '0', '--norestart', '--parallel', '1', '--alpb', 'water', 'reference', '-I', 'xtb_sp-xcontrol-inp']...
2025-04-03 17:49:51,995 -   censo.qm_processor   -  DEBUG   - worker3273423:Done.
2025-04-03 17:49:51,998 -   censo.qm_processor   -  DEBUG   - worker3273426:Started (PID: 3273605).
2025-04-03 17:49:52,000 -   censo.qm_processor   -   INFO   - worker3273417:Running xtb_gsolv calculation in /srv/scratch/z5358697/.automated/3792/0_PRESCREENING/CONF83/xtb_gsolv.
2025-04-03 17:49:52,007 -   censo.qm_processor   -  DEBUG   - worker3273420:Done.
2025-04-03 17:49:52,007 -   censo.qm_processor   -  DEBUG   - worker3273412:Done.
2025-04-03 17:49:52,008 -   censo.qm_processor   -  DEBUG   - worker3273434:Running ['/srv/scratch/z5358697/.xtb/bin/xtb', 'solv.coord', '--gfn2', '--sp', '--chrg', '0', '--norestart', '--parallel', '1', '--alpb', 'water', 'reference', '-I', 'xtb_sp-xcontrol-inp']...
2025-04-03 17:49:52,013 -   censo.qm_processor   -  DEBUG   - worker3273434:Started (PID: 3273606).
2025-04-03 17:49:52,013 -   censo.qm_processor   -  DEBUG   - worker3273414:Done.
2025-04-03 17:49:52,015 -     censo.parallel     -  DEBUG   - Free cores increased 0 -> 1.
2025-04-03 17:49:52,015 -     censo.parallel     -  DEBUG   - Free cores decreased 1 -> 0.
2025-04-03 17:49:52,016 -   censo.qm_processor   -  DEBUG   - worker3273414:Running on 1 cores.
2025-04-03 17:49:52,017 -   censo.qm_processor   -  DEBUG   - worker3273408:Running ['/srv/scratch/z5358697/.xtb/bin/xtb', 'gas.coord', '--gfn2', '--sp', '--chrg', '0', '--norestart', '--parallel', '1']...
2025-04-03 17:49:52,018 -   censo.qm_processor   -  DEBUG   - worker3273423:Running ['/srv/scratch/z5358697/.xtb/bin/xtb', 'solv.coord', '--gfn2', '--sp', '--chrg', '0', '--norestart', '--parallel', '1', '--alpb', 'water', 'reference', '-I', 'xtb_sp-xcontrol-inp']...
2025-04-03 17:49:52,021 -   censo.qm_processor   -  DEBUG   - worker3273408:Started (PID: 3273607).
2025-04-03 17:49:52,021 -   censo.qm_processor   -  DEBUG   - worker3273423:Started (PID: 3273608).
2025-04-03 17:49:52,028 -   censo.qm_processor   -   INFO   - worker3273414:Running xtb_gsolv calculation in /srv/scratch/z5358697/.automated/3792/0_PRESCREENING/CONF84/xtb_gsolv.
2025-04-03 17:49:52,030 -   censo.qm_processor   -  DEBUG   - worker3273420:Running ['/srv/scratch/z5358697/.xtb/bin/xtb', 'solv.coord', '--gfn2', '--sp', '--chrg', '0', '--norestart', '--parallel', '1', '--alpb', 'water', 'reference', '-I', 'xtb_sp-xcontrol-inp']...
2025-04-03 17:49:52,030 -   censo.qm_processor   -  DEBUG   - worker3273412:Running ['/srv/scratch/z5358697/.xtb/bin/xtb', 'solv.coord', '--gfn2', '--sp', '--chrg', '0', '--norestart', '--parallel', '1', '--alpb', 'water', 'reference', '-I', 'xtb_sp-xcontrol-inp']...
2025-04-03 17:49:52,035 -   censo.qm_processor   -  DEBUG   - worker3273420:Started (PID: 3273609).
2025-04-03 17:49:52,035 -   censo.qm_processor   -  DEBUG   - worker3273412:Started (PID: 3273610).
2025-04-03 17:49:52,044 -   censo.qm_processor   -  DEBUG   - worker3273410:Done.
2025-04-03 17:49:52,068 -   censo.qm_processor   -  DEBUG   - worker3273437:Done.
2025-04-03 17:49:52,068 -     censo.parallel     -  DEBUG   - Free cores increased 0 -> 1.
2025-04-03 17:49:52,069 -     censo.parallel     -  DEBUG   - Free cores decreased 1 -> 0.
2025-04-03 17:49:52,070 -     censo.parallel     -  DEBUG   - Free cores increased 0 -> 1.
2025-04-03 17:49:52,070 -   censo.qm_processor   -  DEBUG   - worker3273410:Running on 1 cores.
2025-04-03 17:49:52,070 -     censo.parallel     -  DEBUG   - Free cores decreased 1 -> 0.
2025-04-03 17:49:52,071 -   censo.qm_processor   -  DEBUG   - worker3273437:Running on 1 cores.
2025-04-03 17:49:52,078 -   censo.qm_processor   -  DEBUG   - worker3273430:Done.
2025-04-03 17:49:52,078 -   censo.qm_processor   -  DEBUG   - worker3273439:Done.
2025-04-03 17:49:52,083 -   censo.qm_processor   -   INFO   - worker3273410:Running xtb_gsolv calculation in /srv/scratch/z5358697/.automated/3792/0_PRESCREENING/CONF85/xtb_gsolv.
2025-04-03 17:49:52,089 -   censo.qm_processor   -  DEBUG   - worker3273426:Done.
2025-04-03 17:49:52,089 -   censo.qm_processor   -  DEBUG   - worker3273424:Done.
2025-04-03 17:49:52,090 -     censo.parallel     -  DEBUG   - Free cores increased 0 -> 1.
2025-04-03 17:49:52,091 -     censo.parallel     -  DEBUG   - Free cores decreased 1 -> 0.
2025-04-03 17:49:52,091 -     censo.parallel     -  DEBUG   - Free cores increased 0 -> 1.
2025-04-03 17:49:52,092 -   censo.qm_processor   -  DEBUG   - worker3273424:Running on 1 cores.
2025-04-03 17:49:52,092 -     censo.parallel     -  DEBUG   - Free cores decreased 1 -> 0.
2025-04-03 17:49:52,092 -   censo.qm_processor   -  DEBUG   - worker3273426:Running on 1 cores.
2025-04-03 17:49:52,092 -   censo.qm_processor   -  DEBUG   - worker3273434:Done.
2025-04-03 17:49:52,092 -   censo.qm_processor   -  DEBUG   - worker3273417:Running ['/srv/scratch/z5358697/.xtb/bin/xtb', 'gas.coord', '--gfn2', '--sp', '--chrg', '0', '--norestart', '--parallel', '1']...
2025-04-03 17:49:52,093 -     censo.parallel     -  DEBUG   - Free cores increased 0 -> 1.
2025-04-03 17:49:52,094 -     censo.parallel     -  DEBUG   - Free cores decreased 1 -> 0.
2025-04-03 17:49:52,094 -   censo.qm_processor   -  DEBUG   - worker3273434:Running on 1 cores.
2025-04-03 17:49:52,097 -   censo.qm_processor   -  DEBUG   - worker3273417:Started (PID: 3273611).
2025-04-03 17:49:52,100 -   censo.qm_processor   -  DEBUG   - worker3273408:Done.
2025-04-03 17:49:52,100 -   censo.qm_processor   -  DEBUG   - worker3273410:Running ['/srv/scratch/z5358697/.xtb/bin/xtb', 'gas.coord', '--gfn2', '--sp', '--chrg', '0', '--norestart', '--parallel', '1']...
2025-04-03 17:49:52,103 -   censo.qm_processor   -  DEBUG   - worker3273410:Started (PID: 3273612).
2025-04-03 17:49:52,103 -   censo.qm_processor   -  DEBUG   - worker3273439:Running ['/srv/scratch/z5358697/.xtb/bin/xtb', 'solv.coord', '--gfn2', '--sp', '--chrg', '0', '--norestart', '--parallel', '1', '--alpb', 'water', 'reference', '-I', 'xtb_sp-xcontrol-inp']...
2025-04-03 17:49:52,103 -   censo.qm_processor   -  DEBUG   - worker3273430:Running ['/srv/scratch/z5358697/.xtb/bin/xtb', 'solv.coord', '--gfn2', '--sp', '--chrg', '0', '--norestart', '--parallel', '1', '--alpb', 'water', 'reference', '-I', 'xtb_sp-xcontrol-inp']...
2025-04-03 17:49:52,106 -   censo.qm_processor   -  DEBUG   - worker3273439:Started (PID: 3273614).
2025-04-03 17:49:52,106 -   censo.qm_processor   -  DEBUG   - worker3273430:Started (PID: 3273613).
2025-04-03 17:49:52,108 -   censo.qm_processor   -  DEBUG   - worker3273414:Running ['/srv/scratch/z5358697/.xtb/bin/xtb', 'gas.coord', '--gfn2', '--sp', '--chrg', '0', '--norestart', '--parallel', '1']...
2025-04-03 17:49:52,110 -   censo.qm_processor   -  DEBUG   - worker3273414:Started (PID: 3273615).
2025-04-03 17:49:52,123 -   censo.qm_processor   -  DEBUG   - worker3273408:Running ['/srv/scratch/z5358697/.xtb/bin/xtb', 'solv.coord', '--gfn2', '--sp', '--chrg', '0', '--norestart', '--parallel', '1', '--alpb', 'water', 'reference', '-I', 'xtb_sp-xcontrol-inp']...
2025-04-03 17:49:52,126 -   censo.qm_processor   -  DEBUG   - worker3273408:Started (PID: 3273616).
2025-04-03 17:49:52,130 -   censo.qm_processor   -  DEBUG   - worker3273423:Done.
2025-04-03 17:49:52,131 -     censo.parallel     -  DEBUG   - Free cores increased 0 -> 1.
2025-04-03 17:49:52,132 -     censo.parallel     -  DEBUG   - Free cores decreased 1 -> 0.
2025-04-03 17:49:52,132 -   censo.qm_processor   -  DEBUG   - worker3273423:Running on 1 cores.
2025-04-03 17:49:52,138 -   censo.qm_processor   -  DEBUG   - worker3273412:Done.
2025-04-03 17:49:52,139 -     censo.parallel     -  DEBUG   - Free cores increased 0 -> 1.
2025-04-03 17:49:52,140 -     censo.parallel     -  DEBUG   - Free cores decreased 1 -> 0.
2025-04-03 17:49:52,140 -   censo.qm_processor   -  DEBUG   - worker3273412:Running on 1 cores.
2025-04-03 17:49:52,146 -   censo.qm_processor   -  DEBUG   - worker3273420:Done.
2025-04-03 17:49:52,147 -     censo.parallel     -  DEBUG   - Free cores increased 0 -> 1.
2025-04-03 17:49:52,148 -     censo.parallel     -  DEBUG   - Free cores decreased 1 -> 0.
2025-04-03 17:49:52,149 -   censo.qm_processor   -  DEBUG   - worker3273420:Running on 1 cores.
2025-04-03 17:49:52,173 -   censo.qm_processor   -  DEBUG   - worker3273417:Done.
2025-04-03 17:49:52,185 -   censo.qm_processor   -  DEBUG   - worker3273414:Done.
2025-04-03 17:49:52,185 -   censo.qm_processor   -  DEBUG   - worker3273410:Done.
2025-04-03 17:49:52,189 -   censo.qm_processor   -  DEBUG   - worker3273430:Done.
2025-04-03 17:49:52,190 -   censo.qm_processor   -  DEBUG   - worker3273439:Done.
2025-04-03 17:49:52,190 -     censo.parallel     -  DEBUG   - Free cores increased 0 -> 1.
2025-04-03 17:49:52,192 -     censo.parallel     -  DEBUG   - Free cores decreased 1 -> 0.
2025-04-03 17:49:52,192 -     censo.parallel     -  DEBUG   - Free cores increased 0 -> 1.
2025-04-03 17:49:52,193 -   censo.qm_processor   -  DEBUG   - worker3273430:Running on 1 cores.
2025-04-03 17:49:52,193 -     censo.parallel     -  DEBUG   - Free cores decreased 1 -> 0.
2025-04-03 17:49:52,193 -   censo.qm_processor   -  DEBUG   - worker3273439:Running on 1 cores.
2025-04-03 17:49:52,197 -   censo.qm_processor   -  DEBUG   - worker3273417:Running ['/srv/scratch/z5358697/.xtb/bin/xtb', 'solv.coord', '--gfn2', '--sp', '--chrg', '0', '--norestart', '--parallel', '1', '--alpb', 'water', 'reference', '-I', 'xtb_sp-xcontrol-inp']...
2025-04-03 17:49:52,201 -   censo.qm_processor   -  DEBUG   - worker3273417:Started (PID: 3273617).
2025-04-03 17:49:52,209 -   censo.qm_processor   -  DEBUG   - worker3273410:Running ['/srv/scratch/z5358697/.xtb/bin/xtb', 'solv.coord', '--gfn2', '--sp', '--chrg', '0', '--norestart', '--parallel', '1', '--alpb', 'water', 'reference', '-I', 'xtb_sp-xcontrol-inp']...
2025-04-03 17:49:52,210 -   censo.qm_processor   -  DEBUG   - worker3273414:Running ['/srv/scratch/z5358697/.xtb/bin/xtb', 'solv.coord', '--gfn2', '--sp', '--chrg', '0', '--norestart', '--parallel', '1', '--alpb', 'water', 'reference', '-I', 'xtb_sp-xcontrol-inp']...
2025-04-03 17:49:52,216 -   censo.qm_processor   -  DEBUG   - worker3273414:Started (PID: 3273620).
2025-04-03 17:49:52,216 -   censo.qm_processor   -  DEBUG   - worker3273410:Started (PID: 3273618).
2025-04-03 17:49:52,232 -   censo.qm_processor   -  DEBUG   - worker3273404:Running ['/srv/scratch/z5358697/.xtb/bin/xtb', 'gas.coord', '--gfn2', '--sp', '--chrg', '0', '--norestart', '--parallel', '1']...
2025-04-03 17:49:52,235 -   censo.qm_processor   -  DEBUG   - worker3273408:Done.
2025-04-03 17:49:52,237 -     censo.parallel     -  DEBUG   - Free cores increased 0 -> 1.
2025-04-03 17:49:52,238 -     censo.parallel     -  DEBUG   - Free cores decreased 1 -> 0.
2025-04-03 17:49:52,240 -   censo.qm_processor   -  DEBUG   - worker3273408:Running on 1 cores.
2025-04-03 17:49:52,244 -   censo.qm_processor   -  DEBUG   - worker3273404:Started (PID: 3273621).
2025-04-03 17:49:52,275 -   censo.qm_processor   -  DEBUG   - worker3273417:Done.
2025-04-03 17:49:52,277 -     censo.parallel     -  DEBUG   - Free cores increased 0 -> 1.
2025-04-03 17:49:52,278 -     censo.parallel     -  DEBUG   - Free cores decreased 1 -> 0.
2025-04-03 17:49:52,279 -   censo.qm_processor   -  DEBUG   - worker3273417:Running on 1 cores.
2025-04-03 17:49:52,289 -   censo.qm_processor   -  DEBUG   - worker3273414:Done.
2025-04-03 17:49:52,291 -     censo.parallel     -  DEBUG   - Free cores increased 0 -> 1.
2025-04-03 17:49:52,292 -     censo.parallel     -  DEBUG   - Free cores decreased 1 -> 0.
2025-04-03 17:49:52,292 -   censo.qm_processor   -  DEBUG   - worker3273414:Running on 1 cores.
2025-04-03 17:49:52,296 -   censo.qm_processor   -  DEBUG   - worker3273410:Done.
2025-04-03 17:49:52,298 -     censo.parallel     -  DEBUG   - Free cores increased 0 -> 1.
2025-04-03 17:49:52,298 -     censo.parallel     -  DEBUG   - Free cores decreased 1 -> 0.
2025-04-03 17:49:52,298 -   censo.qm_processor   -  DEBUG   - worker3273410:Running on 1 cores.
2025-04-03 17:49:52,322 -   censo.qm_processor   -  DEBUG   - worker3273404:Done.
2025-04-03 17:49:52,330 -   censo.qm_processor   -  DEBUG   - worker3273406:Running ['/srv/scratch/z5358697/.xtb/bin/xtb', 'gas.coord', '--gfn2', '--sp', '--chrg', '0', '--norestart', '--parallel', '1']...
2025-04-03 17:49:52,333 -   censo.qm_processor   -  DEBUG   - worker3273406:Started (PID: 3273622).
2025-04-03 17:49:52,350 -   censo.qm_processor   -  DEBUG   - worker3273404:Running ['/srv/scratch/z5358697/.xtb/bin/xtb', 'solv.coord', '--gfn2', '--sp', '--chrg', '0', '--norestart', '--parallel', '1', '--alpb', 'water', 'reference', '-I', 'xtb_sp-xcontrol-inp']...
2025-04-03 17:49:52,354 -   censo.qm_processor   -  DEBUG   - worker3273404:Started (PID: 3273623).
2025-04-03 17:49:52,404 -   censo.qm_processor   -  DEBUG   - worker3273406:Done.
2025-04-03 17:49:52,431 -   censo.qm_processor   -  DEBUG   - worker3273406:Running ['/srv/scratch/z5358697/.xtb/bin/xtb', 'solv.coord', '--gfn2', '--sp', '--chrg', '0', '--norestart', '--parallel', '1', '--alpb', 'water', 'reference', '-I', 'xtb_sp-xcontrol-inp']...
2025-04-03 17:49:52,436 -   censo.qm_processor   -  DEBUG   - worker3273406:Started (PID: 3273624).
2025-04-03 17:49:52,443 -   censo.qm_processor   -  DEBUG   - worker3273404:Done.
2025-04-03 17:49:52,445 -     censo.parallel     -  DEBUG   - Free cores increased 0 -> 1.
2025-04-03 17:49:52,446 -     censo.parallel     -  DEBUG   - Free cores decreased 1 -> 0.
2025-04-03 17:49:52,447 -   censo.qm_processor   -  DEBUG   - worker3273404:Running on 1 cores.
2025-04-03 17:49:52,508 -   censo.qm_processor   -  DEBUG   - worker3273406:Done.
2025-04-03 17:49:52,511 -     censo.parallel     -  DEBUG   - Free cores increased 0 -> 1.
2025-04-03 17:49:52,512 -     censo.parallel     -  DEBUG   - Free cores decreased 1 -> 0.
2025-04-03 17:49:52,513 -   censo.qm_processor   -  DEBUG   - worker3273406:Running on 1 cores.
2025-04-03 17:49:52,559 -   censo.qm_processor   -   INFO   - worker3273405:Running xtb_gsolv calculation in /srv/scratch/z5358697/.automated/3792/0_PRESCREENING/CONF72/xtb_gsolv.
2025-04-03 17:49:52,580 -   censo.qm_processor   -  DEBUG   - worker3273405:Running ['/srv/scratch/z5358697/.xtb/bin/xtb', 'gas.coord', '--gfn2', '--sp', '--chrg', '0', '--norestart', '--parallel', '1']...
2025-04-03 17:49:52,587 -   censo.qm_processor   -  DEBUG   - worker3273405:Started (PID: 3273625).
2025-04-03 17:49:52,655 -   censo.qm_processor   -  DEBUG   - worker3273405:Done.
2025-04-03 17:49:52,681 -   censo.qm_processor   -  DEBUG   - worker3273405:Running ['/srv/scratch/z5358697/.xtb/bin/xtb', 'solv.coord', '--gfn2', '--sp', '--chrg', '0', '--norestart', '--parallel', '1', '--alpb', 'water', 'reference', '-I', 'xtb_sp-xcontrol-inp']...
2025-04-03 17:49:52,685 -   censo.qm_processor   -  DEBUG   - worker3273405:Started (PID: 3273626).
2025-04-03 17:49:52,757 -   censo.qm_processor   -  DEBUG   - worker3273405:Done.
2025-04-03 17:49:52,761 -     censo.parallel     -  DEBUG   - Free cores increased 0 -> 1.
2025-04-03 17:49:52,762 -     censo.parallel     -  DEBUG   - Free cores decreased 1 -> 0.
2025-04-03 17:49:52,763 -   censo.qm_processor   -  DEBUG   - worker3273405:Running on 1 cores.
2025-04-03 17:49:52,799 -   censo.qm_processor   -   INFO   - worker3273437:Running xtb_gsolv calculation in /srv/scratch/z5358697/.automated/3792/0_PRESCREENING/CONF86/xtb_gsolv.
2025-04-03 17:49:52,823 -   censo.qm_processor   -  DEBUG   - worker3273437:Running ['/srv/scratch/z5358697/.xtb/bin/xtb', 'gas.coord', '--gfn2', '--sp', '--chrg', '0', '--norestart', '--parallel', '1']...
2025-04-03 17:49:52,828 -   censo.qm_processor   -  DEBUG   - worker3273437:Started (PID: 3273629).
2025-04-03 17:49:52,894 -   censo.qm_processor   -  DEBUG   - worker3273437:Done.
2025-04-03 17:49:52,921 -   censo.qm_processor   -  DEBUG   - worker3273437:Running ['/srv/scratch/z5358697/.xtb/bin/xtb', 'solv.coord', '--gfn2', '--sp', '--chrg', '0', '--norestart', '--parallel', '1', '--alpb', 'water', 'reference', '-I', 'xtb_sp-xcontrol-inp']...
2025-04-03 17:49:52,924 -   censo.qm_processor   -  DEBUG   - worker3273437:Started (PID: 3273630).
2025-04-03 17:49:52,995 -   censo.qm_processor   -  DEBUG   - worker3273437:Done.
2025-04-03 17:49:52,998 -     censo.parallel     -  DEBUG   - Free cores increased 0 -> 1.
2025-04-03 17:49:52,999 -     censo.parallel     -  DEBUG   - Free cores decreased 1 -> 0.
2025-04-03 17:49:53,000 -   censo.qm_processor   -  DEBUG   - worker3273437:Running on 1 cores.
2025-04-03 17:49:53,525 -   censo.qm_processor   -   INFO   - worker3273426:Running xtb_gsolv calculation in /srv/scratch/z5358697/.automated/3792/0_PRESCREENING/CONF88/xtb_gsolv.
2025-04-03 17:49:53,541 -   censo.qm_processor   -   INFO   - worker3273405:Running xtb_gsolv calculation in /srv/scratch/z5358697/.automated/3792/0_PRESCREENING/CONF101/xtb_gsolv.
2025-04-03 17:49:53,558 -   censo.qm_processor   -  DEBUG   - worker3273405:Running ['/srv/scratch/z5358697/.xtb/bin/xtb', 'gas.coord', '--gfn2', '--sp', '--chrg', '0', '--norestart', '--parallel', '1']...
2025-04-03 17:49:53,564 -   censo.qm_processor   -  DEBUG   - worker3273405:Started (PID: 3273633).
2025-04-03 17:49:53,570 -   censo.qm_processor   -  DEBUG   - worker3273426:Running ['/srv/scratch/z5358697/.xtb/bin/xtb', 'gas.coord', '--gfn2', '--sp', '--chrg', '0', '--norestart', '--parallel', '1']...
2025-04-03 17:49:53,572 -   censo.qm_processor   -   INFO   - worker3273414:Running xtb_gsolv calculation in /srv/scratch/z5358697/.automated/3792/0_PRESCREENING/CONF97/xtb_gsolv.
2025-04-03 17:49:53,577 -   censo.qm_processor   -  DEBUG   - worker3273426:Started (PID: 3273634).
2025-04-03 17:49:53,585 -   censo.qm_processor   -   INFO   - worker3273424:Running xtb_gsolv calculation in /srv/scratch/z5358697/.automated/3792/0_PRESCREENING/CONF87/xtb_gsolv.
2025-04-03 17:49:53,588 -   censo.qm_processor   -   INFO   - worker3273412:Running xtb_gsolv calculation in /srv/scratch/z5358697/.automated/3792/0_PRESCREENING/CONF91/xtb_gsolv.
2025-04-03 17:49:53,594 -   censo.qm_processor   -  DEBUG   - worker3273414:Running ['/srv/scratch/z5358697/.xtb/bin/xtb', 'gas.coord', '--gfn2', '--sp', '--chrg', '0', '--norestart', '--parallel', '1']...
2025-04-03 17:49:53,600 -   censo.qm_processor   -  DEBUG   - worker3273414:Started (PID: 3273635).
2025-04-03 17:49:53,601 -   censo.qm_processor   -  DEBUG   - worker3273424:Running ['/srv/scratch/z5358697/.xtb/bin/xtb', 'gas.coord', '--gfn2', '--sp', '--chrg', '0', '--norestart', '--parallel', '1']...
2025-04-03 17:49:53,604 -   censo.qm_processor   -  DEBUG   - worker3273412:Running ['/srv/scratch/z5358697/.xtb/bin/xtb', 'gas.coord', '--gfn2', '--sp', '--chrg', '0', '--norestart', '--parallel', '1']...
2025-04-03 17:49:53,607 -   censo.qm_processor   -  DEBUG   - worker3273412:Started (PID: 3273637).
2025-04-03 17:49:53,607 -   censo.qm_processor   -  DEBUG   - worker3273424:Started (PID: 3273636).
2025-04-03 17:49:53,609 -   censo.qm_processor   -   INFO   - worker3273404:Running xtb_gsolv calculation in /srv/scratch/z5358697/.automated/3792/0_PRESCREENING/CONF99/xtb_gsolv.
2025-04-03 17:49:53,626 -   censo.qm_processor   -  DEBUG   - worker3273404:Running ['/srv/scratch/z5358697/.xtb/bin/xtb', 'gas.coord', '--gfn2', '--sp', '--chrg', '0', '--norestart', '--parallel', '1']...
2025-04-03 17:49:53,632 -   censo.qm_processor   -  DEBUG   - worker3273404:Started (PID: 3273638).
2025-04-03 17:49:53,633 -   censo.qm_processor   -   INFO   - worker3273434:Running xtb_gsolv calculation in /srv/scratch/z5358697/.automated/3792/0_PRESCREENING/CONF89/xtb_gsolv.
2025-04-03 17:49:53,646 -   censo.qm_processor   -  DEBUG   - worker3273405:Done.
2025-04-03 17:49:53,658 -   censo.qm_processor   -  DEBUG   - worker3273426:Done.
2025-04-03 17:49:53,663 -   censo.qm_processor   -   INFO   - worker3273406:Running xtb_gsolv calculation in /srv/scratch/z5358697/.automated/3792/0_PRESCREENING/CONF100/xtb_gsolv.
2025-04-03 17:49:53,676 -   censo.qm_processor   -  DEBUG   - worker3273405:Running ['/srv/scratch/z5358697/.xtb/bin/xtb', 'solv.coord', '--gfn2', '--sp', '--chrg', '0', '--norestart', '--parallel', '1', '--alpb', 'water', 'reference', '-I', 'xtb_sp-xcontrol-inp']...
2025-04-03 17:49:53,677 -   censo.qm_processor   -  DEBUG   - worker3273414:Done.
2025-04-03 17:49:53,678 -   censo.qm_processor   -  DEBUG   - worker3273424:Done.
2025-04-03 17:49:53,681 -   censo.qm_processor   -   INFO   - worker3273423:Running xtb_gsolv calculation in /srv/scratch/z5358697/.automated/3792/0_PRESCREENING/CONF90/xtb_gsolv.
2025-04-03 17:49:53,684 -   censo.qm_processor   -  DEBUG   - worker3273405:Started (PID: 3273639).
2025-04-03 17:49:53,685 -   censo.qm_processor   -  DEBUG   - worker3273406:Running ['/srv/scratch/z5358697/.xtb/bin/xtb', 'gas.coord', '--gfn2', '--sp', '--chrg', '0', '--norestart', '--parallel', '1']...
2025-04-03 17:49:53,687 -   censo.qm_processor   -   INFO   - worker3273420:Running xtb_gsolv calculation in /srv/scratch/z5358697/.automated/3792/0_PRESCREENING/CONF92/xtb_gsolv.
2025-04-03 17:49:53,689 -   censo.qm_processor   -  DEBUG   - worker3273426:Running ['/srv/scratch/z5358697/.xtb/bin/xtb', 'solv.coord', '--gfn2', '--sp', '--chrg', '0', '--norestart', '--parallel', '1', '--alpb', 'water', 'reference', '-I', 'xtb_sp-xcontrol-inp']...
2025-04-03 17:49:53,691 -   censo.qm_processor   -  DEBUG   - worker3273412:Done.
2025-04-03 17:49:53,695 -   censo.qm_processor   -  DEBUG   - worker3273426:Started (PID: 3273641).
2025-04-03 17:49:53,695 -   censo.qm_processor   -  DEBUG   - worker3273406:Started (PID: 3273640).
2025-04-03 17:49:53,696 -   censo.qm_processor   -   INFO   - worker3273439:Running xtb_gsolv calculation in /srv/scratch/z5358697/.automated/3792/0_PRESCREENING/CONF94/xtb_gsolv.
2025-04-03 17:49:53,702 -   censo.qm_processor   -  DEBUG   - worker3273423:Running ['/srv/scratch/z5358697/.xtb/bin/xtb', 'gas.coord', '--gfn2', '--sp', '--chrg', '0', '--norestart', '--parallel', '1']...
2025-04-03 17:49:53,705 -   censo.qm_processor   -  DEBUG   - worker3273414:Running ['/srv/scratch/z5358697/.xtb/bin/xtb', 'solv.coord', '--gfn2', '--sp', '--chrg', '0', '--norestart', '--parallel', '1', '--alpb', 'water', 'reference', '-I', 'xtb_sp-xcontrol-inp']...
2025-04-03 17:49:53,706 -   censo.qm_processor   -  DEBUG   - worker3273420:Running ['/srv/scratch/z5358697/.xtb/bin/xtb', 'gas.coord', '--gfn2', '--sp', '--chrg', '0', '--norestart', '--parallel', '1']...
2025-04-03 17:49:53,706 -   censo.qm_processor   -  DEBUG   - worker3273424:Running ['/srv/scratch/z5358697/.xtb/bin/xtb', 'solv.coord', '--gfn2', '--sp', '--chrg', '0', '--norestart', '--parallel', '1', '--alpb', 'water', 'reference', '-I', 'xtb_sp-xcontrol-inp']...
2025-04-03 17:49:53,713 -   censo.qm_processor   -  DEBUG   - worker3273424:Started (PID: 3273645).
2025-04-03 17:49:53,713 -   censo.qm_processor   -  DEBUG   - worker3273414:Started (PID: 3273643).
2025-04-03 17:49:53,713 -   censo.qm_processor   -  DEBUG   - worker3273420:Started (PID: 3273644).
2025-04-03 17:49:53,713 -   censo.qm_processor   -  DEBUG   - worker3273423:Started (PID: 3273642).
2025-04-03 17:49:53,715 -   censo.qm_processor   -  DEBUG   - worker3273439:Running ['/srv/scratch/z5358697/.xtb/bin/xtb', 'gas.coord', '--gfn2', '--sp', '--chrg', '0', '--norestart', '--parallel', '1']...
2025-04-03 17:49:53,717 -   censo.qm_processor   -  DEBUG   - worker3273439:Started (PID: 3273646).
2025-04-03 17:49:53,719 -   censo.qm_processor   -  DEBUG   - worker3273412:Running ['/srv/scratch/z5358697/.xtb/bin/xtb', 'solv.coord', '--gfn2', '--sp', '--chrg', '0', '--norestart', '--parallel', '1', '--alpb', 'water', 'reference', '-I', 'xtb_sp-xcontrol-inp']...
2025-04-03 17:49:53,721 -   censo.qm_processor   -  DEBUG   - worker3273412:Started (PID: 3273647).
2025-04-03 17:49:53,733 -   censo.qm_processor   -  DEBUG   - worker3273404:Done.
2025-04-03 17:49:53,758 -   censo.qm_processor   -  DEBUG   - worker3273404:Running ['/srv/scratch/z5358697/.xtb/bin/xtb', 'solv.coord', '--gfn2', '--sp', '--chrg', '0', '--norestart', '--parallel', '1', '--alpb', 'water', 'reference', '-I', 'xtb_sp-xcontrol-inp']...
2025-04-03 17:49:53,761 -   censo.qm_processor   -  DEBUG   - worker3273404:Started (PID: 3273648).
2025-04-03 17:49:53,772 -   censo.qm_processor   -  DEBUG   - worker3273405:Done.
2025-04-03 17:49:53,774 -     censo.parallel     -  DEBUG   - Free cores increased 0 -> 1.
2025-04-03 17:49:53,774 -     censo.parallel     -  DEBUG   - Free cores decreased 1 -> 0.
2025-04-03 17:49:53,775 -   censo.qm_processor   -  DEBUG   - worker3273405:Running on 1 cores.
2025-04-03 17:49:53,776 -   censo.qm_processor   -  DEBUG   - worker3273406:Done.
2025-04-03 17:49:53,781 -   censo.qm_processor   -   INFO   - worker3273430:Running xtb_gsolv calculation in /srv/scratch/z5358697/.automated/3792/0_PRESCREENING/CONF93/xtb_gsolv.
2025-04-03 17:49:53,783 -   censo.qm_processor   -  DEBUG   - worker3273426:Done.
2025-04-03 17:49:53,786 -     censo.parallel     -  DEBUG   - Free cores increased 0 -> 1.
2025-04-03 17:49:53,787 -     censo.parallel     -  DEBUG   - Free cores decreased 1 -> 0.
2025-04-03 17:49:53,787 -   censo.qm_processor   -  DEBUG   - worker3273426:Running on 1 cores.
2025-04-03 17:49:53,788 -   censo.qm_processor   -  DEBUG   - worker3273423:Done.
2025-04-03 17:49:53,788 -   censo.qm_processor   -  DEBUG   - worker3273420:Done.
2025-04-03 17:49:53,796 -   censo.qm_processor   -  DEBUG   - worker3273424:Done.
2025-04-03 17:49:53,796 -   censo.qm_processor   -  DEBUG   - worker3273414:Done.
2025-04-03 17:49:53,798 -     censo.parallel     -  DEBUG   - Free cores increased 0 -> 1.
2025-04-03 17:49:53,798 -     censo.parallel     -  DEBUG   - Free cores decreased 1 -> 0.
2025-04-03 17:49:53,799 -     censo.parallel     -  DEBUG   - Free cores increased 0 -> 1.
2025-04-03 17:49:53,799 -   censo.qm_processor   -  DEBUG   - worker3273424:Running on 1 cores.
2025-04-03 17:49:53,800 -     censo.parallel     -  DEBUG   - Free cores decreased 1 -> 0.
2025-04-03 17:49:53,800 -   censo.qm_processor   -  DEBUG   - worker3273414:Running on 1 cores.
2025-04-03 17:49:53,803 -   censo.qm_processor   -  DEBUG   - worker3273406:Running ['/srv/scratch/z5358697/.xtb/bin/xtb', 'solv.coord', '--gfn2', '--sp', '--chrg', '0', '--norestart', '--parallel', '1', '--alpb', 'water', 'reference', '-I', 'xtb_sp-xcontrol-inp']...
2025-04-03 17:49:53,804 -   censo.qm_processor   -  DEBUG   - worker3273430:Running ['/srv/scratch/z5358697/.xtb/bin/xtb', 'gas.coord', '--gfn2', '--sp', '--chrg', '0', '--norestart', '--parallel', '1']...
2025-04-03 17:49:53,810 -   censo.qm_processor   -  DEBUG   - worker3273406:Started (PID: 3273649).
2025-04-03 17:49:53,810 -   censo.qm_processor   -  DEBUG   - worker3273430:Started (PID: 3273650).
2025-04-03 17:49:53,812 -   censo.qm_processor   -  DEBUG   - worker3273439:Done.
2025-04-03 17:49:53,815 -   censo.qm_processor   -  DEBUG   - worker3273420:Running ['/srv/scratch/z5358697/.xtb/bin/xtb', 'solv.coord', '--gfn2', '--sp', '--chrg', '0', '--norestart', '--parallel', '1', '--alpb', 'water', 'reference', '-I', 'xtb_sp-xcontrol-inp']...
2025-04-03 17:49:53,816 -   censo.qm_processor   -  DEBUG   - worker3273423:Running ['/srv/scratch/z5358697/.xtb/bin/xtb', 'solv.coord', '--gfn2', '--sp', '--chrg', '0', '--norestart', '--parallel', '1', '--alpb', 'water', 'reference', '-I', 'xtb_sp-xcontrol-inp']...
2025-04-03 17:49:53,818 -   censo.qm_processor   -  DEBUG   - worker3273412:Done.
2025-04-03 17:49:53,818 -   censo.qm_processor   -  DEBUG   - worker3273423:Started (PID: 3273652).
2025-04-03 17:49:53,819 -   censo.qm_processor   -  DEBUG   - worker3273420:Started (PID: 3273651).
2025-04-03 17:49:53,820 -   censo.qm_processor   -   INFO   - worker3273417:Running xtb_gsolv calculation in /srv/scratch/z5358697/.automated/3792/0_PRESCREENING/CONF96/xtb_gsolv.
2025-04-03 17:49:53,820 -     censo.parallel     -  DEBUG   - Free cores increased 0 -> 1.
2025-04-03 17:49:53,821 -     censo.parallel     -  DEBUG   - Free cores decreased 1 -> 0.
2025-04-03 17:49:53,821 -   censo.qm_processor   -  DEBUG   - worker3273412:Running on 1 cores.
2025-04-03 17:49:53,836 -   censo.qm_processor   -  DEBUG   - worker3273439:Running ['/srv/scratch/z5358697/.xtb/bin/xtb', 'solv.coord', '--gfn2', '--sp', '--chrg', '0', '--norestart', '--parallel', '1', '--alpb', 'water', 'reference', '-I', 'xtb_sp-xcontrol-inp']...
2025-04-03 17:49:53,837 -   censo.qm_processor   -  DEBUG   - worker3273417:Running ['/srv/scratch/z5358697/.xtb/bin/xtb', 'gas.coord', '--gfn2', '--sp', '--chrg', '0', '--norestart', '--parallel', '1']...
2025-04-03 17:49:53,843 -   censo.qm_processor   -  DEBUG   - worker3273417:Started (PID: 3273654).
2025-04-03 17:49:53,843 -   censo.qm_processor   -  DEBUG   - worker3273439:Started (PID: 3273653).
2025-04-03 17:49:53,844 -   censo.qm_processor   -   INFO   - worker3273405:Running xtb_gsolv calculation in /srv/scratch/z5358697/.automated/3792/0_PRESCREENING/CONF103/xtb_gsolv.
2025-04-03 17:49:53,844 -   censo.qm_processor   -   INFO   - worker3273410:Running xtb_gsolv calculation in /srv/scratch/z5358697/.automated/3792/0_PRESCREENING/CONF98/xtb_gsolv.
2025-04-03 17:49:53,857 -   censo.qm_processor   -   INFO   - worker3273437:Running xtb_gsolv calculation in /srv/scratch/z5358697/.automated/3792/0_PRESCREENING/CONF102/xtb_gsolv.
2025-04-03 17:49:53,863 -   censo.qm_processor   -  DEBUG   - worker3273405:Running ['/srv/scratch/z5358697/.xtb/bin/xtb', 'gas.coord', '--gfn2', '--sp', '--chrg', '0', '--norestart', '--parallel', '1']...
2025-04-03 17:49:53,864 -   censo.qm_processor   -  DEBUG   - worker3273410:Running ['/srv/scratch/z5358697/.xtb/bin/xtb', 'gas.coord', '--gfn2', '--sp', '--chrg', '0', '--norestart', '--parallel', '1']...
2025-04-03 17:49:53,865 -   censo.qm_processor   -  DEBUG   - worker3273404:Done.
2025-04-03 17:49:53,868 -     censo.parallel     -  DEBUG   - Free cores increased 0 -> 1.
2025-04-03 17:49:53,870 -     censo.parallel     -  DEBUG   - Free cores decreased 1 -> 0.
2025-04-03 17:49:53,871 -   censo.qm_processor   -  DEBUG   - worker3273410:Started (PID: 3273656).
2025-04-03 17:49:53,871 -   censo.qm_processor   -  DEBUG   - worker3273404:Running on 1 cores.
2025-04-03 17:49:53,875 -   censo.qm_processor   -  DEBUG   - worker3273437:Running ['/srv/scratch/z5358697/.xtb/bin/xtb', 'gas.coord', '--gfn2', '--sp', '--chrg', '0', '--norestart', '--parallel', '1']...
2025-04-03 17:49:53,876 -   censo.qm_processor   -  DEBUG   - worker3273405:Started (PID: 3273655).
2025-04-03 17:49:53,883 -   censo.qm_processor   -  DEBUG   - worker3273437:Started (PID: 3273657).
2025-04-03 17:49:53,886 -   censo.qm_processor   -  DEBUG   - worker3273406:Done.
2025-04-03 17:49:53,888 -     censo.parallel     -  DEBUG   - Free cores increased 0 -> 1.
2025-04-03 17:49:53,888 -     censo.parallel     -  DEBUG   - Free cores decreased 1 -> 0.
2025-04-03 17:49:53,889 -   censo.qm_processor   -  DEBUG   - worker3273406:Running on 1 cores.
2025-04-03 17:49:53,891 -   censo.qm_processor   -  DEBUG   - worker3273430:Done.
2025-04-03 17:49:53,893 -   censo.qm_processor   -  DEBUG   - worker3273423:Done.
2025-04-03 17:49:53,894 -     censo.parallel     -  DEBUG   - Free cores increased 0 -> 1.
2025-04-03 17:49:53,895 -     censo.parallel     -  DEBUG   - Free cores decreased 1 -> 0.
2025-04-03 17:49:53,895 -   censo.qm_processor   -  DEBUG   - worker3273423:Running on 1 cores.
2025-04-03 17:49:53,907 -   censo.qm_processor   -  DEBUG   - worker3273420:Done.
2025-04-03 17:49:53,909 -     censo.parallel     -  DEBUG   - Free cores increased 0 -> 1.
2025-04-03 17:49:53,910 -     censo.parallel     -  DEBUG   - Free cores decreased 1 -> 0.
2025-04-03 17:49:53,911 -   censo.qm_processor   -  DEBUG   - worker3273420:Running on 1 cores.
2025-04-03 17:49:53,917 -   censo.qm_processor   -  DEBUG   - worker3273430:Running ['/srv/scratch/z5358697/.xtb/bin/xtb', 'solv.coord', '--gfn2', '--sp', '--chrg', '0', '--norestart', '--parallel', '1', '--alpb', 'water', 'reference', '-I', 'xtb_sp-xcontrol-inp']...
2025-04-03 17:49:53,921 -   censo.qm_processor   -  DEBUG   - worker3273430:Started (PID: 3273659).
2025-04-03 17:49:53,922 -   censo.qm_processor   -   INFO   - worker3273424:Running xtb_gsolv calculation in /srv/scratch/z5358697/.automated/3792/0_PRESCREENING/CONF104/xtb_gsolv.
2025-04-03 17:49:53,927 -   censo.qm_processor   -  DEBUG   - worker3273417:Done.
2025-04-03 17:49:53,939 -   censo.qm_processor   -   INFO   - worker3273426:Running xtb_gsolv calculation in /srv/scratch/z5358697/.automated/3792/0_PRESCREENING/CONF105/xtb_gsolv.
2025-04-03 17:49:53,942 -   censo.qm_processor   -  DEBUG   - worker3273424:Running ['/srv/scratch/z5358697/.xtb/bin/xtb', 'gas.coord', '--gfn2', '--sp', '--chrg', '0', '--norestart', '--parallel', '1']...
2025-04-03 17:49:53,945 -   censo.qm_processor   -  DEBUG   - worker3273439:Done.
2025-04-03 17:49:53,945 -   censo.qm_processor   -  DEBUG   - worker3273410:Done.
2025-04-03 17:49:53,946 -     censo.parallel     -  DEBUG   - Free cores increased 0 -> 1.
2025-04-03 17:49:53,950 -     censo.parallel     -  DEBUG   - Free cores decreased 1 -> 0.
2025-04-03 17:49:53,952 -   censo.qm_processor   -  DEBUG   - worker3273439:Running on 1 cores.
2025-04-03 17:49:53,952 -   censo.qm_processor   -   INFO   - worker3273414:Running xtb_gsolv calculation in /srv/scratch/z5358697/.automated/3792/0_PRESCREENING/CONF106/xtb_gsolv.
2025-04-03 17:49:53,954 -   censo.qm_processor   -  DEBUG   - worker3273417:Running ['/srv/scratch/z5358697/.xtb/bin/xtb', 'solv.coord', '--gfn2', '--sp', '--chrg', '0', '--norestart', '--parallel', '1', '--alpb', 'water', 'reference', '-I', 'xtb_sp-xcontrol-inp']...
2025-04-03 17:49:53,957 -   censo.qm_processor   -  DEBUG   - worker3273426:Running ['/srv/scratch/z5358697/.xtb/bin/xtb', 'gas.coord', '--gfn2', '--sp', '--chrg', '0', '--norestart', '--parallel', '1']...
2025-04-03 17:49:53,963 -   censo.qm_processor   -  DEBUG   - worker3273417:Started (PID: 3273661).
2025-04-03 17:49:53,964 -   censo.qm_processor   -  DEBUG   - worker3273426:Started (PID: 3273662).
2025-04-03 17:49:53,964 -   censo.qm_processor   -  DEBUG   - worker3273424:Started (PID: 3273660).
2025-04-03 17:49:53,976 -   censo.qm_processor   -  DEBUG   - worker3273410:Running ['/srv/scratch/z5358697/.xtb/bin/xtb', 'solv.coord', '--gfn2', '--sp', '--chrg', '0', '--norestart', '--parallel', '1', '--alpb', 'water', 'reference', '-I', 'xtb_sp-xcontrol-inp']...
2025-04-03 17:49:53,980 -   censo.qm_processor   -  DEBUG   - worker3273410:Started (PID: 3273663).
2025-04-03 17:49:53,980 -   censo.qm_processor   -  DEBUG   - worker3273405:Done.
2025-04-03 17:49:53,981 -   censo.qm_processor   -  DEBUG   - worker3273437:Done.
2025-04-03 17:49:53,986 -   censo.qm_processor   -   INFO   - worker3273406:Running xtb_gsolv calculation in /srv/scratch/z5358697/.automated/3792/0_PRESCREENING/CONF109/xtb_gsolv.
2025-04-03 17:49:54,004 -   censo.qm_processor   -   INFO   - worker3273420:Running xtb_gsolv calculation in /srv/scratch/z5358697/.automated/3792/0_PRESCREENING/CONF111/xtb_gsolv.
2025-04-03 17:49:54,005 -   censo.qm_processor   -  DEBUG   - worker3273406:Running ['/srv/scratch/z5358697/.xtb/bin/xtb', 'gas.coord', '--gfn2', '--sp', '--chrg', '0', '--norestart', '--parallel', '1']...
2025-04-03 17:49:54,007 -   censo.qm_processor   -  DEBUG   - worker3273430:Done.
2025-04-03 17:49:54,009 -     censo.parallel     -  DEBUG   - Free cores increased 0 -> 1.
2025-04-03 17:49:54,009 -   censo.qm_processor   -  DEBUG   - worker3273405:Running ['/srv/scratch/z5358697/.xtb/bin/xtb', 'solv.coord', '--gfn2', '--sp', '--chrg', '0', '--norestart', '--parallel', '1', '--alpb', 'water', 'reference', '-I', 'xtb_sp-xcontrol-inp']...
2025-04-03 17:49:54,010 -   censo.qm_processor   -  DEBUG   - worker3273437:Running ['/srv/scratch/z5358697/.xtb/bin/xtb', 'solv.coord', '--gfn2', '--sp', '--chrg', '0', '--norestart', '--parallel', '1', '--alpb', 'water', 'reference', '-I', 'xtb_sp-xcontrol-inp']...
2025-04-03 17:49:54,010 -     censo.parallel     -  DEBUG   - Free cores decreased 1 -> 0.
2025-04-03 17:49:54,012 -   censo.qm_processor   -  DEBUG   - worker3273406:Started (PID: 3273664).
2025-04-03 17:49:54,014 -   censo.qm_processor   -  DEBUG   - worker3273430:Running on 1 cores.
2025-04-03 17:49:54,018 -   censo.qm_processor   -   INFO   - worker3273404:Running xtb_gsolv calculation in /srv/scratch/z5358697/.automated/3792/0_PRESCREENING/CONF108/xtb_gsolv.
2025-04-03 17:49:54,020 -   censo.qm_processor   -   INFO   - worker3273412:Running xtb_gsolv calculation in /srv/scratch/z5358697/.automated/3792/0_PRESCREENING/CONF107/xtb_gsolv.
2025-04-03 17:49:54,022 -   censo.qm_processor   -  DEBUG   - worker3273405:Started (PID: 3273665).
2025-04-03 17:49:54,023 -   censo.qm_processor   -  DEBUG   - worker3273437:Started (PID: 3273666).
2025-04-03 17:49:54,026 -   censo.qm_processor   -  DEBUG   - worker3273420:Running ['/srv/scratch/z5358697/.xtb/bin/xtb', 'gas.coord', '--gfn2', '--sp', '--chrg', '0', '--norestart', '--parallel', '1']...
2025-04-03 17:49:54,030 -   censo.qm_processor   -   INFO   - worker3273423:Running xtb_gsolv calculation in /srv/scratch/z5358697/.automated/3792/0_PRESCREENING/CONF110/xtb_gsolv.
2025-04-03 17:49:54,036 -   censo.qm_processor   -  DEBUG   - worker3273420:Started (PID: 3273667).
2025-04-03 17:49:54,038 -   censo.qm_processor   -  DEBUG   - worker3273412:Running ['/srv/scratch/z5358697/.xtb/bin/xtb', 'gas.coord', '--gfn2', '--sp', '--chrg', '0', '--norestart', '--parallel', '1']...
2025-04-03 17:49:54,040 -   censo.qm_processor   -  DEBUG   - worker3273404:Running ['/srv/scratch/z5358697/.xtb/bin/xtb', 'gas.coord', '--gfn2', '--sp', '--chrg', '0', '--norestart', '--parallel', '1']...
2025-04-03 17:49:54,043 -   censo.qm_processor   -  DEBUG   - worker3273426:Done.
2025-04-03 17:49:54,043 -   censo.qm_processor   -  DEBUG   - worker3273404:Started (PID: 3273669).
2025-04-03 17:49:54,044 -   censo.qm_processor   -  DEBUG   - worker3273412:Started (PID: 3273668).
2025-04-03 17:49:54,045 -   censo.qm_processor   -  DEBUG   - worker3273424:Done.
2025-04-03 17:49:54,049 -   censo.qm_processor   -  DEBUG   - worker3273423:Running ['/srv/scratch/z5358697/.xtb/bin/xtb', 'gas.coord', '--gfn2', '--sp', '--chrg', '0', '--norestart', '--parallel', '1']...
2025-04-03 17:49:54,049 -   censo.qm_processor   -  DEBUG   - worker3273417:Done.
2025-04-03 17:49:54,053 -     censo.parallel     -  DEBUG   - Free cores increased 0 -> 1.
2025-04-03 17:49:54,054 -     censo.parallel     -  DEBUG   - Free cores decreased 1 -> 0.
2025-04-03 17:49:54,057 -   censo.qm_processor   -  DEBUG   - worker3273417:Running on 1 cores.
2025-04-03 17:49:54,061 -   censo.qm_processor   -  DEBUG   - worker3273423:Started (PID: 3273670).
2025-04-03 17:49:54,071 -   censo.qm_processor   -  DEBUG   - worker3273426:Running ['/srv/scratch/z5358697/.xtb/bin/xtb', 'solv.coord', '--gfn2', '--sp', '--chrg', '0', '--norestart', '--parallel', '1', '--alpb', 'water', 'reference', '-I', 'xtb_sp-xcontrol-inp']...
2025-04-03 17:49:54,072 -   censo.qm_processor   -  DEBUG   - worker3273424:Running ['/srv/scratch/z5358697/.xtb/bin/xtb', 'solv.coord', '--gfn2', '--sp', '--chrg', '0', '--norestart', '--parallel', '1', '--alpb', 'water', 'reference', '-I', 'xtb_sp-xcontrol-inp']...
2025-04-03 17:49:54,077 -   censo.qm_processor   -  DEBUG   - worker3273424:Started (PID: 3273672).
2025-04-03 17:49:54,077 -   censo.qm_processor   -  DEBUG   - worker3273426:Started (PID: 3273671).
2025-04-03 17:49:54,081 -   censo.qm_processor   -  DEBUG   - worker3273410:Done.
2025-04-03 17:49:54,084 -     censo.parallel     -  DEBUG   - Free cores increased 0 -> 1.
2025-04-03 17:49:54,084 -     censo.parallel     -  DEBUG   - Free cores decreased 1 -> 0.
2025-04-03 17:49:54,085 -   censo.qm_processor   -  DEBUG   - worker3273410:Running on 1 cores.
2025-04-03 17:49:54,103 -   censo.qm_processor   -  DEBUG   - worker3273406:Done.
2025-04-03 17:49:54,106 -   censo.qm_processor   -  DEBUG   - worker3273405:Done.
2025-04-03 17:49:54,108 -     censo.parallel     -  DEBUG   - Free cores increased 0 -> 1.
2025-04-03 17:49:54,108 -     censo.parallel     -  DEBUG   - Free cores decreased 1 -> 0.
2025-04-03 17:49:54,109 -   censo.qm_processor   -  DEBUG   - worker3273437:Done.
2025-04-03 17:49:54,109 -   censo.qm_processor   -  DEBUG   - worker3273405:Running on 1 cores.
2025-04-03 17:49:54,110 -     censo.parallel     -  DEBUG   - Free cores increased 0 -> 1.
2025-04-03 17:49:54,110 -     censo.parallel     -  DEBUG   - Free cores decreased 1 -> 0.
2025-04-03 17:49:54,110 -   censo.qm_processor   -  DEBUG   - worker3273437:Running on 1 cores.
2025-04-03 17:49:54,118 -   censo.qm_processor   -  DEBUG   - worker3273420:Done.
2025-04-03 17:49:54,123 -   censo.qm_processor   -  DEBUG   - worker3273404:Done.
2025-04-03 17:49:54,128 -   censo.qm_processor   -  DEBUG   - worker3273412:Done.
2025-04-03 17:49:54,129 -   censo.qm_processor   -  DEBUG   - worker3273406:Running ['/srv/scratch/z5358697/.xtb/bin/xtb', 'solv.coord', '--gfn2', '--sp', '--chrg', '0', '--norestart', '--parallel', '1', '--alpb', 'water', 'reference', '-I', 'xtb_sp-xcontrol-inp']...
2025-04-03 17:49:54,132 -   censo.qm_processor   -  DEBUG   - worker3273406:Started (PID: 3273673).
2025-04-03 17:49:54,135 -   censo.qm_processor   -  DEBUG   - worker3273414:Running ['/srv/scratch/z5358697/.xtb/bin/xtb', 'gas.coord', '--gfn2', '--sp', '--chrg', '0', '--norestart', '--parallel', '1']...
2025-04-03 17:49:54,139 -   censo.qm_processor   -  DEBUG   - worker3273414:Started (PID: 3273674).
2025-04-03 17:49:54,145 -   censo.qm_processor   -  DEBUG   - worker3273420:Running ['/srv/scratch/z5358697/.xtb/bin/xtb', 'solv.coord', '--gfn2', '--sp', '--chrg', '0', '--norestart', '--parallel', '1', '--alpb', 'water', 'reference', '-I', 'xtb_sp-xcontrol-inp']...
2025-04-03 17:49:54,148 -   censo.qm_processor   -  DEBUG   - worker3273420:Started (PID: 3273675).
2025-04-03 17:49:54,150 -   censo.qm_processor   -  DEBUG   - worker3273404:Running ['/srv/scratch/z5358697/.xtb/bin/xtb', 'solv.coord', '--gfn2', '--sp', '--chrg', '0', '--norestart', '--parallel', '1', '--alpb', 'water', 'reference', '-I', 'xtb_sp-xcontrol-inp']...
2025-04-03 17:49:54,153 -   censo.qm_processor   -  DEBUG   - worker3273404:Started (PID: 3273676).
2025-04-03 17:49:54,154 -   censo.qm_processor   -  DEBUG   - worker3273412:Running ['/srv/scratch/z5358697/.xtb/bin/xtb', 'solv.coord', '--gfn2', '--sp', '--chrg', '0', '--norestart', '--parallel', '1', '--alpb', 'water', 'reference', '-I', 'xtb_sp-xcontrol-inp']...
2025-04-03 17:49:54,154 -   censo.qm_processor   -  DEBUG   - worker3273423:Done.
2025-04-03 17:49:54,158 -   censo.qm_processor   -  DEBUG   - worker3273412:Started (PID: 3273677).
2025-04-03 17:49:54,158 -   censo.qm_processor   -  DEBUG   - worker3273424:Done.
2025-04-03 17:49:54,160 -     censo.parallel     -  DEBUG   - Free cores increased 0 -> 1.
2025-04-03 17:49:54,161 -     censo.parallel     -  DEBUG   - Free cores decreased 1 -> 0.
2025-04-03 17:49:54,161 -   censo.qm_processor   -  DEBUG   - worker3273424:Running on 1 cores.
2025-04-03 17:49:54,169 -   censo.qm_processor   -  DEBUG   - worker3273426:Done.
2025-04-03 17:49:54,171 -     censo.parallel     -  DEBUG   - Free cores increased 0 -> 1.
2025-04-03 17:49:54,172 -     censo.parallel     -  DEBUG   - Free cores decreased 1 -> 0.
2025-04-03 17:49:54,172 -   censo.qm_processor   -  DEBUG   - worker3273426:Running on 1 cores.
2025-04-03 17:49:54,182 -   censo.qm_processor   -  DEBUG   - worker3273423:Running ['/srv/scratch/z5358697/.xtb/bin/xtb', 'solv.coord', '--gfn2', '--sp', '--chrg', '0', '--norestart', '--parallel', '1', '--alpb', 'water', 'reference', '-I', 'xtb_sp-xcontrol-inp']...
2025-04-03 17:49:54,185 -   censo.qm_processor   -  DEBUG   - worker3273423:Started (PID: 3273678).
2025-04-03 17:49:54,212 -   censo.qm_processor   -  DEBUG   - worker3273406:Done.
2025-04-03 17:49:54,213 -   censo.qm_processor   -  DEBUG   - worker3273414:Done.
2025-04-03 17:49:54,214 -     censo.parallel     -  DEBUG   - Free cores increased 0 -> 1.
2025-04-03 17:49:54,215 -     censo.parallel     -  DEBUG   - Free cores decreased 1 -> 0.
2025-04-03 17:49:54,216 -   censo.qm_processor   -  DEBUG   - worker3273406:Running on 1 cores.
2025-04-03 17:49:54,233 -   censo.qm_processor   -  DEBUG   - worker3273420:Done.
2025-04-03 17:49:54,236 -     censo.parallel     -  DEBUG   - Free cores increased 0 -> 1.
2025-04-03 17:49:54,236 -     censo.parallel     -  DEBUG   - Free cores decreased 1 -> 0.
2025-04-03 17:49:54,237 -   censo.qm_processor   -  DEBUG   - worker3273420:Running on 1 cores.
2025-04-03 17:49:54,241 -   censo.qm_processor   -  DEBUG   - worker3273414:Running ['/srv/scratch/z5358697/.xtb/bin/xtb', 'solv.coord', '--gfn2', '--sp', '--chrg', '0', '--norestart', '--parallel', '1', '--alpb', 'water', 'reference', '-I', 'xtb_sp-xcontrol-inp']...
2025-04-03 17:49:54,242 -   censo.qm_processor   -  DEBUG   - worker3273412:Done.
2025-04-03 17:49:54,246 -     censo.parallel     -  DEBUG   - Free cores increased 0 -> 1.
2025-04-03 17:49:54,247 -     censo.parallel     -  DEBUG   - Free cores decreased 1 -> 0.
2025-04-03 17:49:54,249 -   censo.qm_processor   -  DEBUG   - worker3273412:Running on 1 cores.
2025-04-03 17:49:54,254 -   censo.qm_processor   -  DEBUG   - worker3273404:Done.
2025-04-03 17:49:54,254 -   censo.qm_processor   -  DEBUG   - worker3273414:Started (PID: 3273679).
2025-04-03 17:49:54,256 -     censo.parallel     -  DEBUG   - Free cores increased 0 -> 1.
2025-04-03 17:49:54,256 -     censo.parallel     -  DEBUG   - Free cores decreased 1 -> 0.
2025-04-03 17:49:54,257 -   censo.qm_processor   -  DEBUG   - worker3273404:Running on 1 cores.
2025-04-03 17:49:54,276 -   censo.qm_processor   -  DEBUG   - worker3273423:Done.
2025-04-03 17:49:54,278 -     censo.parallel     -  DEBUG   - Free cores increased 0 -> 1.
2025-04-03 17:49:54,279 -     censo.parallel     -  DEBUG   - Free cores decreased 1 -> 0.
2025-04-03 17:49:54,280 -   censo.qm_processor   -  DEBUG   - worker3273423:Running on 1 cores.
2025-04-03 17:49:54,341 -   censo.qm_processor   -  DEBUG   - worker3273414:Done.
2025-04-03 17:49:54,344 -     censo.parallel     -  DEBUG   - Free cores increased 0 -> 1.
2025-04-03 17:49:54,345 -     censo.parallel     -  DEBUG   - Free cores decreased 1 -> 0.
2025-04-03 17:49:54,346 -   censo.qm_processor   -  DEBUG   - worker3273414:Running on 1 cores.
2025-04-03 17:49:54,427 -   censo.qm_processor   -   INFO   - worker3273408:Running xtb_gsolv calculation in /srv/scratch/z5358697/.automated/3792/0_PRESCREENING/CONF95/xtb_gsolv.
2025-04-03 17:49:54,444 -   censo.qm_processor   -   INFO   - worker3273439:Running xtb_gsolv calculation in /srv/scratch/z5358697/.automated/3792/0_PRESCREENING/CONF112/xtb_gsolv.
2025-04-03 17:49:54,446 -   censo.qm_processor   -  DEBUG   - worker3273408:Running ['/srv/scratch/z5358697/.xtb/bin/xtb', 'gas.coord', '--gfn2', '--sp', '--chrg', '0', '--norestart', '--parallel', '1']...
2025-04-03 17:49:54,453 -   censo.qm_processor   -  DEBUG   - worker3273408:Started (PID: 3273680).
2025-04-03 17:49:54,454 -   censo.qm_processor   -   INFO   - worker3273430:Running xtb_gsolv calculation in /srv/scratch/z5358697/.automated/3792/0_PRESCREENING/CONF113/xtb_gsolv.
2025-04-03 17:49:54,462 -   censo.qm_processor   -   INFO   - worker3273424:Running xtb_gsolv calculation in /srv/scratch/z5358697/.automated/3792/0_PRESCREENING/CONF118/xtb_gsolv.
2025-04-03 17:49:54,466 -   censo.qm_processor   -  DEBUG   - worker3273439:Running ['/srv/scratch/z5358697/.xtb/bin/xtb', 'gas.coord', '--gfn2', '--sp', '--chrg', '0', '--norestart', '--parallel', '1']...
2025-04-03 17:49:54,472 -   censo.qm_processor   -  DEBUG   - worker3273439:Started (PID: 3273681).
2025-04-03 17:49:54,475 -   censo.qm_processor   -  DEBUG   - worker3273430:Running ['/srv/scratch/z5358697/.xtb/bin/xtb', 'gas.coord', '--gfn2', '--sp', '--chrg', '0', '--norestart', '--parallel', '1']...
2025-04-03 17:49:54,476 -   censo.qm_processor   -   INFO   - worker3273423:Running xtb_gsolv calculation in /srv/scratch/z5358697/.automated/3792/0_PRESCREENING/CONF124/xtb_gsolv.
2025-04-03 17:49:54,479 -   censo.qm_processor   -   INFO   - worker3273410:Running xtb_gsolv calculation in /srv/scratch/z5358697/.automated/3792/0_PRESCREENING/CONF115/xtb_gsolv.
2025-04-03 17:49:54,482 -   censo.qm_processor   -  DEBUG   - worker3273424:Running ['/srv/scratch/z5358697/.xtb/bin/xtb', 'gas.coord', '--gfn2', '--sp', '--chrg', '0', '--norestart', '--parallel', '1']...
2025-04-03 17:49:54,489 -   censo.qm_processor   -  DEBUG   - worker3273430:Started (PID: 3273682).
2025-04-03 17:49:54,493 -   censo.qm_processor   -  DEBUG   - worker3273424:Started (PID: 3273683).
2025-04-03 17:49:54,494 -   censo.qm_processor   -  DEBUG   - worker3273423:Running ['/srv/scratch/z5358697/.xtb/bin/xtb', 'gas.coord', '--gfn2', '--sp', '--chrg', '0', '--norestart', '--parallel', '1']...
2025-04-03 17:49:54,497 -   censo.qm_processor   -  DEBUG   - worker3273423:Started (PID: 3273684).
2025-04-03 17:49:54,523 -   censo.qm_processor   -  DEBUG   - worker3273408:Done.
2025-04-03 17:49:54,545 -   censo.qm_processor   -  DEBUG   - worker3273439:Done.
2025-04-03 17:49:54,557 -   censo.qm_processor   -  DEBUG   - worker3273408:Running ['/srv/scratch/z5358697/.xtb/bin/xtb', 'solv.coord', '--gfn2', '--sp', '--chrg', '0', '--norestart', '--parallel', '1', '--alpb', 'water', 'reference', '-I', 'xtb_sp-xcontrol-inp']...
2025-04-03 17:49:54,561 -   censo.qm_processor   -  DEBUG   - worker3273408:Started (PID: 3273685).
2025-04-03 17:49:54,564 -   censo.qm_processor   -  DEBUG   - worker3273430:Done.
2025-04-03 17:49:54,566 -   censo.qm_processor   -  DEBUG   - worker3273424:Done.
2025-04-03 17:49:54,571 -   censo.qm_processor   -  DEBUG   - worker3273439:Running ['/srv/scratch/z5358697/.xtb/bin/xtb', 'solv.coord', '--gfn2', '--sp', '--chrg', '0', '--norestart', '--parallel', '1', '--alpb', 'water', 'reference', '-I', 'xtb_sp-xcontrol-inp']...
2025-04-03 17:49:54,575 -   censo.qm_processor   -  DEBUG   - worker3273439:Started (PID: 3273686).
2025-04-03 17:49:54,576 -   censo.qm_processor   -  DEBUG   - worker3273423:Done.
2025-04-03 17:49:54,590 -   censo.qm_processor   -  DEBUG   - worker3273430:Running ['/srv/scratch/z5358697/.xtb/bin/xtb', 'solv.coord', '--gfn2', '--sp', '--chrg', '0', '--norestart', '--parallel', '1', '--alpb', 'water', 'reference', '-I', 'xtb_sp-xcontrol-inp']...
2025-04-03 17:49:54,593 -   censo.qm_processor   -  DEBUG   - worker3273424:Running ['/srv/scratch/z5358697/.xtb/bin/xtb', 'solv.coord', '--gfn2', '--sp', '--chrg', '0', '--norestart', '--parallel', '1', '--alpb', 'water', 'reference', '-I', 'xtb_sp-xcontrol-inp']...
2025-04-03 17:49:54,593 -   censo.qm_processor   -  DEBUG   - worker3273430:Started (PID: 3273687).
2025-04-03 17:49:54,598 -   censo.qm_processor   -  DEBUG   - worker3273424:Started (PID: 3273688).
2025-04-03 17:49:54,603 -   censo.qm_processor   -  DEBUG   - worker3273423:Running ['/srv/scratch/z5358697/.xtb/bin/xtb', 'solv.coord', '--gfn2', '--sp', '--chrg', '0', '--norestart', '--parallel', '1', '--alpb', 'water', 'reference', '-I', 'xtb_sp-xcontrol-inp']...
2025-04-03 17:49:54,606 -   censo.qm_processor   -  DEBUG   - worker3273423:Started (PID: 3273689).
2025-04-03 17:49:54,640 -   censo.qm_processor   -  DEBUG   - worker3273408:Done.
2025-04-03 17:49:54,643 -     censo.parallel     -  DEBUG   - Free cores increased 0 -> 1.
2025-04-03 17:49:54,644 -     censo.parallel     -  DEBUG   - Free cores decreased 1 -> 0.
2025-04-03 17:49:54,644 -   censo.qm_processor   -  DEBUG   - worker3273408:Running on 1 cores.
2025-04-03 17:49:54,661 -   censo.qm_processor   -  DEBUG   - worker3273439:Done.
2025-04-03 17:49:54,663 -     censo.parallel     -  DEBUG   - Free cores increased 0 -> 1.
2025-04-03 17:49:54,663 -     censo.parallel     -  DEBUG   - Free cores decreased 1 -> 0.
2025-04-03 17:49:54,664 -   censo.qm_processor   -  DEBUG   - worker3273439:Running on 1 cores.
2025-04-03 17:49:54,676 -   censo.qm_processor   -  DEBUG   - worker3273424:Done.
2025-04-03 17:49:54,678 -   censo.qm_processor   -  DEBUG   - worker3273430:Done.
2025-04-03 17:49:54,678 -     censo.parallel     -  DEBUG   - Free cores increased 0 -> 1.
2025-04-03 17:49:54,679 -     censo.parallel     -  DEBUG   - Free cores decreased 1 -> 0.
2025-04-03 17:49:54,680 -   censo.qm_processor   -  DEBUG   - worker3273424:Running on 1 cores.
2025-04-03 17:49:54,680 -     censo.parallel     -  DEBUG   - Free cores increased 0 -> 1.
2025-04-03 17:49:54,680 -   censo.qm_processor   -  DEBUG   - worker3273423:Done.
2025-04-03 17:49:54,680 -     censo.parallel     -  DEBUG   - Free cores decreased 1 -> 0.
2025-04-03 17:49:54,681 -   censo.qm_processor   -  DEBUG   - worker3273430:Running on 1 cores.
2025-04-03 17:49:54,682 -     censo.parallel     -  DEBUG   - Free cores increased 0 -> 1.
2025-04-03 17:49:54,682 -     censo.parallel     -  DEBUG   - Free cores decreased 1 -> 0.
2025-04-03 17:49:54,683 -   censo.qm_processor   -  DEBUG   - worker3273423:Running on 1 cores.
2025-04-03 17:49:55,207 -   censo.qm_processor   -  DEBUG   - worker3273410:Running ['/srv/scratch/z5358697/.xtb/bin/xtb', 'gas.coord', '--gfn2', '--sp', '--chrg', '0', '--norestart', '--parallel', '1']...
2025-04-03 17:49:55,211 -   censo.qm_processor   -  DEBUG   - worker3273410:Started (PID: 3273690).
2025-04-03 17:49:55,281 -   censo.qm_processor   -  DEBUG   - worker3273410:Done.
2025-04-03 17:49:55,307 -   censo.qm_processor   -  DEBUG   - worker3273410:Running ['/srv/scratch/z5358697/.xtb/bin/xtb', 'solv.coord', '--gfn2', '--sp', '--chrg', '0', '--norestart', '--parallel', '1', '--alpb', 'water', 'reference', '-I', 'xtb_sp-xcontrol-inp']...
2025-04-03 17:49:55,310 -   censo.qm_processor   -  DEBUG   - worker3273410:Started (PID: 3273691).
2025-04-03 17:49:55,310 -   censo.qm_processor   -  DEBUG   - worker3273434:Running ['/srv/scratch/z5358697/.xtb/bin/xtb', 'gas.coord', '--gfn2', '--sp', '--chrg', '0', '--norestart', '--parallel', '1']...
2025-04-03 17:49:55,314 -   censo.qm_processor   -  DEBUG   - worker3273434:Started (PID: 3273692).
2025-04-03 17:49:55,341 -   censo.qm_processor   -   INFO   - worker3273404:Running xtb_gsolv calculation in /srv/scratch/z5358697/.automated/3792/0_PRESCREENING/CONF123/xtb_gsolv.
2025-04-03 17:49:55,356 -   censo.qm_processor   -   INFO   - worker3273406:Running xtb_gsolv calculation in /srv/scratch/z5358697/.automated/3792/0_PRESCREENING/CONF120/xtb_gsolv.
2025-04-03 17:49:55,373 -   censo.qm_processor   -  DEBUG   - worker3273406:Running ['/srv/scratch/z5358697/.xtb/bin/xtb', 'gas.coord', '--gfn2', '--sp', '--chrg', '0', '--norestart', '--parallel', '1']...
2025-04-03 17:49:55,378 -   censo.qm_processor   -  DEBUG   - worker3273434:Done.
2025-04-03 17:49:55,379 -   censo.qm_processor   -  DEBUG   - worker3273406:Started (PID: 3273693).
2025-04-03 17:49:55,383 -   censo.qm_processor   -  DEBUG   - worker3273410:Done.
2025-04-03 17:49:55,385 -     censo.parallel     -  DEBUG   - Free cores increased 0 -> 1.
2025-04-03 17:49:55,386 -     censo.parallel     -  DEBUG   - Free cores decreased 1 -> 0.
2025-04-03 17:49:55,387 -   censo.qm_processor   -  DEBUG   - worker3273410:Running on 1 cores.
2025-04-03 17:49:55,407 -   censo.qm_processor   -  DEBUG   - worker3273434:Running ['/srv/scratch/z5358697/.xtb/bin/xtb', 'solv.coord', '--gfn2', '--sp', '--chrg', '0', '--norestart', '--parallel', '1', '--alpb', 'water', 'reference', '-I', 'xtb_sp-xcontrol-inp']...
2025-04-03 17:49:55,410 -   censo.qm_processor   -  DEBUG   - worker3273434:Started (PID: 3273694).
2025-04-03 17:49:55,425 -   censo.qm_processor   -  DEBUG   - worker3273404:Running ['/srv/scratch/z5358697/.xtb/bin/xtb', 'gas.coord', '--gfn2', '--sp', '--chrg', '0', '--norestart', '--parallel', '1']...
2025-04-03 17:49:55,429 -   censo.qm_processor   -  DEBUG   - worker3273404:Started (PID: 3273695).
2025-04-03 17:49:55,451 -   censo.qm_processor   -  DEBUG   - worker3273406:Done.
2025-04-03 17:49:55,477 -   censo.qm_processor   -  DEBUG   - worker3273406:Running ['/srv/scratch/z5358697/.xtb/bin/xtb', 'solv.coord', '--gfn2', '--sp', '--chrg', '0', '--norestart', '--parallel', '1', '--alpb', 'water', 'reference', '-I', 'xtb_sp-xcontrol-inp']...
2025-04-03 17:49:55,480 -   censo.qm_processor   -  DEBUG   - worker3273406:Started (PID: 3273696).
2025-04-03 17:49:55,500 -   censo.qm_processor   -  DEBUG   - worker3273434:Done.
2025-04-03 17:49:55,500 -   censo.qm_processor   -  DEBUG   - worker3273404:Done.
2025-04-03 17:49:55,502 -     censo.parallel     -  DEBUG   - Free cores increased 0 -> 1.
2025-04-03 17:49:55,503 -     censo.parallel     -  DEBUG   - Free cores decreased 1 -> 0.
2025-04-03 17:49:55,504 -   censo.qm_processor   -  DEBUG   - worker3273434:Running on 1 cores.
2025-04-03 17:49:55,527 -   censo.qm_processor   -  DEBUG   - worker3273404:Running ['/srv/scratch/z5358697/.xtb/bin/xtb', 'solv.coord', '--gfn2', '--sp', '--chrg', '0', '--norestart', '--parallel', '1', '--alpb', 'water', 'reference', '-I', 'xtb_sp-xcontrol-inp']...
2025-04-03 17:49:55,531 -   censo.qm_processor   -  DEBUG   - worker3273404:Started (PID: 3273697).
2025-04-03 17:49:55,569 -   censo.qm_processor   -  DEBUG   - worker3273406:Done.
2025-04-03 17:49:55,571 -     censo.parallel     -  DEBUG   - Free cores increased 0 -> 1.
2025-04-03 17:49:55,572 -     censo.parallel     -  DEBUG   - Free cores decreased 1 -> 0.
2025-04-03 17:49:55,573 -   censo.qm_processor   -  DEBUG   - worker3273406:Running on 1 cores.
2025-04-03 17:49:55,618 -   censo.qm_processor   -  DEBUG   - worker3273404:Done.
2025-04-03 17:49:55,621 -     censo.parallel     -  DEBUG   - Free cores increased 0 -> 1.
2025-04-03 17:49:55,622 -     censo.parallel     -  DEBUG   - Free cores decreased 1 -> 0.
2025-04-03 17:49:55,623 -   censo.qm_processor   -  DEBUG   - worker3273404:Running on 1 cores.
2025-04-03 17:49:56,102 -   censo.qm_processor   -   INFO   - worker3273412:Running xtb_gsolv calculation in /srv/scratch/z5358697/.automated/3792/0_PRESCREENING/CONF122/xtb_gsolv.
2025-04-03 17:49:56,118 -   censo.qm_processor   -  DEBUG   - worker3273412:Running ['/srv/scratch/z5358697/.xtb/bin/xtb', 'gas.coord', '--gfn2', '--sp', '--chrg', '0', '--norestart', '--parallel', '1']...
2025-04-03 17:49:56,118 -   censo.qm_processor   -   INFO   - worker3273417:Running xtb_gsolv calculation in /srv/scratch/z5358697/.automated/3792/0_PRESCREENING/CONF114/xtb_gsolv.
2025-04-03 17:49:56,124 -   censo.qm_processor   -  DEBUG   - worker3273412:Started (PID: 3273701).
2025-04-03 17:49:56,139 -   censo.qm_processor   -  DEBUG   - worker3273417:Running ['/srv/scratch/z5358697/.xtb/bin/xtb', 'gas.coord', '--gfn2', '--sp', '--chrg', '0', '--norestart', '--parallel', '1']...
2025-04-03 17:49:56,144 -   censo.qm_processor   -   INFO   - worker3273405:Running xtb_gsolv calculation in /srv/scratch/z5358697/.automated/3792/0_PRESCREENING/CONF116/xtb_gsolv.
2025-04-03 17:49:56,147 -   censo.qm_processor   -  DEBUG   - worker3273417:Started (PID: 3273702).
2025-04-03 17:49:56,164 -   censo.qm_processor   -   INFO   - worker3273420:Running xtb_gsolv calculation in /srv/scratch/z5358697/.automated/3792/0_PRESCREENING/CONF121/xtb_gsolv.
2025-04-03 17:49:56,172 -   censo.qm_processor   -   INFO   - worker3273414:Running xtb_gsolv calculation in /srv/scratch/z5358697/.automated/3792/0_PRESCREENING/CONF125/xtb_gsolv.
2025-04-03 17:49:56,180 -   censo.qm_processor   -  DEBUG   - worker3273420:Running ['/srv/scratch/z5358697/.xtb/bin/xtb', 'gas.coord', '--gfn2', '--sp', '--chrg', '0', '--norestart', '--parallel', '1']...
2025-04-03 17:49:56,185 -   censo.qm_processor   -  DEBUG   - worker3273420:Started (PID: 3273703).
2025-04-03 17:49:56,192 -   censo.qm_processor   -  DEBUG   - worker3273412:Done.
2025-04-03 17:49:56,197 -   censo.qm_processor   -   INFO   - worker3273426:Running xtb_gsolv calculation in /srv/scratch/z5358697/.automated/3792/0_PRESCREENING/CONF119/xtb_gsolv.
2025-04-03 17:49:56,199 -   censo.qm_processor   -  DEBUG   - worker3273414:Running ['/srv/scratch/z5358697/.xtb/bin/xtb', 'gas.coord', '--gfn2', '--sp', '--chrg', '0', '--norestart', '--parallel', '1']...
2025-04-03 17:49:56,206 -   censo.qm_processor   -  DEBUG   - worker3273414:Started (PID: 3273704).
2025-04-03 17:49:56,213 -   censo.qm_processor   -  DEBUG   - worker3273426:Running ['/srv/scratch/z5358697/.xtb/bin/xtb', 'gas.coord', '--gfn2', '--sp', '--chrg', '0', '--norestart', '--parallel', '1']...
2025-04-03 17:49:56,217 -   censo.qm_processor   -  DEBUG   - worker3273426:Started (PID: 3273705).
2025-04-03 17:49:56,217 -   censo.qm_processor   -  DEBUG   - worker3273412:Running ['/srv/scratch/z5358697/.xtb/bin/xtb', 'solv.coord', '--gfn2', '--sp', '--chrg', '0', '--norestart', '--parallel', '1', '--alpb', 'water', 'reference', '-I', 'xtb_sp-xcontrol-inp']...
2025-04-03 17:49:56,220 -   censo.qm_processor   -  DEBUG   - worker3273412:Started (PID: 3273706).
2025-04-03 17:49:56,220 -   censo.qm_processor   -   INFO   - worker3273437:Running xtb_gsolv calculation in /srv/scratch/z5358697/.automated/3792/0_PRESCREENING/CONF117/xtb_gsolv.
2025-04-03 17:49:56,237 -   censo.qm_processor   -  DEBUG   - worker3273437:Running ['/srv/scratch/z5358697/.xtb/bin/xtb', 'gas.coord', '--gfn2', '--sp', '--chrg', '0', '--norestart', '--parallel', '1']...
2025-04-03 17:49:56,240 -   censo.qm_processor   -  DEBUG   - worker3273417:Done.
2025-04-03 17:49:56,245 -   censo.qm_processor   -  DEBUG   - worker3273437:Started (PID: 3273707).
2025-04-03 17:49:56,264 -   censo.qm_processor   -   INFO   - worker3273408:Running xtb_gsolv calculation in /srv/scratch/z5358697/.automated/3792/0_PRESCREENING/CONF126/xtb_gsolv.
2025-04-03 17:49:56,269 -   censo.qm_processor   -  DEBUG   - worker3273417:Running ['/srv/scratch/z5358697/.xtb/bin/xtb', 'solv.coord', '--gfn2', '--sp', '--chrg', '0', '--norestart', '--parallel', '1', '--alpb', 'water', 'reference', '-I', 'xtb_sp-xcontrol-inp']...
2025-04-03 17:49:56,274 -   censo.qm_processor   -  DEBUG   - worker3273420:Done.
2025-04-03 17:49:56,279 -   censo.qm_processor   -  DEBUG   - worker3273417:Started (PID: 3273708).
2025-04-03 17:49:56,283 -   censo.qm_processor   -  DEBUG   - worker3273408:Running ['/srv/scratch/z5358697/.xtb/bin/xtb', 'gas.coord', '--gfn2', '--sp', '--chrg', '0', '--norestart', '--parallel', '1']...
2025-04-03 17:49:56,287 -   censo.qm_processor   -  DEBUG   - worker3273408:Started (PID: 3273709).
2025-04-03 17:49:56,291 -   censo.qm_processor   -  DEBUG   - worker3273426:Done.
2025-04-03 17:49:56,291 -   censo.qm_processor   -  DEBUG   - worker3273414:Done.
2025-04-03 17:49:56,296 -   censo.qm_processor   -   INFO   - worker3273406:Running xtb_gsolv calculation in /srv/scratch/z5358697/.automated/3792/0_PRESCREENING/CONF133/xtb_gsolv.
2025-04-03 17:49:56,300 -   censo.qm_processor   -  DEBUG   - worker3273412:Done.
2025-04-03 17:49:56,302 -     censo.parallel     -  DEBUG   - Free cores increased 0 -> 1.
2025-04-03 17:49:56,303 -     censo.parallel     -  DEBUG   - Free cores decreased 1 -> 0.
2025-04-03 17:49:56,303 -   censo.qm_processor   -  DEBUG   - worker3273420:Running ['/srv/scratch/z5358697/.xtb/bin/xtb', 'solv.coord', '--gfn2', '--sp', '--chrg', '0', '--norestart', '--parallel', '1', '--alpb', 'water', 'reference', '-I', 'xtb_sp-xcontrol-inp']...
2025-04-03 17:49:56,304 -   censo.qm_processor   -  DEBUG   - worker3273412:Running on 1 cores.
2025-04-03 17:49:56,309 -   censo.qm_processor   -  DEBUG   - worker3273420:Started (PID: 3273710).
2025-04-03 17:49:56,316 -   censo.qm_processor   -  DEBUG   - worker3273406:Running ['/srv/scratch/z5358697/.xtb/bin/xtb', 'gas.coord', '--gfn2', '--sp', '--chrg', '0', '--norestart', '--parallel', '1']...
2025-04-03 17:49:56,319 -   censo.qm_processor   -  DEBUG   - worker3273426:Running ['/srv/scratch/z5358697/.xtb/bin/xtb', 'solv.coord', '--gfn2', '--sp', '--chrg', '0', '--norestart', '--parallel', '1', '--alpb', 'water', 'reference', '-I', 'xtb_sp-xcontrol-inp']...
2025-04-03 17:49:56,319 -   censo.qm_processor   -   INFO   - worker3273410:Running xtb_gsolv calculation in /srv/scratch/z5358697/.automated/3792/0_PRESCREENING/CONF131/xtb_gsolv.
2025-04-03 17:49:56,319 -   censo.qm_processor   -  DEBUG   - worker3273414:Running ['/srv/scratch/z5358697/.xtb/bin/xtb', 'solv.coord', '--gfn2', '--sp', '--chrg', '0', '--norestart', '--parallel', '1', '--alpb', 'water', 'reference', '-I', 'xtb_sp-xcontrol-inp']...
2025-04-03 17:49:56,324 -   censo.qm_processor   -   INFO   - worker3273430:Running xtb_gsolv calculation in /srv/scratch/z5358697/.automated/3792/0_PRESCREENING/CONF129/xtb_gsolv.
2025-04-03 17:49:56,329 -   censo.qm_processor   -  DEBUG   - worker3273414:Started (PID: 3273713).
2025-04-03 17:49:56,329 -   censo.qm_processor   -  DEBUG   - worker3273406:Started (PID: 3273711).
2025-04-03 17:49:56,329 -   censo.qm_processor   -  DEBUG   - worker3273426:Started (PID: 3273712).
2025-04-03 17:49:56,331 -   censo.qm_processor   -  DEBUG   - worker3273437:Done.
2025-04-03 17:49:56,339 -   censo.qm_processor   -  DEBUG   - worker3273410:Running ['/srv/scratch/z5358697/.xtb/bin/xtb', 'gas.coord', '--gfn2', '--sp', '--chrg', '0', '--norestart', '--parallel', '1']...
2025-04-03 17:49:56,342 -   censo.qm_processor   -   INFO   - worker3273434:Running xtb_gsolv calculation in /srv/scratch/z5358697/.automated/3792/0_PRESCREENING/CONF132/xtb_gsolv.
2025-04-03 17:49:56,344 -   censo.qm_processor   -  DEBUG   - worker3273405:Running ['/srv/scratch/z5358697/.xtb/bin/xtb', 'gas.coord', '--gfn2', '--sp', '--chrg', '0', '--norestart', '--parallel', '1']...
2025-04-03 17:49:56,345 -   censo.qm_processor   -  DEBUG   - worker3273430:Running ['/srv/scratch/z5358697/.xtb/bin/xtb', 'gas.coord', '--gfn2', '--sp', '--chrg', '0', '--norestart', '--parallel', '1']...
2025-04-03 17:49:56,351 -   censo.qm_processor   -  DEBUG   - worker3273405:Started (PID: 3273715).
2025-04-03 17:49:56,351 -   censo.qm_processor   -  DEBUG   - worker3273410:Started (PID: 3273714).
2025-04-03 17:49:56,351 -   censo.qm_processor   -  DEBUG   - worker3273430:Started (PID: 3273716).
2025-04-03 17:49:56,356 -   censo.qm_processor   -  DEBUG   - worker3273437:Running ['/srv/scratch/z5358697/.xtb/bin/xtb', 'solv.coord', '--gfn2', '--sp', '--chrg', '0', '--norestart', '--parallel', '1', '--alpb', 'water', 'reference', '-I', 'xtb_sp-xcontrol-inp']...
2025-04-03 17:49:56,358 -   censo.qm_processor   -   INFO   - worker3273439:Running xtb_gsolv calculation in /srv/scratch/z5358697/.automated/3792/0_PRESCREENING/CONF127/xtb_gsolv.
2025-04-03 17:49:56,359 -   censo.qm_processor   -  DEBUG   - worker3273434:Running ['/srv/scratch/z5358697/.xtb/bin/xtb', 'gas.coord', '--gfn2', '--sp', '--chrg', '0', '--norestart', '--parallel', '1']...
2025-04-03 17:49:56,359 -   censo.qm_processor   -  DEBUG   - worker3273408:Done.
2025-04-03 17:49:56,361 -   censo.qm_processor   -   INFO   - worker3273424:Running xtb_gsolv calculation in /srv/scratch/z5358697/.automated/3792/0_PRESCREENING/CONF128/xtb_gsolv.
2025-04-03 17:49:56,365 -   censo.qm_processor   -  DEBUG   - worker3273417:Done.
2025-04-03 17:49:56,368 -     censo.parallel     -  DEBUG   - Free cores increased 0 -> 1.
2025-04-03 17:49:56,369 -     censo.parallel     -  DEBUG   - Free cores decreased 1 -> 0.
2025-04-03 17:49:56,371 -   censo.qm_processor   -  DEBUG   - worker3273417:Running on 1 cores.
2025-04-03 17:49:56,371 -   censo.qm_processor   -  DEBUG   - worker3273437:Started (PID: 3273717).
2025-04-03 17:49:56,374 -   censo.qm_processor   -   INFO   - worker3273423:Running xtb_gsolv calculation in /srv/scratch/z5358697/.automated/3792/0_PRESCREENING/CONF130/xtb_gsolv.
2025-04-03 17:49:56,375 -   censo.qm_processor   -  DEBUG   - worker3273434:Started (PID: 3273718).
2025-04-03 17:49:56,377 -   censo.qm_processor   -  DEBUG   - worker3273439:Running ['/srv/scratch/z5358697/.xtb/bin/xtb', 'gas.coord', '--gfn2', '--sp', '--chrg', '0', '--norestart', '--parallel', '1']...
2025-04-03 17:49:56,381 -   censo.qm_processor   -  DEBUG   - worker3273424:Running ['/srv/scratch/z5358697/.xtb/bin/xtb', 'gas.coord', '--gfn2', '--sp', '--chrg', '0', '--norestart', '--parallel', '1']...
2025-04-03 17:49:56,385 -   censo.qm_processor   -  DEBUG   - worker3273424:Started (PID: 3273720).
2025-04-03 17:49:56,385 -   censo.qm_processor   -  DEBUG   - worker3273439:Started (PID: 3273719).
2025-04-03 17:49:56,390 -   censo.qm_processor   -  DEBUG   - worker3273408:Running ['/srv/scratch/z5358697/.xtb/bin/xtb', 'solv.coord', '--gfn2', '--sp', '--chrg', '0', '--norestart', '--parallel', '1', '--alpb', 'water', 'reference', '-I', 'xtb_sp-xcontrol-inp']...
2025-04-03 17:49:56,393 -   censo.qm_processor   -  DEBUG   - worker3273408:Started (PID: 3273721).
2025-04-03 17:49:56,407 -   censo.qm_processor   -  DEBUG   - worker3273414:Done.
2025-04-03 17:49:56,407 -   censo.qm_processor   -  DEBUG   - worker3273420:Done.
2025-04-03 17:49:56,408 -     censo.parallel     -  DEBUG   - Free cores increased 0 -> 1.
2025-04-03 17:49:56,409 -     censo.parallel     -  DEBUG   - Free cores decreased 1 -> 0.
2025-04-03 17:49:56,409 -     censo.parallel     -  DEBUG   - Free cores increased 0 -> 1.
2025-04-03 17:49:56,409 -   censo.qm_processor   -  DEBUG   - worker3273414:Running on 1 cores.
2025-04-03 17:49:56,410 -     censo.parallel     -  DEBUG   - Free cores decreased 1 -> 0.
2025-04-03 17:49:56,410 -   censo.qm_processor   -  DEBUG   - worker3273426:Done.
2025-04-03 17:49:56,410 -   censo.qm_processor   -  DEBUG   - worker3273420:Running on 1 cores.
2025-04-03 17:49:56,411 -     censo.parallel     -  DEBUG   - Free cores increased 0 -> 1.
2025-04-03 17:49:56,411 -     censo.parallel     -  DEBUG   - Free cores decreased 1 -> 0.
2025-04-03 17:49:56,412 -   censo.qm_processor   -  DEBUG   - worker3273426:Running on 1 cores.
2025-04-03 17:49:56,414 -   censo.qm_processor   -  DEBUG   - worker3273406:Done.
2025-04-03 17:49:56,421 -   censo.qm_processor   -   INFO   - worker3273414:Running xtb_gsolv calculation in /srv/scratch/z5358697/.automated/3792/0_PRESCREENING/CONF137/xtb_gsolv.
2025-04-03 17:49:56,438 -   censo.qm_processor   -  DEBUG   - worker3273406:Running ['/srv/scratch/z5358697/.xtb/bin/xtb', 'solv.coord', '--gfn2', '--sp', '--chrg', '0', '--norestart', '--parallel', '1', '--alpb', 'water', 'reference', '-I', 'xtb_sp-xcontrol-inp']...
2025-04-03 17:49:56,439 -   censo.qm_processor   -  DEBUG   - worker3273423:Running ['/srv/scratch/z5358697/.xtb/bin/xtb', 'gas.coord', '--gfn2', '--sp', '--chrg', '0', '--norestart', '--parallel', '1']...
2025-04-03 17:49:56,439 -   censo.qm_processor   -  DEBUG   - worker3273414:Running ['/srv/scratch/z5358697/.xtb/bin/xtb', 'gas.coord', '--gfn2', '--sp', '--chrg', '0', '--norestart', '--parallel', '1']...
2025-04-03 17:49:56,439 -   censo.qm_processor   -  DEBUG   - worker3273405:Done.
2025-04-03 17:49:56,439 -   censo.qm_processor   -  DEBUG   - worker3273430:Done.
2025-04-03 17:49:56,444 -   censo.qm_processor   -  DEBUG   - worker3273406:Started (PID: 3273722).
2025-04-03 17:49:56,444 -   censo.qm_processor   -  DEBUG   - worker3273414:Started (PID: 3273724).
2025-04-03 17:49:56,444 -   censo.qm_processor   -  DEBUG   - worker3273423:Started (PID: 3273723).
2025-04-03 17:49:56,451 -   censo.qm_processor   -  DEBUG   - worker3273410:Done.
2025-04-03 17:49:56,453 -   censo.qm_processor   -  DEBUG   - worker3273434:Done.
2025-04-03 17:49:56,458 -   censo.qm_processor   -  DEBUG   - worker3273437:Done.
2025-04-03 17:49:56,461 -     censo.parallel     -  DEBUG   - Free cores increased 0 -> 1.
2025-04-03 17:49:56,461 -     censo.parallel     -  DEBUG   - Free cores decreased 1 -> 0.
2025-04-03 17:49:56,462 -   censo.qm_processor   -  DEBUG   - worker3273437:Running on 1 cores.
2025-04-03 17:49:56,465 -   censo.qm_processor   -  DEBUG   - worker3273430:Running ['/srv/scratch/z5358697/.xtb/bin/xtb', 'solv.coord', '--gfn2', '--sp', '--chrg', '0', '--norestart', '--parallel', '1', '--alpb', 'water', 'reference', '-I', 'xtb_sp-xcontrol-inp']...
2025-04-03 17:49:56,466 -   censo.qm_processor   -  DEBUG   - worker3273405:Running ['/srv/scratch/z5358697/.xtb/bin/xtb', 'solv.coord', '--gfn2', '--sp', '--chrg', '0', '--norestart', '--parallel', '1', '--alpb', 'water', 'reference', '-I', 'xtb_sp-xcontrol-inp']...
2025-04-03 17:49:56,470 -   censo.qm_processor   -  DEBUG   - worker3273405:Started (PID: 3273726).
2025-04-03 17:49:56,470 -   censo.qm_processor   -  DEBUG   - worker3273430:Started (PID: 3273725).
2025-04-03 17:49:56,473 -   censo.qm_processor   -  DEBUG   - worker3273410:Running ['/srv/scratch/z5358697/.xtb/bin/xtb', 'solv.coord', '--gfn2', '--sp', '--chrg', '0', '--norestart', '--parallel', '1', '--alpb', 'water', 'reference', '-I', 'xtb_sp-xcontrol-inp']...
2025-04-03 17:49:56,476 -   censo.qm_processor   -  DEBUG   - worker3273410:Started (PID: 3273727).
2025-04-03 17:49:56,477 -   censo.qm_processor   -  DEBUG   - worker3273434:Running ['/srv/scratch/z5358697/.xtb/bin/xtb', 'solv.coord', '--gfn2', '--sp', '--chrg', '0', '--norestart', '--parallel', '1', '--alpb', 'water', 'reference', '-I', 'xtb_sp-xcontrol-inp']...
2025-04-03 17:49:56,480 -   censo.qm_processor   -  DEBUG   - worker3273439:Done.
2025-04-03 17:49:56,483 -   censo.qm_processor   -  DEBUG   - worker3273434:Started (PID: 3273728).
2025-04-03 17:49:56,494 -   censo.qm_processor   -  DEBUG   - worker3273424:Done.
2025-04-03 17:49:56,504 -   censo.qm_processor   -  DEBUG   - worker3273408:Done.
2025-04-03 17:49:56,505 -   censo.qm_processor   -  DEBUG   - worker3273439:Running ['/srv/scratch/z5358697/.xtb/bin/xtb', 'solv.coord', '--gfn2', '--sp', '--chrg', '0', '--norestart', '--parallel', '1', '--alpb', 'water', 'reference', '-I', 'xtb_sp-xcontrol-inp']...
2025-04-03 17:49:56,506 -     censo.parallel     -  DEBUG   - Free cores increased 0 -> 1.
2025-04-03 17:49:56,508 -     censo.parallel     -  DEBUG   - Free cores decreased 1 -> 0.
2025-04-03 17:49:56,511 -   censo.qm_processor   -  DEBUG   - worker3273408:Running on 1 cores.
2025-04-03 17:49:56,513 -   censo.qm_processor   -  DEBUG   - worker3273439:Started (PID: 3273729).
2025-04-03 17:49:56,519 -   censo.qm_processor   -  DEBUG   - worker3273424:Running ['/srv/scratch/z5358697/.xtb/bin/xtb', 'solv.coord', '--gfn2', '--sp', '--chrg', '0', '--norestart', '--parallel', '1', '--alpb', 'water', 'reference', '-I', 'xtb_sp-xcontrol-inp']...
2025-04-03 17:49:56,519 -   censo.qm_processor   -  DEBUG   - worker3273414:Done.
2025-04-03 17:49:56,519 -   censo.qm_processor   -  DEBUG   - worker3273423:Done.
2025-04-03 17:49:56,522 -   censo.qm_processor   -  DEBUG   - worker3273424:Started (PID: 3273730).
2025-04-03 17:49:56,544 -   censo.qm_processor   -  DEBUG   - worker3273406:Done.
2025-04-03 17:49:56,544 -   censo.qm_processor   -  DEBUG   - worker3273423:Running ['/srv/scratch/z5358697/.xtb/bin/xtb', 'solv.coord', '--gfn2', '--sp', '--chrg', '0', '--norestart', '--parallel', '1', '--alpb', 'water', 'reference', '-I', 'xtb_sp-xcontrol-inp']...
2025-04-03 17:49:56,546 -     censo.parallel     -  DEBUG   - Free cores increased 0 -> 1.
2025-04-03 17:49:56,547 -   censo.qm_processor   -  DEBUG   - worker3273414:Running ['/srv/scratch/z5358697/.xtb/bin/xtb', 'solv.coord', '--gfn2', '--sp', '--chrg', '0', '--norestart', '--parallel', '1', '--alpb', 'water', 'reference', '-I', 'xtb_sp-xcontrol-inp']...
2025-04-03 17:49:56,547 -     censo.parallel     -  DEBUG   - Free cores decreased 1 -> 0.
2025-04-03 17:49:56,551 -   censo.qm_processor   -  DEBUG   - worker3273406:Running on 1 cores.
2025-04-03 17:49:56,555 -   censo.qm_processor   -  DEBUG   - worker3273423:Started (PID: 3273731).
2025-04-03 17:49:56,555 -   censo.qm_processor   -  DEBUG   - worker3273414:Started (PID: 3273732).
2025-04-03 17:49:56,558 -   censo.qm_processor   -  DEBUG   - worker3273410:Done.
2025-04-03 17:49:56,559 -   censo.qm_processor   -  DEBUG   - worker3273405:Done.
2025-04-03 17:49:56,559 -   censo.qm_processor   -  DEBUG   - worker3273430:Done.
2025-04-03 17:49:56,560 -     censo.parallel     -  DEBUG   - Free cores increased 0 -> 1.
2025-04-03 17:49:56,561 -     censo.parallel     -  DEBUG   - Free cores decreased 1 -> 0.
2025-04-03 17:49:56,561 -     censo.parallel     -  DEBUG   - Free cores increased 0 -> 1.
2025-04-03 17:49:56,562 -   censo.qm_processor   -  DEBUG   - worker3273410:Running on 1 cores.
2025-04-03 17:49:56,562 -     censo.parallel     -  DEBUG   - Free cores decreased 1 -> 0.
2025-04-03 17:49:56,562 -     censo.parallel     -  DEBUG   - Free cores increased 0 -> 1.
2025-04-03 17:49:56,563 -   censo.qm_processor   -  DEBUG   - worker3273405:Running on 1 cores.
2025-04-03 17:49:56,563 -     censo.parallel     -  DEBUG   - Free cores decreased 1 -> 0.
2025-04-03 17:49:56,563 -   censo.qm_processor   -  DEBUG   - worker3273430:Running on 1 cores.
2025-04-03 17:49:56,589 -   censo.qm_processor   -  DEBUG   - worker3273434:Done.
2025-04-03 17:49:56,592 -     censo.parallel     -  DEBUG   - Free cores increased 0 -> 1.
2025-04-03 17:49:56,592 -     censo.parallel     -  DEBUG   - Free cores decreased 1 -> 0.
2025-04-03 17:49:56,593 -   censo.qm_processor   -  DEBUG   - worker3273434:Running on 1 cores.
2025-04-03 17:49:56,595 -   censo.qm_processor   -   INFO   - worker3273417:Running xtb_gsolv calculation in /srv/scratch/z5358697/.automated/3792/0_PRESCREENING/CONF136/xtb_gsolv.
2025-04-03 17:49:56,608 -   censo.qm_processor   -   INFO   - worker3273426:Running xtb_gsolv calculation in /srv/scratch/z5358697/.automated/3792/0_PRESCREENING/CONF139/xtb_gsolv.
2025-04-03 17:49:56,612 -   censo.qm_processor   -   INFO   - worker3273420:Running xtb_gsolv calculation in /srv/scratch/z5358697/.automated/3792/0_PRESCREENING/CONF138/xtb_gsolv.
2025-04-03 17:49:56,615 -   censo.qm_processor   -  DEBUG   - worker3273417:Running ['/srv/scratch/z5358697/.xtb/bin/xtb', 'gas.coord', '--gfn2', '--sp', '--chrg', '0', '--norestart', '--parallel', '1']...
2025-04-03 17:49:56,620 -   censo.qm_processor   -  DEBUG   - worker3273439:Done.
2025-04-03 17:49:56,622 -     censo.parallel     -  DEBUG   - Free cores increased 0 -> 1.
2025-04-03 17:49:56,623 -     censo.parallel     -  DEBUG   - Free cores decreased 1 -> 0.
2025-04-03 17:49:56,625 -   censo.qm_processor   -  DEBUG   - worker3273439:Running on 1 cores.
2025-04-03 17:49:56,626 -   censo.qm_processor   -  DEBUG   - worker3273426:Running ['/srv/scratch/z5358697/.xtb/bin/xtb', 'gas.coord', '--gfn2', '--sp', '--chrg', '0', '--norestart', '--parallel', '1']...
2025-04-03 17:49:56,631 -   censo.qm_processor   -  DEBUG   - worker3273426:Started (PID: 3273734).
2025-04-03 17:49:56,631 -   censo.qm_processor   -  DEBUG   - worker3273417:Started (PID: 3273733).
2025-04-03 17:49:56,631 -   censo.qm_processor   -  DEBUG   - worker3273424:Done.
2025-04-03 17:49:56,632 -   censo.qm_processor   -  DEBUG   - worker3273420:Running ['/srv/scratch/z5358697/.xtb/bin/xtb', 'gas.coord', '--gfn2', '--sp', '--chrg', '0', '--norestart', '--parallel', '1']...
2025-04-03 17:49:56,633 -     censo.parallel     -  DEBUG   - Free cores increased 0 -> 1.
2025-04-03 17:49:56,634 -     censo.parallel     -  DEBUG   - Free cores decreased 1 -> 0.
2025-04-03 17:49:56,636 -   censo.qm_processor   -  DEBUG   - worker3273424:Running on 1 cores.
2025-04-03 17:49:56,639 -   censo.qm_processor   -  DEBUG   - worker3273414:Done.
2025-04-03 17:49:56,639 -   censo.qm_processor   -  DEBUG   - worker3273420:Started (PID: 3273735).
2025-04-03 17:49:56,640 -     censo.parallel     -  DEBUG   - Free cores increased 0 -> 1.
2025-04-03 17:49:56,640 -     censo.parallel     -  DEBUG   - Free cores decreased 1 -> 0.
2025-04-03 17:49:56,641 -   censo.qm_processor   -  DEBUG   - worker3273414:Running on 1 cores.
2025-04-03 17:49:56,653 -   censo.qm_processor   -  DEBUG   - worker3273423:Done.
2025-04-03 17:49:56,656 -     censo.parallel     -  DEBUG   - Free cores increased 0 -> 1.
2025-04-03 17:49:56,657 -     censo.parallel     -  DEBUG   - Free cores decreased 1 -> 0.
2025-04-03 17:49:56,658 -   censo.qm_processor   -  DEBUG   - worker3273423:Running on 1 cores.
2025-04-03 17:49:56,702 -   censo.qm_processor   -  DEBUG   - worker3273417:Done.
2025-04-03 17:49:56,703 -   censo.qm_processor   -  DEBUG   - worker3273426:Done.
2025-04-03 17:49:56,717 -   censo.qm_processor   -  DEBUG   - worker3273420:Done.
2025-04-03 17:49:56,728 -   censo.qm_processor   -  DEBUG   - worker3273417:Running ['/srv/scratch/z5358697/.xtb/bin/xtb', 'solv.coord', '--gfn2', '--sp', '--chrg', '0', '--norestart', '--parallel', '1', '--alpb', 'water', 'reference', '-I', 'xtb_sp-xcontrol-inp']...
2025-04-03 17:49:56,731 -   censo.qm_processor   -  DEBUG   - worker3273417:Started (PID: 3273736).
2025-04-03 17:49:56,734 -   censo.qm_processor   -  DEBUG   - worker3273426:Running ['/srv/scratch/z5358697/.xtb/bin/xtb', 'solv.coord', '--gfn2', '--sp', '--chrg', '0', '--norestart', '--parallel', '1', '--alpb', 'water', 'reference', '-I', 'xtb_sp-xcontrol-inp']...
2025-04-03 17:49:56,738 -   censo.qm_processor   -  DEBUG   - worker3273426:Started (PID: 3273737).
2025-04-03 17:49:56,746 -   censo.qm_processor   -  DEBUG   - worker3273420:Running ['/srv/scratch/z5358697/.xtb/bin/xtb', 'solv.coord', '--gfn2', '--sp', '--chrg', '0', '--norestart', '--parallel', '1', '--alpb', 'water', 'reference', '-I', 'xtb_sp-xcontrol-inp']...
2025-04-03 17:49:56,749 -   censo.qm_processor   -  DEBUG   - worker3273420:Started (PID: 3273738).
2025-04-03 17:49:56,809 -   censo.qm_processor   -   INFO   - worker3273412:Running xtb_gsolv calculation in /srv/scratch/z5358697/.automated/3792/0_PRESCREENING/CONF135/xtb_gsolv.
2025-04-03 17:49:56,814 -   censo.qm_processor   -  DEBUG   - worker3273426:Done.
2025-04-03 17:49:56,815 -   censo.qm_processor   -  DEBUG   - worker3273417:Done.
2025-04-03 17:49:56,817 -     censo.parallel     -  DEBUG   - Free cores increased 0 -> 1.
2025-04-03 17:49:56,819 -     censo.parallel     -  DEBUG   - Free cores decreased 1 -> 0.
2025-04-03 17:49:56,819 -     censo.parallel     -  DEBUG   - Free cores increased 0 -> 1.
2025-04-03 17:49:56,820 -   censo.qm_processor   -  DEBUG   - worker3273426:Running on 1 cores.
2025-04-03 17:49:56,820 -     censo.parallel     -  DEBUG   - Free cores decreased 1 -> 0.
2025-04-03 17:49:56,820 -   censo.qm_processor   -  DEBUG   - worker3273417:Running on 1 cores.
2025-04-03 17:49:56,822 -   censo.qm_processor   -  DEBUG   - worker3273420:Done.
2025-04-03 17:49:56,823 -     censo.parallel     -  DEBUG   - Free cores increased 0 -> 1.
2025-04-03 17:49:56,824 -     censo.parallel     -  DEBUG   - Free cores decreased 1 -> 0.
2025-04-03 17:49:56,824 -   censo.qm_processor   -  DEBUG   - worker3273420:Running on 1 cores.
2025-04-03 17:49:56,834 -   censo.qm_processor   -  DEBUG   - worker3273412:Running ['/srv/scratch/z5358697/.xtb/bin/xtb', 'gas.coord', '--gfn2', '--sp', '--chrg', '0', '--norestart', '--parallel', '1']...
2025-04-03 17:49:56,839 -   censo.qm_processor   -  DEBUG   - worker3273412:Started (PID: 3273739).
2025-04-03 17:49:56,906 -   censo.qm_processor   -  DEBUG   - worker3273412:Done.
2025-04-03 17:49:56,931 -   censo.qm_processor   -  DEBUG   - worker3273412:Running ['/srv/scratch/z5358697/.xtb/bin/xtb', 'solv.coord', '--gfn2', '--sp', '--chrg', '0', '--norestart', '--parallel', '1', '--alpb', 'water', 'reference', '-I', 'xtb_sp-xcontrol-inp']...
2025-04-03 17:49:56,934 -   censo.qm_processor   -  DEBUG   - worker3273412:Started (PID: 3273740).
2025-04-03 17:49:57,006 -   censo.qm_processor   -  DEBUG   - worker3273412:Done.
2025-04-03 17:49:57,009 -     censo.parallel     -  DEBUG   - Free cores increased 0 -> 1.
2025-04-03 17:49:57,011 -     censo.parallel     -  DEBUG   - Free cores decreased 1 -> 0.
2025-04-03 17:49:57,011 -   censo.qm_processor   -  DEBUG   - worker3273412:Running on 1 cores.
2025-04-03 17:49:57,498 -   censo.qm_processor   -   INFO   - worker3273404:Running xtb_gsolv calculation in /srv/scratch/z5358697/.automated/3792/0_PRESCREENING/CONF134/xtb_gsolv.
2025-04-03 17:49:57,516 -   censo.qm_processor   -  DEBUG   - worker3273404:Running ['/srv/scratch/z5358697/.xtb/bin/xtb', 'gas.coord', '--gfn2', '--sp', '--chrg', '0', '--norestart', '--parallel', '1']...
2025-04-03 17:49:57,521 -   censo.qm_processor   -  DEBUG   - worker3273404:Started (PID: 3273742).
2025-04-03 17:49:57,596 -   censo.qm_processor   -  DEBUG   - worker3273404:Done.
2025-04-03 17:49:57,621 -   censo.qm_processor   -   INFO   - worker3273408:Running xtb_gsolv calculation in /srv/scratch/z5358697/.automated/3792/0_PRESCREENING/CONF141/xtb_gsolv.
2025-04-03 17:49:57,621 -   censo.qm_processor   -  DEBUG   - worker3273404:Running ['/srv/scratch/z5358697/.xtb/bin/xtb', 'solv.coord', '--gfn2', '--sp', '--chrg', '0', '--norestart', '--parallel', '1', '--alpb', 'water', 'reference', '-I', 'xtb_sp-xcontrol-inp']...
2025-04-03 17:49:57,627 -   censo.qm_processor   -  DEBUG   - worker3273404:Started (PID: 3273743).
2025-04-03 17:49:57,640 -   censo.qm_processor   -  DEBUG   - worker3273408:Running ['/srv/scratch/z5358697/.xtb/bin/xtb', 'gas.coord', '--gfn2', '--sp', '--chrg', '0', '--norestart', '--parallel', '1']...
2025-04-03 17:49:57,644 -   censo.qm_processor   -  DEBUG   - worker3273408:Started (PID: 3273744).
2025-04-03 17:49:57,740 -   censo.qm_processor   -  DEBUG   - worker3273408:Done.
2025-04-03 17:49:57,744 -   censo.qm_processor   -  DEBUG   - worker3273404:Done.
2025-04-03 17:49:57,746 -     censo.parallel     -  DEBUG   - Free cores increased 0 -> 1.
2025-04-03 17:49:57,748 -     censo.parallel     -  DEBUG   - Free cores decreased 1 -> 0.
2025-04-03 17:49:57,748 -   censo.qm_processor   -  DEBUG   - worker3273404:Running on 1 cores.
2025-04-03 17:49:57,766 -   censo.qm_processor   -  DEBUG   - worker3273408:Running ['/srv/scratch/z5358697/.xtb/bin/xtb', 'solv.coord', '--gfn2', '--sp', '--chrg', '0', '--norestart', '--parallel', '1', '--alpb', 'water', 'reference', '-I', 'xtb_sp-xcontrol-inp']...
2025-04-03 17:49:57,770 -   censo.qm_processor   -  DEBUG   - worker3273408:Started (PID: 3273746).
2025-04-03 17:49:57,846 -   censo.qm_processor   -  DEBUG   - worker3273408:Done.
2025-04-03 17:49:57,849 -     censo.parallel     -  DEBUG   - Free cores increased 0 -> 1.
2025-04-03 17:49:57,850 -     censo.parallel     -  DEBUG   - Free cores decreased 1 -> 0.
2025-04-03 17:49:57,851 -   censo.qm_processor   -  DEBUG   - worker3273408:Running on 1 cores.
2025-04-03 17:49:57,930 -   censo.qm_processor   -   INFO   - worker3273406:Running xtb_gsolv calculation in /srv/scratch/z5358697/.automated/3792/0_PRESCREENING/CONF142/xtb_gsolv.
2025-04-03 17:49:57,944 -   censo.qm_processor   -   INFO   - worker3273405:Running xtb_gsolv calculation in /srv/scratch/z5358697/.automated/3792/0_PRESCREENING/CONF144/xtb_gsolv.
2025-04-03 17:49:57,952 -   censo.qm_processor   -   INFO   - worker3273410:Running xtb_gsolv calculation in /srv/scratch/z5358697/.automated/3792/0_PRESCREENING/CONF143/xtb_gsolv.
2025-04-03 17:49:57,952 -   censo.qm_processor   -  DEBUG   - worker3273406:Running ['/srv/scratch/z5358697/.xtb/bin/xtb', 'gas.coord', '--gfn2', '--sp', '--chrg', '0', '--norestart', '--parallel', '1']...
2025-04-03 17:49:57,958 -   censo.qm_processor   -  DEBUG   - worker3273406:Started (PID: 3273747).
2025-04-03 17:49:57,967 -   censo.qm_processor   -   INFO   - worker3273430:Running xtb_gsolv calculation in /srv/scratch/z5358697/.automated/3792/0_PRESCREENING/CONF145/xtb_gsolv.
2025-04-03 17:49:57,987 -   censo.qm_processor   -  DEBUG   - worker3273405:Running ['/srv/scratch/z5358697/.xtb/bin/xtb', 'gas.coord', '--gfn2', '--sp', '--chrg', '0', '--norestart', '--parallel', '1']...
2025-04-03 17:49:57,993 -   censo.qm_processor   -  DEBUG   - worker3273405:Started (PID: 3273748).
2025-04-03 17:49:58,023 -   censo.qm_processor   -  DEBUG   - worker3273430:Running ['/srv/scratch/z5358697/.xtb/bin/xtb', 'gas.coord', '--gfn2', '--sp', '--chrg', '0', '--norestart', '--parallel', '1']...
2025-04-03 17:49:58,026 -   censo.qm_processor   -  DEBUG   - worker3273430:Started (PID: 3273750).
2025-04-03 17:49:58,028 -   censo.qm_processor   -  DEBUG   - worker3273406:Done.
2025-04-03 17:49:58,056 -   censo.qm_processor   -  DEBUG   - worker3273406:Running ['/srv/scratch/z5358697/.xtb/bin/xtb', 'solv.coord', '--gfn2', '--sp', '--chrg', '0', '--norestart', '--parallel', '1', '--alpb', 'water', 'reference', '-I', 'xtb_sp-xcontrol-inp']...
2025-04-03 17:49:58,060 -   censo.qm_processor   -  DEBUG   - worker3273406:Started (PID: 3273751).
2025-04-03 17:49:58,060 -   censo.qm_processor   -  DEBUG   - worker3273405:Done.
2025-04-03 17:49:58,086 -   censo.qm_processor   -  DEBUG   - worker3273405:Running ['/srv/scratch/z5358697/.xtb/bin/xtb', 'solv.coord', '--gfn2', '--sp', '--chrg', '0', '--norestart', '--parallel', '1', '--alpb', 'water', 'reference', '-I', 'xtb_sp-xcontrol-inp']...
2025-04-03 17:49:58,090 -   censo.qm_processor   -  DEBUG   - worker3273405:Started (PID: 3273752).
2025-04-03 17:49:58,111 -   censo.qm_processor   -  DEBUG   - worker3273430:Done.
2025-04-03 17:49:58,136 -   censo.qm_processor   -  DEBUG   - worker3273406:Done.
2025-04-03 17:49:58,138 -   censo.qm_processor   -  DEBUG   - worker3273430:Running ['/srv/scratch/z5358697/.xtb/bin/xtb', 'solv.coord', '--gfn2', '--sp', '--chrg', '0', '--norestart', '--parallel', '1', '--alpb', 'water', 'reference', '-I', 'xtb_sp-xcontrol-inp']...
2025-04-03 17:49:58,139 -     censo.parallel     -  DEBUG   - Free cores increased 0 -> 1.
2025-04-03 17:49:58,142 -     censo.parallel     -  DEBUG   - Free cores decreased 1 -> 0.
2025-04-03 17:49:58,143 -   censo.qm_processor   -  DEBUG   - worker3273406:Running on 1 cores.
2025-04-03 17:49:58,151 -   censo.qm_processor   -  DEBUG   - worker3273430:Started (PID: 3273753).
2025-04-03 17:49:58,186 -   censo.qm_processor   -  DEBUG   - worker3273405:Done.
2025-04-03 17:49:58,189 -     censo.parallel     -  DEBUG   - Free cores increased 0 -> 1.
2025-04-03 17:49:58,190 -     censo.parallel     -  DEBUG   - Free cores decreased 1 -> 0.
2025-04-03 17:49:58,191 -   censo.qm_processor   -  DEBUG   - worker3273405:Running on 1 cores.
2025-04-03 17:49:58,210 -   censo.qm_processor   -   INFO   - worker3273437:Running xtb_gsolv calculation in /srv/scratch/z5358697/.automated/3792/0_PRESCREENING/CONF140/xtb_gsolv.
2025-04-03 17:49:58,226 -   censo.qm_processor   -  DEBUG   - worker3273430:Done.
2025-04-03 17:49:58,229 -     censo.parallel     -  DEBUG   - Free cores increased 0 -> 1.
2025-04-03 17:49:58,229 -   censo.qm_processor   -  DEBUG   - worker3273437:Running ['/srv/scratch/z5358697/.xtb/bin/xtb', 'gas.coord', '--gfn2', '--sp', '--chrg', '0', '--norestart', '--parallel', '1']...
2025-04-03 17:49:58,230 -     censo.parallel     -  DEBUG   - Free cores decreased 1 -> 0.
2025-04-03 17:49:58,231 -   censo.qm_processor   -  DEBUG   - worker3273430:Running on 1 cores.
2025-04-03 17:49:58,235 -   censo.qm_processor   -  DEBUG   - worker3273437:Started (PID: 3273754).
2025-04-03 17:49:58,314 -   censo.qm_processor   -  DEBUG   - worker3273437:Done.
2025-04-03 17:49:58,340 -   censo.qm_processor   -  DEBUG   - worker3273437:Running ['/srv/scratch/z5358697/.xtb/bin/xtb', 'solv.coord', '--gfn2', '--sp', '--chrg', '0', '--norestart', '--parallel', '1', '--alpb', 'water', 'reference', '-I', 'xtb_sp-xcontrol-inp']...
2025-04-03 17:49:58,344 -   censo.qm_processor   -  DEBUG   - worker3273437:Started (PID: 3273755).
2025-04-03 17:49:58,413 -   censo.qm_processor   -  DEBUG   - worker3273437:Done.
2025-04-03 17:49:58,418 -     censo.parallel     -  DEBUG   - Free cores increased 0 -> 1.
2025-04-03 17:49:58,419 -     censo.parallel     -  DEBUG   - Free cores decreased 1 -> 0.
2025-04-03 17:49:58,420 -   censo.qm_processor   -  DEBUG   - worker3273437:Running on 1 cores.
2025-04-03 17:49:58,474 -   censo.qm_processor   -  DEBUG   - worker3273410:Running ['/srv/scratch/z5358697/.xtb/bin/xtb', 'gas.coord', '--gfn2', '--sp', '--chrg', '0', '--norestart', '--parallel', '1']...
2025-04-03 17:49:58,476 -   censo.qm_processor   -  DEBUG   - worker3273410:Started (PID: 3273756).
2025-04-03 17:49:58,555 -   censo.qm_processor   -  DEBUG   - worker3273410:Done.
2025-04-03 17:49:58,582 -   censo.qm_processor   -  DEBUG   - worker3273410:Running ['/srv/scratch/z5358697/.xtb/bin/xtb', 'solv.coord', '--gfn2', '--sp', '--chrg', '0', '--norestart', '--parallel', '1', '--alpb', 'water', 'reference', '-I', 'xtb_sp-xcontrol-inp']...
2025-04-03 17:49:58,585 -   censo.qm_processor   -  DEBUG   - worker3273410:Started (PID: 3273757).
2025-04-03 17:49:58,650 -   censo.qm_processor   -   INFO   - worker3273439:Running xtb_gsolv calculation in /srv/scratch/z5358697/.automated/3792/0_PRESCREENING/CONF147/xtb_gsolv.
2025-04-03 17:49:58,662 -   censo.qm_processor   -  DEBUG   - worker3273410:Done.
2025-04-03 17:49:58,665 -     censo.parallel     -  DEBUG   - Free cores increased 0 -> 1.
2025-04-03 17:49:58,667 -     censo.parallel     -  DEBUG   - Free cores decreased 1 -> 0.
2025-04-03 17:49:58,667 -   censo.qm_processor   -  DEBUG   - worker3273410:Running on 1 cores.
2025-04-03 17:49:58,687 -   censo.qm_processor   -  DEBUG   - worker3273439:Running ['/srv/scratch/z5358697/.xtb/bin/xtb', 'gas.coord', '--gfn2', '--sp', '--chrg', '0', '--norestart', '--parallel', '1']...
2025-04-03 17:49:58,688 -   censo.qm_processor   -   INFO   - worker3273434:Running xtb_gsolv calculation in /srv/scratch/z5358697/.automated/3792/0_PRESCREENING/CONF146/xtb_gsolv.
2025-04-03 17:49:58,693 -   censo.qm_processor   -  DEBUG   - worker3273439:Started (PID: 3273758).
2025-04-03 17:49:58,695 -   censo.qm_processor   -   INFO   - worker3273430:Running xtb_gsolv calculation in /srv/scratch/z5358697/.automated/3792/0_PRESCREENING/CONF159/xtb_gsolv.
2025-04-03 17:49:58,710 -   censo.qm_processor   -   INFO   - worker3273437:Running xtb_gsolv calculation in /srv/scratch/z5358697/.automated/3792/0_PRESCREENING/CONF160/xtb_gsolv.
2025-04-03 17:49:58,713 -   censo.qm_processor   -  DEBUG   - worker3273430:Running ['/srv/scratch/z5358697/.xtb/bin/xtb', 'gas.coord', '--gfn2', '--sp', '--chrg', '0', '--norestart', '--parallel', '1']...
2025-04-03 17:49:58,720 -   censo.qm_processor   -  DEBUG   - worker3273430:Started (PID: 3273759).
2025-04-03 17:49:58,728 -   censo.qm_processor   -  DEBUG   - worker3273437:Running ['/srv/scratch/z5358697/.xtb/bin/xtb', 'gas.coord', '--gfn2', '--sp', '--chrg', '0', '--norestart', '--parallel', '1']...
2025-04-03 17:49:58,732 -   censo.qm_processor   -  DEBUG   - worker3273437:Started (PID: 3273760).
2025-04-03 17:49:58,737 -   censo.qm_processor   -   INFO   - worker3273412:Running xtb_gsolv calculation in /srv/scratch/z5358697/.automated/3792/0_PRESCREENING/CONF154/xtb_gsolv.
2025-04-03 17:49:58,761 -   censo.qm_processor   -  DEBUG   - worker3273439:Done.
2025-04-03 17:49:58,764 -   censo.qm_processor   -  DEBUG   - worker3273412:Running ['/srv/scratch/z5358697/.xtb/bin/xtb', 'gas.coord', '--gfn2', '--sp', '--chrg', '0', '--norestart', '--parallel', '1']...
2025-04-03 17:49:58,765 -   censo.qm_processor   -   INFO   - worker3273417:Running xtb_gsolv calculation in /srv/scratch/z5358697/.automated/3792/0_PRESCREENING/CONF152/xtb_gsolv.
2025-04-03 17:49:58,770 -   censo.qm_processor   -  DEBUG   - worker3273412:Started (PID: 3273761).
2025-04-03 17:49:58,786 -   censo.qm_processor   -  DEBUG   - worker3273417:Running ['/srv/scratch/z5358697/.xtb/bin/xtb', 'gas.coord', '--gfn2', '--sp', '--chrg', '0', '--norestart', '--parallel', '1']...
2025-04-03 17:49:58,786 -   censo.qm_processor   -  DEBUG   - worker3273439:Running ['/srv/scratch/z5358697/.xtb/bin/xtb', 'solv.coord', '--gfn2', '--sp', '--chrg', '0', '--norestart', '--parallel', '1', '--alpb', 'water', 'reference', '-I', 'xtb_sp-xcontrol-inp']...
2025-04-03 17:49:58,788 -   censo.qm_processor   -   INFO   - worker3273404:Running xtb_gsolv calculation in /srv/scratch/z5358697/.automated/3792/0_PRESCREENING/CONF155/xtb_gsolv.
2025-04-03 17:49:58,791 -   censo.qm_processor   -  DEBUG   - worker3273417:Started (PID: 3273762).
2025-04-03 17:49:58,791 -   censo.qm_processor   -  DEBUG   - worker3273439:Started (PID: 3273763).
2025-04-03 17:49:58,796 -   censo.qm_processor   -   INFO   - worker3273424:Running xtb_gsolv calculation in /srv/scratch/z5358697/.automated/3792/0_PRESCREENING/CONF148/xtb_gsolv.
2025-04-03 17:49:58,800 -   censo.qm_processor   -  DEBUG   - worker3273437:Done.
2025-04-03 17:49:58,805 -   censo.qm_processor   -  DEBUG   - worker3273404:Running ['/srv/scratch/z5358697/.xtb/bin/xtb', 'gas.coord', '--gfn2', '--sp', '--chrg', '0', '--norestart', '--parallel', '1']...
2025-04-03 17:49:58,809 -   censo.qm_processor   -  DEBUG   - worker3273430:Done.
2025-04-03 17:49:58,813 -   censo.qm_processor   -  DEBUG   - worker3273404:Started (PID: 3273764).
2025-04-03 17:49:58,827 -   censo.qm_processor   -  DEBUG   - worker3273437:Running ['/srv/scratch/z5358697/.xtb/bin/xtb', 'solv.coord', '--gfn2', '--sp', '--chrg', '0', '--norestart', '--parallel', '1', '--alpb', 'water', 'reference', '-I', 'xtb_sp-xcontrol-inp']...
2025-04-03 17:49:58,830 -   censo.qm_processor   -  DEBUG   - worker3273437:Started (PID: 3273765).
2025-04-03 17:49:58,835 -   censo.qm_processor   -  DEBUG   - worker3273430:Running ['/srv/scratch/z5358697/.xtb/bin/xtb', 'solv.coord', '--gfn2', '--sp', '--chrg', '0', '--norestart', '--parallel', '1', '--alpb', 'water', 'reference', '-I', 'xtb_sp-xcontrol-inp']...
2025-04-03 17:49:58,837 -   censo.qm_processor   -   INFO   - worker3273406:Running xtb_gsolv calculation in /srv/scratch/z5358697/.automated/3792/0_PRESCREENING/CONF157/xtb_gsolv.
2025-04-03 17:49:58,840 -   censo.qm_processor   -  DEBUG   - worker3273430:Started (PID: 3273766).
2025-04-03 17:49:58,845 -   censo.qm_processor   -   INFO   - worker3273423:Running xtb_gsolv calculation in /srv/scratch/z5358697/.automated/3792/0_PRESCREENING/CONF150/xtb_gsolv.
2025-04-03 17:49:58,849 -   censo.qm_processor   -  DEBUG   - worker3273412:Done.
2025-04-03 17:49:58,859 -   censo.qm_processor   -  DEBUG   - worker3273423:Running ['/srv/scratch/z5358697/.xtb/bin/xtb', 'gas.coord', '--gfn2', '--sp', '--chrg', '0', '--norestart', '--parallel', '1']...
2025-04-03 17:49:58,864 -   censo.qm_processor   -  DEBUG   - worker3273423:Started (PID: 3273767).
2025-04-03 17:49:58,867 -   censo.qm_processor   -   INFO   - worker3273420:Running xtb_gsolv calculation in /srv/scratch/z5358697/.automated/3792/0_PRESCREENING/CONF153/xtb_gsolv.
2025-04-03 17:49:58,868 -   censo.qm_processor   -  DEBUG   - worker3273424:Running ['/srv/scratch/z5358697/.xtb/bin/xtb', 'gas.coord', '--gfn2', '--sp', '--chrg', '0', '--norestart', '--parallel', '1']...
2025-04-03 17:49:58,868 -   censo.qm_processor   -  DEBUG   - worker3273439:Done.
2025-04-03 17:49:58,870 -     censo.parallel     -  DEBUG   - Free cores increased 0 -> 1.
2025-04-03 17:49:58,871 -     censo.parallel     -  DEBUG   - Free cores decreased 1 -> 0.
2025-04-03 17:49:58,872 -   censo.qm_processor   -  DEBUG   - worker3273439:Running on 1 cores.
2025-04-03 17:49:58,873 -   censo.qm_processor   -  DEBUG   - worker3273412:Running ['/srv/scratch/z5358697/.xtb/bin/xtb', 'solv.coord', '--gfn2', '--sp', '--chrg', '0', '--norestart', '--parallel', '1', '--alpb', 'water', 'reference', '-I', 'xtb_sp-xcontrol-inp']...
2025-04-03 17:49:58,875 -   censo.qm_processor   -  DEBUG   - worker3273417:Done.
2025-04-03 17:49:58,877 -   censo.qm_processor   -   INFO   - worker3273408:Running xtb_gsolv calculation in /srv/scratch/z5358697/.automated/3792/0_PRESCREENING/CONF156/xtb_gsolv.
2025-04-03 17:49:58,881 -   censo.qm_processor   -  DEBUG   - worker3273424:Started (PID: 3273768).
2025-04-03 17:49:58,885 -   censo.qm_processor   -  DEBUG   - worker3273420:Running ['/srv/scratch/z5358697/.xtb/bin/xtb', 'gas.coord', '--gfn2', '--sp', '--chrg', '0', '--norestart', '--parallel', '1']...
2025-04-03 17:49:58,889 -   censo.qm_processor   -  DEBUG   - worker3273420:Started (PID: 3273770).
2025-04-03 17:49:58,889 -   censo.qm_processor   -  DEBUG   - worker3273412:Started (PID: 3273769).
2025-04-03 17:49:58,890 -   censo.qm_processor   -  DEBUG   - worker3273406:Running ['/srv/scratch/z5358697/.xtb/bin/xtb', 'gas.coord', '--gfn2', '--sp', '--chrg', '0', '--norestart', '--parallel', '1']...
2025-04-03 17:49:58,893 -   censo.qm_processor   -  DEBUG   - worker3273406:Started (PID: 3273771).
2025-04-03 17:49:58,898 -   censo.qm_processor   -  DEBUG   - worker3273408:Running ['/srv/scratch/z5358697/.xtb/bin/xtb', 'gas.coord', '--gfn2', '--sp', '--chrg', '0', '--norestart', '--parallel', '1']...
2025-04-03 17:49:58,901 -   censo.qm_processor   -  DEBUG   - worker3273408:Started (PID: 3273772).
2025-04-03 17:49:58,903 -   censo.qm_processor   -  DEBUG   - worker3273417:Running ['/srv/scratch/z5358697/.xtb/bin/xtb', 'solv.coord', '--gfn2', '--sp', '--chrg', '0', '--norestart', '--parallel', '1', '--alpb', 'water', 'reference', '-I', 'xtb_sp-xcontrol-inp']...
2025-04-03 17:49:58,904 -   censo.qm_processor   -  DEBUG   - worker3273404:Done.
2025-04-03 17:49:58,908 -   censo.qm_processor   -  DEBUG   - worker3273417:Started (PID: 3273773).
2025-04-03 17:49:58,909 -   censo.qm_processor   -  DEBUG   - worker3273437:Done.
2025-04-03 17:49:58,911 -     censo.parallel     -  DEBUG   - Free cores increased 0 -> 1.
2025-04-03 17:49:58,912 -     censo.parallel     -  DEBUG   - Free cores decreased 1 -> 0.
2025-04-03 17:49:58,913 -   censo.qm_processor   -  DEBUG   - worker3273437:Running on 1 cores.
2025-04-03 17:49:58,929 -   censo.qm_processor   -  DEBUG   - worker3273404:Running ['/srv/scratch/z5358697/.xtb/bin/xtb', 'solv.coord', '--gfn2', '--sp', '--chrg', '0', '--norestart', '--parallel', '1', '--alpb', 'water', 'reference', '-I', 'xtb_sp-xcontrol-inp']...
2025-04-03 17:49:58,932 -   censo.qm_processor   -  DEBUG   - worker3273404:Started (PID: 3273774).
2025-04-03 17:49:58,947 -   censo.qm_processor   -  DEBUG   - worker3273423:Done.
2025-04-03 17:49:58,948 -   censo.qm_processor   -  DEBUG   - worker3273430:Done.
2025-04-03 17:49:58,950 -     censo.parallel     -  DEBUG   - Free cores increased 0 -> 1.
2025-04-03 17:49:58,951 -     censo.parallel     -  DEBUG   - Free cores decreased 1 -> 0.
2025-04-03 17:49:58,951 -   censo.qm_processor   -  DEBUG   - worker3273430:Running on 1 cores.
2025-04-03 17:49:58,970 -   censo.qm_processor   -  DEBUG   - worker3273420:Done.
2025-04-03 17:49:58,972 -   censo.qm_processor   -  DEBUG   - worker3273423:Running ['/srv/scratch/z5358697/.xtb/bin/xtb', 'solv.coord', '--gfn2', '--sp', '--chrg', '0', '--norestart', '--parallel', '1', '--alpb', 'water', 'reference', '-I', 'xtb_sp-xcontrol-inp']...
2025-04-03 17:49:58,973 -   censo.qm_processor   -  DEBUG   - worker3273424:Done.
2025-04-03 17:49:58,976 -   censo.qm_processor   -  DEBUG   - worker3273423:Started (PID: 3273775).
2025-04-03 17:49:58,977 -   censo.qm_processor   -  DEBUG   - worker3273406:Done.
2025-04-03 17:49:58,978 -   censo.qm_processor   -  DEBUG   - worker3273412:Done.
2025-04-03 17:49:58,979 -     censo.parallel     -  DEBUG   - Free cores increased 0 -> 1.
2025-04-03 17:49:58,980 -     censo.parallel     -  DEBUG   - Free cores decreased 1 -> 0.
2025-04-03 17:49:58,981 -   censo.qm_processor   -  DEBUG   - worker3273412:Running on 1 cores.
2025-04-03 17:49:58,983 -   censo.qm_processor   -  DEBUG   - worker3273408:Done.
2025-04-03 17:49:58,994 -   censo.qm_processor   -  DEBUG   - worker3273420:Running ['/srv/scratch/z5358697/.xtb/bin/xtb', 'solv.coord', '--gfn2', '--sp', '--chrg', '0', '--norestart', '--parallel', '1', '--alpb', 'water', 'reference', '-I', 'xtb_sp-xcontrol-inp']...
2025-04-03 17:49:58,997 -   censo.qm_processor   -  DEBUG   - worker3273424:Running ['/srv/scratch/z5358697/.xtb/bin/xtb', 'solv.coord', '--gfn2', '--sp', '--chrg', '0', '--norestart', '--parallel', '1', '--alpb', 'water', 'reference', '-I', 'xtb_sp-xcontrol-inp']...
2025-04-03 17:49:58,998 -   censo.qm_processor   -  DEBUG   - worker3273420:Started (PID: 3273776).
2025-04-03 17:49:59,001 -   censo.qm_processor   -  DEBUG   - worker3273424:Started (PID: 3273777).
2025-04-03 17:49:59,002 -   censo.qm_processor   -  DEBUG   - worker3273406:Running ['/srv/scratch/z5358697/.xtb/bin/xtb', 'solv.coord', '--gfn2', '--sp', '--chrg', '0', '--norestart', '--parallel', '1', '--alpb', 'water', 'reference', '-I', 'xtb_sp-xcontrol-inp']...
2025-04-03 17:49:59,005 -   censo.qm_processor   -  DEBUG   - worker3273406:Started (PID: 3273778).
2025-04-03 17:49:59,008 -   censo.qm_processor   -  DEBUG   - worker3273408:Running ['/srv/scratch/z5358697/.xtb/bin/xtb', 'solv.coord', '--gfn2', '--sp', '--chrg', '0', '--norestart', '--parallel', '1', '--alpb', 'water', 'reference', '-I', 'xtb_sp-xcontrol-inp']...
2025-04-03 17:49:59,011 -   censo.qm_processor   -  DEBUG   - worker3273408:Started (PID: 3273779).
2025-04-03 17:49:59,025 -   censo.qm_processor   -   INFO   - worker3273414:Running xtb_gsolv calculation in /srv/scratch/z5358697/.automated/3792/0_PRESCREENING/CONF149/xtb_gsolv.
2025-04-03 17:49:59,035 -   censo.qm_processor   -  DEBUG   - worker3273404:Done.
2025-04-03 17:49:59,035 -   censo.qm_processor   -  DEBUG   - worker3273417:Done.
2025-04-03 17:49:59,037 -     censo.parallel     -  DEBUG   - Free cores increased 0 -> 1.
2025-04-03 17:49:59,038 -     censo.parallel     -  DEBUG   - Free cores decreased 1 -> 0.
2025-04-03 17:49:59,038 -     censo.parallel     -  DEBUG   - Free cores increased 0 -> 1.
2025-04-03 17:49:59,039 -   censo.qm_processor   -  DEBUG   - worker3273404:Running on 1 cores.
2025-04-03 17:49:59,039 -     censo.parallel     -  DEBUG   - Free cores decreased 1 -> 0.
2025-04-03 17:49:59,039 -   censo.qm_processor   -  DEBUG   - worker3273417:Running on 1 cores.
2025-04-03 17:49:59,043 -   censo.qm_processor   -  DEBUG   - worker3273414:Running ['/srv/scratch/z5358697/.xtb/bin/xtb', 'gas.coord', '--gfn2', '--sp', '--chrg', '0', '--norestart', '--parallel', '1']...
2025-04-03 17:49:59,048 -   censo.qm_processor   -  DEBUG   - worker3273414:Started (PID: 3273780).
2025-04-03 17:49:59,057 -   censo.qm_processor   -  DEBUG   - worker3273423:Done.
2025-04-03 17:49:59,060 -     censo.parallel     -  DEBUG   - Free cores increased 0 -> 1.
2025-04-03 17:49:59,061 -     censo.parallel     -  DEBUG   - Free cores decreased 1 -> 0.
2025-04-03 17:49:59,061 -   censo.qm_processor   -  DEBUG   - worker3273423:Running on 1 cores.
2025-04-03 17:49:59,081 -   censo.qm_processor   -  DEBUG   - worker3273406:Done.
2025-04-03 17:49:59,081 -   censo.qm_processor   -  DEBUG   - worker3273424:Done.
2025-04-03 17:49:59,081 -   censo.qm_processor   -  DEBUG   - worker3273420:Done.
2025-04-03 17:49:59,083 -     censo.parallel     -  DEBUG   - Free cores increased 0 -> 1.
2025-04-03 17:49:59,084 -     censo.parallel     -  DEBUG   - Free cores decreased 1 -> 0.
2025-04-03 17:49:59,084 -     censo.parallel     -  DEBUG   - Free cores increased 0 -> 1.
2025-04-03 17:49:59,085 -   censo.qm_processor   -  DEBUG   - worker3273424:Running on 1 cores.
2025-04-03 17:49:59,085 -     censo.parallel     -  DEBUG   - Free cores decreased 1 -> 0.
2025-04-03 17:49:59,085 -     censo.parallel     -  DEBUG   - Free cores increased 0 -> 1.
2025-04-03 17:49:59,086 -   censo.qm_processor   -  DEBUG   - worker3273406:Running on 1 cores.
2025-04-03 17:49:59,086 -     censo.parallel     -  DEBUG   - Free cores decreased 1 -> 0.
2025-04-03 17:49:59,086 -   censo.qm_processor   -  DEBUG   - worker3273420:Running on 1 cores.
2025-04-03 17:49:59,122 -   censo.qm_processor   -  DEBUG   - worker3273414:Done.
2025-04-03 17:49:59,127 -   censo.qm_processor   -  DEBUG   - worker3273408:Done.
2025-04-03 17:49:59,130 -     censo.parallel     -  DEBUG   - Free cores increased 0 -> 1.
2025-04-03 17:49:59,131 -     censo.parallel     -  DEBUG   - Free cores decreased 1 -> 0.
2025-04-03 17:49:59,131 -   censo.qm_processor   -  DEBUG   - worker3273408:Running on 1 cores.
2025-04-03 17:49:59,149 -   censo.qm_processor   -  DEBUG   - worker3273414:Running ['/srv/scratch/z5358697/.xtb/bin/xtb', 'solv.coord', '--gfn2', '--sp', '--chrg', '0', '--norestart', '--parallel', '1', '--alpb', 'water', 'reference', '-I', 'xtb_sp-xcontrol-inp']...
2025-04-03 17:49:59,152 -   censo.qm_processor   -  DEBUG   - worker3273414:Started (PID: 3273782).
2025-04-03 17:49:59,168 -   censo.qm_processor   -   INFO   - worker3273439:Running xtb_gsolv calculation in /srv/scratch/z5358697/.automated/3792/0_PRESCREENING/CONF162/xtb_gsolv.
2025-04-03 17:49:59,179 -   censo.qm_processor   -   INFO   - worker3273410:Running xtb_gsolv calculation in /srv/scratch/z5358697/.automated/3792/0_PRESCREENING/CONF161/xtb_gsolv.
2025-04-03 17:49:59,185 -   censo.qm_processor   -  DEBUG   - worker3273439:Running ['/srv/scratch/z5358697/.xtb/bin/xtb', 'gas.coord', '--gfn2', '--sp', '--chrg', '0', '--norestart', '--parallel', '1']...
2025-04-03 17:49:59,191 -   censo.qm_processor   -  DEBUG   - worker3273439:Started (PID: 3273794).
2025-04-03 17:49:59,208 -   censo.qm_processor   -  DEBUG   - worker3273410:Running ['/srv/scratch/z5358697/.xtb/bin/xtb', 'gas.coord', '--gfn2', '--sp', '--chrg', '0', '--norestart', '--parallel', '1']...
2025-04-03 17:49:59,208 -   censo.qm_processor   -   INFO   - worker3273426:Running xtb_gsolv calculation in /srv/scratch/z5358697/.automated/3792/0_PRESCREENING/CONF151/xtb_gsolv.
2025-04-03 17:49:59,213 -   censo.qm_processor   -  DEBUG   - worker3273410:Started (PID: 3273799).
2025-04-03 17:49:59,224 -   censo.qm_processor   -   INFO   - worker3273406:Running xtb_gsolv calculation in /srv/scratch/z5358697/.automated/3792/0_PRESCREENING/CONF170/xtb_gsolv.
2025-04-03 17:49:59,227 -   censo.qm_processor   -  DEBUG   - worker3273426:Running ['/srv/scratch/z5358697/.xtb/bin/xtb', 'gas.coord', '--gfn2', '--sp', '--chrg', '0', '--norestart', '--parallel', '1']...
2025-04-03 17:49:59,232 -   censo.qm_processor   -  DEBUG   - worker3273426:Started (PID: 3273800).
2025-04-03 17:49:59,240 -   censo.qm_processor   -  DEBUG   - worker3273414:Done.
2025-04-03 17:49:59,240 -   censo.qm_processor   -   INFO   - worker3273423:Running xtb_gsolv calculation in /srv/scratch/z5358697/.automated/3792/0_PRESCREENING/CONF168/xtb_gsolv.
2025-04-03 17:49:59,241 -   censo.qm_processor   -  DEBUG   - worker3273406:Running ['/srv/scratch/z5358697/.xtb/bin/xtb', 'gas.coord', '--gfn2', '--sp', '--chrg', '0', '--norestart', '--parallel', '1']...
2025-04-03 17:49:59,241 -     censo.parallel     -  DEBUG   - Free cores increased 0 -> 1.
2025-04-03 17:49:59,241 -   censo.qm_processor   -   INFO   - worker3273412:Running xtb_gsolv calculation in /srv/scratch/z5358697/.automated/3792/0_PRESCREENING/CONF165/xtb_gsolv.
2025-04-03 17:49:59,242 -     censo.parallel     -  DEBUG   - Free cores decreased 1 -> 0.
2025-04-03 17:49:59,242 -   censo.qm_processor   -  DEBUG   - worker3273414:Running on 1 cores.
2025-04-03 17:49:59,246 -   censo.qm_processor   -  DEBUG   - worker3273406:Started (PID: 3273801).
2025-04-03 17:49:59,258 -   censo.qm_processor   -  DEBUG   - worker3273423:Running ['/srv/scratch/z5358697/.xtb/bin/xtb', 'gas.coord', '--gfn2', '--sp', '--chrg', '0', '--norestart', '--parallel', '1']...
2025-04-03 17:49:59,263 -   censo.qm_processor   -  DEBUG   - worker3273423:Started (PID: 3273802).
2025-04-03 17:49:59,264 -   censo.qm_processor   -  DEBUG   - worker3273412:Running ['/srv/scratch/z5358697/.xtb/bin/xtb', 'gas.coord', '--gfn2', '--sp', '--chrg', '0', '--norestart', '--parallel', '1']...
2025-04-03 17:49:59,264 -   censo.qm_processor   -   INFO   - worker3273437:Running xtb_gsolv calculation in /srv/scratch/z5358697/.automated/3792/0_PRESCREENING/CONF163/xtb_gsolv.
2025-04-03 17:49:59,267 -   censo.qm_processor   -  DEBUG   - worker3273412:Started (PID: 3273803).
2025-04-03 17:49:59,275 -   censo.qm_processor   -  DEBUG   - worker3273439:Done.
2025-04-03 17:49:59,279 -   censo.qm_processor   -  DEBUG   - worker3273437:Running ['/srv/scratch/z5358697/.xtb/bin/xtb', 'gas.coord', '--gfn2', '--sp', '--chrg', '0', '--norestart', '--parallel', '1']...
2025-04-03 17:49:59,282 -   censo.qm_processor   -  DEBUG   - worker3273410:Done.
2025-04-03 17:49:59,284 -   censo.qm_processor   -  DEBUG   - worker3273437:Started (PID: 3273804).
2025-04-03 17:49:59,299 -   censo.qm_processor   -  DEBUG   - worker3273439:Running ['/srv/scratch/z5358697/.xtb/bin/xtb', 'solv.coord', '--gfn2', '--sp', '--chrg', '0', '--norestart', '--parallel', '1', '--alpb', 'water', 'reference', '-I', 'xtb_sp-xcontrol-inp']...
2025-04-03 17:49:59,303 -   censo.qm_processor   -  DEBUG   - worker3273439:Started (PID: 3273805).
2025-04-03 17:49:59,305 -   censo.qm_processor   -  DEBUG   - worker3273410:Running ['/srv/scratch/z5358697/.xtb/bin/xtb', 'solv.coord', '--gfn2', '--sp', '--chrg', '0', '--norestart', '--parallel', '1', '--alpb', 'water', 'reference', '-I', 'xtb_sp-xcontrol-inp']...
2025-04-03 17:49:59,308 -   censo.qm_processor   -  DEBUG   - worker3273410:Started (PID: 3273806).
2025-04-03 17:49:59,317 -   censo.qm_processor   -  DEBUG   - worker3273426:Done.
2025-04-03 17:49:59,326 -   censo.qm_processor   -  DEBUG   - worker3273406:Done.
2025-04-03 17:49:59,338 -   censo.qm_processor   -  DEBUG   - worker3273412:Done.
2025-04-03 17:49:59,338 -   censo.qm_processor   -  DEBUG   - worker3273423:Done.
2025-04-03 17:49:59,344 -   censo.qm_processor   -  DEBUG   - worker3273426:Running ['/srv/scratch/z5358697/.xtb/bin/xtb', 'solv.coord', '--gfn2', '--sp', '--chrg', '0', '--norestart', '--parallel', '1', '--alpb', 'water', 'reference', '-I', 'xtb_sp-xcontrol-inp']...
2025-04-03 17:49:59,347 -   censo.qm_processor   -  DEBUG   - worker3273426:Started (PID: 3273807).
2025-04-03 17:49:59,355 -   censo.qm_processor   -  DEBUG   - worker3273406:Running ['/srv/scratch/z5358697/.xtb/bin/xtb', 'solv.coord', '--gfn2', '--sp', '--chrg', '0', '--norestart', '--parallel', '1', '--alpb', 'water', 'reference', '-I', 'xtb_sp-xcontrol-inp']...
2025-04-03 17:49:59,355 -   censo.qm_processor   -  DEBUG   - worker3273434:Running ['/srv/scratch/z5358697/.xtb/bin/xtb', 'gas.coord', '--gfn2', '--sp', '--chrg', '0', '--norestart', '--parallel', '1']...
2025-04-03 17:49:59,356 -   censo.qm_processor   -   INFO   - worker3273430:Running xtb_gsolv calculation in /srv/scratch/z5358697/.automated/3792/0_PRESCREENING/CONF164/xtb_gsolv.
2025-04-03 17:49:59,361 -   censo.qm_processor   -  DEBUG   - worker3273406:Started (PID: 3273808).
2025-04-03 17:49:59,361 -   censo.qm_processor   -  DEBUG   - worker3273434:Started (PID: 3273809).
2025-04-03 17:49:59,364 -   censo.qm_processor   -  DEBUG   - worker3273412:Running ['/srv/scratch/z5358697/.xtb/bin/xtb', 'solv.coord', '--gfn2', '--sp', '--chrg', '0', '--norestart', '--parallel', '1', '--alpb', 'water', 'reference', '-I', 'xtb_sp-xcontrol-inp']...
2025-04-03 17:49:59,364 -   censo.qm_processor   -  DEBUG   - worker3273423:Running ['/srv/scratch/z5358697/.xtb/bin/xtb', 'solv.coord', '--gfn2', '--sp', '--chrg', '0', '--norestart', '--parallel', '1', '--alpb', 'water', 'reference', '-I', 'xtb_sp-xcontrol-inp']...
2025-04-03 17:49:59,370 -   censo.qm_processor   -  DEBUG   - worker3273412:Started (PID: 3273810).
2025-04-03 17:49:59,370 -   censo.qm_processor   -  DEBUG   - worker3273423:Started (PID: 3273811).
2025-04-03 17:49:59,370 -   censo.qm_processor   -  DEBUG   - worker3273437:Done.
2025-04-03 17:49:59,374 -   censo.qm_processor   -   INFO   - worker3273414:Running xtb_gsolv calculation in /srv/scratch/z5358697/.automated/3792/0_PRESCREENING/CONF175/xtb_gsolv.
2025-04-03 17:49:59,376 -   censo.qm_processor   -  DEBUG   - worker3273430:Running ['/srv/scratch/z5358697/.xtb/bin/xtb', 'gas.coord', '--gfn2', '--sp', '--chrg', '0', '--norestart', '--parallel', '1']...
2025-04-03 17:49:59,382 -   censo.qm_processor   -  DEBUG   - worker3273430:Started (PID: 3273812).
2025-04-03 17:49:59,389 -   censo.qm_processor   -  DEBUG   - worker3273410:Done.
2025-04-03 17:49:59,392 -   censo.qm_processor   -  DEBUG   - worker3273414:Running ['/srv/scratch/z5358697/.xtb/bin/xtb', 'gas.coord', '--gfn2', '--sp', '--chrg', '0', '--norestart', '--parallel', '1']...
2025-04-03 17:49:59,392 -     censo.parallel     -  DEBUG   - Free cores increased 0 -> 1.
2025-04-03 17:49:59,393 -     censo.parallel     -  DEBUG   - Free cores decreased 1 -> 0.
2025-04-03 17:49:59,396 -   censo.qm_processor   -  DEBUG   - worker3273410:Running on 1 cores.
2025-04-03 17:49:59,398 -   censo.qm_processor   -  DEBUG   - worker3273437:Running ['/srv/scratch/z5358697/.xtb/bin/xtb', 'solv.coord', '--gfn2', '--sp', '--chrg', '0', '--norestart', '--parallel', '1', '--alpb', 'water', 'reference', '-I', 'xtb_sp-xcontrol-inp']...
2025-04-03 17:49:59,401 -   censo.qm_processor   -  DEBUG   - worker3273439:Done.
2025-04-03 17:49:59,402 -   censo.qm_processor   -  DEBUG   - worker3273414:Started (PID: 3273813).
2025-04-03 17:49:59,403 -     censo.parallel     -  DEBUG   - Free cores increased 0 -> 1.
2025-04-03 17:49:59,406 -     censo.parallel     -  DEBUG   - Free cores decreased 1 -> 0.
2025-04-03 17:49:59,408 -   censo.qm_processor   -  DEBUG   - worker3273439:Running on 1 cores.
2025-04-03 17:49:59,412 -   censo.qm_processor   -  DEBUG   - worker3273437:Started (PID: 3273814).
2025-04-03 17:49:59,428 -   censo.qm_processor   -  DEBUG   - worker3273426:Done.
2025-04-03 17:49:59,431 -     censo.parallel     -  DEBUG   - Free cores increased 0 -> 1.
2025-04-03 17:49:59,431 -     censo.parallel     -  DEBUG   - Free cores decreased 1 -> 0.
2025-04-03 17:49:59,432 -   censo.qm_processor   -  DEBUG   - worker3273426:Running on 1 cores.
2025-04-03 17:49:59,440 -   censo.qm_processor   -  DEBUG   - worker3273434:Done.
2025-04-03 17:49:59,446 -   censo.qm_processor   -  DEBUG   - worker3273406:Done.
2025-04-03 17:49:59,448 -     censo.parallel     -  DEBUG   - Free cores increased 0 -> 1.
2025-04-03 17:49:59,449 -     censo.parallel     -  DEBUG   - Free cores decreased 1 -> 0.
2025-04-03 17:49:59,449 -   censo.qm_processor   -  DEBUG   - worker3273406:Running on 1 cores.
2025-04-03 17:49:59,461 -   censo.qm_processor   -  DEBUG   - worker3273423:Done.
2025-04-03 17:49:59,462 -   censo.qm_processor   -  DEBUG   - worker3273412:Done.
2025-04-03 17:49:59,463 -     censo.parallel     -  DEBUG   - Free cores increased 0 -> 1.
2025-04-03 17:49:59,464 -     censo.parallel     -  DEBUG   - Free cores decreased 1 -> 0.
2025-04-03 17:49:59,464 -     censo.parallel     -  DEBUG   - Free cores increased 0 -> 1.
2025-04-03 17:49:59,465 -   censo.qm_processor   -  DEBUG   - worker3273423:Running on 1 cores.
2025-04-03 17:49:59,465 -     censo.parallel     -  DEBUG   - Free cores decreased 1 -> 0.
2025-04-03 17:49:59,466 -   censo.qm_processor   -  DEBUG   - worker3273412:Running on 1 cores.
2025-04-03 17:49:59,467 -   censo.qm_processor   -  DEBUG   - worker3273434:Running ['/srv/scratch/z5358697/.xtb/bin/xtb', 'solv.coord', '--gfn2', '--sp', '--chrg', '0', '--norestart', '--parallel', '1', '--alpb', 'water', 'reference', '-I', 'xtb_sp-xcontrol-inp']...
2025-04-03 17:49:59,470 -   censo.qm_processor   -  DEBUG   - worker3273434:Started (PID: 3273815).
2025-04-03 17:49:59,482 -   censo.qm_processor   -  DEBUG   - worker3273430:Done.
2025-04-03 17:49:59,502 -   censo.qm_processor   -  DEBUG   - worker3273437:Done.
2025-04-03 17:49:59,504 -     censo.parallel     -  DEBUG   - Free cores increased 0 -> 1.
2025-04-03 17:49:59,505 -     censo.parallel     -  DEBUG   - Free cores decreased 1 -> 0.
2025-04-03 17:49:59,505 -   censo.qm_processor   -  DEBUG   - worker3273437:Running on 1 cores.
2025-04-03 17:49:59,508 -   censo.qm_processor   -  DEBUG   - worker3273430:Running ['/srv/scratch/z5358697/.xtb/bin/xtb', 'solv.coord', '--gfn2', '--sp', '--chrg', '0', '--norestart', '--parallel', '1', '--alpb', 'water', 'reference', '-I', 'xtb_sp-xcontrol-inp']...
2025-04-03 17:49:59,511 -   censo.qm_processor   -  DEBUG   - worker3273430:Started (PID: 3273816).
2025-04-03 17:49:59,512 -   censo.qm_processor   -  DEBUG   - worker3273414:Done.
2025-04-03 17:49:59,525 -   censo.qm_processor   -   INFO   - worker3273424:Running xtb_gsolv calculation in /srv/scratch/z5358697/.automated/3792/0_PRESCREENING/CONF169/xtb_gsolv.
2025-04-03 17:49:59,532 -   censo.qm_processor   -   INFO   - worker3273404:Running xtb_gsolv calculation in /srv/scratch/z5358697/.automated/3792/0_PRESCREENING/CONF166/xtb_gsolv.
2025-04-03 17:49:59,541 -   censo.qm_processor   -  DEBUG   - worker3273414:Running ['/srv/scratch/z5358697/.xtb/bin/xtb', 'solv.coord', '--gfn2', '--sp', '--chrg', '0', '--norestart', '--parallel', '1', '--alpb', 'water', 'reference', '-I', 'xtb_sp-xcontrol-inp']...
2025-04-03 17:49:59,543 -   censo.qm_processor   -  DEBUG   - worker3273424:Running ['/srv/scratch/z5358697/.xtb/bin/xtb', 'gas.coord', '--gfn2', '--sp', '--chrg', '0', '--norestart', '--parallel', '1']...
2025-04-03 17:49:59,547 -   censo.qm_processor   -  DEBUG   - worker3273414:Started (PID: 3273817).
2025-04-03 17:49:59,547 -   censo.qm_processor   -  DEBUG   - worker3273424:Started (PID: 3273818).
2025-04-03 17:49:59,550 -   censo.qm_processor   -  DEBUG   - worker3273434:Done.
2025-04-03 17:49:59,550 -   censo.qm_processor   -  DEBUG   - worker3273404:Running ['/srv/scratch/z5358697/.xtb/bin/xtb', 'gas.coord', '--gfn2', '--sp', '--chrg', '0', '--norestart', '--parallel', '1']...
2025-04-03 17:49:59,551 -     censo.parallel     -  DEBUG   - Free cores increased 0 -> 1.
2025-04-03 17:49:59,554 -     censo.parallel     -  DEBUG   - Free cores decreased 1 -> 0.
2025-04-03 17:49:59,556 -   censo.qm_processor   -  DEBUG   - worker3273434:Running on 1 cores.
2025-04-03 17:49:59,558 -   censo.qm_processor   -  DEBUG   - worker3273404:Started (PID: 3273819).
2025-04-03 17:49:59,591 -   censo.qm_processor   -  DEBUG   - worker3273430:Done.
2025-04-03 17:49:59,595 -     censo.parallel     -  DEBUG   - Free cores increased 0 -> 1.
2025-04-03 17:49:59,596 -     censo.parallel     -  DEBUG   - Free cores decreased 1 -> 0.
2025-04-03 17:49:59,596 -   censo.qm_processor   -  DEBUG   - worker3273430:Running on 1 cores.
2025-04-03 17:49:59,620 -   censo.qm_processor   -   INFO   - worker3273420:Running xtb_gsolv calculation in /srv/scratch/z5358697/.automated/3792/0_PRESCREENING/CONF171/xtb_gsolv.
2025-04-03 17:49:59,622 -   censo.qm_processor   -   INFO   - worker3273408:Running xtb_gsolv calculation in /srv/scratch/z5358697/.automated/3792/0_PRESCREENING/CONF174/xtb_gsolv.
2025-04-03 17:49:59,624 -   censo.qm_processor   -  DEBUG   - worker3273424:Done.
2025-04-03 17:49:59,625 -   censo.qm_processor   -  DEBUG   - worker3273414:Done.
2025-04-03 17:49:59,626 -   censo.qm_processor   -   INFO   - worker3273417:Running xtb_gsolv calculation in /srv/scratch/z5358697/.automated/3792/0_PRESCREENING/CONF167/xtb_gsolv.
2025-04-03 17:49:59,627 -     censo.parallel     -  DEBUG   - Free cores increased 0 -> 1.
2025-04-03 17:49:59,628 -     censo.parallel     -  DEBUG   - Free cores decreased 1 -> 0.
2025-04-03 17:49:59,629 -   censo.qm_processor   -  DEBUG   - worker3273414:Running on 1 cores.
2025-04-03 17:49:59,640 -   censo.qm_processor   -  DEBUG   - worker3273420:Running ['/srv/scratch/z5358697/.xtb/bin/xtb', 'gas.coord', '--gfn2', '--sp', '--chrg', '0', '--norestart', '--parallel', '1']...
2025-04-03 17:49:59,642 -   censo.qm_processor   -  DEBUG   - worker3273408:Running ['/srv/scratch/z5358697/.xtb/bin/xtb', 'gas.coord', '--gfn2', '--sp', '--chrg', '0', '--norestart', '--parallel', '1']...
2025-04-03 17:49:59,647 -   censo.qm_processor   -  DEBUG   - worker3273420:Started (PID: 3273821).
2025-04-03 17:49:59,647 -   censo.qm_processor   -  DEBUG   - worker3273408:Started (PID: 3273822).
2025-04-03 17:49:59,649 -   censo.qm_processor   -  DEBUG   - worker3273404:Done.
2025-04-03 17:49:59,652 -   censo.qm_processor   -  DEBUG   - worker3273417:Running ['/srv/scratch/z5358697/.xtb/bin/xtb', 'gas.coord', '--gfn2', '--sp', '--chrg', '0', '--norestart', '--parallel', '1']...
2025-04-03 17:49:59,655 -   censo.qm_processor   -  DEBUG   - worker3273424:Running ['/srv/scratch/z5358697/.xtb/bin/xtb', 'solv.coord', '--gfn2', '--sp', '--chrg', '0', '--norestart', '--parallel', '1', '--alpb', 'water', 'reference', '-I', 'xtb_sp-xcontrol-inp']...
2025-04-03 17:49:59,658 -   censo.qm_processor   -  DEBUG   - worker3273417:Started (PID: 3273824).
2025-04-03 17:49:59,658 -   censo.qm_processor   -  DEBUG   - worker3273424:Started (PID: 3273826).
2025-04-03 17:49:59,679 -   censo.qm_processor   -  DEBUG   - worker3273404:Running ['/srv/scratch/z5358697/.xtb/bin/xtb', 'solv.coord', '--gfn2', '--sp', '--chrg', '0', '--norestart', '--parallel', '1', '--alpb', 'water', 'reference', '-I', 'xtb_sp-xcontrol-inp']...
2025-04-03 17:49:59,683 -   censo.qm_processor   -  DEBUG   - worker3273404:Started (PID: 3273827).
2025-04-03 17:49:59,709 -   censo.qm_processor   -   INFO   - worker3273405:Running xtb_gsolv calculation in /srv/scratch/z5358697/.automated/3792/0_PRESCREENING/CONF158/xtb_gsolv.
2025-04-03 17:49:59,720 -   censo.qm_processor   -  DEBUG   - worker3273408:Done.
2025-04-03 17:49:59,728 -   censo.qm_processor   -  DEBUG   - worker3273405:Running ['/srv/scratch/z5358697/.xtb/bin/xtb', 'gas.coord', '--gfn2', '--sp', '--chrg', '0', '--norestart', '--parallel', '1']...
2025-04-03 17:49:59,731 -   censo.qm_processor   -  DEBUG   - worker3273420:Done.
2025-04-03 17:49:59,731 -   censo.qm_processor   -  DEBUG   - worker3273417:Done.
2025-04-03 17:49:59,739 -   censo.qm_processor   -  DEBUG   - worker3273405:Started (PID: 3273828).
2025-04-03 17:49:59,746 -   censo.qm_processor   -  DEBUG   - worker3273408:Running ['/srv/scratch/z5358697/.xtb/bin/xtb', 'solv.coord', '--gfn2', '--sp', '--chrg', '0', '--norestart', '--parallel', '1', '--alpb', 'water', 'reference', '-I', 'xtb_sp-xcontrol-inp']...
2025-04-03 17:49:59,746 -   censo.qm_processor   -  DEBUG   - worker3273424:Done.
2025-04-03 17:49:59,748 -     censo.parallel     -  DEBUG   - Free cores increased 0 -> 1.
2025-04-03 17:49:59,751 -   censo.qm_processor   -  DEBUG   - worker3273408:Started (PID: 3273829).
2025-04-03 17:49:59,762 -   censo.qm_processor   -  DEBUG   - worker3273417:Running ['/srv/scratch/z5358697/.xtb/bin/xtb', 'solv.coord', '--gfn2', '--sp', '--chrg', '0', '--norestart', '--parallel', '1', '--alpb', 'water', 'reference', '-I', 'xtb_sp-xcontrol-inp']...
2025-04-03 17:49:59,762 -   censo.qm_processor   -  DEBUG   - worker3273420:Running ['/srv/scratch/z5358697/.xtb/bin/xtb', 'solv.coord', '--gfn2', '--sp', '--chrg', '0', '--norestart', '--parallel', '1', '--alpb', 'water', 'reference', '-I', 'xtb_sp-xcontrol-inp']...
2025-04-03 17:49:59,766 -   censo.qm_processor   -  DEBUG   - worker3273417:Started (PID: 3273831).
2025-04-03 17:49:59,766 -   censo.qm_processor   -  DEBUG   - worker3273420:Started (PID: 3273830).
2025-04-03 17:49:59,796 -   censo.qm_processor   -  DEBUG   - worker3273404:Done.
2025-04-03 17:49:59,799 -     censo.parallel     -  DEBUG   - Free cores increased 1 -> 2.
2025-04-03 17:49:59,810 -   censo.qm_processor   -  DEBUG   - worker3273405:Done.
2025-04-03 17:49:59,837 -   censo.qm_processor   -  DEBUG   - worker3273405:Running ['/srv/scratch/z5358697/.xtb/bin/xtb', 'solv.coord', '--gfn2', '--sp', '--chrg', '0', '--norestart', '--parallel', '1', '--alpb', 'water', 'reference', '-I', 'xtb_sp-xcontrol-inp']...
2025-04-03 17:49:59,841 -   censo.qm_processor   -  DEBUG   - worker3273405:Started (PID: 3273832).
2025-04-03 17:49:59,846 -   censo.qm_processor   -  DEBUG   - worker3273408:Done.
2025-04-03 17:49:59,848 -     censo.parallel     -  DEBUG   - Free cores increased 2 -> 3.
2025-04-03 17:49:59,859 -   censo.qm_processor   -  DEBUG   - worker3273417:Done.
2025-04-03 17:49:59,861 -     censo.parallel     -  DEBUG   - Free cores increased 3 -> 4.
2025-04-03 17:49:59,861 -   censo.qm_processor   -  DEBUG   - worker3273420:Done.
2025-04-03 17:49:59,863 -     censo.parallel     -  DEBUG   - Free cores increased 4 -> 5.
2025-04-03 17:49:59,926 -   censo.qm_processor   -  DEBUG   - worker3273405:Done.
2025-04-03 17:49:59,929 -     censo.parallel     -  DEBUG   - Free cores increased 5 -> 6.
2025-04-03 17:50:00,556 -   censo.qm_processor   -   INFO   - worker3273439:Running xtb_gsolv calculation in /srv/scratch/z5358697/.automated/3792/0_PRESCREENING/CONF173/xtb_gsolv.
2025-04-03 17:50:00,574 -   censo.qm_processor   -   INFO   - worker3273410:Running xtb_gsolv calculation in /srv/scratch/z5358697/.automated/3792/0_PRESCREENING/CONF172/xtb_gsolv.
2025-04-03 17:50:00,591 -   censo.qm_processor   -  DEBUG   - worker3273410:Running ['/srv/scratch/z5358697/.xtb/bin/xtb', 'gas.coord', '--gfn2', '--sp', '--chrg', '0', '--norestart', '--parallel', '1']...
2025-04-03 17:50:00,597 -   censo.qm_processor   -  DEBUG   - worker3273410:Started (PID: 3273843).
2025-04-03 17:50:00,612 -   censo.qm_processor   -   INFO   - worker3273434:Running xtb_gsolv calculation in /srv/scratch/z5358697/.automated/3792/0_PRESCREENING/CONF181/xtb_gsolv.
2025-04-03 17:50:00,615 -   censo.qm_processor   -   INFO   - worker3273426:Running xtb_gsolv calculation in /srv/scratch/z5358697/.automated/3792/0_PRESCREENING/CONF176/xtb_gsolv.
2025-04-03 17:50:00,633 -   censo.qm_processor   -  DEBUG   - worker3273426:Running ['/srv/scratch/z5358697/.xtb/bin/xtb', 'gas.coord', '--gfn2', '--sp', '--chrg', '0', '--norestart', '--parallel', '1']...
2025-04-03 17:50:00,637 -   censo.qm_processor   -   INFO   - worker3273423:Running xtb_gsolv calculation in /srv/scratch/z5358697/.automated/3792/0_PRESCREENING/CONF178/xtb_gsolv.
2025-04-03 17:50:00,639 -   censo.qm_processor   -  DEBUG   - worker3273439:Running ['/srv/scratch/z5358697/.xtb/bin/xtb', 'gas.coord', '--gfn2', '--sp', '--chrg', '0', '--norestart', '--parallel', '1']...
2025-04-03 17:50:00,643 -   censo.qm_processor   -  DEBUG   - worker3273426:Started (PID: 3273844).
2025-04-03 17:50:00,646 -   censo.qm_processor   -  DEBUG   - worker3273439:Started (PID: 3273845).
2025-04-03 17:50:00,654 -   censo.qm_processor   -  DEBUG   - worker3273423:Running ['/srv/scratch/z5358697/.xtb/bin/xtb', 'gas.coord', '--gfn2', '--sp', '--chrg', '0', '--norestart', '--parallel', '1']...
2025-04-03 17:50:00,655 -   censo.qm_processor   -   INFO   - worker3273406:Running xtb_gsolv calculation in /srv/scratch/z5358697/.automated/3792/0_PRESCREENING/CONF177/xtb_gsolv.
2025-04-03 17:50:00,659 -   censo.qm_processor   -  DEBUG   - worker3273434:Running ['/srv/scratch/z5358697/.xtb/bin/xtb', 'gas.coord', '--gfn2', '--sp', '--chrg', '0', '--norestart', '--parallel', '1']...
2025-04-03 17:50:00,662 -   censo.qm_processor   -  DEBUG   - worker3273423:Started (PID: 3273846).
2025-04-03 17:50:00,663 -   censo.qm_processor   -  DEBUG   - worker3273410:Done.
2025-04-03 17:50:00,667 -   censo.qm_processor   -  DEBUG   - worker3273434:Started (PID: 3273847).
2025-04-03 17:50:00,673 -   censo.qm_processor   -  DEBUG   - worker3273406:Running ['/srv/scratch/z5358697/.xtb/bin/xtb', 'gas.coord', '--gfn2', '--sp', '--chrg', '0', '--norestart', '--parallel', '1']...
2025-04-03 17:50:00,676 -   censo.qm_processor   -  DEBUG   - worker3273406:Started (PID: 3273848).
2025-04-03 17:50:00,690 -   censo.qm_processor   -  DEBUG   - worker3273410:Running ['/srv/scratch/z5358697/.xtb/bin/xtb', 'solv.coord', '--gfn2', '--sp', '--chrg', '0', '--norestart', '--parallel', '1', '--alpb', 'water', 'reference', '-I', 'xtb_sp-xcontrol-inp']...
2025-04-03 17:50:00,694 -   censo.qm_processor   -  DEBUG   - worker3273410:Started (PID: 3273849).
2025-04-03 17:50:00,714 -   censo.qm_processor   -  DEBUG   - worker3273439:Done.
2025-04-03 17:50:00,725 -   censo.qm_processor   -  DEBUG   - worker3273426:Done.
2025-04-03 17:50:00,739 -   censo.qm_processor   -  DEBUG   - worker3273423:Done.
2025-04-03 17:50:00,740 -   censo.qm_processor   -  DEBUG   - worker3273434:Done.
2025-04-03 17:50:00,740 -   censo.qm_processor   -  DEBUG   - worker3273439:Running ['/srv/scratch/z5358697/.xtb/bin/xtb', 'solv.coord', '--gfn2', '--sp', '--chrg', '0', '--norestart', '--parallel', '1', '--alpb', 'water', 'reference', '-I', 'xtb_sp-xcontrol-inp']...
2025-04-03 17:50:00,744 -   censo.qm_processor   -  DEBUG   - worker3273439:Started (PID: 3273850).
2025-04-03 17:50:00,749 -   censo.qm_processor   -  DEBUG   - worker3273426:Running ['/srv/scratch/z5358697/.xtb/bin/xtb', 'solv.coord', '--gfn2', '--sp', '--chrg', '0', '--norestart', '--parallel', '1', '--alpb', 'water', 'reference', '-I', 'xtb_sp-xcontrol-inp']...
2025-04-03 17:50:00,752 -   censo.qm_processor   -  DEBUG   - worker3273426:Started (PID: 3273851).
2025-04-03 17:50:00,764 -   censo.qm_processor   -  DEBUG   - worker3273423:Running ['/srv/scratch/z5358697/.xtb/bin/xtb', 'solv.coord', '--gfn2', '--sp', '--chrg', '0', '--norestart', '--parallel', '1', '--alpb', 'water', 'reference', '-I', 'xtb_sp-xcontrol-inp']...
2025-04-03 17:50:00,764 -   censo.qm_processor   -  DEBUG   - worker3273434:Running ['/srv/scratch/z5358697/.xtb/bin/xtb', 'solv.coord', '--gfn2', '--sp', '--chrg', '0', '--norestart', '--parallel', '1', '--alpb', 'water', 'reference', '-I', 'xtb_sp-xcontrol-inp']...
2025-04-03 17:50:00,767 -   censo.qm_processor   -  DEBUG   - worker3273434:Started (PID: 3273853).
2025-04-03 17:50:00,767 -   censo.qm_processor   -  DEBUG   - worker3273423:Started (PID: 3273852).
2025-04-03 17:50:00,770 -   censo.qm_processor   -  DEBUG   - worker3273406:Done.
2025-04-03 17:50:00,796 -   censo.qm_processor   -  DEBUG   - worker3273406:Running ['/srv/scratch/z5358697/.xtb/bin/xtb', 'solv.coord', '--gfn2', '--sp', '--chrg', '0', '--norestart', '--parallel', '1', '--alpb', 'water', 'reference', '-I', 'xtb_sp-xcontrol-inp']...
2025-04-03 17:50:00,799 -   censo.qm_processor   -  DEBUG   - worker3273406:Started (PID: 3273854).
2025-04-03 17:50:00,808 -   censo.qm_processor   -  DEBUG   - worker3273410:Done.
2025-04-03 17:50:00,810 -     censo.parallel     -  DEBUG   - Free cores increased 6 -> 7.
2025-04-03 17:50:00,835 -   censo.qm_processor   -  DEBUG   - worker3273426:Done.
2025-04-03 17:50:00,836 -   censo.qm_processor   -  DEBUG   - worker3273439:Done.
2025-04-03 17:50:00,837 -     censo.parallel     -  DEBUG   - Free cores increased 7 -> 8.
2025-04-03 17:50:00,838 -     censo.parallel     -  DEBUG   - Free cores increased 8 -> 9.
2025-04-03 17:50:00,843 -   censo.qm_processor   -  DEBUG   - worker3273434:Done.
2025-04-03 17:50:00,844 -   censo.qm_processor   -  DEBUG   - worker3273423:Done.
2025-04-03 17:50:00,844 -     censo.parallel     -  DEBUG   - Free cores increased 9 -> 10.
2025-04-03 17:50:00,845 -     censo.parallel     -  DEBUG   - Free cores increased 10 -> 11.
2025-04-03 17:50:00,908 -   censo.qm_processor   -  DEBUG   - worker3273406:Done.
2025-04-03 17:50:00,911 -     censo.parallel     -  DEBUG   - Free cores increased 11 -> 12.
2025-04-03 17:50:01,425 -   censo.qm_processor   -   INFO   - worker3273437:Running xtb_gsolv calculation in /srv/scratch/z5358697/.automated/3792/0_PRESCREENING/CONF180/xtb_gsolv.
2025-04-03 17:50:01,442 -   censo.qm_processor   -  DEBUG   - worker3273437:Running ['/srv/scratch/z5358697/.xtb/bin/xtb', 'gas.coord', '--gfn2', '--sp', '--chrg', '0', '--norestart', '--parallel', '1']...
2025-04-03 17:50:01,443 -   censo.qm_processor   -   INFO   - worker3273412:Running xtb_gsolv calculation in /srv/scratch/z5358697/.automated/3792/0_PRESCREENING/CONF179/xtb_gsolv.
2025-04-03 17:50:01,449 -   censo.qm_processor   -  DEBUG   - worker3273437:Started (PID: 3273858).
2025-04-03 17:50:01,513 -   censo.qm_processor   -   INFO   - worker3273430:Running xtb_gsolv calculation in /srv/scratch/z5358697/.automated/3792/0_PRESCREENING/CONF182/xtb_gsolv.
2025-04-03 17:50:01,518 -   censo.qm_processor   -  DEBUG   - worker3273437:Done.
2025-04-03 17:50:01,531 -   censo.qm_processor   -  DEBUG   - worker3273430:Running ['/srv/scratch/z5358697/.xtb/bin/xtb', 'gas.coord', '--gfn2', '--sp', '--chrg', '0', '--norestart', '--parallel', '1']...
2025-04-03 17:50:01,538 -   censo.qm_processor   -  DEBUG   - worker3273430:Started (PID: 3273859).
2025-04-03 17:50:01,546 -   censo.qm_processor   -  DEBUG   - worker3273437:Running ['/srv/scratch/z5358697/.xtb/bin/xtb', 'solv.coord', '--gfn2', '--sp', '--chrg', '0', '--norestart', '--parallel', '1', '--alpb', 'water', 'reference', '-I', 'xtb_sp-xcontrol-inp']...
2025-04-03 17:50:01,549 -   censo.qm_processor   -  DEBUG   - worker3273437:Started (PID: 3273860).
2025-04-03 17:50:01,618 -   censo.qm_processor   -  DEBUG   - worker3273430:Done.
2025-04-03 17:50:01,621 -   censo.qm_processor   -  DEBUG   - worker3273437:Done.
2025-04-03 17:50:01,623 -     censo.parallel     -  DEBUG   - Free cores increased 12 -> 13.
2025-04-03 17:50:01,645 -   censo.qm_processor   -  DEBUG   - worker3273430:Running ['/srv/scratch/z5358697/.xtb/bin/xtb', 'solv.coord', '--gfn2', '--sp', '--chrg', '0', '--norestart', '--parallel', '1', '--alpb', 'water', 'reference', '-I', 'xtb_sp-xcontrol-inp']...
2025-04-03 17:50:01,648 -   censo.qm_processor   -  DEBUG   - worker3273430:Started (PID: 3273861).
2025-04-03 17:50:01,722 -   censo.qm_processor   -  DEBUG   - worker3273430:Done.
2025-04-03 17:50:01,725 -     censo.parallel     -  DEBUG   - Free cores increased 13 -> 14.
2025-04-03 17:50:01,953 -   censo.qm_processor   -  DEBUG   - worker3273412:Running ['/srv/scratch/z5358697/.xtb/bin/xtb', 'gas.coord', '--gfn2', '--sp', '--chrg', '0', '--norestart', '--parallel', '1']...
2025-04-03 17:50:01,957 -   censo.qm_processor   -  DEBUG   - worker3273412:Started (PID: 3273862).
2025-04-03 17:50:02,025 -   censo.qm_processor   -  DEBUG   - worker3273412:Done.
2025-04-03 17:50:02,053 -   censo.qm_processor   -  DEBUG   - worker3273412:Running ['/srv/scratch/z5358697/.xtb/bin/xtb', 'solv.coord', '--gfn2', '--sp', '--chrg', '0', '--norestart', '--parallel', '1', '--alpb', 'water', 'reference', '-I', 'xtb_sp-xcontrol-inp']...
2025-04-03 17:50:02,057 -   censo.qm_processor   -  DEBUG   - worker3273412:Started (PID: 3273863).
2025-04-03 17:50:02,143 -   censo.qm_processor   -  DEBUG   - worker3273412:Done.
2025-04-03 17:50:02,146 -     censo.parallel     -  DEBUG   - Free cores increased 14 -> 15.
2025-04-03 17:50:02,886 -   censo.qm_processor   -   INFO   - worker3273414:Running xtb_gsolv calculation in /srv/scratch/z5358697/.automated/3792/0_PRESCREENING/CONF183/xtb_gsolv.
2025-04-03 17:50:02,914 -   censo.qm_processor   -  DEBUG   - worker3273414:Running ['/srv/scratch/z5358697/.xtb/bin/xtb', 'gas.coord', '--gfn2', '--sp', '--chrg', '0', '--norestart', '--parallel', '1']...
2025-04-03 17:50:02,920 -   censo.qm_processor   -  DEBUG   - worker3273414:Started (PID: 3273864).
2025-04-03 17:50:02,990 -   censo.qm_processor   -  DEBUG   - worker3273414:Done.
2025-04-03 17:50:03,020 -   censo.qm_processor   -  DEBUG   - worker3273414:Running ['/srv/scratch/z5358697/.xtb/bin/xtb', 'solv.coord', '--gfn2', '--sp', '--chrg', '0', '--norestart', '--parallel', '1', '--alpb', 'water', 'reference', '-I', 'xtb_sp-xcontrol-inp']...
2025-04-03 17:50:03,024 -   censo.qm_processor   -  DEBUG   - worker3273414:Started (PID: 3273865).
2025-04-03 17:50:03,111 -   censo.qm_processor   -  DEBUG   - worker3273414:Done.
2025-04-03 17:50:03,113 -     censo.parallel     -  DEBUG   - Free cores increased 15 -> 16.
2025-04-03 17:50:03,125 -     censo.parallel     -  DEBUG   - Checking for failed jobs...
2025-04-03 17:50:03,126 -     censo.parallel     -   INFO   - All jobs executed successfully.
2025-04-03 17:50:03,135 -     censo.parallel     -  DEBUG   - Free cores decreased 16 -> 15.
2025-04-03 17:50:03,146 -   censo.qm_processor   -  DEBUG   - worker3273908:Running on 1 cores.
2025-04-03 17:50:03,146 -     censo.parallel     -  DEBUG   - Free cores decreased 15 -> 14.
2025-04-03 17:50:03,147 -     censo.parallel     -  DEBUG   - Free cores decreased 14 -> 13.
2025-04-03 17:50:03,147 -     censo.parallel     -  DEBUG   - Free cores decreased 13 -> 12.
2025-04-03 17:50:03,147 -   censo.qm_processor   -  DEBUG   - worker3273909:Running on 1 cores.
2025-04-03 17:50:03,147 -     censo.parallel     -  DEBUG   - Free cores decreased 12 -> 11.
2025-04-03 17:50:03,148 -   censo.qm_processor   -  DEBUG   - worker3273910:Running on 1 cores.
2025-04-03 17:50:03,148 -     censo.parallel     -  DEBUG   - Free cores decreased 11 -> 10.
2025-04-03 17:50:03,148 -     censo.parallel     -  DEBUG   - Free cores decreased 10 -> 9.
2025-04-03 17:50:03,148 -   censo.qm_processor   -  DEBUG   - worker3273914:Running on 1 cores.
2025-04-03 17:50:03,148 -     censo.parallel     -  DEBUG   - Free cores decreased 9 -> 8.
2025-04-03 17:50:03,148 -   censo.qm_processor   -  DEBUG   - worker3273916:Running on 1 cores.
2025-04-03 17:50:03,148 -   censo.qm_processor   -  DEBUG   - worker3273912:Running on 1 cores.
2025-04-03 17:50:03,149 -     censo.parallel     -  DEBUG   - Free cores decreased 8 -> 7.
2025-04-03 17:50:03,149 -     censo.parallel     -  DEBUG   - Free cores decreased 7 -> 6.
2025-04-03 17:50:03,149 -   censo.qm_processor   -  DEBUG   - worker3273923:Running on 1 cores.
2025-04-03 17:50:03,149 -   censo.qm_processor   -  DEBUG   - worker3273925:Running on 1 cores.
2025-04-03 17:50:03,149 -     censo.parallel     -  DEBUG   - Free cores decreased 6 -> 5.
2025-04-03 17:50:03,149 -   censo.qm_processor   -  DEBUG   - worker3273920:Running on 1 cores.
2025-04-03 17:50:03,150 -     censo.parallel     -  DEBUG   - Free cores decreased 5 -> 4.
2025-04-03 17:50:03,150 -   censo.qm_processor   -  DEBUG   - worker3273929:Running on 1 cores.
2025-04-03 17:50:03,150 -   censo.qm_processor   -  DEBUG   - worker3273933:Running on 1 cores.
2025-04-03 17:50:03,150 -     censo.parallel     -  DEBUG   - Free cores decreased 4 -> 3.
2025-04-03 17:50:03,150 -     censo.parallel     -  DEBUG   - Free cores decreased 3 -> 2.
2025-04-03 17:50:03,150 -   censo.qm_processor   -  DEBUG   - worker3273937:Running on 1 cores.
2025-04-03 17:50:03,151 -     censo.parallel     -  DEBUG   - Free cores decreased 2 -> 1.
2025-04-03 17:50:03,151 -   censo.qm_processor   -  DEBUG   - worker3273940:Running on 1 cores.
2025-04-03 17:50:03,151 -   censo.qm_processor   -  DEBUG   - worker3273943:Running on 1 cores.
2025-04-03 17:50:03,151 -     censo.parallel     -  DEBUG   - Free cores decreased 1 -> 0.
2025-04-03 17:50:03,151 -   censo.qm_processor   -  DEBUG   - worker3273947:Running on 1 cores.
2025-04-03 17:50:03,152 -   censo.qm_processor   -  DEBUG   - worker3273950:Running on 1 cores.
2025-04-03 17:50:03,152 -   censo.qm_processor   -   INFO   - worker3273908:Running sp calculation in /srv/scratch/z5358697/.automated/3792/0_PRESCREENING/CONF1/sp.
2025-04-03 17:50:03,156 -   censo.qm_processor   -   INFO   - worker3273910:Running sp calculation in /srv/scratch/z5358697/.automated/3792/0_PRESCREENING/CONF2/sp.
2025-04-03 17:50:03,156 -   censo.qm_processor   -   INFO   - worker3273909:Running sp calculation in /srv/scratch/z5358697/.automated/3792/0_PRESCREENING/CONF3/sp.
2025-04-03 17:50:03,158 -   censo.qm_processor   -   INFO   - worker3273914:Running sp calculation in /srv/scratch/z5358697/.automated/3792/0_PRESCREENING/CONF5/sp.
2025-04-03 17:50:03,165 -   censo.qm_processor   -   INFO   - worker3273916:Running sp calculation in /srv/scratch/z5358697/.automated/3792/0_PRESCREENING/CONF6/sp.
2025-04-03 17:50:03,169 -   censo.qm_processor   -   INFO   - worker3273912:Running sp calculation in /srv/scratch/z5358697/.automated/3792/0_PRESCREENING/CONF4/sp.
2025-04-03 17:50:03,171 -   censo.qm_processor   -   INFO   - worker3273920:Running sp calculation in /srv/scratch/z5358697/.automated/3792/0_PRESCREENING/CONF8/sp.
2025-04-03 17:50:03,172 -   censo.qm_processor   -  DEBUG   - worker3273910:Running ['/apps/z_install_tree/linux-rocky8-ivybridge/gcc-12.2.0/orca-6.0.0-srtngmq3qlimg2qxbl6avaaiffipurdx/bin/orca', 'sp.inp']...
2025-04-03 17:50:03,174 -   censo.qm_processor   -   INFO   - worker3273933:Running sp calculation in /srv/scratch/z5358697/.automated/3792/0_PRESCREENING/CONF11/sp.
2025-04-03 17:50:03,177 -   censo.qm_processor   -   INFO   - worker3273923:Running sp calculation in /srv/scratch/z5358697/.automated/3792/0_PRESCREENING/CONF7/sp.
2025-04-03 17:50:03,178 -   censo.qm_processor   -  DEBUG   - worker3273910:Started (PID: 3273958).
2025-04-03 17:50:03,178 -   censo.qm_processor   -  DEBUG   - worker3273909:Running ['/apps/z_install_tree/linux-rocky8-ivybridge/gcc-12.2.0/orca-6.0.0-srtngmq3qlimg2qxbl6avaaiffipurdx/bin/orca', 'sp.inp']...
2025-04-03 17:50:03,180 -   censo.qm_processor   -   INFO   - worker3273937:Running sp calculation in /srv/scratch/z5358697/.automated/3792/0_PRESCREENING/CONF12/sp.
2025-04-03 17:50:03,181 -   censo.qm_processor   -  DEBUG   - worker3273916:Running ['/apps/z_install_tree/linux-rocky8-ivybridge/gcc-12.2.0/orca-6.0.0-srtngmq3qlimg2qxbl6avaaiffipurdx/bin/orca', 'sp.inp']...
2025-04-03 17:50:03,183 -   censo.qm_processor   -  DEBUG   - worker3273914:Running ['/apps/z_install_tree/linux-rocky8-ivybridge/gcc-12.2.0/orca-6.0.0-srtngmq3qlimg2qxbl6avaaiffipurdx/bin/orca', 'sp.inp']...
2025-04-03 17:50:03,184 -   censo.qm_processor   -   INFO   - worker3273925:Running sp calculation in /srv/scratch/z5358697/.automated/3792/0_PRESCREENING/CONF9/sp.
2025-04-03 17:50:03,186 -   censo.qm_processor   -   INFO   - worker3273929:Running sp calculation in /srv/scratch/z5358697/.automated/3792/0_PRESCREENING/CONF10/sp.
2025-04-03 17:50:03,191 -   censo.qm_processor   -  DEBUG   - worker3273916:Started (PID: 3273960).
2025-04-03 17:50:03,191 -   censo.qm_processor   -  DEBUG   - worker3273914:Started (PID: 3273961).
2025-04-03 17:50:03,191 -   censo.qm_processor   -   INFO   - worker3273943:Running sp calculation in /srv/scratch/z5358697/.automated/3792/0_PRESCREENING/CONF14/sp.
2025-04-03 17:50:03,192 -   censo.qm_processor   -  DEBUG   - worker3273909:Started (PID: 3273959).
2025-04-03 17:50:03,193 -   censo.qm_processor   -   INFO   - worker3273947:Running sp calculation in /srv/scratch/z5358697/.automated/3792/0_PRESCREENING/CONF15/sp.
2025-04-03 17:50:03,193 -   censo.qm_processor   -  DEBUG   - worker3273920:Running ['/apps/z_install_tree/linux-rocky8-ivybridge/gcc-12.2.0/orca-6.0.0-srtngmq3qlimg2qxbl6avaaiffipurdx/bin/orca', 'sp.inp']...
2025-04-03 17:50:03,194 -   censo.qm_processor   -  DEBUG   - worker3273923:Running ['/apps/z_install_tree/linux-rocky8-ivybridge/gcc-12.2.0/orca-6.0.0-srtngmq3qlimg2qxbl6avaaiffipurdx/bin/orca', 'sp.inp']...
2025-04-03 17:50:03,196 -   censo.qm_processor   -   INFO   - worker3273940:Running sp calculation in /srv/scratch/z5358697/.automated/3792/0_PRESCREENING/CONF13/sp.
2025-04-03 17:50:03,198 -   censo.qm_processor   -  DEBUG   - worker3273937:Running ['/apps/z_install_tree/linux-rocky8-ivybridge/gcc-12.2.0/orca-6.0.0-srtngmq3qlimg2qxbl6avaaiffipurdx/bin/orca', 'sp.inp']...
2025-04-03 17:50:03,201 -   censo.qm_processor   -   INFO   - worker3273950:Running sp calculation in /srv/scratch/z5358697/.automated/3792/0_PRESCREENING/CONF16/sp.
2025-04-03 17:50:03,204 -   censo.qm_processor   -  DEBUG   - worker3273925:Running ['/apps/z_install_tree/linux-rocky8-ivybridge/gcc-12.2.0/orca-6.0.0-srtngmq3qlimg2qxbl6avaaiffipurdx/bin/orca', 'sp.inp']...
2025-04-03 17:50:03,210 -   censo.qm_processor   -  DEBUG   - worker3273929:Running ['/apps/z_install_tree/linux-rocky8-ivybridge/gcc-12.2.0/orca-6.0.0-srtngmq3qlimg2qxbl6avaaiffipurdx/bin/orca', 'sp.inp']...
2025-04-03 17:50:03,210 -   censo.qm_processor   -  DEBUG   - worker3273920:Started (PID: 3273962).
2025-04-03 17:50:03,210 -   censo.qm_processor   -  DEBUG   - worker3273923:Started (PID: 3273963).
2025-04-03 17:50:03,210 -   censo.qm_processor   -  DEBUG   - worker3273937:Started (PID: 3273964).
2025-04-03 17:50:03,212 -   censo.qm_processor   -  DEBUG   - worker3273933:Running ['/apps/z_install_tree/linux-rocky8-ivybridge/gcc-12.2.0/orca-6.0.0-srtngmq3qlimg2qxbl6avaaiffipurdx/bin/orca', 'sp.inp']...
2025-04-03 17:50:03,213 -   censo.qm_processor   -  DEBUG   - worker3273943:Running ['/apps/z_install_tree/linux-rocky8-ivybridge/gcc-12.2.0/orca-6.0.0-srtngmq3qlimg2qxbl6avaaiffipurdx/bin/orca', 'sp.inp']...
2025-04-03 17:50:03,215 -   censo.qm_processor   -  DEBUG   - worker3273947:Running ['/apps/z_install_tree/linux-rocky8-ivybridge/gcc-12.2.0/orca-6.0.0-srtngmq3qlimg2qxbl6avaaiffipurdx/bin/orca', 'sp.inp']...
2025-04-03 17:50:03,225 -   censo.qm_processor   -  DEBUG   - worker3273950:Running ['/apps/z_install_tree/linux-rocky8-ivybridge/gcc-12.2.0/orca-6.0.0-srtngmq3qlimg2qxbl6avaaiffipurdx/bin/orca', 'sp.inp']...
2025-04-03 17:50:03,226 -   censo.qm_processor   -  DEBUG   - worker3273929:Started (PID: 3273966).
2025-04-03 17:50:03,240 -   censo.qm_processor   -  DEBUG   - worker3273933:Started (PID: 3273967).
2025-04-03 17:50:03,240 -   censo.qm_processor   -  DEBUG   - worker3273947:Started (PID: 3273969).
2025-04-03 17:50:03,240 -   censo.qm_processor   -  DEBUG   - worker3273950:Started (PID: 3273970).
2025-04-03 17:50:03,240 -   censo.qm_processor   -  DEBUG   - worker3273943:Started (PID: 3273968).
2025-04-03 17:50:03,240 -   censo.qm_processor   -  DEBUG   - worker3273925:Started (PID: 3273965).
2025-04-03 17:50:03,249 -   censo.qm_processor   -  DEBUG   - worker3273908:Running ['/apps/z_install_tree/linux-rocky8-ivybridge/gcc-12.2.0/orca-6.0.0-srtngmq3qlimg2qxbl6avaaiffipurdx/bin/orca', 'sp.inp']...
2025-04-03 17:50:03,252 -   censo.qm_processor   -  DEBUG   - worker3273908:Started (PID: 3273971).
2025-04-03 17:50:03,350 -   censo.qm_processor   -  DEBUG   - worker3273940:Running ['/apps/z_install_tree/linux-rocky8-ivybridge/gcc-12.2.0/orca-6.0.0-srtngmq3qlimg2qxbl6avaaiffipurdx/bin/orca', 'sp.inp']...
2025-04-03 17:50:03,354 -   censo.qm_processor   -  DEBUG   - worker3273940:Started (PID: 3273972).
2025-04-03 17:50:03,758 -   censo.qm_processor   -  DEBUG   - worker3273912:Running ['/apps/z_install_tree/linux-rocky8-ivybridge/gcc-12.2.0/orca-6.0.0-srtngmq3qlimg2qxbl6avaaiffipurdx/bin/orca', 'sp.inp']...
2025-04-03 17:50:03,762 -   censo.qm_processor   -  DEBUG   - worker3273912:Started (PID: 3273973).
2025-04-03 17:51:22,091 -   censo.qm_processor   -  DEBUG   - worker3273940:Done.
2025-04-03 17:51:22,101 -     censo.parallel     -  DEBUG   - Free cores increased 0 -> 1.
2025-04-03 17:51:22,102 -     censo.parallel     -  DEBUG   - Free cores decreased 1 -> 0.
2025-04-03 17:51:22,103 -   censo.qm_processor   -  DEBUG   - worker3273940:Running on 1 cores.
2025-04-03 17:51:22,108 -   censo.qm_processor   -   INFO   - worker3273940:Running sp calculation in /srv/scratch/z5358697/.automated/3792/0_PRESCREENING/CONF17/sp.
2025-04-03 17:51:22,128 -   censo.qm_processor   -  DEBUG   - worker3273940:Running ['/apps/z_install_tree/linux-rocky8-ivybridge/gcc-12.2.0/orca-6.0.0-srtngmq3qlimg2qxbl6avaaiffipurdx/bin/orca', 'sp.inp']...
2025-04-03 17:51:22,134 -   censo.qm_processor   -  DEBUG   - worker3273940:Started (PID: 3274132).
2025-04-03 17:51:22,295 -   censo.qm_processor   -  DEBUG   - worker3273937:Done.
2025-04-03 17:51:22,302 -     censo.parallel     -  DEBUG   - Free cores increased 0 -> 1.
2025-04-03 17:51:22,303 -     censo.parallel     -  DEBUG   - Free cores decreased 1 -> 0.
2025-04-03 17:51:22,304 -   censo.qm_processor   -  DEBUG   - worker3273937:Running on 1 cores.
2025-04-03 17:51:22,312 -   censo.qm_processor   -   INFO   - worker3273937:Running sp calculation in /srv/scratch/z5358697/.automated/3792/0_PRESCREENING/CONF18/sp.
2025-04-03 17:51:22,326 -   censo.qm_processor   -  DEBUG   - worker3273937:Running ['/apps/z_install_tree/linux-rocky8-ivybridge/gcc-12.2.0/orca-6.0.0-srtngmq3qlimg2qxbl6avaaiffipurdx/bin/orca', 'sp.inp']...
2025-04-03 17:51:22,559 -   censo.qm_processor   -  DEBUG   - worker3273937:Started (PID: 3274133).
2025-04-03 17:51:22,911 -   censo.qm_processor   -  DEBUG   - worker3273950:Done.
2025-04-03 17:51:22,920 -     censo.parallel     -  DEBUG   - Free cores increased 0 -> 1.
2025-04-03 17:51:22,920 -     censo.parallel     -  DEBUG   - Free cores decreased 1 -> 0.
2025-04-03 17:51:22,921 -   censo.qm_processor   -  DEBUG   - worker3273950:Running on 1 cores.
2025-04-03 17:51:22,930 -   censo.qm_processor   -   INFO   - worker3273950:Running sp calculation in /srv/scratch/z5358697/.automated/3792/0_PRESCREENING/CONF19/sp.
2025-04-03 17:51:22,946 -   censo.qm_processor   -  DEBUG   - worker3273950:Running ['/apps/z_install_tree/linux-rocky8-ivybridge/gcc-12.2.0/orca-6.0.0-srtngmq3qlimg2qxbl6avaaiffipurdx/bin/orca', 'sp.inp']...
2025-04-03 17:51:22,951 -   censo.qm_processor   -  DEBUG   - worker3273950:Started (PID: 3274138).
2025-04-03 17:51:28,007 -   censo.qm_processor   -  DEBUG   - worker3273916:Done.
2025-04-03 17:51:28,015 -     censo.parallel     -  DEBUG   - Free cores increased 0 -> 1.
2025-04-03 17:51:28,016 -     censo.parallel     -  DEBUG   - Free cores decreased 1 -> 0.
2025-04-03 17:51:28,017 -   censo.qm_processor   -  DEBUG   - worker3273916:Running on 1 cores.
2025-04-03 17:51:28,023 -   censo.qm_processor   -   INFO   - worker3273916:Running sp calculation in /srv/scratch/z5358697/.automated/3792/0_PRESCREENING/CONF20/sp.
2025-04-03 17:51:28,642 -   censo.qm_processor   -  DEBUG   - worker3273916:Running ['/apps/z_install_tree/linux-rocky8-ivybridge/gcc-12.2.0/orca-6.0.0-srtngmq3qlimg2qxbl6avaaiffipurdx/bin/orca', 'sp.inp']...
2025-04-03 17:51:28,648 -   censo.qm_processor   -  DEBUG   - worker3273916:Started (PID: 3274159).
2025-04-03 17:51:28,739 -   censo.qm_processor   -  DEBUG   - worker3273947:Done.
2025-04-03 17:51:28,747 -     censo.parallel     -  DEBUG   - Free cores increased 0 -> 1.
2025-04-03 17:51:28,748 -     censo.parallel     -  DEBUG   - Free cores decreased 1 -> 0.
2025-04-03 17:51:28,749 -   censo.qm_processor   -  DEBUG   - worker3273947:Running on 1 cores.
2025-04-03 17:51:28,756 -   censo.qm_processor   -   INFO   - worker3273947:Running sp calculation in /srv/scratch/z5358697/.automated/3792/0_PRESCREENING/CONF21/sp.
2025-04-03 17:51:28,770 -   censo.qm_processor   -  DEBUG   - worker3273947:Running ['/apps/z_install_tree/linux-rocky8-ivybridge/gcc-12.2.0/orca-6.0.0-srtngmq3qlimg2qxbl6avaaiffipurdx/bin/orca', 'sp.inp']...
2025-04-03 17:51:28,775 -   censo.qm_processor   -  DEBUG   - worker3273947:Started (PID: 3274163).
2025-04-03 17:51:29,088 -   censo.qm_processor   -  DEBUG   - worker3273943:Done.
2025-04-03 17:51:29,095 -     censo.parallel     -  DEBUG   - Free cores increased 0 -> 1.
2025-04-03 17:51:29,096 -     censo.parallel     -  DEBUG   - Free cores decreased 1 -> 0.
2025-04-03 17:51:29,097 -   censo.qm_processor   -  DEBUG   - worker3273943:Running on 1 cores.
2025-04-03 17:51:29,103 -   censo.qm_processor   -   INFO   - worker3273943:Running sp calculation in /srv/scratch/z5358697/.automated/3792/0_PRESCREENING/CONF22/sp.
2025-04-03 17:51:29,183 -   censo.qm_processor   -  DEBUG   - worker3273943:Running ['/apps/z_install_tree/linux-rocky8-ivybridge/gcc-12.2.0/orca-6.0.0-srtngmq3qlimg2qxbl6avaaiffipurdx/bin/orca', 'sp.inp']...
2025-04-03 17:51:29,188 -   censo.qm_processor   -  DEBUG   - worker3273943:Started (PID: 3274164).
2025-04-03 17:51:31,017 -   censo.qm_processor   -  DEBUG   - worker3273933:Done.
2025-04-03 17:51:31,058 -     censo.parallel     -  DEBUG   - Free cores increased 0 -> 1.
2025-04-03 17:51:31,059 -     censo.parallel     -  DEBUG   - Free cores decreased 1 -> 0.
2025-04-03 17:51:31,060 -   censo.qm_processor   -  DEBUG   - worker3273933:Running on 1 cores.
2025-04-03 17:51:31,072 -   censo.qm_processor   -   INFO   - worker3273933:Running sp calculation in /srv/scratch/z5358697/.automated/3792/0_PRESCREENING/CONF23/sp.
2025-04-03 17:51:31,095 -   censo.qm_processor   -  DEBUG   - worker3273933:Running ['/apps/z_install_tree/linux-rocky8-ivybridge/gcc-12.2.0/orca-6.0.0-srtngmq3qlimg2qxbl6avaaiffipurdx/bin/orca', 'sp.inp']...
2025-04-03 17:51:31,105 -   censo.qm_processor   -  DEBUG   - worker3273933:Started (PID: 3274200).
2025-04-03 17:51:31,154 -   censo.qm_processor   -  DEBUG   - worker3273925:Done.
2025-04-03 17:51:31,162 -     censo.parallel     -  DEBUG   - Free cores increased 0 -> 1.
2025-04-03 17:51:31,162 -   censo.qm_processor   -  DEBUG   - worker3273920:Done.
2025-04-03 17:51:31,163 -     censo.parallel     -  DEBUG   - Free cores decreased 1 -> 0.
2025-04-03 17:51:31,164 -   censo.qm_processor   -  DEBUG   - worker3273925:Running on 1 cores.
2025-04-03 17:51:31,170 -   censo.qm_processor   -   INFO   - worker3273925:Running sp calculation in /srv/scratch/z5358697/.automated/3792/0_PRESCREENING/CONF24/sp.
2025-04-03 17:51:31,173 -     censo.parallel     -  DEBUG   - Free cores increased 0 -> 1.
2025-04-03 17:51:31,173 -     censo.parallel     -  DEBUG   - Free cores decreased 1 -> 0.
2025-04-03 17:51:31,174 -   censo.qm_processor   -  DEBUG   - worker3273920:Running on 1 cores.
2025-04-03 17:51:31,187 -   censo.qm_processor   -   INFO   - worker3273920:Running sp calculation in /srv/scratch/z5358697/.automated/3792/0_PRESCREENING/CONF25/sp.
2025-04-03 17:51:31,191 -   censo.qm_processor   -  DEBUG   - worker3273925:Running ['/apps/z_install_tree/linux-rocky8-ivybridge/gcc-12.2.0/orca-6.0.0-srtngmq3qlimg2qxbl6avaaiffipurdx/bin/orca', 'sp.inp']...
2025-04-03 17:51:31,196 -   censo.qm_processor   -  DEBUG   - worker3273925:Started (PID: 3274204).
2025-04-03 17:51:31,202 -   censo.qm_processor   -  DEBUG   - worker3273920:Running ['/apps/z_install_tree/linux-rocky8-ivybridge/gcc-12.2.0/orca-6.0.0-srtngmq3qlimg2qxbl6avaaiffipurdx/bin/orca', 'sp.inp']...
2025-04-03 17:51:31,206 -   censo.qm_processor   -  DEBUG   - worker3273920:Started (PID: 3274206).
2025-04-03 17:51:31,305 -   censo.qm_processor   -  DEBUG   - worker3273912:Done.
2025-04-03 17:51:31,313 -     censo.parallel     -  DEBUG   - Free cores increased 0 -> 1.
2025-04-03 17:51:31,314 -     censo.parallel     -  DEBUG   - Free cores decreased 1 -> 0.
2025-04-03 17:51:31,314 -   censo.qm_processor   -  DEBUG   - worker3273912:Running on 1 cores.
2025-04-03 17:51:31,320 -   censo.qm_processor   -   INFO   - worker3273912:Running sp calculation in /srv/scratch/z5358697/.automated/3792/0_PRESCREENING/CONF26/sp.
2025-04-03 17:51:31,336 -   censo.qm_processor   -  DEBUG   - worker3273912:Running ['/apps/z_install_tree/linux-rocky8-ivybridge/gcc-12.2.0/orca-6.0.0-srtngmq3qlimg2qxbl6avaaiffipurdx/bin/orca', 'sp.inp']...
2025-04-03 17:51:31,341 -   censo.qm_processor   -  DEBUG   - worker3273912:Started (PID: 3274210).
2025-04-03 17:51:31,531 -   censo.qm_processor   -  DEBUG   - worker3273909:Done.
2025-04-03 17:51:31,540 -     censo.parallel     -  DEBUG   - Free cores increased 0 -> 1.
2025-04-03 17:51:31,541 -     censo.parallel     -  DEBUG   - Free cores decreased 1 -> 0.
2025-04-03 17:51:31,541 -   censo.qm_processor   -  DEBUG   - worker3273909:Running on 1 cores.
2025-04-03 17:51:31,552 -   censo.qm_processor   -   INFO   - worker3273909:Running sp calculation in /srv/scratch/z5358697/.automated/3792/0_PRESCREENING/CONF27/sp.
2025-04-03 17:51:31,571 -   censo.qm_processor   -  DEBUG   - worker3273909:Running ['/apps/z_install_tree/linux-rocky8-ivybridge/gcc-12.2.0/orca-6.0.0-srtngmq3qlimg2qxbl6avaaiffipurdx/bin/orca', 'sp.inp']...
2025-04-03 17:51:31,576 -   censo.qm_processor   -  DEBUG   - worker3273909:Started (PID: 3274213).
2025-04-03 17:51:31,584 -   censo.qm_processor   -  DEBUG   - worker3273929:Done.
2025-04-03 17:51:31,588 -   censo.qm_processor   -  DEBUG   - worker3273908:Done.
2025-04-03 17:51:31,591 -     censo.parallel     -  DEBUG   - Free cores increased 0 -> 1.
2025-04-03 17:51:31,592 -     censo.parallel     -  DEBUG   - Free cores decreased 1 -> 0.
2025-04-03 17:51:31,593 -   censo.qm_processor   -  DEBUG   - worker3273929:Running on 1 cores.
2025-04-03 17:51:31,595 -     censo.parallel     -  DEBUG   - Free cores increased 0 -> 1.
2025-04-03 17:51:31,595 -     censo.parallel     -  DEBUG   - Free cores decreased 1 -> 0.
2025-04-03 17:51:31,596 -   censo.qm_processor   -  DEBUG   - worker3273908:Running on 1 cores.
2025-04-03 17:51:31,598 -   censo.qm_processor   -   INFO   - worker3273929:Running sp calculation in /srv/scratch/z5358697/.automated/3792/0_PRESCREENING/CONF28/sp.
2025-04-03 17:51:31,603 -   censo.qm_processor   -   INFO   - worker3273908:Running sp calculation in /srv/scratch/z5358697/.automated/3792/0_PRESCREENING/CONF29/sp.
2025-04-03 17:51:31,621 -   censo.qm_processor   -  DEBUG   - worker3273908:Running ['/apps/z_install_tree/linux-rocky8-ivybridge/gcc-12.2.0/orca-6.0.0-srtngmq3qlimg2qxbl6avaaiffipurdx/bin/orca', 'sp.inp']...
2025-04-03 17:51:31,628 -   censo.qm_processor   -  DEBUG   - worker3273908:Started (PID: 3274214).
2025-04-03 17:51:31,693 -   censo.qm_processor   -  DEBUG   - worker3273929:Running ['/apps/z_install_tree/linux-rocky8-ivybridge/gcc-12.2.0/orca-6.0.0-srtngmq3qlimg2qxbl6avaaiffipurdx/bin/orca', 'sp.inp']...
2025-04-03 17:51:31,700 -   censo.qm_processor   -  DEBUG   - worker3273929:Started (PID: 3274215).
2025-04-03 17:51:31,892 -   censo.qm_processor   -  DEBUG   - worker3273923:Done.
2025-04-03 17:51:31,900 -     censo.parallel     -  DEBUG   - Free cores increased 0 -> 1.
2025-04-03 17:51:31,901 -     censo.parallel     -  DEBUG   - Free cores decreased 1 -> 0.
2025-04-03 17:51:31,902 -   censo.qm_processor   -  DEBUG   - worker3273923:Running on 1 cores.
2025-04-03 17:51:31,910 -   censo.qm_processor   -   INFO   - worker3273923:Running sp calculation in /srv/scratch/z5358697/.automated/3792/0_PRESCREENING/CONF30/sp.
2025-04-03 17:51:31,926 -   censo.qm_processor   -  DEBUG   - worker3273923:Running ['/apps/z_install_tree/linux-rocky8-ivybridge/gcc-12.2.0/orca-6.0.0-srtngmq3qlimg2qxbl6avaaiffipurdx/bin/orca', 'sp.inp']...
2025-04-03 17:51:31,932 -   censo.qm_processor   -  DEBUG   - worker3273923:Started (PID: 3274216).
2025-04-03 17:51:32,288 -   censo.qm_processor   -  DEBUG   - worker3273910:Done.
2025-04-03 17:51:32,296 -     censo.parallel     -  DEBUG   - Free cores increased 0 -> 1.
2025-04-03 17:51:32,298 -     censo.parallel     -  DEBUG   - Free cores decreased 1 -> 0.
2025-04-03 17:51:32,298 -   censo.qm_processor   -  DEBUG   - worker3273910:Running on 1 cores.
2025-04-03 17:51:32,305 -   censo.qm_processor   -   INFO   - worker3273910:Running sp calculation in /srv/scratch/z5358697/.automated/3792/0_PRESCREENING/CONF31/sp.
2025-04-03 17:51:32,329 -   censo.qm_processor   -  DEBUG   - worker3273910:Running ['/apps/z_install_tree/linux-rocky8-ivybridge/gcc-12.2.0/orca-6.0.0-srtngmq3qlimg2qxbl6avaaiffipurdx/bin/orca', 'sp.inp']...
2025-04-03 17:51:32,337 -   censo.qm_processor   -  DEBUG   - worker3273910:Started (PID: 3274222).
2025-04-03 17:51:33,981 -   censo.qm_processor   -  DEBUG   - worker3273914:Done.
2025-04-03 17:51:33,989 -     censo.parallel     -  DEBUG   - Free cores increased 0 -> 1.
2025-04-03 17:51:33,990 -     censo.parallel     -  DEBUG   - Free cores decreased 1 -> 0.
2025-04-03 17:51:33,990 -   censo.qm_processor   -  DEBUG   - worker3273914:Running on 1 cores.
2025-04-03 17:51:33,997 -   censo.qm_processor   -   INFO   - worker3273914:Running sp calculation in /srv/scratch/z5358697/.automated/3792/0_PRESCREENING/CONF32/sp.
2025-04-03 17:51:34,074 -   censo.qm_processor   -  DEBUG   - worker3273914:Running ['/apps/z_install_tree/linux-rocky8-ivybridge/gcc-12.2.0/orca-6.0.0-srtngmq3qlimg2qxbl6avaaiffipurdx/bin/orca', 'sp.inp']...
2025-04-03 17:51:34,079 -   censo.qm_processor   -  DEBUG   - worker3273914:Started (PID: 3274247).
2025-04-03 17:52:34,568 -   censo.qm_processor   -  DEBUG   - worker3273940:Done.
2025-04-03 17:52:34,574 -     censo.parallel     -  DEBUG   - Free cores increased 0 -> 1.
2025-04-03 17:52:34,575 -     censo.parallel     -  DEBUG   - Free cores decreased 1 -> 0.
2025-04-03 17:52:34,576 -   censo.qm_processor   -  DEBUG   - worker3273940:Running on 1 cores.
2025-04-03 17:52:34,592 -   censo.qm_processor   -   INFO   - worker3273940:Running sp calculation in /srv/scratch/z5358697/.automated/3792/0_PRESCREENING/CONF33/sp.
2025-04-03 17:52:34,607 -   censo.qm_processor   -  DEBUG   - worker3273940:Running ['/apps/z_install_tree/linux-rocky8-ivybridge/gcc-12.2.0/orca-6.0.0-srtngmq3qlimg2qxbl6avaaiffipurdx/bin/orca', 'sp.inp']...
2025-04-03 17:52:34,614 -   censo.qm_processor   -  DEBUG   - worker3273940:Started (PID: 3274722).
2025-04-03 17:52:37,891 -   censo.qm_processor   -  DEBUG   - worker3273916:Done.
2025-04-03 17:52:37,898 -     censo.parallel     -  DEBUG   - Free cores increased 0 -> 1.
2025-04-03 17:52:37,899 -     censo.parallel     -  DEBUG   - Free cores decreased 1 -> 0.
2025-04-03 17:52:37,899 -   censo.qm_processor   -  DEBUG   - worker3273916:Running on 1 cores.
2025-04-03 17:52:37,954 -   censo.qm_processor   -   INFO   - worker3273916:Running sp calculation in /srv/scratch/z5358697/.automated/3792/0_PRESCREENING/CONF34/sp.
2025-04-03 17:52:37,973 -   censo.qm_processor   -  DEBUG   - worker3273916:Running ['/apps/z_install_tree/linux-rocky8-ivybridge/gcc-12.2.0/orca-6.0.0-srtngmq3qlimg2qxbl6avaaiffipurdx/bin/orca', 'sp.inp']...
2025-04-03 17:52:37,980 -   censo.qm_processor   -  DEBUG   - worker3273916:Started (PID: 3274888).
2025-04-03 17:52:39,670 -   censo.qm_processor   -  DEBUG   - worker3273943:Done.
2025-04-03 17:52:39,678 -     censo.parallel     -  DEBUG   - Free cores increased 0 -> 1.
2025-04-03 17:52:39,679 -     censo.parallel     -  DEBUG   - Free cores decreased 1 -> 0.
2025-04-03 17:52:39,680 -   censo.qm_processor   -  DEBUG   - worker3273943:Running on 1 cores.
2025-04-03 17:52:39,687 -   censo.qm_processor   -   INFO   - worker3273943:Running sp calculation in /srv/scratch/z5358697/.automated/3792/0_PRESCREENING/CONF35/sp.
2025-04-03 17:52:39,746 -   censo.qm_processor   -  DEBUG   - worker3273943:Running ['/apps/z_install_tree/linux-rocky8-ivybridge/gcc-12.2.0/orca-6.0.0-srtngmq3qlimg2qxbl6avaaiffipurdx/bin/orca', 'sp.inp']...
2025-04-03 17:52:39,752 -   censo.qm_processor   -  DEBUG   - worker3273943:Started (PID: 3274916).
2025-04-03 17:52:40,296 -   censo.qm_processor   -  DEBUG   - worker3273947:Done.
2025-04-03 17:52:40,304 -     censo.parallel     -  DEBUG   - Free cores increased 0 -> 1.
2025-04-03 17:52:40,305 -     censo.parallel     -  DEBUG   - Free cores decreased 1 -> 0.
2025-04-03 17:52:40,305 -   censo.qm_processor   -  DEBUG   - worker3273947:Running on 1 cores.
2025-04-03 17:52:40,316 -   censo.qm_processor   -   INFO   - worker3273947:Running sp calculation in /srv/scratch/z5358697/.automated/3792/0_PRESCREENING/CONF36/sp.
2025-04-03 17:52:40,331 -   censo.qm_processor   -  DEBUG   - worker3273947:Running ['/apps/z_install_tree/linux-rocky8-ivybridge/gcc-12.2.0/orca-6.0.0-srtngmq3qlimg2qxbl6avaaiffipurdx/bin/orca', 'sp.inp']...
2025-04-03 17:52:40,337 -   censo.qm_processor   -  DEBUG   - worker3273947:Started (PID: 3274931).
2025-04-03 17:52:41,179 -   censo.qm_processor   -  DEBUG   - worker3273937:Done.
2025-04-03 17:52:41,189 -     censo.parallel     -  DEBUG   - Free cores increased 0 -> 1.
2025-04-03 17:52:41,190 -     censo.parallel     -  DEBUG   - Free cores decreased 1 -> 0.
2025-04-03 17:52:41,190 -   censo.qm_processor   -  DEBUG   - worker3273937:Running on 1 cores.
2025-04-03 17:52:41,196 -   censo.qm_processor   -   INFO   - worker3273937:Running sp calculation in /srv/scratch/z5358697/.automated/3792/0_PRESCREENING/CONF37/sp.
2025-04-03 17:52:41,229 -   censo.qm_processor   -  DEBUG   - worker3273937:Running ['/apps/z_install_tree/linux-rocky8-ivybridge/gcc-12.2.0/orca-6.0.0-srtngmq3qlimg2qxbl6avaaiffipurdx/bin/orca', 'sp.inp']...
2025-04-03 17:52:41,235 -   censo.qm_processor   -  DEBUG   - worker3273937:Started (PID: 3274950).
2025-04-03 17:52:42,107 -   censo.qm_processor   -  DEBUG   - worker3273925:Done.
2025-04-03 17:52:42,114 -     censo.parallel     -  DEBUG   - Free cores increased 0 -> 1.
2025-04-03 17:52:42,115 -     censo.parallel     -  DEBUG   - Free cores decreased 1 -> 0.
2025-04-03 17:52:42,116 -   censo.qm_processor   -  DEBUG   - worker3273925:Running on 1 cores.
2025-04-03 17:52:42,121 -   censo.qm_processor   -   INFO   - worker3273925:Running sp calculation in /srv/scratch/z5358697/.automated/3792/0_PRESCREENING/CONF38/sp.
2025-04-03 17:52:42,202 -   censo.qm_processor   -  DEBUG   - worker3273925:Running ['/apps/z_install_tree/linux-rocky8-ivybridge/gcc-12.2.0/orca-6.0.0-srtngmq3qlimg2qxbl6avaaiffipurdx/bin/orca', 'sp.inp']...
2025-04-03 17:52:42,208 -   censo.qm_processor   -  DEBUG   - worker3273925:Started (PID: 3274984).
2025-04-03 17:52:43,166 -   censo.qm_processor   -  DEBUG   - worker3273908:Done.
2025-04-03 17:52:43,173 -     censo.parallel     -  DEBUG   - Free cores increased 0 -> 1.
2025-04-03 17:52:43,174 -     censo.parallel     -  DEBUG   - Free cores decreased 1 -> 0.
2025-04-03 17:52:43,175 -   censo.qm_processor   -  DEBUG   - worker3273908:Running on 1 cores.
2025-04-03 17:52:43,854 -   censo.qm_processor   -  DEBUG   - worker3273929:Done.
2025-04-03 17:52:43,860 -     censo.parallel     -  DEBUG   - Free cores increased 0 -> 1.
2025-04-03 17:52:43,862 -     censo.parallel     -  DEBUG   - Free cores decreased 1 -> 0.
2025-04-03 17:52:43,863 -   censo.qm_processor   -  DEBUG   - worker3273929:Running on 1 cores.
2025-04-03 17:52:43,869 -   censo.qm_processor   -   INFO   - worker3273929:Running sp calculation in /srv/scratch/z5358697/.automated/3792/0_PRESCREENING/CONF40/sp.
2025-04-03 17:52:43,884 -   censo.qm_processor   -  DEBUG   - worker3273929:Running ['/apps/z_install_tree/linux-rocky8-ivybridge/gcc-12.2.0/orca-6.0.0-srtngmq3qlimg2qxbl6avaaiffipurdx/bin/orca', 'sp.inp']...
2025-04-03 17:52:43,889 -   censo.qm_processor   -  DEBUG   - worker3273929:Started (PID: 3275005).
2025-04-03 17:52:44,376 -   censo.qm_processor   -   INFO   - worker3273908:Running sp calculation in /srv/scratch/z5358697/.automated/3792/0_PRESCREENING/CONF39/sp.
2025-04-03 17:52:44,394 -   censo.qm_processor   -  DEBUG   - worker3273908:Running ['/apps/z_install_tree/linux-rocky8-ivybridge/gcc-12.2.0/orca-6.0.0-srtngmq3qlimg2qxbl6avaaiffipurdx/bin/orca', 'sp.inp']...
2025-04-03 17:52:44,400 -   censo.qm_processor   -  DEBUG   - worker3273908:Started (PID: 3275025).
2025-04-03 17:52:44,550 -   censo.qm_processor   -  DEBUG   - worker3273950:Done.
2025-04-03 17:52:44,556 -     censo.parallel     -  DEBUG   - Free cores increased 0 -> 1.
2025-04-03 17:52:44,557 -     censo.parallel     -  DEBUG   - Free cores decreased 1 -> 0.
2025-04-03 17:52:44,558 -   censo.qm_processor   -  DEBUG   - worker3273950:Running on 1 cores.
2025-04-03 17:52:44,564 -   censo.qm_processor   -   INFO   - worker3273950:Running sp calculation in /srv/scratch/z5358697/.automated/3792/0_PRESCREENING/CONF41/sp.
2025-04-03 17:52:44,662 -   censo.qm_processor   -  DEBUG   - worker3273950:Running ['/apps/z_install_tree/linux-rocky8-ivybridge/gcc-12.2.0/orca-6.0.0-srtngmq3qlimg2qxbl6avaaiffipurdx/bin/orca', 'sp.inp']...
2025-04-03 17:52:44,668 -   censo.qm_processor   -  DEBUG   - worker3273950:Started (PID: 3275046).
2025-04-03 17:52:51,029 -   censo.qm_processor   -  DEBUG   - worker3273912:Done.
2025-04-03 17:52:51,036 -     censo.parallel     -  DEBUG   - Free cores increased 0 -> 1.
2025-04-03 17:52:51,036 -     censo.parallel     -  DEBUG   - Free cores decreased 1 -> 0.
2025-04-03 17:52:51,037 -   censo.qm_processor   -  DEBUG   - worker3273912:Running on 1 cores.
2025-04-03 17:52:51,043 -   censo.qm_processor   -   INFO   - worker3273912:Running sp calculation in /srv/scratch/z5358697/.automated/3792/0_PRESCREENING/CONF43/sp.
2025-04-03 17:52:51,057 -   censo.qm_processor   -  DEBUG   - worker3273912:Running ['/apps/z_install_tree/linux-rocky8-ivybridge/gcc-12.2.0/orca-6.0.0-srtngmq3qlimg2qxbl6avaaiffipurdx/bin/orca', 'sp.inp']...
2025-04-03 17:52:51,063 -   censo.qm_processor   -  DEBUG   - worker3273912:Started (PID: 3275269).
2025-04-03 17:52:52,156 -   censo.qm_processor   -  DEBUG   - worker3273909:Done.
2025-04-03 17:52:52,162 -     censo.parallel     -  DEBUG   - Free cores increased 0 -> 1.
2025-04-03 17:52:52,163 -     censo.parallel     -  DEBUG   - Free cores decreased 1 -> 0.
2025-04-03 17:52:52,164 -   censo.qm_processor   -  DEBUG   - worker3273909:Running on 1 cores.
2025-04-03 17:52:52,168 -   censo.qm_processor   -   INFO   - worker3273909:Running sp calculation in /srv/scratch/z5358697/.automated/3792/0_PRESCREENING/CONF42/sp.
2025-04-03 17:52:52,267 -   censo.qm_processor   -  DEBUG   - worker3273909:Running ['/apps/z_install_tree/linux-rocky8-ivybridge/gcc-12.2.0/orca-6.0.0-srtngmq3qlimg2qxbl6avaaiffipurdx/bin/orca', 'sp.inp']...
2025-04-03 17:52:52,273 -   censo.qm_processor   -  DEBUG   - worker3273909:Started (PID: 3275313).
2025-04-03 17:52:52,863 -   censo.qm_processor   -  DEBUG   - worker3273923:Done.
2025-04-03 17:52:52,870 -     censo.parallel     -  DEBUG   - Free cores increased 0 -> 1.
2025-04-03 17:52:52,871 -     censo.parallel     -  DEBUG   - Free cores decreased 1 -> 0.
2025-04-03 17:52:52,871 -   censo.qm_processor   -  DEBUG   - worker3273923:Running on 1 cores.
2025-04-03 17:52:52,899 -   censo.qm_processor   -   INFO   - worker3273923:Running sp calculation in /srv/scratch/z5358697/.automated/3792/0_PRESCREENING/CONF44/sp.
2025-04-03 17:52:52,915 -   censo.qm_processor   -  DEBUG   - worker3273923:Running ['/apps/z_install_tree/linux-rocky8-ivybridge/gcc-12.2.0/orca-6.0.0-srtngmq3qlimg2qxbl6avaaiffipurdx/bin/orca', 'sp.inp']...
2025-04-03 17:52:52,920 -   censo.qm_processor   -  DEBUG   - worker3273923:Started (PID: 3275364).
2025-04-03 17:52:53,691 -   censo.qm_processor   -  DEBUG   - worker3273933:Done.
2025-04-03 17:52:53,697 -     censo.parallel     -  DEBUG   - Free cores increased 0 -> 1.
2025-04-03 17:52:53,698 -     censo.parallel     -  DEBUG   - Free cores decreased 1 -> 0.
2025-04-03 17:52:53,698 -   censo.qm_processor   -  DEBUG   - worker3273933:Running on 1 cores.
2025-04-03 17:52:53,705 -   censo.qm_processor   -   INFO   - worker3273933:Running sp calculation in /srv/scratch/z5358697/.automated/3792/0_PRESCREENING/CONF45/sp.
2025-04-03 17:52:53,762 -   censo.qm_processor   -  DEBUG   - worker3273933:Running ['/apps/z_install_tree/linux-rocky8-ivybridge/gcc-12.2.0/orca-6.0.0-srtngmq3qlimg2qxbl6avaaiffipurdx/bin/orca', 'sp.inp']...
2025-04-03 17:52:53,767 -   censo.qm_processor   -  DEBUG   - worker3273933:Started (PID: 3275416).
2025-04-03 17:52:53,840 -   censo.qm_processor   -  DEBUG   - worker3273910:Done.
2025-04-03 17:52:53,842 -   censo.qm_processor   -  DEBUG   - worker3273920:Done.
2025-04-03 17:52:53,847 -     censo.parallel     -  DEBUG   - Free cores increased 0 -> 1.
2025-04-03 17:52:53,847 -     censo.parallel     -  DEBUG   - Free cores decreased 1 -> 0.
2025-04-03 17:52:53,848 -     censo.parallel     -  DEBUG   - Free cores increased 0 -> 1.
2025-04-03 17:52:53,848 -   censo.qm_processor   -  DEBUG   - worker3273910:Running on 1 cores.
2025-04-03 17:52:53,849 -     censo.parallel     -  DEBUG   - Free cores decreased 1 -> 0.
2025-04-03 17:52:53,849 -   censo.qm_processor   -  DEBUG   - worker3273920:Running on 1 cores.
2025-04-03 17:52:53,854 -   censo.qm_processor   -   INFO   - worker3273910:Running sp calculation in /srv/scratch/z5358697/.automated/3792/0_PRESCREENING/CONF46/sp.
2025-04-03 17:52:53,858 -   censo.qm_processor   -   INFO   - worker3273920:Running sp calculation in /srv/scratch/z5358697/.automated/3792/0_PRESCREENING/CONF47/sp.
2025-04-03 17:52:53,872 -   censo.qm_processor   -  DEBUG   - worker3273920:Running ['/apps/z_install_tree/linux-rocky8-ivybridge/gcc-12.2.0/orca-6.0.0-srtngmq3qlimg2qxbl6avaaiffipurdx/bin/orca', 'sp.inp']...
2025-04-03 17:52:53,877 -   censo.qm_processor   -  DEBUG   - worker3273920:Started (PID: 3275420).
2025-04-03 17:52:53,950 -   censo.qm_processor   -  DEBUG   - worker3273910:Running ['/apps/z_install_tree/linux-rocky8-ivybridge/gcc-12.2.0/orca-6.0.0-srtngmq3qlimg2qxbl6avaaiffipurdx/bin/orca', 'sp.inp']...
2025-04-03 17:52:53,954 -   censo.qm_processor   -  DEBUG   - worker3273910:Started (PID: 3275422).
2025-04-03 17:53:01,934 -   censo.qm_processor   -  DEBUG   - worker3273914:Done.
2025-04-03 17:53:01,942 -     censo.parallel     -  DEBUG   - Free cores increased 0 -> 1.
2025-04-03 17:53:01,943 -     censo.parallel     -  DEBUG   - Free cores decreased 1 -> 0.
2025-04-03 17:53:01,944 -   censo.qm_processor   -  DEBUG   - worker3273914:Running on 1 cores.
2025-04-03 17:53:01,958 -   censo.qm_processor   -   INFO   - worker3273914:Running sp calculation in /srv/scratch/z5358697/.automated/3792/0_PRESCREENING/CONF48/sp.
2025-04-03 17:53:01,974 -   censo.qm_processor   -  DEBUG   - worker3273914:Running ['/apps/z_install_tree/linux-rocky8-ivybridge/gcc-12.2.0/orca-6.0.0-srtngmq3qlimg2qxbl6avaaiffipurdx/bin/orca', 'sp.inp']...
2025-04-03 17:53:01,980 -   censo.qm_processor   -  DEBUG   - worker3273914:Started (PID: 3275618).
2025-04-03 17:53:54,737 -   censo.qm_processor   -  DEBUG   - worker3273940:Done.
2025-04-03 17:53:54,743 -     censo.parallel     -  DEBUG   - Free cores increased 0 -> 1.
2025-04-03 17:53:54,744 -     censo.parallel     -  DEBUG   - Free cores decreased 1 -> 0.
2025-04-03 17:53:54,745 -   censo.qm_processor   -  DEBUG   - worker3273940:Running on 1 cores.
2025-04-03 17:53:54,756 -   censo.qm_processor   -   INFO   - worker3273940:Running sp calculation in /srv/scratch/z5358697/.automated/3792/0_PRESCREENING/CONF49/sp.
2025-04-03 17:53:54,772 -   censo.qm_processor   -  DEBUG   - worker3273940:Running ['/apps/z_install_tree/linux-rocky8-ivybridge/gcc-12.2.0/orca-6.0.0-srtngmq3qlimg2qxbl6avaaiffipurdx/bin/orca', 'sp.inp']...
2025-04-03 17:53:54,778 -   censo.qm_processor   -  DEBUG   - worker3273940:Started (PID: 3276178).
2025-04-03 17:53:56,377 -   censo.qm_processor   -  DEBUG   - worker3273916:Done.
2025-04-03 17:53:56,383 -     censo.parallel     -  DEBUG   - Free cores increased 0 -> 1.
2025-04-03 17:53:56,384 -     censo.parallel     -  DEBUG   - Free cores decreased 1 -> 0.
2025-04-03 17:53:56,385 -   censo.qm_processor   -  DEBUG   - worker3273916:Running on 1 cores.
2025-04-03 17:53:56,391 -   censo.qm_processor   -   INFO   - worker3273916:Running sp calculation in /srv/scratch/z5358697/.automated/3792/0_PRESCREENING/CONF50/sp.
2025-04-03 17:53:56,463 -   censo.qm_processor   -  DEBUG   - worker3273916:Running ['/apps/z_install_tree/linux-rocky8-ivybridge/gcc-12.2.0/orca-6.0.0-srtngmq3qlimg2qxbl6avaaiffipurdx/bin/orca', 'sp.inp']...
2025-04-03 17:53:56,470 -   censo.qm_processor   -  DEBUG   - worker3273916:Started (PID: 3276186).
2025-04-03 17:54:10,378 -   censo.qm_processor   -  DEBUG   - worker3273912:Done.
2025-04-03 17:54:10,385 -     censo.parallel     -  DEBUG   - Free cores increased 0 -> 1.
2025-04-03 17:54:10,386 -     censo.parallel     -  DEBUG   - Free cores decreased 1 -> 0.
2025-04-03 17:54:10,386 -   censo.qm_processor   -  DEBUG   - worker3273912:Running on 1 cores.
2025-04-03 17:54:10,393 -   censo.qm_processor   -   INFO   - worker3273912:Running sp calculation in /srv/scratch/z5358697/.automated/3792/0_PRESCREENING/CONF51/sp.
2025-04-03 17:54:10,475 -   censo.qm_processor   -  DEBUG   - worker3273912:Running ['/apps/z_install_tree/linux-rocky8-ivybridge/gcc-12.2.0/orca-6.0.0-srtngmq3qlimg2qxbl6avaaiffipurdx/bin/orca', 'sp.inp']...
2025-04-03 17:54:10,479 -   censo.qm_processor   -  DEBUG   - worker3273912:Started (PID: 3276229).
2025-04-03 17:54:11,901 -   censo.qm_processor   -  DEBUG   - worker3273933:Done.
2025-04-03 17:54:11,910 -     censo.parallel     -  DEBUG   - Free cores increased 0 -> 1.
2025-04-03 17:54:11,910 -     censo.parallel     -  DEBUG   - Free cores decreased 1 -> 0.
2025-04-03 17:54:11,911 -   censo.qm_processor   -  DEBUG   - worker3273933:Running on 1 cores.
2025-04-03 17:54:11,917 -   censo.qm_processor   -   INFO   - worker3273933:Running sp calculation in /srv/scratch/z5358697/.automated/3792/0_PRESCREENING/CONF52/sp.
2025-04-03 17:54:11,940 -   censo.qm_processor   -  DEBUG   - worker3273933:Running ['/apps/z_install_tree/linux-rocky8-ivybridge/gcc-12.2.0/orca-6.0.0-srtngmq3qlimg2qxbl6avaaiffipurdx/bin/orca', 'sp.inp']...
2025-04-03 17:54:11,946 -   censo.qm_processor   -  DEBUG   - worker3273933:Started (PID: 3276247).
2025-04-03 17:54:12,137 -   censo.qm_processor   -  DEBUG   - worker3273947:Done.
2025-04-03 17:54:12,140 -   censo.qm_processor   -  DEBUG   - worker3273937:Done.
2025-04-03 17:54:12,143 -     censo.parallel     -  DEBUG   - Free cores increased 0 -> 1.
2025-04-03 17:54:12,144 -     censo.parallel     -  DEBUG   - Free cores decreased 1 -> 0.
2025-04-03 17:54:12,144 -   censo.qm_processor   -  DEBUG   - worker3273947:Running on 1 cores.
2025-04-03 17:54:12,145 -     censo.parallel     -  DEBUG   - Free cores increased 0 -> 1.
2025-04-03 17:54:12,146 -     censo.parallel     -  DEBUG   - Free cores decreased 1 -> 0.
2025-04-03 17:54:12,146 -   censo.qm_processor   -  DEBUG   - worker3273937:Running on 1 cores.
2025-04-03 17:54:12,150 -   censo.qm_processor   -   INFO   - worker3273947:Running sp calculation in /srv/scratch/z5358697/.automated/3792/0_PRESCREENING/CONF53/sp.
2025-04-03 17:54:12,154 -   censo.qm_processor   -   INFO   - worker3273937:Running sp calculation in /srv/scratch/z5358697/.automated/3792/0_PRESCREENING/CONF55/sp.
2025-04-03 17:54:12,165 -   censo.qm_processor   -  DEBUG   - worker3273947:Running ['/apps/z_install_tree/linux-rocky8-ivybridge/gcc-12.2.0/orca-6.0.0-srtngmq3qlimg2qxbl6avaaiffipurdx/bin/orca', 'sp.inp']...
2025-04-03 17:54:12,168 -   censo.qm_processor   -  DEBUG   - worker3273937:Running ['/apps/z_install_tree/linux-rocky8-ivybridge/gcc-12.2.0/orca-6.0.0-srtngmq3qlimg2qxbl6avaaiffipurdx/bin/orca', 'sp.inp']...
2025-04-03 17:54:12,172 -   censo.qm_processor   -  DEBUG   - worker3273937:Started (PID: 3276255).
2025-04-03 17:54:12,172 -   censo.qm_processor   -  DEBUG   - worker3273947:Started (PID: 3276254).
2025-04-03 17:54:12,463 -   censo.qm_processor   -  DEBUG   - worker3273920:Done.
2025-04-03 17:54:12,469 -     censo.parallel     -  DEBUG   - Free cores increased 0 -> 1.
2025-04-03 17:54:12,471 -     censo.parallel     -  DEBUG   - Free cores decreased 1 -> 0.
2025-04-03 17:54:12,472 -   censo.qm_processor   -  DEBUG   - worker3273920:Running on 1 cores.
2025-04-03 17:54:12,477 -   censo.qm_processor   -   INFO   - worker3273920:Running sp calculation in /srv/scratch/z5358697/.automated/3792/0_PRESCREENING/CONF54/sp.
2025-04-03 17:54:12,499 -   censo.qm_processor   -  DEBUG   - worker3273920:Running ['/apps/z_install_tree/linux-rocky8-ivybridge/gcc-12.2.0/orca-6.0.0-srtngmq3qlimg2qxbl6avaaiffipurdx/bin/orca', 'sp.inp']...
2025-04-03 17:54:12,504 -   censo.qm_processor   -  DEBUG   - worker3273920:Started (PID: 3276256).
2025-04-03 17:54:13,057 -   censo.qm_processor   -  DEBUG   - worker3273909:Done.
2025-04-03 17:54:13,064 -     censo.parallel     -  DEBUG   - Free cores increased 0 -> 1.
2025-04-03 17:54:13,065 -     censo.parallel     -  DEBUG   - Free cores decreased 1 -> 0.
2025-04-03 17:54:13,066 -   censo.qm_processor   -  DEBUG   - worker3273909:Running on 1 cores.
2025-04-03 17:54:13,075 -   censo.qm_processor   -   INFO   - worker3273909:Running sp calculation in /srv/scratch/z5358697/.automated/3792/0_PRESCREENING/CONF56/sp.
2025-04-03 17:54:13,108 -   censo.qm_processor   -  DEBUG   - worker3273909:Running ['/apps/z_install_tree/linux-rocky8-ivybridge/gcc-12.2.0/orca-6.0.0-srtngmq3qlimg2qxbl6avaaiffipurdx/bin/orca', 'sp.inp']...
2025-04-03 17:54:13,115 -   censo.qm_processor   -  DEBUG   - worker3273909:Started (PID: 3276262).
2025-04-03 17:54:13,476 -   censo.qm_processor   -  DEBUG   - worker3273943:Done.
2025-04-03 17:54:13,483 -     censo.parallel     -  DEBUG   - Free cores increased 0 -> 1.
2025-04-03 17:54:13,484 -     censo.parallel     -  DEBUG   - Free cores decreased 1 -> 0.
2025-04-03 17:54:13,485 -   censo.qm_processor   -  DEBUG   - worker3273943:Running on 1 cores.
2025-04-03 17:54:13,495 -   censo.qm_processor   -   INFO   - worker3273943:Running sp calculation in /srv/scratch/z5358697/.automated/3792/0_PRESCREENING/CONF57/sp.
2025-04-03 17:54:13,512 -   censo.qm_processor   -  DEBUG   - worker3273943:Running ['/apps/z_install_tree/linux-rocky8-ivybridge/gcc-12.2.0/orca-6.0.0-srtngmq3qlimg2qxbl6avaaiffipurdx/bin/orca', 'sp.inp']...
2025-04-03 17:54:13,518 -   censo.qm_processor   -  DEBUG   - worker3273943:Started (PID: 3276266).
2025-04-03 17:54:14,200 -   censo.qm_processor   -  DEBUG   - worker3273950:Done.
2025-04-03 17:54:14,207 -     censo.parallel     -  DEBUG   - Free cores increased 0 -> 1.
2025-04-03 17:54:14,208 -     censo.parallel     -  DEBUG   - Free cores decreased 1 -> 0.
2025-04-03 17:54:14,209 -   censo.qm_processor   -  DEBUG   - worker3273950:Running on 1 cores.
2025-04-03 17:54:14,214 -   censo.qm_processor   -   INFO   - worker3273950:Running sp calculation in /srv/scratch/z5358697/.automated/3792/0_PRESCREENING/CONF58/sp.
2025-04-03 17:54:14,270 -   censo.qm_processor   -  DEBUG   - worker3273950:Running ['/apps/z_install_tree/linux-rocky8-ivybridge/gcc-12.2.0/orca-6.0.0-srtngmq3qlimg2qxbl6avaaiffipurdx/bin/orca', 'sp.inp']...
2025-04-03 17:54:14,275 -   censo.qm_processor   -  DEBUG   - worker3273950:Started (PID: 3276280).
2025-04-03 17:54:14,541 -   censo.qm_processor   -  DEBUG   - worker3273929:Done.
2025-04-03 17:54:14,548 -     censo.parallel     -  DEBUG   - Free cores increased 0 -> 1.
2025-04-03 17:54:14,549 -     censo.parallel     -  DEBUG   - Free cores decreased 1 -> 0.
2025-04-03 17:54:14,550 -   censo.qm_processor   -  DEBUG   - worker3273929:Running on 1 cores.
2025-04-03 17:54:14,556 -   censo.qm_processor   -   INFO   - worker3273929:Running sp calculation in /srv/scratch/z5358697/.automated/3792/0_PRESCREENING/CONF59/sp.
2025-04-03 17:54:14,573 -   censo.qm_processor   -  DEBUG   - worker3273929:Running ['/apps/z_install_tree/linux-rocky8-ivybridge/gcc-12.2.0/orca-6.0.0-srtngmq3qlimg2qxbl6avaaiffipurdx/bin/orca', 'sp.inp']...
2025-04-03 17:54:14,578 -   censo.qm_processor   -  DEBUG   - worker3273929:Started (PID: 3276287).
2025-04-03 17:54:14,876 -   censo.qm_processor   -  DEBUG   - worker3273914:Done.
2025-04-03 17:54:14,883 -     censo.parallel     -  DEBUG   - Free cores increased 0 -> 1.
2025-04-03 17:54:14,884 -     censo.parallel     -  DEBUG   - Free cores decreased 1 -> 0.
2025-04-03 17:54:14,885 -   censo.qm_processor   -  DEBUG   - worker3273914:Running on 1 cores.
2025-04-03 17:54:14,889 -   censo.qm_processor   -  DEBUG   - worker3273925:Done.
2025-04-03 17:54:14,891 -   censo.qm_processor   -   INFO   - worker3273914:Running sp calculation in /srv/scratch/z5358697/.automated/3792/0_PRESCREENING/CONF60/sp.
2025-04-03 17:54:14,896 -     censo.parallel     -  DEBUG   - Free cores increased 0 -> 1.
2025-04-03 17:54:14,896 -     censo.parallel     -  DEBUG   - Free cores decreased 1 -> 0.
2025-04-03 17:54:14,897 -   censo.qm_processor   -  DEBUG   - worker3273925:Running on 1 cores.
2025-04-03 17:54:14,902 -   censo.qm_processor   -   INFO   - worker3273925:Running sp calculation in /srv/scratch/z5358697/.automated/3792/0_PRESCREENING/CONF61/sp.
2025-04-03 17:54:14,907 -   censo.qm_processor   -  DEBUG   - worker3273914:Running ['/apps/z_install_tree/linux-rocky8-ivybridge/gcc-12.2.0/orca-6.0.0-srtngmq3qlimg2qxbl6avaaiffipurdx/bin/orca', 'sp.inp']...
2025-04-03 17:54:14,913 -   censo.qm_processor   -  DEBUG   - worker3273914:Started (PID: 3276289).
2025-04-03 17:54:15,034 -   censo.qm_processor   -  DEBUG   - worker3273925:Running ['/apps/z_install_tree/linux-rocky8-ivybridge/gcc-12.2.0/orca-6.0.0-srtngmq3qlimg2qxbl6avaaiffipurdx/bin/orca', 'sp.inp']...
2025-04-03 17:54:15,038 -   censo.qm_processor   -  DEBUG   - worker3273925:Started (PID: 3276291).
2025-04-03 17:54:15,112 -   censo.qm_processor   -  DEBUG   - worker3273908:Done.
2025-04-03 17:54:15,117 -     censo.parallel     -  DEBUG   - Free cores increased 0 -> 1.
2025-04-03 17:54:15,118 -     censo.parallel     -  DEBUG   - Free cores decreased 1 -> 0.
2025-04-03 17:54:15,119 -   censo.qm_processor   -  DEBUG   - worker3273908:Running on 1 cores.
2025-04-03 17:54:15,124 -   censo.qm_processor   -   INFO   - worker3273908:Running sp calculation in /srv/scratch/z5358697/.automated/3792/0_PRESCREENING/CONF62/sp.
2025-04-03 17:54:15,246 -   censo.qm_processor   -  DEBUG   - worker3273908:Running ['/apps/z_install_tree/linux-rocky8-ivybridge/gcc-12.2.0/orca-6.0.0-srtngmq3qlimg2qxbl6avaaiffipurdx/bin/orca', 'sp.inp']...
2025-04-03 17:54:15,251 -   censo.qm_processor   -  DEBUG   - worker3273908:Started (PID: 3276293).
2025-04-03 17:54:17,925 -   censo.qm_processor   -  DEBUG   - worker3273923:Done.
2025-04-03 17:54:17,932 -     censo.parallel     -  DEBUG   - Free cores increased 0 -> 1.
2025-04-03 17:54:17,933 -     censo.parallel     -  DEBUG   - Free cores decreased 1 -> 0.
2025-04-03 17:54:17,934 -   censo.qm_processor   -  DEBUG   - worker3273923:Running on 1 cores.
2025-04-03 17:54:17,940 -   censo.qm_processor   -   INFO   - worker3273923:Running sp calculation in /srv/scratch/z5358697/.automated/3792/0_PRESCREENING/CONF63/sp.
2025-04-03 17:54:17,958 -   censo.qm_processor   -  DEBUG   - worker3273923:Running ['/apps/z_install_tree/linux-rocky8-ivybridge/gcc-12.2.0/orca-6.0.0-srtngmq3qlimg2qxbl6avaaiffipurdx/bin/orca', 'sp.inp']...
2025-04-03 17:54:17,965 -   censo.qm_processor   -  DEBUG   - worker3273923:Started (PID: 3276306).
2025-04-03 17:54:19,580 -   censo.qm_processor   -  DEBUG   - worker3273910:Done.
2025-04-03 17:54:19,587 -     censo.parallel     -  DEBUG   - Free cores increased 0 -> 1.
2025-04-03 17:54:19,588 -     censo.parallel     -  DEBUG   - Free cores decreased 1 -> 0.
2025-04-03 17:54:19,589 -   censo.qm_processor   -  DEBUG   - worker3273910:Running on 1 cores.
2025-04-03 17:54:19,600 -   censo.qm_processor   -   INFO   - worker3273910:Running sp calculation in /srv/scratch/z5358697/.automated/3792/0_PRESCREENING/CONF64/sp.
2025-04-03 17:54:19,676 -   censo.qm_processor   -  DEBUG   - worker3273910:Running ['/apps/z_install_tree/linux-rocky8-ivybridge/gcc-12.2.0/orca-6.0.0-srtngmq3qlimg2qxbl6avaaiffipurdx/bin/orca', 'sp.inp']...
2025-04-03 17:54:19,685 -   censo.qm_processor   -  DEBUG   - worker3273910:Started (PID: 3276319).
2025-04-03 17:54:47,014 -   censo.qm_processor   -  DEBUG   - worker3273940:Done.
2025-04-03 17:54:47,020 -     censo.parallel     -  DEBUG   - Free cores increased 0 -> 1.
2025-04-03 17:54:47,021 -     censo.parallel     -  DEBUG   - Free cores decreased 1 -> 0.
2025-04-03 17:54:47,022 -   censo.qm_processor   -  DEBUG   - worker3273940:Running on 1 cores.
2025-04-03 17:54:47,029 -   censo.qm_processor   -   INFO   - worker3273940:Running sp calculation in /srv/scratch/z5358697/.automated/3792/0_PRESCREENING/CONF65/sp.
2025-04-03 17:54:47,044 -   censo.qm_processor   -  DEBUG   - worker3273940:Running ['/apps/z_install_tree/linux-rocky8-ivybridge/gcc-12.2.0/orca-6.0.0-srtngmq3qlimg2qxbl6avaaiffipurdx/bin/orca', 'sp.inp']...
2025-04-03 17:54:47,050 -   censo.qm_processor   -  DEBUG   - worker3273940:Started (PID: 3276516).
2025-04-03 17:54:52,536 -   censo.qm_processor   -  DEBUG   - worker3273916:Done.
2025-04-03 17:54:52,542 -     censo.parallel     -  DEBUG   - Free cores increased 0 -> 1.
2025-04-03 17:54:52,543 -     censo.parallel     -  DEBUG   - Free cores decreased 1 -> 0.
2025-04-03 17:54:52,544 -   censo.qm_processor   -  DEBUG   - worker3273916:Running on 1 cores.
2025-04-03 17:54:52,551 -   censo.qm_processor   -   INFO   - worker3273916:Running sp calculation in /srv/scratch/z5358697/.automated/3792/0_PRESCREENING/CONF66/sp.
2025-04-03 17:54:52,566 -   censo.qm_processor   -  DEBUG   - worker3273916:Running ['/apps/z_install_tree/linux-rocky8-ivybridge/gcc-12.2.0/orca-6.0.0-srtngmq3qlimg2qxbl6avaaiffipurdx/bin/orca', 'sp.inp']...
2025-04-03 17:54:52,571 -   censo.qm_processor   -  DEBUG   - worker3273916:Started (PID: 3276533).
2025-04-03 17:55:06,420 -   censo.qm_processor   -  DEBUG   - worker3273912:Done.
2025-04-03 17:55:06,427 -     censo.parallel     -  DEBUG   - Free cores increased 0 -> 1.
2025-04-03 17:55:06,428 -     censo.parallel     -  DEBUG   - Free cores decreased 1 -> 0.
2025-04-03 17:55:06,428 -   censo.qm_processor   -  DEBUG   - worker3273912:Running on 1 cores.
2025-04-03 17:55:06,434 -   censo.qm_processor   -   INFO   - worker3273912:Running sp calculation in /srv/scratch/z5358697/.automated/3792/0_PRESCREENING/CONF67/sp.
2025-04-03 17:55:06,476 -   censo.qm_processor   -  DEBUG   - worker3273912:Running ['/apps/z_install_tree/linux-rocky8-ivybridge/gcc-12.2.0/orca-6.0.0-srtngmq3qlimg2qxbl6avaaiffipurdx/bin/orca', 'sp.inp']...
2025-04-03 17:55:06,481 -   censo.qm_processor   -  DEBUG   - worker3273912:Started (PID: 3276581).
2025-04-03 17:55:15,384 -   censo.qm_processor   -  DEBUG   - worker3273920:Done.
2025-04-03 17:55:15,390 -     censo.parallel     -  DEBUG   - Free cores increased 0 -> 1.
2025-04-03 17:55:15,391 -     censo.parallel     -  DEBUG   - Free cores decreased 1 -> 0.
2025-04-03 17:55:15,392 -   censo.qm_processor   -  DEBUG   - worker3273920:Running on 1 cores.
2025-04-03 17:55:15,399 -   censo.qm_processor   -   INFO   - worker3273920:Running sp calculation in /srv/scratch/z5358697/.automated/3792/0_PRESCREENING/CONF68/sp.
2025-04-03 17:55:15,443 -   censo.qm_processor   -  DEBUG   - worker3273920:Running ['/apps/z_install_tree/linux-rocky8-ivybridge/gcc-12.2.0/orca-6.0.0-srtngmq3qlimg2qxbl6avaaiffipurdx/bin/orca', 'sp.inp']...
2025-04-03 17:55:15,448 -   censo.qm_processor   -  DEBUG   - worker3273920:Started (PID: 3276602).
2025-04-03 17:55:15,460 -   censo.qm_processor   -  DEBUG   - worker3273937:Done.
2025-04-03 17:55:15,466 -     censo.parallel     -  DEBUG   - Free cores increased 0 -> 1.
2025-04-03 17:55:15,468 -     censo.parallel     -  DEBUG   - Free cores decreased 1 -> 0.
2025-04-03 17:55:15,468 -   censo.qm_processor   -  DEBUG   - worker3273937:Running on 1 cores.
2025-04-03 17:55:15,474 -   censo.qm_processor   -   INFO   - worker3273937:Running sp calculation in /srv/scratch/z5358697/.automated/3792/0_PRESCREENING/CONF69/sp.
2025-04-03 17:55:15,525 -   censo.qm_processor   -  DEBUG   - worker3273937:Running ['/apps/z_install_tree/linux-rocky8-ivybridge/gcc-12.2.0/orca-6.0.0-srtngmq3qlimg2qxbl6avaaiffipurdx/bin/orca', 'sp.inp']...
2025-04-03 17:55:15,531 -   censo.qm_processor   -  DEBUG   - worker3273937:Started (PID: 3276603).
2025-04-03 17:55:18,865 -   censo.qm_processor   -  DEBUG   - worker3273933:Done.
2025-04-03 17:55:18,872 -     censo.parallel     -  DEBUG   - Free cores increased 0 -> 1.
2025-04-03 17:55:18,873 -     censo.parallel     -  DEBUG   - Free cores decreased 1 -> 0.
2025-04-03 17:55:18,874 -   censo.qm_processor   -  DEBUG   - worker3273933:Running on 1 cores.
2025-04-03 17:55:18,880 -   censo.qm_processor   -   INFO   - worker3273933:Running sp calculation in /srv/scratch/z5358697/.automated/3792/0_PRESCREENING/CONF70/sp.
2025-04-03 17:55:19,365 -   censo.qm_processor   -  DEBUG   - worker3273933:Running ['/apps/z_install_tree/linux-rocky8-ivybridge/gcc-12.2.0/orca-6.0.0-srtngmq3qlimg2qxbl6avaaiffipurdx/bin/orca', 'sp.inp']...
2025-04-03 17:55:19,370 -   censo.qm_processor   -  DEBUG   - worker3273933:Started (PID: 3276618).
2025-04-03 17:55:19,929 -   censo.qm_processor   -  DEBUG   - worker3273947:Done.
2025-04-03 17:55:19,935 -     censo.parallel     -  DEBUG   - Free cores increased 0 -> 1.
2025-04-03 17:55:19,937 -     censo.parallel     -  DEBUG   - Free cores decreased 1 -> 0.
2025-04-03 17:55:19,937 -   censo.qm_processor   -  DEBUG   - worker3273947:Running on 1 cores.
2025-04-03 17:55:19,943 -   censo.qm_processor   -   INFO   - worker3273947:Running sp calculation in /srv/scratch/z5358697/.automated/3792/0_PRESCREENING/CONF71/sp.
2025-04-03 17:55:19,958 -   censo.qm_processor   -  DEBUG   - worker3273947:Running ['/apps/z_install_tree/linux-rocky8-ivybridge/gcc-12.2.0/orca-6.0.0-srtngmq3qlimg2qxbl6avaaiffipurdx/bin/orca', 'sp.inp']...
2025-04-03 17:55:19,963 -   censo.qm_processor   -  DEBUG   - worker3273947:Started (PID: 3276625).
2025-04-03 17:55:20,165 -   censo.qm_processor   -  DEBUG   - worker3273909:Done.
2025-04-03 17:55:20,170 -     censo.parallel     -  DEBUG   - Free cores increased 0 -> 1.
2025-04-03 17:55:20,171 -     censo.parallel     -  DEBUG   - Free cores decreased 1 -> 0.
2025-04-03 17:55:20,172 -   censo.qm_processor   -  DEBUG   - worker3273909:Running on 1 cores.
2025-04-03 17:55:20,179 -   censo.qm_processor   -   INFO   - worker3273909:Running sp calculation in /srv/scratch/z5358697/.automated/3792/0_PRESCREENING/CONF72/sp.
2025-04-03 17:55:20,196 -   censo.qm_processor   -  DEBUG   - worker3273909:Running ['/apps/z_install_tree/linux-rocky8-ivybridge/gcc-12.2.0/orca-6.0.0-srtngmq3qlimg2qxbl6avaaiffipurdx/bin/orca', 'sp.inp']...
2025-04-03 17:55:20,201 -   censo.qm_processor   -  DEBUG   - worker3273909:Started (PID: 3276626).
2025-04-03 17:55:21,056 -   censo.qm_processor   -  DEBUG   - worker3273925:Done.
2025-04-03 17:55:21,062 -     censo.parallel     -  DEBUG   - Free cores increased 0 -> 1.
2025-04-03 17:55:21,063 -     censo.parallel     -  DEBUG   - Free cores decreased 1 -> 0.
2025-04-03 17:55:21,064 -   censo.qm_processor   -  DEBUG   - worker3273925:Running on 1 cores.
2025-04-03 17:55:21,076 -   censo.qm_processor   -   INFO   - worker3273925:Running sp calculation in /srv/scratch/z5358697/.automated/3792/0_PRESCREENING/CONF73/sp.
2025-04-03 17:55:21,092 -   censo.qm_processor   -  DEBUG   - worker3273925:Running ['/apps/z_install_tree/linux-rocky8-ivybridge/gcc-12.2.0/orca-6.0.0-srtngmq3qlimg2qxbl6avaaiffipurdx/bin/orca', 'sp.inp']...
2025-04-03 17:55:21,098 -   censo.qm_processor   -  DEBUG   - worker3273925:Started (PID: 3276627).
2025-04-03 17:55:24,766 -   censo.qm_processor   -  DEBUG   - worker3273950:Done.
2025-04-03 17:55:24,772 -     censo.parallel     -  DEBUG   - Free cores increased 0 -> 1.
2025-04-03 17:55:24,773 -     censo.parallel     -  DEBUG   - Free cores decreased 1 -> 0.
2025-04-03 17:55:24,774 -   censo.qm_processor   -  DEBUG   - worker3273950:Running on 1 cores.
2025-04-03 17:55:24,784 -   censo.qm_processor   -   INFO   - worker3273950:Running sp calculation in /srv/scratch/z5358697/.automated/3792/0_PRESCREENING/CONF74/sp.
2025-04-03 17:55:24,799 -   censo.qm_processor   -  DEBUG   - worker3273950:Running ['/apps/z_install_tree/linux-rocky8-ivybridge/gcc-12.2.0/orca-6.0.0-srtngmq3qlimg2qxbl6avaaiffipurdx/bin/orca', 'sp.inp']...
2025-04-03 17:55:24,804 -   censo.qm_processor   -  DEBUG   - worker3273950:Started (PID: 3276641).
2025-04-03 17:55:30,071 -   censo.qm_processor   -  DEBUG   - worker3273914:Done.
2025-04-03 17:55:30,077 -     censo.parallel     -  DEBUG   - Free cores increased 0 -> 1.
2025-04-03 17:55:30,078 -     censo.parallel     -  DEBUG   - Free cores decreased 1 -> 0.
2025-04-03 17:55:30,078 -   censo.qm_processor   -  DEBUG   - worker3273914:Running on 1 cores.
2025-04-03 17:55:30,228 -   censo.qm_processor   -   INFO   - worker3273914:Running sp calculation in /srv/scratch/z5358697/.automated/3792/0_PRESCREENING/CONF75/sp.
2025-04-03 17:55:30,244 -   censo.qm_processor   -  DEBUG   - worker3273914:Running ['/apps/z_install_tree/linux-rocky8-ivybridge/gcc-12.2.0/orca-6.0.0-srtngmq3qlimg2qxbl6avaaiffipurdx/bin/orca', 'sp.inp']...
2025-04-03 17:55:30,249 -   censo.qm_processor   -  DEBUG   - worker3273914:Started (PID: 3276658).
2025-04-03 17:55:30,358 -   censo.qm_processor   -  DEBUG   - worker3273929:Done.
2025-04-03 17:55:30,364 -     censo.parallel     -  DEBUG   - Free cores increased 0 -> 1.
2025-04-03 17:55:30,365 -     censo.parallel     -  DEBUG   - Free cores decreased 1 -> 0.
2025-04-03 17:55:30,366 -   censo.qm_processor   -  DEBUG   - worker3273929:Running on 1 cores.
2025-04-03 17:55:30,374 -   censo.qm_processor   -   INFO   - worker3273929:Running sp calculation in /srv/scratch/z5358697/.automated/3792/0_PRESCREENING/CONF76/sp.
2025-04-03 17:55:30,397 -   censo.qm_processor   -  DEBUG   - worker3273929:Running ['/apps/z_install_tree/linux-rocky8-ivybridge/gcc-12.2.0/orca-6.0.0-srtngmq3qlimg2qxbl6avaaiffipurdx/bin/orca', 'sp.inp']...
2025-04-03 17:55:30,403 -   censo.qm_processor   -  DEBUG   - worker3273929:Started (PID: 3276659).
2025-04-03 17:55:33,471 -   censo.qm_processor   -  DEBUG   - worker3273908:Done.
2025-04-03 17:55:33,483 -     censo.parallel     -  DEBUG   - Free cores increased 0 -> 1.
2025-04-03 17:55:33,484 -     censo.parallel     -  DEBUG   - Free cores decreased 1 -> 0.
2025-04-03 17:55:33,485 -   censo.qm_processor   -  DEBUG   - worker3273908:Running on 1 cores.
2025-04-03 17:55:33,491 -   censo.qm_processor   -   INFO   - worker3273908:Running sp calculation in /srv/scratch/z5358697/.automated/3792/0_PRESCREENING/CONF77/sp.
2025-04-03 17:55:33,509 -   censo.qm_processor   -  DEBUG   - worker3273908:Running ['/apps/z_install_tree/linux-rocky8-ivybridge/gcc-12.2.0/orca-6.0.0-srtngmq3qlimg2qxbl6avaaiffipurdx/bin/orca', 'sp.inp']...
2025-04-03 17:55:33,515 -   censo.qm_processor   -  DEBUG   - worker3273908:Started (PID: 3276674).
2025-04-03 17:55:35,985 -   censo.qm_processor   -  DEBUG   - worker3273910:Done.
2025-04-03 17:55:35,991 -     censo.parallel     -  DEBUG   - Free cores increased 0 -> 1.
2025-04-03 17:55:35,992 -     censo.parallel     -  DEBUG   - Free cores decreased 1 -> 0.
2025-04-03 17:55:35,993 -   censo.qm_processor   -  DEBUG   - worker3273910:Running on 1 cores.
2025-04-03 17:55:36,078 -   censo.qm_processor   -   INFO   - worker3273910:Running sp calculation in /srv/scratch/z5358697/.automated/3792/0_PRESCREENING/CONF78/sp.
2025-04-03 17:55:36,094 -   censo.qm_processor   -  DEBUG   - worker3273910:Running ['/apps/z_install_tree/linux-rocky8-ivybridge/gcc-12.2.0/orca-6.0.0-srtngmq3qlimg2qxbl6avaaiffipurdx/bin/orca', 'sp.inp']...
2025-04-03 17:55:36,099 -   censo.qm_processor   -  DEBUG   - worker3273910:Started (PID: 3276695).
2025-04-03 17:55:36,746 -   censo.qm_processor   -  DEBUG   - worker3273923:Done.
2025-04-03 17:55:36,752 -     censo.parallel     -  DEBUG   - Free cores increased 0 -> 1.
2025-04-03 17:55:36,753 -     censo.parallel     -  DEBUG   - Free cores decreased 1 -> 0.
2025-04-03 17:55:36,754 -   censo.qm_processor   -  DEBUG   - worker3273923:Running on 1 cores.
2025-04-03 17:55:36,759 -   censo.qm_processor   -   INFO   - worker3273923:Running sp calculation in /srv/scratch/z5358697/.automated/3792/0_PRESCREENING/CONF79/sp.
2025-04-03 17:55:36,774 -   censo.qm_processor   -  DEBUG   - worker3273923:Running ['/apps/z_install_tree/linux-rocky8-ivybridge/gcc-12.2.0/orca-6.0.0-srtngmq3qlimg2qxbl6avaaiffipurdx/bin/orca', 'sp.inp']...
2025-04-03 17:55:36,779 -   censo.qm_processor   -  DEBUG   - worker3273923:Started (PID: 3276703).
2025-04-03 17:55:37,482 -   censo.qm_processor   -  DEBUG   - worker3273943:Done.
2025-04-03 17:55:37,488 -     censo.parallel     -  DEBUG   - Free cores increased 0 -> 1.
2025-04-03 17:55:37,489 -     censo.parallel     -  DEBUG   - Free cores decreased 1 -> 0.
2025-04-03 17:55:37,490 -   censo.qm_processor   -  DEBUG   - worker3273943:Running on 1 cores.
2025-04-03 17:55:37,503 -   censo.qm_processor   -   INFO   - worker3273943:Running sp calculation in /srv/scratch/z5358697/.automated/3792/0_PRESCREENING/CONF80/sp.
2025-04-03 17:55:37,521 -   censo.qm_processor   -  DEBUG   - worker3273943:Running ['/apps/z_install_tree/linux-rocky8-ivybridge/gcc-12.2.0/orca-6.0.0-srtngmq3qlimg2qxbl6avaaiffipurdx/bin/orca', 'sp.inp']...
2025-04-03 17:55:37,527 -   censo.qm_processor   -  DEBUG   - worker3273943:Started (PID: 3276709).
2025-04-03 17:56:00,926 -   censo.qm_processor   -  DEBUG   - worker3273940:Done.
2025-04-03 17:56:00,932 -     censo.parallel     -  DEBUG   - Free cores increased 0 -> 1.
2025-04-03 17:56:00,934 -     censo.parallel     -  DEBUG   - Free cores decreased 1 -> 0.
2025-04-03 17:56:00,934 -   censo.qm_processor   -  DEBUG   - worker3273940:Running on 1 cores.
2025-04-03 17:56:00,942 -   censo.qm_processor   -   INFO   - worker3273940:Running sp calculation in /srv/scratch/z5358697/.automated/3792/0_PRESCREENING/CONF81/sp.
2025-04-03 17:56:00,958 -   censo.qm_processor   -  DEBUG   - worker3273940:Running ['/apps/z_install_tree/linux-rocky8-ivybridge/gcc-12.2.0/orca-6.0.0-srtngmq3qlimg2qxbl6avaaiffipurdx/bin/orca', 'sp.inp']...
2025-04-03 17:56:00,963 -   censo.qm_processor   -  DEBUG   - worker3273940:Started (PID: 3276862).
2025-04-03 17:56:11,351 -   censo.qm_processor   -  DEBUG   - worker3273916:Done.
2025-04-03 17:56:11,357 -     censo.parallel     -  DEBUG   - Free cores increased 0 -> 1.
2025-04-03 17:56:11,359 -     censo.parallel     -  DEBUG   - Free cores decreased 1 -> 0.
2025-04-03 17:56:11,359 -   censo.qm_processor   -  DEBUG   - worker3273916:Running on 1 cores.
2025-04-03 17:56:11,376 -   censo.qm_processor   -   INFO   - worker3273916:Running sp calculation in /srv/scratch/z5358697/.automated/3792/0_PRESCREENING/CONF82/sp.
2025-04-03 17:56:11,393 -   censo.qm_processor   -  DEBUG   - worker3273916:Running ['/apps/z_install_tree/linux-rocky8-ivybridge/gcc-12.2.0/orca-6.0.0-srtngmq3qlimg2qxbl6avaaiffipurdx/bin/orca', 'sp.inp']...
2025-04-03 17:56:11,399 -   censo.qm_processor   -  DEBUG   - worker3273916:Started (PID: 3276938).
2025-04-03 17:56:12,280 -   censo.qm_processor   -  DEBUG   - worker3273912:Done.
2025-04-03 17:56:12,286 -     censo.parallel     -  DEBUG   - Free cores increased 0 -> 1.
2025-04-03 17:56:12,287 -     censo.parallel     -  DEBUG   - Free cores decreased 1 -> 0.
2025-04-03 17:56:12,288 -   censo.qm_processor   -  DEBUG   - worker3273912:Running on 1 cores.
2025-04-03 17:56:12,294 -   censo.qm_processor   -   INFO   - worker3273912:Running sp calculation in /srv/scratch/z5358697/.automated/3792/0_PRESCREENING/CONF83/sp.
2025-04-03 17:56:12,309 -   censo.qm_processor   -  DEBUG   - worker3273912:Running ['/apps/z_install_tree/linux-rocky8-ivybridge/gcc-12.2.0/orca-6.0.0-srtngmq3qlimg2qxbl6avaaiffipurdx/bin/orca', 'sp.inp']...
2025-04-03 17:56:12,314 -   censo.qm_processor   -  DEBUG   - worker3273912:Started (PID: 3276942).
2025-04-03 17:56:16,686 -   censo.qm_processor   -  DEBUG   - worker3273937:Done.
2025-04-03 17:56:16,692 -     censo.parallel     -  DEBUG   - Free cores increased 0 -> 1.
2025-04-03 17:56:16,693 -     censo.parallel     -  DEBUG   - Free cores decreased 1 -> 0.
2025-04-03 17:56:16,694 -   censo.qm_processor   -  DEBUG   - worker3273937:Running on 1 cores.
2025-04-03 17:56:16,699 -   censo.qm_processor   -   INFO   - worker3273937:Running sp calculation in /srv/scratch/z5358697/.automated/3792/0_PRESCREENING/CONF84/sp.
2025-04-03 17:56:16,720 -   censo.qm_processor   -  DEBUG   - worker3273937:Running ['/apps/z_install_tree/linux-rocky8-ivybridge/gcc-12.2.0/orca-6.0.0-srtngmq3qlimg2qxbl6avaaiffipurdx/bin/orca', 'sp.inp']...
2025-04-03 17:56:16,725 -   censo.qm_processor   -  DEBUG   - worker3273937:Started (PID: 3276953).
2025-04-03 17:56:18,316 -   censo.qm_processor   -  DEBUG   - worker3273920:Done.
2025-04-03 17:56:18,322 -     censo.parallel     -  DEBUG   - Free cores increased 0 -> 1.
2025-04-03 17:56:18,322 -     censo.parallel     -  DEBUG   - Free cores decreased 1 -> 0.
2025-04-03 17:56:18,323 -   censo.qm_processor   -  DEBUG   - worker3273920:Running on 1 cores.
2025-04-03 17:56:18,329 -   censo.qm_processor   -   INFO   - worker3273920:Running sp calculation in /srv/scratch/z5358697/.automated/3792/0_PRESCREENING/CONF85/sp.
2025-04-03 17:56:18,346 -   censo.qm_processor   -  DEBUG   - worker3273920:Running ['/apps/z_install_tree/linux-rocky8-ivybridge/gcc-12.2.0/orca-6.0.0-srtngmq3qlimg2qxbl6avaaiffipurdx/bin/orca', 'sp.inp']...
2025-04-03 17:56:18,351 -   censo.qm_processor   -  DEBUG   - worker3273920:Started (PID: 3276960).
2025-04-03 17:56:25,091 -   censo.qm_processor   -  DEBUG   - worker3273909:Done.
2025-04-03 17:56:25,097 -     censo.parallel     -  DEBUG   - Free cores increased 0 -> 1.
2025-04-03 17:56:25,098 -     censo.parallel     -  DEBUG   - Free cores decreased 1 -> 0.
2025-04-03 17:56:25,099 -   censo.qm_processor   -  DEBUG   - worker3273909:Running on 1 cores.
2025-04-03 17:56:25,105 -   censo.qm_processor   -   INFO   - worker3273909:Running sp calculation in /srv/scratch/z5358697/.automated/3792/0_PRESCREENING/CONF86/sp.
2025-04-03 17:56:25,183 -   censo.qm_processor   -  DEBUG   - worker3273909:Running ['/apps/z_install_tree/linux-rocky8-ivybridge/gcc-12.2.0/orca-6.0.0-srtngmq3qlimg2qxbl6avaaiffipurdx/bin/orca', 'sp.inp']...
2025-04-03 17:56:25,188 -   censo.qm_processor   -  DEBUG   - worker3273909:Started (PID: 3276973).
2025-04-03 17:56:25,695 -   censo.qm_processor   -  DEBUG   - worker3273933:Done.
2025-04-03 17:56:25,701 -     censo.parallel     -  DEBUG   - Free cores increased 0 -> 1.
2025-04-03 17:56:25,702 -     censo.parallel     -  DEBUG   - Free cores decreased 1 -> 0.
2025-04-03 17:56:25,703 -   censo.qm_processor   -  DEBUG   - worker3273933:Running on 1 cores.
2025-04-03 17:56:25,712 -   censo.qm_processor   -   INFO   - worker3273933:Running sp calculation in /srv/scratch/z5358697/.automated/3792/0_PRESCREENING/CONF87/sp.
2025-04-03 17:56:25,728 -   censo.qm_processor   -  DEBUG   - worker3273933:Running ['/apps/z_install_tree/linux-rocky8-ivybridge/gcc-12.2.0/orca-6.0.0-srtngmq3qlimg2qxbl6avaaiffipurdx/bin/orca', 'sp.inp']...
2025-04-03 17:56:25,734 -   censo.qm_processor   -  DEBUG   - worker3273933:Started (PID: 3276978).
2025-04-03 17:56:26,977 -   censo.qm_processor   -  DEBUG   - worker3273925:Done.
2025-04-03 17:56:26,983 -     censo.parallel     -  DEBUG   - Free cores increased 0 -> 1.
2025-04-03 17:56:26,984 -     censo.parallel     -  DEBUG   - Free cores decreased 1 -> 0.
2025-04-03 17:56:26,985 -   censo.qm_processor   -  DEBUG   - worker3273925:Running on 1 cores.
2025-04-03 17:56:27,528 -   censo.qm_processor   -   INFO   - worker3273925:Running sp calculation in /srv/scratch/z5358697/.automated/3792/0_PRESCREENING/CONF88/sp.
2025-04-03 17:56:27,553 -   censo.qm_processor   -  DEBUG   - worker3273925:Running ['/apps/z_install_tree/linux-rocky8-ivybridge/gcc-12.2.0/orca-6.0.0-srtngmq3qlimg2qxbl6avaaiffipurdx/bin/orca', 'sp.inp']...
2025-04-03 17:56:27,558 -   censo.qm_processor   -  DEBUG   - worker3273925:Started (PID: 3276984).
2025-04-03 17:56:28,996 -   censo.qm_processor   -  DEBUG   - worker3273950:Done.
2025-04-03 17:56:29,004 -     censo.parallel     -  DEBUG   - Free cores increased 0 -> 1.
2025-04-03 17:56:29,004 -     censo.parallel     -  DEBUG   - Free cores decreased 1 -> 0.
2025-04-03 17:56:29,005 -   censo.qm_processor   -  DEBUG   - worker3273950:Running on 1 cores.
2025-04-03 17:56:29,016 -   censo.qm_processor   -   INFO   - worker3273950:Running sp calculation in /srv/scratch/z5358697/.automated/3792/0_PRESCREENING/CONF89/sp.
2025-04-03 17:56:29,038 -   censo.qm_processor   -  DEBUG   - worker3273950:Running ['/apps/z_install_tree/linux-rocky8-ivybridge/gcc-12.2.0/orca-6.0.0-srtngmq3qlimg2qxbl6avaaiffipurdx/bin/orca', 'sp.inp']...
2025-04-03 17:56:29,044 -   censo.qm_processor   -  DEBUG   - worker3273950:Started (PID: 3276993).
2025-04-03 17:56:33,262 -   censo.qm_processor   -  DEBUG   - worker3273947:Done.
2025-04-03 17:56:33,270 -     censo.parallel     -  DEBUG   - Free cores increased 0 -> 1.
2025-04-03 17:56:33,271 -     censo.parallel     -  DEBUG   - Free cores decreased 1 -> 0.
2025-04-03 17:56:33,271 -   censo.qm_processor   -  DEBUG   - worker3273947:Running on 1 cores.
2025-04-03 17:56:33,280 -   censo.qm_processor   -   INFO   - worker3273947:Running sp calculation in /srv/scratch/z5358697/.automated/3792/0_PRESCREENING/CONF90/sp.
2025-04-03 17:56:33,966 -   censo.qm_processor   -  DEBUG   - worker3273947:Running ['/apps/z_install_tree/linux-rocky8-ivybridge/gcc-12.2.0/orca-6.0.0-srtngmq3qlimg2qxbl6avaaiffipurdx/bin/orca', 'sp.inp']...
2025-04-03 17:56:33,972 -   censo.qm_processor   -  DEBUG   - worker3273947:Started (PID: 3277015).
2025-04-03 17:56:35,040 -   censo.qm_processor   -  DEBUG   - worker3273929:Done.
2025-04-03 17:56:35,046 -     censo.parallel     -  DEBUG   - Free cores increased 0 -> 1.
2025-04-03 17:56:35,047 -     censo.parallel     -  DEBUG   - Free cores decreased 1 -> 0.
2025-04-03 17:56:35,048 -   censo.qm_processor   -  DEBUG   - worker3273929:Running on 1 cores.
2025-04-03 17:56:35,105 -   censo.qm_processor   -   INFO   - worker3273929:Running sp calculation in /srv/scratch/z5358697/.automated/3792/0_PRESCREENING/CONF91/sp.
2025-04-03 17:56:35,123 -   censo.qm_processor   -  DEBUG   - worker3273929:Running ['/apps/z_install_tree/linux-rocky8-ivybridge/gcc-12.2.0/orca-6.0.0-srtngmq3qlimg2qxbl6avaaiffipurdx/bin/orca', 'sp.inp']...
2025-04-03 17:56:35,130 -   censo.qm_processor   -  DEBUG   - worker3273929:Started (PID: 3277019).
2025-04-03 17:56:37,783 -   censo.qm_processor   -  DEBUG   - worker3273908:Done.
2025-04-03 17:56:37,789 -     censo.parallel     -  DEBUG   - Free cores increased 0 -> 1.
2025-04-03 17:56:37,790 -     censo.parallel     -  DEBUG   - Free cores decreased 1 -> 0.
2025-04-03 17:56:37,791 -   censo.qm_processor   -  DEBUG   - worker3273908:Running on 1 cores.
2025-04-03 17:56:38,039 -   censo.qm_processor   -   INFO   - worker3273908:Running sp calculation in /srv/scratch/z5358697/.automated/3792/0_PRESCREENING/CONF92/sp.
2025-04-03 17:56:38,055 -   censo.qm_processor   -  DEBUG   - worker3273908:Running ['/apps/z_install_tree/linux-rocky8-ivybridge/gcc-12.2.0/orca-6.0.0-srtngmq3qlimg2qxbl6avaaiffipurdx/bin/orca', 'sp.inp']...
2025-04-03 17:56:38,063 -   censo.qm_processor   -  DEBUG   - worker3273908:Started (PID: 3277028).
2025-04-03 17:56:39,967 -   censo.qm_processor   -  DEBUG   - worker3273910:Done.
2025-04-03 17:56:39,973 -     censo.parallel     -  DEBUG   - Free cores increased 0 -> 1.
2025-04-03 17:56:39,974 -     censo.parallel     -  DEBUG   - Free cores decreased 1 -> 0.
2025-04-03 17:56:39,975 -   censo.qm_processor   -  DEBUG   - worker3273910:Running on 1 cores.
2025-04-03 17:56:39,982 -   censo.qm_processor   -   INFO   - worker3273910:Running sp calculation in /srv/scratch/z5358697/.automated/3792/0_PRESCREENING/CONF93/sp.
2025-04-03 17:56:39,996 -   censo.qm_processor   -  DEBUG   - worker3273910:Running ['/apps/z_install_tree/linux-rocky8-ivybridge/gcc-12.2.0/orca-6.0.0-srtngmq3qlimg2qxbl6avaaiffipurdx/bin/orca', 'sp.inp']...
2025-04-03 17:56:40,002 -   censo.qm_processor   -  DEBUG   - worker3273910:Started (PID: 3277035).
2025-04-03 17:56:41,024 -   censo.qm_processor   -  DEBUG   - worker3273914:Done.
2025-04-03 17:56:41,033 -     censo.parallel     -  DEBUG   - Free cores increased 0 -> 1.
2025-04-03 17:56:41,034 -     censo.parallel     -  DEBUG   - Free cores decreased 1 -> 0.
2025-04-03 17:56:41,035 -   censo.qm_processor   -  DEBUG   - worker3273914:Running on 1 cores.
2025-04-03 17:56:41,045 -   censo.qm_processor   -   INFO   - worker3273914:Running sp calculation in /srv/scratch/z5358697/.automated/3792/0_PRESCREENING/CONF94/sp.
2025-04-03 17:56:41,062 -   censo.qm_processor   -  DEBUG   - worker3273914:Running ['/apps/z_install_tree/linux-rocky8-ivybridge/gcc-12.2.0/orca-6.0.0-srtngmq3qlimg2qxbl6avaaiffipurdx/bin/orca', 'sp.inp']...
2025-04-03 17:56:41,067 -   censo.qm_processor   -  DEBUG   - worker3273914:Started (PID: 3277047).
2025-04-03 17:56:41,485 -   censo.qm_processor   -  DEBUG   - worker3273923:Done.
2025-04-03 17:56:41,492 -     censo.parallel     -  DEBUG   - Free cores increased 0 -> 1.
2025-04-03 17:56:41,493 -     censo.parallel     -  DEBUG   - Free cores decreased 1 -> 0.
2025-04-03 17:56:41,493 -   censo.qm_processor   -  DEBUG   - worker3273923:Running on 1 cores.
2025-04-03 17:56:41,500 -   censo.qm_processor   -   INFO   - worker3273923:Running sp calculation in /srv/scratch/z5358697/.automated/3792/0_PRESCREENING/CONF95/sp.
2025-04-03 17:56:41,565 -   censo.qm_processor   -  DEBUG   - worker3273923:Running ['/apps/z_install_tree/linux-rocky8-ivybridge/gcc-12.2.0/orca-6.0.0-srtngmq3qlimg2qxbl6avaaiffipurdx/bin/orca', 'sp.inp']...
2025-04-03 17:56:41,570 -   censo.qm_processor   -  DEBUG   - worker3273923:Started (PID: 3277051).
2025-04-03 17:56:42,237 -   censo.qm_processor   -  DEBUG   - worker3273943:Done.
2025-04-03 17:56:42,245 -     censo.parallel     -  DEBUG   - Free cores increased 0 -> 1.
2025-04-03 17:56:42,246 -     censo.parallel     -  DEBUG   - Free cores decreased 1 -> 0.
2025-04-03 17:56:42,247 -   censo.qm_processor   -  DEBUG   - worker3273943:Running on 1 cores.
2025-04-03 17:56:42,255 -   censo.qm_processor   -   INFO   - worker3273943:Running sp calculation in /srv/scratch/z5358697/.automated/3792/0_PRESCREENING/CONF96/sp.
2025-04-03 17:56:42,337 -   censo.qm_processor   -  DEBUG   - worker3273943:Running ['/apps/z_install_tree/linux-rocky8-ivybridge/gcc-12.2.0/orca-6.0.0-srtngmq3qlimg2qxbl6avaaiffipurdx/bin/orca', 'sp.inp']...
2025-04-03 17:56:42,345 -   censo.qm_processor   -  DEBUG   - worker3273943:Started (PID: 3277054).
2025-04-03 17:57:08,472 -   censo.qm_processor   -  DEBUG   - worker3273940:Done.
2025-04-03 17:57:08,478 -     censo.parallel     -  DEBUG   - Free cores increased 0 -> 1.
2025-04-03 17:57:08,480 -     censo.parallel     -  DEBUG   - Free cores decreased 1 -> 0.
2025-04-03 17:57:08,480 -   censo.qm_processor   -  DEBUG   - worker3273940:Running on 1 cores.
2025-04-03 17:57:08,486 -   censo.qm_processor   -   INFO   - worker3273940:Running sp calculation in /srv/scratch/z5358697/.automated/3792/0_PRESCREENING/CONF97/sp.
2025-04-03 17:57:08,500 -   censo.qm_processor   -  DEBUG   - worker3273940:Running ['/apps/z_install_tree/linux-rocky8-ivybridge/gcc-12.2.0/orca-6.0.0-srtngmq3qlimg2qxbl6avaaiffipurdx/bin/orca', 'sp.inp']...
2025-04-03 17:57:08,507 -   censo.qm_processor   -  DEBUG   - worker3273940:Started (PID: 3277163).
2025-04-03 17:57:26,886 -   censo.qm_processor   -  DEBUG   - worker3273916:Done.
2025-04-03 17:57:26,893 -     censo.parallel     -  DEBUG   - Free cores increased 0 -> 1.
2025-04-03 17:57:26,894 -     censo.parallel     -  DEBUG   - Free cores decreased 1 -> 0.
2025-04-03 17:57:26,895 -   censo.qm_processor   -  DEBUG   - worker3273916:Running on 1 cores.
2025-04-03 17:57:27,854 -   censo.qm_processor   -   INFO   - worker3273916:Running sp calculation in /srv/scratch/z5358697/.automated/3792/0_PRESCREENING/CONF98/sp.
2025-04-03 17:57:27,871 -   censo.qm_processor   -  DEBUG   - worker3273916:Running ['/apps/z_install_tree/linux-rocky8-ivybridge/gcc-12.2.0/orca-6.0.0-srtngmq3qlimg2qxbl6avaaiffipurdx/bin/orca', 'sp.inp']...
2025-04-03 17:57:27,877 -   censo.qm_processor   -  DEBUG   - worker3273916:Started (PID: 3277278).
2025-04-03 17:57:41,142 -   censo.qm_processor   -  DEBUG   - worker3273933:Done.
2025-04-03 17:57:41,149 -     censo.parallel     -  DEBUG   - Free cores increased 0 -> 1.
2025-04-03 17:57:41,151 -     censo.parallel     -  DEBUG   - Free cores decreased 1 -> 0.
2025-04-03 17:57:41,151 -   censo.qm_processor   -  DEBUG   - worker3273933:Running on 1 cores.
2025-04-03 17:57:41,160 -   censo.qm_processor   -   INFO   - worker3273933:Running sp calculation in /srv/scratch/z5358697/.automated/3792/0_PRESCREENING/CONF99/sp.
2025-04-03 17:57:41,176 -   censo.qm_processor   -  DEBUG   - worker3273933:Running ['/apps/z_install_tree/linux-rocky8-ivybridge/gcc-12.2.0/orca-6.0.0-srtngmq3qlimg2qxbl6avaaiffipurdx/bin/orca', 'sp.inp']...
2025-04-03 17:57:41,181 -   censo.qm_processor   -  DEBUG   - worker3273933:Started (PID: 3277329).
2025-04-03 17:57:41,208 -   censo.qm_processor   -  DEBUG   - worker3273912:Done.
2025-04-03 17:57:41,214 -     censo.parallel     -  DEBUG   - Free cores increased 0 -> 1.
2025-04-03 17:57:41,215 -     censo.parallel     -  DEBUG   - Free cores decreased 1 -> 0.
2025-04-03 17:57:41,216 -   censo.qm_processor   -  DEBUG   - worker3273912:Running on 1 cores.
2025-04-03 17:57:41,221 -   censo.qm_processor   -   INFO   - worker3273912:Running sp calculation in /srv/scratch/z5358697/.automated/3792/0_PRESCREENING/CONF100/sp.
2025-04-03 17:57:41,625 -   censo.qm_processor   -  DEBUG   - worker3273912:Running ['/apps/z_install_tree/linux-rocky8-ivybridge/gcc-12.2.0/orca-6.0.0-srtngmq3qlimg2qxbl6avaaiffipurdx/bin/orca', 'sp.inp']...
2025-04-03 17:57:41,631 -   censo.qm_processor   -  DEBUG   - worker3273912:Started (PID: 3277332).
2025-04-03 17:57:41,904 -   censo.qm_processor   -  DEBUG   - worker3273909:Done.
2025-04-03 17:57:41,911 -     censo.parallel     -  DEBUG   - Free cores increased 0 -> 1.
2025-04-03 17:57:41,913 -     censo.parallel     -  DEBUG   - Free cores decreased 1 -> 0.
2025-04-03 17:57:41,913 -   censo.qm_processor   -  DEBUG   - worker3273909:Running on 1 cores.
2025-04-03 17:57:41,920 -   censo.qm_processor   -   INFO   - worker3273909:Running sp calculation in /srv/scratch/z5358697/.automated/3792/0_PRESCREENING/CONF101/sp.
2025-04-03 17:57:42,012 -   censo.qm_processor   -  DEBUG   - worker3273909:Running ['/apps/z_install_tree/linux-rocky8-ivybridge/gcc-12.2.0/orca-6.0.0-srtngmq3qlimg2qxbl6avaaiffipurdx/bin/orca', 'sp.inp']...
2025-04-03 17:57:42,019 -   censo.qm_processor   -  DEBUG   - worker3273909:Started (PID: 3277334).
2025-04-03 17:57:43,160 -   censo.qm_processor   -  DEBUG   - worker3273920:Done.
2025-04-03 17:57:43,167 -     censo.parallel     -  DEBUG   - Free cores increased 0 -> 1.
2025-04-03 17:57:43,168 -     censo.parallel     -  DEBUG   - Free cores decreased 1 -> 0.
2025-04-03 17:57:43,168 -   censo.qm_processor   -  DEBUG   - worker3273920:Running on 1 cores.
2025-04-03 17:57:43,174 -   censo.qm_processor   -   INFO   - worker3273920:Running sp calculation in /srv/scratch/z5358697/.automated/3792/0_PRESCREENING/CONF102/sp.
2025-04-03 17:57:43,191 -   censo.qm_processor   -  DEBUG   - worker3273920:Running ['/apps/z_install_tree/linux-rocky8-ivybridge/gcc-12.2.0/orca-6.0.0-srtngmq3qlimg2qxbl6avaaiffipurdx/bin/orca', 'sp.inp']...
2025-04-03 17:57:43,196 -   censo.qm_processor   -  DEBUG   - worker3273920:Started (PID: 3277343).
2025-04-03 17:57:48,510 -   censo.qm_processor   -  DEBUG   - worker3273925:Done.
2025-04-03 17:57:48,517 -     censo.parallel     -  DEBUG   - Free cores increased 0 -> 1.
2025-04-03 17:57:48,518 -     censo.parallel     -  DEBUG   - Free cores decreased 1 -> 0.
2025-04-03 17:57:48,518 -   censo.qm_processor   -  DEBUG   - worker3273925:Running on 1 cores.
2025-04-03 17:57:48,525 -   censo.qm_processor   -   INFO   - worker3273925:Running sp calculation in /srv/scratch/z5358697/.automated/3792/0_PRESCREENING/CONF103/sp.
2025-04-03 17:57:48,540 -   censo.qm_processor   -  DEBUG   - worker3273925:Running ['/apps/z_install_tree/linux-rocky8-ivybridge/gcc-12.2.0/orca-6.0.0-srtngmq3qlimg2qxbl6avaaiffipurdx/bin/orca', 'sp.inp']...
2025-04-03 17:57:48,546 -   censo.qm_processor   -  DEBUG   - worker3273925:Started (PID: 3277353).
2025-04-03 17:57:50,850 -   censo.qm_processor   -  DEBUG   - worker3273950:Done.
2025-04-03 17:57:50,856 -     censo.parallel     -  DEBUG   - Free cores increased 0 -> 1.
2025-04-03 17:57:50,857 -     censo.parallel     -  DEBUG   - Free cores decreased 1 -> 0.
2025-04-03 17:57:50,858 -   censo.qm_processor   -  DEBUG   - worker3273950:Running on 1 cores.
2025-04-03 17:57:50,864 -   censo.qm_processor   -   INFO   - worker3273950:Running sp calculation in /srv/scratch/z5358697/.automated/3792/0_PRESCREENING/CONF105/sp.
2025-04-03 17:57:50,911 -   censo.qm_processor   -  DEBUG   - worker3273950:Running ['/apps/z_install_tree/linux-rocky8-ivybridge/gcc-12.2.0/orca-6.0.0-srtngmq3qlimg2qxbl6avaaiffipurdx/bin/orca', 'sp.inp']...
2025-04-03 17:57:50,916 -   censo.qm_processor   -  DEBUG   - worker3273950:Started (PID: 3277365).
2025-04-03 17:57:51,791 -   censo.qm_processor   -  DEBUG   - worker3273947:Done.
2025-04-03 17:57:51,798 -     censo.parallel     -  DEBUG   - Free cores increased 0 -> 1.
2025-04-03 17:57:51,799 -     censo.parallel     -  DEBUG   - Free cores decreased 1 -> 0.
2025-04-03 17:57:51,800 -   censo.qm_processor   -  DEBUG   - worker3273947:Running on 1 cores.
2025-04-03 17:57:51,807 -   censo.qm_processor   -   INFO   - worker3273947:Running sp calculation in /srv/scratch/z5358697/.automated/3792/0_PRESCREENING/CONF104/sp.
2025-04-03 17:57:51,823 -   censo.qm_processor   -  DEBUG   - worker3273947:Running ['/apps/z_install_tree/linux-rocky8-ivybridge/gcc-12.2.0/orca-6.0.0-srtngmq3qlimg2qxbl6avaaiffipurdx/bin/orca', 'sp.inp']...
2025-04-03 17:57:51,829 -   censo.qm_processor   -  DEBUG   - worker3273947:Started (PID: 3277375).
2025-04-03 17:57:52,284 -   censo.qm_processor   -  DEBUG   - worker3273937:Done.
2025-04-03 17:57:52,291 -     censo.parallel     -  DEBUG   - Free cores increased 0 -> 1.
2025-04-03 17:57:52,291 -     censo.parallel     -  DEBUG   - Free cores decreased 1 -> 0.
2025-04-03 17:57:52,292 -   censo.qm_processor   -  DEBUG   - worker3273937:Running on 1 cores.
2025-04-03 17:57:52,298 -   censo.qm_processor   -   INFO   - worker3273937:Running sp calculation in /srv/scratch/z5358697/.automated/3792/0_PRESCREENING/CONF106/sp.
2025-04-03 17:57:52,380 -   censo.qm_processor   -  DEBUG   - worker3273937:Running ['/apps/z_install_tree/linux-rocky8-ivybridge/gcc-12.2.0/orca-6.0.0-srtngmq3qlimg2qxbl6avaaiffipurdx/bin/orca', 'sp.inp']...
2025-04-03 17:57:52,386 -   censo.qm_processor   -  DEBUG   - worker3273937:Started (PID: 3277376).
2025-04-03 17:57:55,707 -   censo.qm_processor   -  DEBUG   - worker3273929:Done.
2025-04-03 17:57:55,713 -     censo.parallel     -  DEBUG   - Free cores increased 0 -> 1.
2025-04-03 17:57:55,714 -     censo.parallel     -  DEBUG   - Free cores decreased 1 -> 0.
2025-04-03 17:57:55,715 -   censo.qm_processor   -  DEBUG   - worker3273929:Running on 1 cores.
2025-04-03 17:57:55,722 -   censo.qm_processor   -   INFO   - worker3273929:Running sp calculation in /srv/scratch/z5358697/.automated/3792/0_PRESCREENING/CONF107/sp.
2025-04-03 17:57:55,737 -   censo.qm_processor   -  DEBUG   - worker3273929:Running ['/apps/z_install_tree/linux-rocky8-ivybridge/gcc-12.2.0/orca-6.0.0-srtngmq3qlimg2qxbl6avaaiffipurdx/bin/orca', 'sp.inp']...
2025-04-03 17:57:55,743 -   censo.qm_processor   -  DEBUG   - worker3273929:Started (PID: 3277388).
2025-04-03 17:57:58,340 -   censo.qm_processor   -  DEBUG   - worker3273908:Done.
2025-04-03 17:57:58,347 -     censo.parallel     -  DEBUG   - Free cores increased 0 -> 1.
2025-04-03 17:57:58,348 -     censo.parallel     -  DEBUG   - Free cores decreased 1 -> 0.
2025-04-03 17:57:58,348 -   censo.qm_processor   -  DEBUG   - worker3273908:Running on 1 cores.
2025-04-03 17:57:58,356 -   censo.qm_processor   -   INFO   - worker3273908:Running sp calculation in /srv/scratch/z5358697/.automated/3792/0_PRESCREENING/CONF108/sp.
2025-04-03 17:57:58,372 -   censo.qm_processor   -  DEBUG   - worker3273908:Running ['/apps/z_install_tree/linux-rocky8-ivybridge/gcc-12.2.0/orca-6.0.0-srtngmq3qlimg2qxbl6avaaiffipurdx/bin/orca', 'sp.inp']...
2025-04-03 17:57:58,378 -   censo.qm_processor   -  DEBUG   - worker3273908:Started (PID: 3277398).
2025-04-03 17:58:05,429 -   censo.qm_processor   -  DEBUG   - worker3273914:Done.
2025-04-03 17:58:05,435 -     censo.parallel     -  DEBUG   - Free cores increased 0 -> 1.
2025-04-03 17:58:05,436 -     censo.parallel     -  DEBUG   - Free cores decreased 1 -> 0.
2025-04-03 17:58:05,437 -   censo.qm_processor   -  DEBUG   - worker3273914:Running on 1 cores.
2025-04-03 17:58:05,445 -   censo.qm_processor   -   INFO   - worker3273914:Running sp calculation in /srv/scratch/z5358697/.automated/3792/0_PRESCREENING/CONF109/sp.
2025-04-03 17:58:05,460 -   censo.qm_processor   -  DEBUG   - worker3273914:Running ['/apps/z_install_tree/linux-rocky8-ivybridge/gcc-12.2.0/orca-6.0.0-srtngmq3qlimg2qxbl6avaaiffipurdx/bin/orca', 'sp.inp']...
2025-04-03 17:58:05,465 -   censo.qm_processor   -  DEBUG   - worker3273914:Started (PID: 3277421).
2025-04-03 17:58:08,040 -   censo.qm_processor   -  DEBUG   - worker3273923:Done.
2025-04-03 17:58:08,047 -     censo.parallel     -  DEBUG   - Free cores increased 0 -> 1.
2025-04-03 17:58:08,048 -     censo.parallel     -  DEBUG   - Free cores decreased 1 -> 0.
2025-04-03 17:58:08,049 -   censo.qm_processor   -  DEBUG   - worker3273923:Running on 1 cores.
2025-04-03 17:58:08,057 -   censo.qm_processor   -   INFO   - worker3273923:Running sp calculation in /srv/scratch/z5358697/.automated/3792/0_PRESCREENING/CONF110/sp.
2025-04-03 17:58:08,074 -   censo.qm_processor   -  DEBUG   - worker3273923:Running ['/apps/z_install_tree/linux-rocky8-ivybridge/gcc-12.2.0/orca-6.0.0-srtngmq3qlimg2qxbl6avaaiffipurdx/bin/orca', 'sp.inp']...
2025-04-03 17:58:08,080 -   censo.qm_processor   -  DEBUG   - worker3273923:Started (PID: 3277433).
2025-04-03 17:58:09,402 -   censo.qm_processor   -  DEBUG   - worker3273943:Done.
2025-04-03 17:58:09,409 -     censo.parallel     -  DEBUG   - Free cores increased 0 -> 1.
2025-04-03 17:58:09,410 -     censo.parallel     -  DEBUG   - Free cores decreased 1 -> 0.
2025-04-03 17:58:09,411 -   censo.qm_processor   -  DEBUG   - worker3273943:Running on 1 cores.
2025-04-03 17:58:09,437 -   censo.qm_processor   -   INFO   - worker3273943:Running sp calculation in /srv/scratch/z5358697/.automated/3792/0_PRESCREENING/CONF111/sp.
2025-04-03 17:58:09,453 -   censo.qm_processor   -  DEBUG   - worker3273943:Running ['/apps/z_install_tree/linux-rocky8-ivybridge/gcc-12.2.0/orca-6.0.0-srtngmq3qlimg2qxbl6avaaiffipurdx/bin/orca', 'sp.inp']...
2025-04-03 17:58:09,459 -   censo.qm_processor   -  DEBUG   - worker3273943:Started (PID: 3277469).
2025-04-03 17:58:09,890 -   censo.qm_processor   -  DEBUG   - worker3273910:Done.
2025-04-03 17:58:09,896 -     censo.parallel     -  DEBUG   - Free cores increased 0 -> 1.
2025-04-03 17:58:09,897 -     censo.parallel     -  DEBUG   - Free cores decreased 1 -> 0.
2025-04-03 17:58:09,897 -   censo.qm_processor   -  DEBUG   - worker3273910:Running on 1 cores.
2025-04-03 17:58:09,904 -   censo.qm_processor   -   INFO   - worker3273910:Running sp calculation in /srv/scratch/z5358697/.automated/3792/0_PRESCREENING/CONF112/sp.
2025-04-03 17:58:09,918 -   censo.qm_processor   -  DEBUG   - worker3273910:Running ['/apps/z_install_tree/linux-rocky8-ivybridge/gcc-12.2.0/orca-6.0.0-srtngmq3qlimg2qxbl6avaaiffipurdx/bin/orca', 'sp.inp']...
2025-04-03 17:58:09,924 -   censo.qm_processor   -  DEBUG   - worker3273910:Started (PID: 3277471).
2025-04-03 17:58:29,094 -   censo.qm_processor   -  DEBUG   - worker3273940:Done.
2025-04-03 17:58:29,099 -     censo.parallel     -  DEBUG   - Free cores increased 0 -> 1.
2025-04-03 17:58:29,100 -     censo.parallel     -  DEBUG   - Free cores decreased 1 -> 0.
2025-04-03 17:58:29,101 -   censo.qm_processor   -  DEBUG   - worker3273940:Running on 1 cores.
2025-04-03 17:58:29,107 -   censo.qm_processor   -   INFO   - worker3273940:Running sp calculation in /srv/scratch/z5358697/.automated/3792/0_PRESCREENING/CONF113/sp.
2025-04-03 17:58:29,137 -   censo.qm_processor   -  DEBUG   - worker3273940:Running ['/apps/z_install_tree/linux-rocky8-ivybridge/gcc-12.2.0/orca-6.0.0-srtngmq3qlimg2qxbl6avaaiffipurdx/bin/orca', 'sp.inp']...
2025-04-03 17:58:29,143 -   censo.qm_processor   -  DEBUG   - worker3273940:Started (PID: 3277508).
2025-04-03 17:58:53,571 -   censo.qm_processor   -  DEBUG   - worker3273933:Done.
2025-04-03 17:58:53,578 -     censo.parallel     -  DEBUG   - Free cores increased 0 -> 1.
2025-04-03 17:58:53,579 -     censo.parallel     -  DEBUG   - Free cores decreased 1 -> 0.
2025-04-03 17:58:53,580 -   censo.qm_processor   -  DEBUG   - worker3273933:Running on 1 cores.
2025-04-03 17:58:53,587 -   censo.qm_processor   -   INFO   - worker3273933:Running sp calculation in /srv/scratch/z5358697/.automated/3792/0_PRESCREENING/CONF114/sp.
2025-04-03 17:58:53,640 -   censo.qm_processor   -  DEBUG   - worker3273933:Running ['/apps/z_install_tree/linux-rocky8-ivybridge/gcc-12.2.0/orca-6.0.0-srtngmq3qlimg2qxbl6avaaiffipurdx/bin/orca', 'sp.inp']...
2025-04-03 17:58:53,646 -   censo.qm_processor   -  DEBUG   - worker3273933:Started (PID: 3277650).
2025-04-03 17:58:54,904 -   censo.qm_processor   -  DEBUG   - worker3273916:Done.
2025-04-03 17:58:54,912 -     censo.parallel     -  DEBUG   - Free cores increased 0 -> 1.
2025-04-03 17:58:54,913 -     censo.parallel     -  DEBUG   - Free cores decreased 1 -> 0.
2025-04-03 17:58:54,914 -   censo.qm_processor   -  DEBUG   - worker3273916:Running on 1 cores.
2025-04-03 17:58:54,922 -   censo.qm_processor   -   INFO   - worker3273916:Running sp calculation in /srv/scratch/z5358697/.automated/3792/0_PRESCREENING/CONF115/sp.
2025-04-03 17:58:54,959 -   censo.qm_processor   -  DEBUG   - worker3273916:Running ['/apps/z_install_tree/linux-rocky8-ivybridge/gcc-12.2.0/orca-6.0.0-srtngmq3qlimg2qxbl6avaaiffipurdx/bin/orca', 'sp.inp']...
2025-04-03 17:58:54,964 -   censo.qm_processor   -  DEBUG   - worker3273916:Started (PID: 3277659).
2025-04-03 17:58:57,780 -   censo.qm_processor   -  DEBUG   - worker3273920:Done.
2025-04-03 17:58:57,787 -     censo.parallel     -  DEBUG   - Free cores increased 0 -> 1.
2025-04-03 17:58:57,788 -     censo.parallel     -  DEBUG   - Free cores decreased 1 -> 0.
2025-04-03 17:58:57,789 -   censo.qm_processor   -  DEBUG   - worker3273920:Running on 1 cores.
2025-04-03 17:58:57,794 -   censo.qm_processor   -   INFO   - worker3273920:Running sp calculation in /srv/scratch/z5358697/.automated/3792/0_PRESCREENING/CONF116/sp.
2025-04-03 17:58:58,025 -   censo.qm_processor   -  DEBUG   - worker3273920:Running ['/apps/z_install_tree/linux-rocky8-ivybridge/gcc-12.2.0/orca-6.0.0-srtngmq3qlimg2qxbl6avaaiffipurdx/bin/orca', 'sp.inp']...
2025-04-03 17:58:58,031 -   censo.qm_processor   -  DEBUG   - worker3273920:Started (PID: 3277677).
2025-04-03 17:59:06,725 -   censo.qm_processor   -  DEBUG   - worker3273908:Done.
2025-04-03 17:59:06,731 -     censo.parallel     -  DEBUG   - Free cores increased 0 -> 1.
2025-04-03 17:59:06,732 -     censo.parallel     -  DEBUG   - Free cores decreased 1 -> 0.
2025-04-03 17:59:06,733 -   censo.qm_processor   -  DEBUG   - worker3273908:Running on 1 cores.
2025-04-03 17:59:06,740 -   censo.qm_processor   -   INFO   - worker3273908:Running sp calculation in /srv/scratch/z5358697/.automated/3792/0_PRESCREENING/CONF117/sp.
2025-04-03 17:59:06,756 -   censo.qm_processor   -  DEBUG   - worker3273908:Running ['/apps/z_install_tree/linux-rocky8-ivybridge/gcc-12.2.0/orca-6.0.0-srtngmq3qlimg2qxbl6avaaiffipurdx/bin/orca', 'sp.inp']...
2025-04-03 17:59:06,762 -   censo.qm_processor   -  DEBUG   - worker3273908:Started (PID: 3277693).
2025-04-03 17:59:08,246 -   censo.qm_processor   -  DEBUG   - worker3273950:Done.
2025-04-03 17:59:08,252 -     censo.parallel     -  DEBUG   - Free cores increased 0 -> 1.
2025-04-03 17:59:08,253 -     censo.parallel     -  DEBUG   - Free cores decreased 1 -> 0.
2025-04-03 17:59:08,254 -   censo.qm_processor   -  DEBUG   - worker3273950:Running on 1 cores.
2025-04-03 17:59:08,262 -   censo.qm_processor   -   INFO   - worker3273950:Running sp calculation in /srv/scratch/z5358697/.automated/3792/0_PRESCREENING/CONF118/sp.
2025-04-03 17:59:08,281 -   censo.qm_processor   -  DEBUG   - worker3273950:Running ['/apps/z_install_tree/linux-rocky8-ivybridge/gcc-12.2.0/orca-6.0.0-srtngmq3qlimg2qxbl6avaaiffipurdx/bin/orca', 'sp.inp']...
2025-04-03 17:59:08,288 -   censo.qm_processor   -  DEBUG   - worker3273950:Started (PID: 3277700).
2025-04-03 17:59:09,653 -   censo.qm_processor   -  DEBUG   - worker3273909:Done.
2025-04-03 17:59:09,659 -     censo.parallel     -  DEBUG   - Free cores increased 0 -> 1.
2025-04-03 17:59:09,660 -     censo.parallel     -  DEBUG   - Free cores decreased 1 -> 0.
2025-04-03 17:59:09,661 -   censo.qm_processor   -  DEBUG   - worker3273909:Running on 1 cores.
2025-04-03 17:59:09,668 -   censo.qm_processor   -   INFO   - worker3273909:Running sp calculation in /srv/scratch/z5358697/.automated/3792/0_PRESCREENING/CONF119/sp.
2025-04-03 17:59:09,734 -   censo.qm_processor   -  DEBUG   - worker3273909:Running ['/apps/z_install_tree/linux-rocky8-ivybridge/gcc-12.2.0/orca-6.0.0-srtngmq3qlimg2qxbl6avaaiffipurdx/bin/orca', 'sp.inp']...
2025-04-03 17:59:09,739 -   censo.qm_processor   -  DEBUG   - worker3273909:Started (PID: 3277712).
2025-04-03 17:59:09,747 -   censo.qm_processor   -  DEBUG   - worker3273912:Done.
2025-04-03 17:59:09,754 -     censo.parallel     -  DEBUG   - Free cores increased 0 -> 1.
2025-04-03 17:59:09,754 -     censo.parallel     -  DEBUG   - Free cores decreased 1 -> 0.
2025-04-03 17:59:09,755 -   censo.qm_processor   -  DEBUG   - worker3273912:Running on 1 cores.
2025-04-03 17:59:09,763 -   censo.qm_processor   -   INFO   - worker3273912:Running sp calculation in /srv/scratch/z5358697/.automated/3792/0_PRESCREENING/CONF120/sp.
2025-04-03 17:59:09,778 -   censo.qm_processor   -  DEBUG   - worker3273912:Running ['/apps/z_install_tree/linux-rocky8-ivybridge/gcc-12.2.0/orca-6.0.0-srtngmq3qlimg2qxbl6avaaiffipurdx/bin/orca', 'sp.inp']...
2025-04-03 17:59:09,784 -   censo.qm_processor   -  DEBUG   - worker3273912:Started (PID: 3277713).
2025-04-03 17:59:11,238 -   censo.qm_processor   -  DEBUG   - worker3273925:Done.
2025-04-03 17:59:11,245 -     censo.parallel     -  DEBUG   - Free cores increased 0 -> 1.
2025-04-03 17:59:11,246 -     censo.parallel     -  DEBUG   - Free cores decreased 1 -> 0.
2025-04-03 17:59:11,246 -   censo.qm_processor   -  DEBUG   - worker3273925:Running on 1 cores.
2025-04-03 17:59:11,252 -   censo.qm_processor   -   INFO   - worker3273925:Running sp calculation in /srv/scratch/z5358697/.automated/3792/0_PRESCREENING/CONF121/sp.
2025-04-03 17:59:11,267 -   censo.qm_processor   -  DEBUG   - worker3273925:Running ['/apps/z_install_tree/linux-rocky8-ivybridge/gcc-12.2.0/orca-6.0.0-srtngmq3qlimg2qxbl6avaaiffipurdx/bin/orca', 'sp.inp']...
2025-04-03 17:59:11,272 -   censo.qm_processor   -  DEBUG   - worker3273925:Started (PID: 3277754).
2025-04-03 17:59:11,368 -   censo.qm_processor   -  DEBUG   - worker3273947:Done.
2025-04-03 17:59:11,374 -     censo.parallel     -  DEBUG   - Free cores increased 0 -> 1.
2025-04-03 17:59:11,374 -     censo.parallel     -  DEBUG   - Free cores decreased 1 -> 0.
2025-04-03 17:59:11,375 -   censo.qm_processor   -  DEBUG   - worker3273947:Running on 1 cores.
2025-04-03 17:59:11,381 -   censo.qm_processor   -   INFO   - worker3273947:Running sp calculation in /srv/scratch/z5358697/.automated/3792/0_PRESCREENING/CONF122/sp.
2025-04-03 17:59:11,404 -   censo.qm_processor   -  DEBUG   - worker3273947:Running ['/apps/z_install_tree/linux-rocky8-ivybridge/gcc-12.2.0/orca-6.0.0-srtngmq3qlimg2qxbl6avaaiffipurdx/bin/orca', 'sp.inp']...
2025-04-03 17:59:11,410 -   censo.qm_processor   -  DEBUG   - worker3273947:Started (PID: 3277756).
2025-04-03 17:59:14,105 -   censo.qm_processor   -  DEBUG   - worker3273937:Done.
2025-04-03 17:59:14,111 -     censo.parallel     -  DEBUG   - Free cores increased 0 -> 1.
2025-04-03 17:59:14,112 -     censo.parallel     -  DEBUG   - Free cores decreased 1 -> 0.
2025-04-03 17:59:14,112 -   censo.qm_processor   -  DEBUG   - worker3273937:Running on 1 cores.
2025-04-03 17:59:14,119 -   censo.qm_processor   -   INFO   - worker3273937:Running sp calculation in /srv/scratch/z5358697/.automated/3792/0_PRESCREENING/CONF123/sp.
2025-04-03 17:59:14,132 -   censo.qm_processor   -  DEBUG   - worker3273937:Running ['/apps/z_install_tree/linux-rocky8-ivybridge/gcc-12.2.0/orca-6.0.0-srtngmq3qlimg2qxbl6avaaiffipurdx/bin/orca', 'sp.inp']...
2025-04-03 17:59:14,137 -   censo.qm_processor   -  DEBUG   - worker3273937:Started (PID: 3277765).
2025-04-03 17:59:19,233 -   censo.qm_processor   -  DEBUG   - worker3273914:Done.
2025-04-03 17:59:19,239 -     censo.parallel     -  DEBUG   - Free cores increased 0 -> 1.
2025-04-03 17:59:19,240 -     censo.parallel     -  DEBUG   - Free cores decreased 1 -> 0.
2025-04-03 17:59:19,241 -   censo.qm_processor   -  DEBUG   - worker3273914:Running on 1 cores.
2025-04-03 17:59:19,247 -   censo.qm_processor   -   INFO   - worker3273914:Running sp calculation in /srv/scratch/z5358697/.automated/3792/0_PRESCREENING/CONF124/sp.
2025-04-03 17:59:19,630 -   censo.qm_processor   -  DEBUG   - worker3273929:Done.
2025-04-03 17:59:19,636 -     censo.parallel     -  DEBUG   - Free cores increased 0 -> 1.
2025-04-03 17:59:19,637 -     censo.parallel     -  DEBUG   - Free cores decreased 1 -> 0.
2025-04-03 17:59:19,638 -   censo.qm_processor   -  DEBUG   - worker3273929:Running on 1 cores.
2025-04-03 17:59:19,643 -   censo.qm_processor   -   INFO   - worker3273929:Running sp calculation in /srv/scratch/z5358697/.automated/3792/0_PRESCREENING/CONF125/sp.
2025-04-03 17:59:19,658 -   censo.qm_processor   -  DEBUG   - worker3273929:Running ['/apps/z_install_tree/linux-rocky8-ivybridge/gcc-12.2.0/orca-6.0.0-srtngmq3qlimg2qxbl6avaaiffipurdx/bin/orca', 'sp.inp']...
2025-04-03 17:59:19,663 -   censo.qm_processor   -  DEBUG   - worker3273929:Started (PID: 3277780).
2025-04-03 17:59:19,865 -   censo.qm_processor   -  DEBUG   - worker3273914:Running ['/apps/z_install_tree/linux-rocky8-ivybridge/gcc-12.2.0/orca-6.0.0-srtngmq3qlimg2qxbl6avaaiffipurdx/bin/orca', 'sp.inp']...
2025-04-03 17:59:19,868 -   censo.qm_processor   -  DEBUG   - worker3273914:Started (PID: 3277782).
2025-04-03 17:59:28,152 -   censo.qm_processor   -  DEBUG   - worker3273910:Done.
2025-04-03 17:59:28,159 -     censo.parallel     -  DEBUG   - Free cores increased 0 -> 1.
2025-04-03 17:59:28,160 -     censo.parallel     -  DEBUG   - Free cores decreased 1 -> 0.
2025-04-03 17:59:28,161 -   censo.qm_processor   -  DEBUG   - worker3273910:Running on 1 cores.
2025-04-03 17:59:28,166 -   censo.qm_processor   -   INFO   - worker3273910:Running sp calculation in /srv/scratch/z5358697/.automated/3792/0_PRESCREENING/CONF126/sp.
2025-04-03 17:59:28,214 -   censo.qm_processor   -  DEBUG   - worker3273910:Running ['/apps/z_install_tree/linux-rocky8-ivybridge/gcc-12.2.0/orca-6.0.0-srtngmq3qlimg2qxbl6avaaiffipurdx/bin/orca', 'sp.inp']...
2025-04-03 17:59:28,220 -   censo.qm_processor   -  DEBUG   - worker3273910:Started (PID: 3277803).
2025-04-03 17:59:31,237 -   censo.qm_processor   -  DEBUG   - worker3273943:Done.
2025-04-03 17:59:31,243 -     censo.parallel     -  DEBUG   - Free cores increased 0 -> 1.
2025-04-03 17:59:31,244 -     censo.parallel     -  DEBUG   - Free cores decreased 1 -> 0.
2025-04-03 17:59:31,245 -   censo.qm_processor   -  DEBUG   - worker3273943:Running on 1 cores.
2025-04-03 17:59:31,255 -   censo.qm_processor   -   INFO   - worker3273943:Running sp calculation in /srv/scratch/z5358697/.automated/3792/0_PRESCREENING/CONF127/sp.
2025-04-03 17:59:31,269 -   censo.qm_processor   -  DEBUG   - worker3273943:Running ['/apps/z_install_tree/linux-rocky8-ivybridge/gcc-12.2.0/orca-6.0.0-srtngmq3qlimg2qxbl6avaaiffipurdx/bin/orca', 'sp.inp']...
2025-04-03 17:59:31,275 -   censo.qm_processor   -  DEBUG   - worker3273943:Started (PID: 3277817).
2025-04-03 17:59:31,351 -   censo.qm_processor   -  DEBUG   - worker3273923:Done.
2025-04-03 17:59:31,357 -     censo.parallel     -  DEBUG   - Free cores increased 0 -> 1.
2025-04-03 17:59:31,358 -     censo.parallel     -  DEBUG   - Free cores decreased 1 -> 0.
2025-04-03 17:59:31,358 -   censo.qm_processor   -  DEBUG   - worker3273923:Running on 1 cores.
2025-04-03 17:59:31,365 -   censo.qm_processor   -   INFO   - worker3273923:Running sp calculation in /srv/scratch/z5358697/.automated/3792/0_PRESCREENING/CONF128/sp.
2025-04-03 17:59:31,379 -   censo.qm_processor   -  DEBUG   - worker3273923:Running ['/apps/z_install_tree/linux-rocky8-ivybridge/gcc-12.2.0/orca-6.0.0-srtngmq3qlimg2qxbl6avaaiffipurdx/bin/orca', 'sp.inp']...
2025-04-03 17:59:31,385 -   censo.qm_processor   -  DEBUG   - worker3273923:Started (PID: 3277818).
2025-04-03 17:59:50,647 -   censo.qm_processor   -  DEBUG   - worker3273940:Done.
2025-04-03 17:59:50,654 -     censo.parallel     -  DEBUG   - Free cores increased 0 -> 1.
2025-04-03 17:59:50,656 -     censo.parallel     -  DEBUG   - Free cores decreased 1 -> 0.
2025-04-03 17:59:50,656 -   censo.qm_processor   -  DEBUG   - worker3273940:Running on 1 cores.
2025-04-03 17:59:50,664 -   censo.qm_processor   -   INFO   - worker3273940:Running sp calculation in /srv/scratch/z5358697/.automated/3792/0_PRESCREENING/CONF129/sp.
2025-04-03 17:59:50,693 -   censo.qm_processor   -  DEBUG   - worker3273940:Running ['/apps/z_install_tree/linux-rocky8-ivybridge/gcc-12.2.0/orca-6.0.0-srtngmq3qlimg2qxbl6avaaiffipurdx/bin/orca', 'sp.inp']...
2025-04-03 17:59:50,700 -   censo.qm_processor   -  DEBUG   - worker3273940:Started (PID: 3277861).
2025-04-03 18:00:06,497 -   censo.qm_processor   -  DEBUG   - worker3273933:Done.
2025-04-03 18:00:06,504 -     censo.parallel     -  DEBUG   - Free cores increased 0 -> 1.
2025-04-03 18:00:06,504 -     censo.parallel     -  DEBUG   - Free cores decreased 1 -> 0.
2025-04-03 18:00:06,505 -   censo.qm_processor   -  DEBUG   - worker3273933:Running on 1 cores.
2025-04-03 18:00:06,511 -   censo.qm_processor   -   INFO   - worker3273933:Running sp calculation in /srv/scratch/z5358697/.automated/3792/0_PRESCREENING/CONF130/sp.
2025-04-03 18:00:06,527 -   censo.qm_processor   -  DEBUG   - worker3273933:Running ['/apps/z_install_tree/linux-rocky8-ivybridge/gcc-12.2.0/orca-6.0.0-srtngmq3qlimg2qxbl6avaaiffipurdx/bin/orca', 'sp.inp']...
2025-04-03 18:00:06,533 -   censo.qm_processor   -  DEBUG   - worker3273933:Started (PID: 3277934).
2025-04-03 18:00:10,335 -   censo.qm_processor   -  DEBUG   - worker3273916:Done.
2025-04-03 18:00:10,341 -     censo.parallel     -  DEBUG   - Free cores increased 0 -> 1.
2025-04-03 18:00:10,342 -     censo.parallel     -  DEBUG   - Free cores decreased 1 -> 0.
2025-04-03 18:00:10,343 -   censo.qm_processor   -  DEBUG   - worker3273916:Running on 1 cores.
2025-04-03 18:00:10,349 -   censo.qm_processor   -   INFO   - worker3273916:Running sp calculation in /srv/scratch/z5358697/.automated/3792/0_PRESCREENING/CONF131/sp.
2025-04-03 18:00:10,431 -   censo.qm_processor   -  DEBUG   - worker3273916:Running ['/apps/z_install_tree/linux-rocky8-ivybridge/gcc-12.2.0/orca-6.0.0-srtngmq3qlimg2qxbl6avaaiffipurdx/bin/orca', 'sp.inp']...
2025-04-03 18:00:10,437 -   censo.qm_processor   -  DEBUG   - worker3273916:Started (PID: 3277977).
2025-04-03 18:00:19,098 -   censo.qm_processor   -  DEBUG   - worker3273909:Done.
2025-04-03 18:00:19,099 -   censo.qm_processor   -  DEBUG   - worker3273950:Done.
2025-04-03 18:00:19,104 -     censo.parallel     -  DEBUG   - Free cores increased 0 -> 1.
2025-04-03 18:00:19,105 -     censo.parallel     -  DEBUG   - Free cores decreased 1 -> 0.
2025-04-03 18:00:19,106 -     censo.parallel     -  DEBUG   - Free cores increased 0 -> 1.
2025-04-03 18:00:19,107 -   censo.qm_processor   -  DEBUG   - worker3273909:Running on 1 cores.
2025-04-03 18:00:19,107 -     censo.parallel     -  DEBUG   - Free cores decreased 1 -> 0.
2025-04-03 18:00:19,107 -   censo.qm_processor   -  DEBUG   - worker3273950:Running on 1 cores.
2025-04-03 18:00:19,113 -   censo.qm_processor   -   INFO   - worker3273909:Running sp calculation in /srv/scratch/z5358697/.automated/3792/0_PRESCREENING/CONF132/sp.
2025-04-03 18:00:19,126 -   censo.qm_processor   -   INFO   - worker3273950:Running sp calculation in /srv/scratch/z5358697/.automated/3792/0_PRESCREENING/CONF133/sp.
2025-04-03 18:00:19,130 -   censo.qm_processor   -  DEBUG   - worker3273909:Running ['/apps/z_install_tree/linux-rocky8-ivybridge/gcc-12.2.0/orca-6.0.0-srtngmq3qlimg2qxbl6avaaiffipurdx/bin/orca', 'sp.inp']...
2025-04-03 18:00:19,135 -   censo.qm_processor   -  DEBUG   - worker3273909:Started (PID: 3278046).
2025-04-03 18:00:19,317 -   censo.qm_processor   -  DEBUG   - worker3273950:Running ['/apps/z_install_tree/linux-rocky8-ivybridge/gcc-12.2.0/orca-6.0.0-srtngmq3qlimg2qxbl6avaaiffipurdx/bin/orca', 'sp.inp']...
2025-04-03 18:00:19,320 -   censo.qm_processor   -  DEBUG   - worker3273950:Started (PID: 3278049).
2025-04-03 18:00:19,621 -   censo.qm_processor   -  DEBUG   - worker3273925:Done.
2025-04-03 18:00:19,628 -     censo.parallel     -  DEBUG   - Free cores increased 0 -> 1.
2025-04-03 18:00:19,629 -     censo.parallel     -  DEBUG   - Free cores decreased 1 -> 0.
2025-04-03 18:00:19,630 -   censo.qm_processor   -  DEBUG   - worker3273925:Running on 1 cores.
2025-04-03 18:00:19,637 -   censo.qm_processor   -   INFO   - worker3273925:Running sp calculation in /srv/scratch/z5358697/.automated/3792/0_PRESCREENING/CONF134/sp.
2025-04-03 18:00:19,654 -   censo.qm_processor   -  DEBUG   - worker3273925:Running ['/apps/z_install_tree/linux-rocky8-ivybridge/gcc-12.2.0/orca-6.0.0-srtngmq3qlimg2qxbl6avaaiffipurdx/bin/orca', 'sp.inp']...
2025-04-03 18:00:19,660 -   censo.qm_processor   -  DEBUG   - worker3273925:Started (PID: 3278053).
2025-04-03 18:00:20,592 -   censo.qm_processor   -  DEBUG   - worker3273908:Done.
2025-04-03 18:00:20,599 -     censo.parallel     -  DEBUG   - Free cores increased 0 -> 1.
2025-04-03 18:00:20,600 -     censo.parallel     -  DEBUG   - Free cores decreased 1 -> 0.
2025-04-03 18:00:20,601 -   censo.qm_processor   -  DEBUG   - worker3273908:Running on 1 cores.
2025-04-03 18:00:20,609 -   censo.qm_processor   -   INFO   - worker3273908:Running sp calculation in /srv/scratch/z5358697/.automated/3792/0_PRESCREENING/CONF135/sp.
2025-04-03 18:00:20,628 -   censo.qm_processor   -  DEBUG   - worker3273908:Running ['/apps/z_install_tree/linux-rocky8-ivybridge/gcc-12.2.0/orca-6.0.0-srtngmq3qlimg2qxbl6avaaiffipurdx/bin/orca', 'sp.inp']...
2025-04-03 18:00:20,634 -   censo.qm_processor   -  DEBUG   - worker3273908:Started (PID: 3278059).
2025-04-03 18:00:22,674 -   censo.qm_processor   -  DEBUG   - worker3273947:Done.
2025-04-03 18:00:22,681 -     censo.parallel     -  DEBUG   - Free cores increased 0 -> 1.
2025-04-03 18:00:22,682 -     censo.parallel     -  DEBUG   - Free cores decreased 1 -> 0.
2025-04-03 18:00:22,683 -   censo.qm_processor   -  DEBUG   - worker3273947:Running on 1 cores.
2025-04-03 18:00:22,688 -   censo.qm_processor   -   INFO   - worker3273947:Running sp calculation in /srv/scratch/z5358697/.automated/3792/0_PRESCREENING/CONF136/sp.
2025-04-03 18:00:22,706 -   censo.qm_processor   -  DEBUG   - worker3273947:Running ['/apps/z_install_tree/linux-rocky8-ivybridge/gcc-12.2.0/orca-6.0.0-srtngmq3qlimg2qxbl6avaaiffipurdx/bin/orca', 'sp.inp']...
2025-04-03 18:00:22,711 -   censo.qm_processor   -  DEBUG   - worker3273947:Started (PID: 3278081).
2025-04-03 18:00:22,796 -   censo.qm_processor   -  DEBUG   - worker3273937:Done.
2025-04-03 18:00:22,803 -     censo.parallel     -  DEBUG   - Free cores increased 0 -> 1.
2025-04-03 18:00:22,804 -     censo.parallel     -  DEBUG   - Free cores decreased 1 -> 0.
2025-04-03 18:00:22,805 -   censo.qm_processor   -  DEBUG   - worker3273937:Running on 1 cores.
2025-04-03 18:00:22,813 -   censo.qm_processor   -   INFO   - worker3273937:Running sp calculation in /srv/scratch/z5358697/.automated/3792/0_PRESCREENING/CONF137/sp.
2025-04-03 18:00:22,850 -   censo.qm_processor   -  DEBUG   - worker3273937:Running ['/apps/z_install_tree/linux-rocky8-ivybridge/gcc-12.2.0/orca-6.0.0-srtngmq3qlimg2qxbl6avaaiffipurdx/bin/orca', 'sp.inp']...
2025-04-03 18:00:22,855 -   censo.qm_processor   -  DEBUG   - worker3273937:Started (PID: 3278082).
2025-04-03 18:00:23,402 -   censo.qm_processor   -  DEBUG   - worker3273920:Done.
2025-04-03 18:00:23,409 -     censo.parallel     -  DEBUG   - Free cores increased 0 -> 1.
2025-04-03 18:00:23,410 -     censo.parallel     -  DEBUG   - Free cores decreased 1 -> 0.
2025-04-03 18:00:23,411 -   censo.qm_processor   -  DEBUG   - worker3273920:Running on 1 cores.
2025-04-03 18:00:23,427 -   censo.qm_processor   -   INFO   - worker3273920:Running sp calculation in /srv/scratch/z5358697/.automated/3792/0_PRESCREENING/CONF138/sp.
2025-04-03 18:00:23,483 -   censo.qm_processor   -  DEBUG   - worker3273920:Running ['/apps/z_install_tree/linux-rocky8-ivybridge/gcc-12.2.0/orca-6.0.0-srtngmq3qlimg2qxbl6avaaiffipurdx/bin/orca', 'sp.inp']...
2025-04-03 18:00:23,489 -   censo.qm_processor   -  DEBUG   - worker3273920:Started (PID: 3278088).
2025-04-03 18:00:31,621 -   censo.qm_processor   -  DEBUG   - worker3273914:Done.
2025-04-03 18:00:31,626 -     censo.parallel     -  DEBUG   - Free cores increased 0 -> 1.
2025-04-03 18:00:31,627 -     censo.parallel     -  DEBUG   - Free cores decreased 1 -> 0.
2025-04-03 18:00:31,628 -   censo.qm_processor   -  DEBUG   - worker3273914:Running on 1 cores.
2025-04-03 18:00:31,635 -   censo.qm_processor   -   INFO   - worker3273914:Running sp calculation in /srv/scratch/z5358697/.automated/3792/0_PRESCREENING/CONF139/sp.
2025-04-03 18:00:31,653 -   censo.qm_processor   -  DEBUG   - worker3273914:Running ['/apps/z_install_tree/linux-rocky8-ivybridge/gcc-12.2.0/orca-6.0.0-srtngmq3qlimg2qxbl6avaaiffipurdx/bin/orca', 'sp.inp']...
2025-04-03 18:00:31,659 -   censo.qm_processor   -  DEBUG   - worker3273914:Started (PID: 3278132).
2025-04-03 18:00:32,179 -   censo.qm_processor   -  DEBUG   - worker3273929:Done.
2025-04-03 18:00:32,186 -     censo.parallel     -  DEBUG   - Free cores increased 0 -> 1.
2025-04-03 18:00:32,187 -     censo.parallel     -  DEBUG   - Free cores decreased 1 -> 0.
2025-04-03 18:00:32,188 -   censo.qm_processor   -  DEBUG   - worker3273929:Running on 1 cores.
2025-04-03 18:00:32,194 -   censo.qm_processor   -   INFO   - worker3273929:Running sp calculation in /srv/scratch/z5358697/.automated/3792/0_PRESCREENING/CONF140/sp.
2025-04-03 18:00:32,213 -   censo.qm_processor   -  DEBUG   - worker3273929:Running ['/apps/z_install_tree/linux-rocky8-ivybridge/gcc-12.2.0/orca-6.0.0-srtngmq3qlimg2qxbl6avaaiffipurdx/bin/orca', 'sp.inp']...
2025-04-03 18:00:32,219 -   censo.qm_processor   -  DEBUG   - worker3273929:Started (PID: 3278133).
2025-04-03 18:00:35,196 -   censo.qm_processor   -  DEBUG   - worker3273912:Done.
2025-04-03 18:00:35,202 -     censo.parallel     -  DEBUG   - Free cores increased 0 -> 1.
2025-04-03 18:00:35,203 -     censo.parallel     -  DEBUG   - Free cores decreased 1 -> 0.
2025-04-03 18:00:35,204 -   censo.qm_processor   -  DEBUG   - worker3273912:Running on 1 cores.
2025-04-03 18:00:35,210 -   censo.qm_processor   -   INFO   - worker3273912:Running sp calculation in /srv/scratch/z5358697/.automated/3792/0_PRESCREENING/CONF141/sp.
2025-04-03 18:00:35,228 -   censo.qm_processor   -  DEBUG   - worker3273912:Running ['/apps/z_install_tree/linux-rocky8-ivybridge/gcc-12.2.0/orca-6.0.0-srtngmq3qlimg2qxbl6avaaiffipurdx/bin/orca', 'sp.inp']...
2025-04-03 18:00:35,235 -   censo.qm_processor   -  DEBUG   - worker3273912:Started (PID: 3278154).
2025-04-03 18:00:39,993 -   censo.qm_processor   -  DEBUG   - worker3273910:Done.
2025-04-03 18:00:40,000 -     censo.parallel     -  DEBUG   - Free cores increased 0 -> 1.
2025-04-03 18:00:40,001 -     censo.parallel     -  DEBUG   - Free cores decreased 1 -> 0.
2025-04-03 18:00:40,002 -   censo.qm_processor   -  DEBUG   - worker3273910:Running on 1 cores.
2025-04-03 18:00:40,025 -   censo.qm_processor   -   INFO   - worker3273910:Running sp calculation in /srv/scratch/z5358697/.automated/3792/0_PRESCREENING/CONF142/sp.
2025-04-03 18:00:40,043 -   censo.qm_processor   -  DEBUG   - worker3273910:Running ['/apps/z_install_tree/linux-rocky8-ivybridge/gcc-12.2.0/orca-6.0.0-srtngmq3qlimg2qxbl6avaaiffipurdx/bin/orca', 'sp.inp']...
2025-04-03 18:00:40,049 -   censo.qm_processor   -  DEBUG   - worker3273910:Started (PID: 3278169).
2025-04-03 18:00:45,278 -   censo.qm_processor   -  DEBUG   - worker3273923:Done.
2025-04-03 18:00:45,284 -     censo.parallel     -  DEBUG   - Free cores increased 0 -> 1.
2025-04-03 18:00:45,285 -     censo.parallel     -  DEBUG   - Free cores decreased 1 -> 0.
2025-04-03 18:00:45,286 -   censo.qm_processor   -  DEBUG   - worker3273923:Running on 1 cores.
2025-04-03 18:00:45,293 -   censo.qm_processor   -   INFO   - worker3273923:Running sp calculation in /srv/scratch/z5358697/.automated/3792/0_PRESCREENING/CONF143/sp.
2025-04-03 18:00:45,309 -   censo.qm_processor   -  DEBUG   - worker3273923:Running ['/apps/z_install_tree/linux-rocky8-ivybridge/gcc-12.2.0/orca-6.0.0-srtngmq3qlimg2qxbl6avaaiffipurdx/bin/orca', 'sp.inp']...
2025-04-03 18:00:45,315 -   censo.qm_processor   -  DEBUG   - worker3273923:Started (PID: 3278187).
2025-04-03 18:00:45,837 -   censo.qm_processor   -  DEBUG   - worker3273943:Done.
2025-04-03 18:00:45,843 -     censo.parallel     -  DEBUG   - Free cores increased 0 -> 1.
2025-04-03 18:00:45,844 -     censo.parallel     -  DEBUG   - Free cores decreased 1 -> 0.
2025-04-03 18:00:45,845 -   censo.qm_processor   -  DEBUG   - worker3273943:Running on 1 cores.
2025-04-03 18:00:45,854 -   censo.qm_processor   -   INFO   - worker3273943:Running sp calculation in /srv/scratch/z5358697/.automated/3792/0_PRESCREENING/CONF144/sp.
2025-04-03 18:00:45,870 -   censo.qm_processor   -  DEBUG   - worker3273943:Running ['/apps/z_install_tree/linux-rocky8-ivybridge/gcc-12.2.0/orca-6.0.0-srtngmq3qlimg2qxbl6avaaiffipurdx/bin/orca', 'sp.inp']...
2025-04-03 18:00:45,876 -   censo.qm_processor   -  DEBUG   - worker3273943:Started (PID: 3278188).
2025-04-03 18:01:04,517 -   censo.qm_processor   -  DEBUG   - worker3273940:Done.
2025-04-03 18:01:04,524 -     censo.parallel     -  DEBUG   - Free cores increased 0 -> 1.
2025-04-03 18:01:04,525 -     censo.parallel     -  DEBUG   - Free cores decreased 1 -> 0.
2025-04-03 18:01:04,526 -   censo.qm_processor   -  DEBUG   - worker3273940:Running on 1 cores.
2025-04-03 18:01:04,533 -   censo.qm_processor   -   INFO   - worker3273940:Running sp calculation in /srv/scratch/z5358697/.automated/3792/0_PRESCREENING/CONF145/sp.
2025-04-03 18:01:04,559 -   censo.qm_processor   -  DEBUG   - worker3273940:Running ['/apps/z_install_tree/linux-rocky8-ivybridge/gcc-12.2.0/orca-6.0.0-srtngmq3qlimg2qxbl6avaaiffipurdx/bin/orca', 'sp.inp']...
2025-04-03 18:01:04,565 -   censo.qm_processor   -  DEBUG   - worker3273940:Started (PID: 3278247).
2025-04-03 18:01:23,979 -   censo.qm_processor   -  DEBUG   - worker3273933:Done.
2025-04-03 18:01:23,985 -     censo.parallel     -  DEBUG   - Free cores increased 0 -> 1.
2025-04-03 18:01:23,986 -     censo.parallel     -  DEBUG   - Free cores decreased 1 -> 0.
2025-04-03 18:01:23,987 -   censo.qm_processor   -  DEBUG   - worker3273933:Running on 1 cores.
2025-04-03 18:01:23,993 -   censo.qm_processor   -   INFO   - worker3273933:Running sp calculation in /srv/scratch/z5358697/.automated/3792/0_PRESCREENING/CONF146/sp.
2025-04-03 18:01:24,036 -   censo.qm_processor   -  DEBUG   - worker3273933:Running ['/apps/z_install_tree/linux-rocky8-ivybridge/gcc-12.2.0/orca-6.0.0-srtngmq3qlimg2qxbl6avaaiffipurdx/bin/orca', 'sp.inp']...
2025-04-03 18:01:24,041 -   censo.qm_processor   -  DEBUG   - worker3273933:Started (PID: 3278320).
2025-04-03 18:01:27,830 -   censo.qm_processor   -  DEBUG   - worker3273916:Done.
2025-04-03 18:01:27,837 -     censo.parallel     -  DEBUG   - Free cores increased 0 -> 1.
2025-04-03 18:01:27,838 -     censo.parallel     -  DEBUG   - Free cores decreased 1 -> 0.
2025-04-03 18:01:27,839 -   censo.qm_processor   -  DEBUG   - worker3273916:Running on 1 cores.
2025-04-03 18:01:27,845 -   censo.qm_processor   -   INFO   - worker3273916:Running sp calculation in /srv/scratch/z5358697/.automated/3792/0_PRESCREENING/CONF147/sp.
2025-04-03 18:01:27,876 -   censo.qm_processor   -  DEBUG   - worker3273916:Running ['/apps/z_install_tree/linux-rocky8-ivybridge/gcc-12.2.0/orca-6.0.0-srtngmq3qlimg2qxbl6avaaiffipurdx/bin/orca', 'sp.inp']...
2025-04-03 18:01:27,882 -   censo.qm_processor   -  DEBUG   - worker3273916:Started (PID: 3278335).
2025-04-03 18:01:34,113 -   censo.qm_processor   -  DEBUG   - worker3273909:Done.
2025-04-03 18:01:34,119 -     censo.parallel     -  DEBUG   - Free cores increased 0 -> 1.
2025-04-03 18:01:34,120 -     censo.parallel     -  DEBUG   - Free cores decreased 1 -> 0.
2025-04-03 18:01:34,122 -   censo.qm_processor   -  DEBUG   - worker3273909:Running on 1 cores.
2025-04-03 18:01:34,129 -   censo.qm_processor   -   INFO   - worker3273909:Running sp calculation in /srv/scratch/z5358697/.automated/3792/0_PRESCREENING/CONF148/sp.
2025-04-03 18:01:34,172 -   censo.qm_processor   -  DEBUG   - worker3273909:Running ['/apps/z_install_tree/linux-rocky8-ivybridge/gcc-12.2.0/orca-6.0.0-srtngmq3qlimg2qxbl6avaaiffipurdx/bin/orca', 'sp.inp']...
2025-04-03 18:01:34,178 -   censo.qm_processor   -  DEBUG   - worker3273909:Started (PID: 3278411).
2025-04-03 18:01:34,437 -   censo.qm_processor   -  DEBUG   - worker3273925:Done.
2025-04-03 18:01:34,443 -     censo.parallel     -  DEBUG   - Free cores increased 0 -> 1.
2025-04-03 18:01:34,444 -     censo.parallel     -  DEBUG   - Free cores decreased 1 -> 0.
2025-04-03 18:01:34,445 -   censo.qm_processor   -  DEBUG   - worker3273925:Running on 1 cores.
2025-04-03 18:01:34,472 -   censo.qm_processor   -   INFO   - worker3273925:Running sp calculation in /srv/scratch/z5358697/.automated/3792/0_PRESCREENING/CONF149/sp.
2025-04-03 18:01:34,488 -   censo.qm_processor   -  DEBUG   - worker3273925:Running ['/apps/z_install_tree/linux-rocky8-ivybridge/gcc-12.2.0/orca-6.0.0-srtngmq3qlimg2qxbl6avaaiffipurdx/bin/orca', 'sp.inp']...
2025-04-03 18:01:34,493 -   censo.qm_processor   -  DEBUG   - worker3273925:Started (PID: 3278413).
2025-04-03 18:01:36,127 -   censo.qm_processor   -  DEBUG   - worker3273920:Done.
2025-04-03 18:01:36,134 -     censo.parallel     -  DEBUG   - Free cores increased 0 -> 1.
2025-04-03 18:01:36,135 -     censo.parallel     -  DEBUG   - Free cores decreased 1 -> 0.
2025-04-03 18:01:36,136 -   censo.qm_processor   -  DEBUG   - worker3273920:Running on 1 cores.
2025-04-03 18:01:36,145 -   censo.qm_processor   -   INFO   - worker3273920:Running sp calculation in /srv/scratch/z5358697/.automated/3792/0_PRESCREENING/CONF150/sp.
2025-04-03 18:01:36,162 -   censo.qm_processor   -  DEBUG   - worker3273920:Running ['/apps/z_install_tree/linux-rocky8-ivybridge/gcc-12.2.0/orca-6.0.0-srtngmq3qlimg2qxbl6avaaiffipurdx/bin/orca', 'sp.inp']...
2025-04-03 18:01:36,170 -   censo.qm_processor   -  DEBUG   - worker3273920:Started (PID: 3278429).
2025-04-03 18:01:36,976 -   censo.qm_processor   -  DEBUG   - worker3273950:Done.
2025-04-03 18:01:36,982 -     censo.parallel     -  DEBUG   - Free cores increased 0 -> 1.
2025-04-03 18:01:36,983 -     censo.parallel     -  DEBUG   - Free cores decreased 1 -> 0.
2025-04-03 18:01:36,984 -   censo.qm_processor   -  DEBUG   - worker3273950:Running on 1 cores.
2025-04-03 18:01:36,990 -   censo.qm_processor   -   INFO   - worker3273950:Running sp calculation in /srv/scratch/z5358697/.automated/3792/0_PRESCREENING/CONF151/sp.
2025-04-03 18:01:37,071 -   censo.qm_processor   -  DEBUG   - worker3273950:Running ['/apps/z_install_tree/linux-rocky8-ivybridge/gcc-12.2.0/orca-6.0.0-srtngmq3qlimg2qxbl6avaaiffipurdx/bin/orca', 'sp.inp']...
2025-04-03 18:01:37,077 -   censo.qm_processor   -  DEBUG   - worker3273950:Started (PID: 3278440).
2025-04-03 18:01:40,253 -   censo.qm_processor   -  DEBUG   - worker3273947:Done.
2025-04-03 18:01:40,259 -     censo.parallel     -  DEBUG   - Free cores increased 0 -> 1.
2025-04-03 18:01:40,260 -     censo.parallel     -  DEBUG   - Free cores decreased 1 -> 0.
2025-04-03 18:01:40,261 -   censo.qm_processor   -  DEBUG   - worker3273947:Running on 1 cores.
2025-04-03 18:01:40,268 -   censo.qm_processor   -   INFO   - worker3273947:Running sp calculation in /srv/scratch/z5358697/.automated/3792/0_PRESCREENING/CONF152/sp.
2025-04-03 18:01:40,691 -   censo.qm_processor   -  DEBUG   - worker3273947:Running ['/apps/z_install_tree/linux-rocky8-ivybridge/gcc-12.2.0/orca-6.0.0-srtngmq3qlimg2qxbl6avaaiffipurdx/bin/orca', 'sp.inp']...
2025-04-03 18:01:40,697 -   censo.qm_processor   -  DEBUG   - worker3273947:Started (PID: 3278466).
2025-04-03 18:01:44,954 -   censo.qm_processor   -  DEBUG   - worker3273914:Done.
2025-04-03 18:01:44,960 -     censo.parallel     -  DEBUG   - Free cores increased 0 -> 1.
2025-04-03 18:01:44,961 -     censo.parallel     -  DEBUG   - Free cores decreased 1 -> 0.
2025-04-03 18:01:44,962 -   censo.qm_processor   -  DEBUG   - worker3273914:Running on 1 cores.
2025-04-03 18:01:44,969 -   censo.qm_processor   -   INFO   - worker3273914:Running sp calculation in /srv/scratch/z5358697/.automated/3792/0_PRESCREENING/CONF153/sp.
2025-04-03 18:01:44,984 -   censo.qm_processor   -  DEBUG   - worker3273914:Running ['/apps/z_install_tree/linux-rocky8-ivybridge/gcc-12.2.0/orca-6.0.0-srtngmq3qlimg2qxbl6avaaiffipurdx/bin/orca', 'sp.inp']...
2025-04-03 18:01:44,988 -   censo.qm_processor   -  DEBUG   - worker3273914:Started (PID: 3278491).
2025-04-03 18:01:46,229 -   censo.qm_processor   -  DEBUG   - worker3273908:Done.
2025-04-03 18:01:46,236 -     censo.parallel     -  DEBUG   - Free cores increased 0 -> 1.
2025-04-03 18:01:46,237 -     censo.parallel     -  DEBUG   - Free cores decreased 1 -> 0.
2025-04-03 18:01:46,238 -   censo.qm_processor   -  DEBUG   - worker3273908:Running on 1 cores.
2025-04-03 18:01:46,249 -   censo.qm_processor   -   INFO   - worker3273908:Running sp calculation in /srv/scratch/z5358697/.automated/3792/0_PRESCREENING/CONF154/sp.
2025-04-03 18:01:46,266 -   censo.qm_processor   -  DEBUG   - worker3273908:Running ['/apps/z_install_tree/linux-rocky8-ivybridge/gcc-12.2.0/orca-6.0.0-srtngmq3qlimg2qxbl6avaaiffipurdx/bin/orca', 'sp.inp']...
2025-04-03 18:01:46,275 -   censo.qm_processor   -  DEBUG   - worker3273908:Started (PID: 3278503).
2025-04-03 18:01:49,373 -   censo.qm_processor   -  DEBUG   - worker3273937:Done.
2025-04-03 18:01:49,380 -     censo.parallel     -  DEBUG   - Free cores increased 0 -> 1.
2025-04-03 18:01:49,380 -     censo.parallel     -  DEBUG   - Free cores decreased 1 -> 0.
2025-04-03 18:01:49,381 -   censo.qm_processor   -  DEBUG   - worker3273937:Running on 1 cores.
2025-04-03 18:01:49,387 -   censo.qm_processor   -   INFO   - worker3273937:Running sp calculation in /srv/scratch/z5358697/.automated/3792/0_PRESCREENING/CONF155/sp.
2025-04-03 18:01:49,695 -   censo.qm_processor   -  DEBUG   - worker3273910:Done.
2025-04-03 18:01:49,702 -     censo.parallel     -  DEBUG   - Free cores increased 0 -> 1.
2025-04-03 18:01:49,703 -     censo.parallel     -  DEBUG   - Free cores decreased 1 -> 0.
2025-04-03 18:01:49,704 -   censo.qm_processor   -  DEBUG   - worker3273910:Running on 1 cores.
2025-04-03 18:01:49,709 -   censo.qm_processor   -   INFO   - worker3273910:Running sp calculation in /srv/scratch/z5358697/.automated/3792/0_PRESCREENING/CONF156/sp.
2025-04-03 18:01:49,810 -   censo.qm_processor   -  DEBUG   - worker3273910:Running ['/apps/z_install_tree/linux-rocky8-ivybridge/gcc-12.2.0/orca-6.0.0-srtngmq3qlimg2qxbl6avaaiffipurdx/bin/orca', 'sp.inp']...
2025-04-03 18:01:49,815 -   censo.qm_processor   -  DEBUG   - worker3273910:Started (PID: 3278525).
2025-04-03 18:01:50,174 -   censo.qm_processor   -  DEBUG   - worker3273937:Running ['/apps/z_install_tree/linux-rocky8-ivybridge/gcc-12.2.0/orca-6.0.0-srtngmq3qlimg2qxbl6avaaiffipurdx/bin/orca', 'sp.inp']...
2025-04-03 18:01:50,177 -   censo.qm_processor   -  DEBUG   - worker3273937:Started (PID: 3278526).
2025-04-03 18:01:52,754 -   censo.qm_processor   -  DEBUG   - worker3273943:Done.
2025-04-03 18:01:52,761 -     censo.parallel     -  DEBUG   - Free cores increased 0 -> 1.
2025-04-03 18:01:52,762 -     censo.parallel     -  DEBUG   - Free cores decreased 1 -> 0.
2025-04-03 18:01:52,763 -   censo.qm_processor   -  DEBUG   - worker3273943:Running on 1 cores.
2025-04-03 18:01:52,769 -   censo.qm_processor   -   INFO   - worker3273943:Running sp calculation in /srv/scratch/z5358697/.automated/3792/0_PRESCREENING/CONF157/sp.
2025-04-03 18:01:52,787 -   censo.qm_processor   -  DEBUG   - worker3273943:Running ['/apps/z_install_tree/linux-rocky8-ivybridge/gcc-12.2.0/orca-6.0.0-srtngmq3qlimg2qxbl6avaaiffipurdx/bin/orca', 'sp.inp']...
2025-04-03 18:01:52,807 -   censo.qm_processor   -  DEBUG   - worker3273943:Started (PID: 3278542).
2025-04-03 18:01:53,601 -   censo.qm_processor   -  DEBUG   - worker3273929:Done.
2025-04-03 18:01:53,608 -     censo.parallel     -  DEBUG   - Free cores increased 0 -> 1.
2025-04-03 18:01:53,609 -     censo.parallel     -  DEBUG   - Free cores decreased 1 -> 0.
2025-04-03 18:01:53,609 -   censo.qm_processor   -  DEBUG   - worker3273929:Running on 1 cores.
2025-04-03 18:01:53,616 -   censo.qm_processor   -   INFO   - worker3273929:Running sp calculation in /srv/scratch/z5358697/.automated/3792/0_PRESCREENING/CONF158/sp.
2025-04-03 18:01:53,630 -   censo.qm_processor   -  DEBUG   - worker3273929:Running ['/apps/z_install_tree/linux-rocky8-ivybridge/gcc-12.2.0/orca-6.0.0-srtngmq3qlimg2qxbl6avaaiffipurdx/bin/orca', 'sp.inp']...
2025-04-03 18:01:53,635 -   censo.qm_processor   -  DEBUG   - worker3273929:Started (PID: 3278546).
2025-04-03 18:01:55,051 -   censo.qm_processor   -  DEBUG   - worker3273912:Done.
2025-04-03 18:01:55,063 -     censo.parallel     -  DEBUG   - Free cores increased 0 -> 1.
2025-04-03 18:01:55,064 -     censo.parallel     -  DEBUG   - Free cores decreased 1 -> 0.
2025-04-03 18:01:55,065 -   censo.qm_processor   -  DEBUG   - worker3273912:Running on 1 cores.
2025-04-03 18:01:55,141 -   censo.qm_processor   -  DEBUG   - worker3273923:Done.
2025-04-03 18:01:55,147 -     censo.parallel     -  DEBUG   - Free cores increased 0 -> 1.
2025-04-03 18:01:55,148 -     censo.parallel     -  DEBUG   - Free cores decreased 1 -> 0.
2025-04-03 18:01:55,149 -   censo.qm_processor   -  DEBUG   - worker3273923:Running on 1 cores.
2025-04-03 18:01:55,156 -   censo.qm_processor   -   INFO   - worker3273923:Running sp calculation in /srv/scratch/z5358697/.automated/3792/0_PRESCREENING/CONF160/sp.
2025-04-03 18:01:55,172 -   censo.qm_processor   -  DEBUG   - worker3273923:Running ['/apps/z_install_tree/linux-rocky8-ivybridge/gcc-12.2.0/orca-6.0.0-srtngmq3qlimg2qxbl6avaaiffipurdx/bin/orca', 'sp.inp']...
2025-04-03 18:01:55,181 -   censo.qm_processor   -  DEBUG   - worker3273923:Started (PID: 3278557).
2025-04-03 18:01:55,350 -   censo.qm_processor   -   INFO   - worker3273912:Running sp calculation in /srv/scratch/z5358697/.automated/3792/0_PRESCREENING/CONF159/sp.
2025-04-03 18:01:55,367 -   censo.qm_processor   -  DEBUG   - worker3273912:Running ['/apps/z_install_tree/linux-rocky8-ivybridge/gcc-12.2.0/orca-6.0.0-srtngmq3qlimg2qxbl6avaaiffipurdx/bin/orca', 'sp.inp']...
2025-04-03 18:01:55,373 -   censo.qm_processor   -  DEBUG   - worker3273912:Started (PID: 3278559).
2025-04-03 18:02:13,345 -   censo.qm_processor   -  DEBUG   - worker3273940:Done.
2025-04-03 18:02:13,351 -     censo.parallel     -  DEBUG   - Free cores increased 0 -> 1.
2025-04-03 18:02:13,351 -     censo.parallel     -  DEBUG   - Free cores decreased 1 -> 0.
2025-04-03 18:02:13,352 -   censo.qm_processor   -  DEBUG   - worker3273940:Running on 1 cores.
2025-04-03 18:02:14,748 -   censo.qm_processor   -   INFO   - worker3273940:Running sp calculation in /srv/scratch/z5358697/.automated/3792/0_PRESCREENING/CONF161/sp.
2025-04-03 18:02:14,770 -   censo.qm_processor   -  DEBUG   - worker3273940:Running ['/apps/z_install_tree/linux-rocky8-ivybridge/gcc-12.2.0/orca-6.0.0-srtngmq3qlimg2qxbl6avaaiffipurdx/bin/orca', 'sp.inp']...
2025-04-03 18:02:14,775 -   censo.qm_processor   -  DEBUG   - worker3273940:Started (PID: 3278618).
2025-04-03 18:02:33,666 -   censo.qm_processor   -  DEBUG   - worker3273933:Done.
2025-04-03 18:02:33,672 -     censo.parallel     -  DEBUG   - Free cores increased 0 -> 1.
2025-04-03 18:02:33,673 -     censo.parallel     -  DEBUG   - Free cores decreased 1 -> 0.
2025-04-03 18:02:33,674 -   censo.qm_processor   -  DEBUG   - worker3273933:Running on 1 cores.
2025-04-03 18:02:33,681 -   censo.qm_processor   -   INFO   - worker3273933:Running sp calculation in /srv/scratch/z5358697/.automated/3792/0_PRESCREENING/CONF162/sp.
2025-04-03 18:02:33,738 -   censo.qm_processor   -  DEBUG   - worker3273933:Running ['/apps/z_install_tree/linux-rocky8-ivybridge/gcc-12.2.0/orca-6.0.0-srtngmq3qlimg2qxbl6avaaiffipurdx/bin/orca', 'sp.inp']...
2025-04-03 18:02:33,743 -   censo.qm_processor   -  DEBUG   - worker3273933:Started (PID: 3278669).
2025-04-03 18:02:42,073 -   censo.qm_processor   -  DEBUG   - worker3273916:Done.
2025-04-03 18:02:42,079 -     censo.parallel     -  DEBUG   - Free cores increased 0 -> 1.
2025-04-03 18:02:42,080 -     censo.parallel     -  DEBUG   - Free cores decreased 1 -> 0.
2025-04-03 18:02:42,081 -   censo.qm_processor   -  DEBUG   - worker3273916:Running on 1 cores.
2025-04-03 18:02:42,088 -   censo.qm_processor   -   INFO   - worker3273916:Running sp calculation in /srv/scratch/z5358697/.automated/3792/0_PRESCREENING/CONF163/sp.
2025-04-03 18:02:42,151 -   censo.qm_processor   -  DEBUG   - worker3273916:Running ['/apps/z_install_tree/linux-rocky8-ivybridge/gcc-12.2.0/orca-6.0.0-srtngmq3qlimg2qxbl6avaaiffipurdx/bin/orca', 'sp.inp']...
2025-04-03 18:02:42,156 -   censo.qm_processor   -  DEBUG   - worker3273916:Started (PID: 3278703).
2025-04-03 18:02:44,084 -   censo.qm_processor   -  DEBUG   - worker3273909:Done.
2025-04-03 18:02:44,090 -     censo.parallel     -  DEBUG   - Free cores increased 0 -> 1.
2025-04-03 18:02:44,091 -     censo.parallel     -  DEBUG   - Free cores decreased 1 -> 0.
2025-04-03 18:02:44,092 -   censo.qm_processor   -  DEBUG   - worker3273909:Running on 1 cores.
2025-04-03 18:02:44,102 -   censo.qm_processor   -  DEBUG   - worker3273925:Done.
2025-04-03 18:02:44,104 -   censo.qm_processor   -   INFO   - worker3273909:Running sp calculation in /srv/scratch/z5358697/.automated/3792/0_PRESCREENING/CONF164/sp.
2025-04-03 18:02:44,109 -     censo.parallel     -  DEBUG   - Free cores increased 0 -> 1.
2025-04-03 18:02:44,110 -     censo.parallel     -  DEBUG   - Free cores decreased 1 -> 0.
2025-04-03 18:02:44,111 -   censo.qm_processor   -  DEBUG   - worker3273925:Running on 1 cores.
2025-04-03 18:02:44,117 -   censo.qm_processor   -   INFO   - worker3273925:Running sp calculation in /srv/scratch/z5358697/.automated/3792/0_PRESCREENING/CONF165/sp.
2025-04-03 18:02:44,119 -   censo.qm_processor   -  DEBUG   - worker3273909:Running ['/apps/z_install_tree/linux-rocky8-ivybridge/gcc-12.2.0/orca-6.0.0-srtngmq3qlimg2qxbl6avaaiffipurdx/bin/orca', 'sp.inp']...
2025-04-03 18:02:44,124 -   censo.qm_processor   -  DEBUG   - worker3273909:Started (PID: 3278722).
2025-04-03 18:02:44,179 -   censo.qm_processor   -  DEBUG   - worker3273925:Running ['/apps/z_install_tree/linux-rocky8-ivybridge/gcc-12.2.0/orca-6.0.0-srtngmq3qlimg2qxbl6avaaiffipurdx/bin/orca', 'sp.inp']...
2025-04-03 18:02:44,183 -   censo.qm_processor   -  DEBUG   - worker3273925:Started (PID: 3278723).
2025-04-03 18:02:51,395 -   censo.qm_processor   -  DEBUG   - worker3273947:Done.
2025-04-03 18:02:51,402 -     censo.parallel     -  DEBUG   - Free cores increased 0 -> 1.
2025-04-03 18:02:51,403 -     censo.parallel     -  DEBUG   - Free cores decreased 1 -> 0.
2025-04-03 18:02:51,404 -   censo.qm_processor   -  DEBUG   - worker3273947:Running on 1 cores.
2025-04-03 18:02:51,412 -   censo.qm_processor   -   INFO   - worker3273947:Running sp calculation in /srv/scratch/z5358697/.automated/3792/0_PRESCREENING/CONF166/sp.
2025-04-03 18:02:51,859 -   censo.qm_processor   -  DEBUG   - worker3273947:Running ['/apps/z_install_tree/linux-rocky8-ivybridge/gcc-12.2.0/orca-6.0.0-srtngmq3qlimg2qxbl6avaaiffipurdx/bin/orca', 'sp.inp']...
2025-04-03 18:02:51,865 -   censo.qm_processor   -  DEBUG   - worker3273947:Started (PID: 3278810).
2025-04-03 18:02:53,776 -   censo.qm_processor   -  DEBUG   - worker3273908:Done.
2025-04-03 18:02:53,782 -     censo.parallel     -  DEBUG   - Free cores increased 0 -> 1.
2025-04-03 18:02:53,783 -     censo.parallel     -  DEBUG   - Free cores decreased 1 -> 0.
2025-04-03 18:02:53,784 -   censo.qm_processor   -  DEBUG   - worker3273908:Running on 1 cores.
2025-04-03 18:02:53,790 -   censo.qm_processor   -   INFO   - worker3273908:Running sp calculation in /srv/scratch/z5358697/.automated/3792/0_PRESCREENING/CONF167/sp.
2025-04-03 18:02:53,809 -   censo.qm_processor   -  DEBUG   - worker3273908:Running ['/apps/z_install_tree/linux-rocky8-ivybridge/gcc-12.2.0/orca-6.0.0-srtngmq3qlimg2qxbl6avaaiffipurdx/bin/orca', 'sp.inp']...
2025-04-03 18:02:53,817 -   censo.qm_processor   -  DEBUG   - worker3273908:Started (PID: 3278847).
2025-04-03 18:02:54,975 -   censo.qm_processor   -  DEBUG   - worker3273910:Done.
2025-04-03 18:02:54,984 -     censo.parallel     -  DEBUG   - Free cores increased 0 -> 1.
2025-04-03 18:02:54,985 -     censo.parallel     -  DEBUG   - Free cores decreased 1 -> 0.
2025-04-03 18:02:54,986 -   censo.qm_processor   -  DEBUG   - worker3273910:Running on 1 cores.
2025-04-03 18:02:54,997 -   censo.qm_processor   -   INFO   - worker3273910:Running sp calculation in /srv/scratch/z5358697/.automated/3792/0_PRESCREENING/CONF168/sp.
2025-04-03 18:02:55,016 -   censo.qm_processor   -  DEBUG   - worker3273910:Running ['/apps/z_install_tree/linux-rocky8-ivybridge/gcc-12.2.0/orca-6.0.0-srtngmq3qlimg2qxbl6avaaiffipurdx/bin/orca', 'sp.inp']...
2025-04-03 18:02:55,023 -   censo.qm_processor   -  DEBUG   - worker3273910:Started (PID: 3278877).
2025-04-03 18:02:55,404 -   censo.qm_processor   -  DEBUG   - worker3273950:Done.
2025-04-03 18:02:55,412 -     censo.parallel     -  DEBUG   - Free cores increased 0 -> 1.
2025-04-03 18:02:55,412 -     censo.parallel     -  DEBUG   - Free cores decreased 1 -> 0.
2025-04-03 18:02:55,413 -   censo.qm_processor   -  DEBUG   - worker3273950:Running on 1 cores.
2025-04-03 18:02:55,421 -   censo.qm_processor   -   INFO   - worker3273950:Running sp calculation in /srv/scratch/z5358697/.automated/3792/0_PRESCREENING/CONF169/sp.
2025-04-03 18:02:55,433 -   censo.qm_processor   -  DEBUG   - worker3273920:Done.
2025-04-03 18:02:55,439 -   censo.qm_processor   -  DEBUG   - worker3273950:Running ['/apps/z_install_tree/linux-rocky8-ivybridge/gcc-12.2.0/orca-6.0.0-srtngmq3qlimg2qxbl6avaaiffipurdx/bin/orca', 'sp.inp']...
2025-04-03 18:02:55,440 -     censo.parallel     -  DEBUG   - Free cores increased 0 -> 1.
2025-04-03 18:02:55,440 -     censo.parallel     -  DEBUG   - Free cores decreased 1 -> 0.
2025-04-03 18:02:55,441 -   censo.qm_processor   -  DEBUG   - worker3273920:Running on 1 cores.
2025-04-03 18:02:55,444 -   censo.qm_processor   -  DEBUG   - worker3273950:Started (PID: 3278882).
2025-04-03 18:02:55,447 -   censo.qm_processor   -   INFO   - worker3273920:Running sp calculation in /srv/scratch/z5358697/.automated/3792/0_PRESCREENING/CONF170/sp.
2025-04-03 18:02:55,551 -   censo.qm_processor   -  DEBUG   - worker3273920:Running ['/apps/z_install_tree/linux-rocky8-ivybridge/gcc-12.2.0/orca-6.0.0-srtngmq3qlimg2qxbl6avaaiffipurdx/bin/orca', 'sp.inp']...
2025-04-03 18:02:55,557 -   censo.qm_processor   -  DEBUG   - worker3273920:Started (PID: 3278885).
2025-04-03 18:02:55,696 -   censo.qm_processor   -  DEBUG   - worker3273937:Done.
2025-04-03 18:02:55,702 -     censo.parallel     -  DEBUG   - Free cores increased 0 -> 1.
2025-04-03 18:02:55,703 -     censo.parallel     -  DEBUG   - Free cores decreased 1 -> 0.
2025-04-03 18:02:55,704 -   censo.qm_processor   -  DEBUG   - worker3273937:Running on 1 cores.
2025-04-03 18:02:55,711 -   censo.qm_processor   -   INFO   - worker3273937:Running sp calculation in /srv/scratch/z5358697/.automated/3792/0_PRESCREENING/CONF171/sp.
2025-04-03 18:02:55,725 -   censo.qm_processor   -  DEBUG   - worker3273937:Running ['/apps/z_install_tree/linux-rocky8-ivybridge/gcc-12.2.0/orca-6.0.0-srtngmq3qlimg2qxbl6avaaiffipurdx/bin/orca', 'sp.inp']...
2025-04-03 18:02:55,730 -   censo.qm_processor   -  DEBUG   - worker3273937:Started (PID: 3278892).
2025-04-03 18:02:56,623 -   censo.qm_processor   -  DEBUG   - worker3273943:Done.
2025-04-03 18:02:56,629 -     censo.parallel     -  DEBUG   - Free cores increased 0 -> 1.
2025-04-03 18:02:56,630 -     censo.parallel     -  DEBUG   - Free cores decreased 1 -> 0.
2025-04-03 18:02:56,631 -   censo.qm_processor   -  DEBUG   - worker3273943:Running on 1 cores.
2025-04-03 18:02:56,642 -   censo.qm_processor   -   INFO   - worker3273943:Running sp calculation in /srv/scratch/z5358697/.automated/3792/0_PRESCREENING/CONF174/sp.
2025-04-03 18:02:56,658 -   censo.qm_processor   -  DEBUG   - worker3273943:Running ['/apps/z_install_tree/linux-rocky8-ivybridge/gcc-12.2.0/orca-6.0.0-srtngmq3qlimg2qxbl6avaaiffipurdx/bin/orca', 'sp.inp']...
2025-04-03 18:02:56,663 -   censo.qm_processor   -  DEBUG   - worker3273943:Started (PID: 3278901).
2025-04-03 18:02:56,669 -   censo.qm_processor   -  DEBUG   - worker3273929:Done.
2025-04-03 18:02:56,676 -     censo.parallel     -  DEBUG   - Free cores increased 0 -> 1.
2025-04-03 18:02:56,676 -     censo.parallel     -  DEBUG   - Free cores decreased 1 -> 0.
2025-04-03 18:02:56,677 -   censo.qm_processor   -  DEBUG   - worker3273929:Running on 1 cores.
2025-04-03 18:02:56,684 -   censo.qm_processor   -   INFO   - worker3273929:Running sp calculation in /srv/scratch/z5358697/.automated/3792/0_PRESCREENING/CONF175/sp.
2025-04-03 18:02:56,701 -   censo.qm_processor   -  DEBUG   - worker3273929:Running ['/apps/z_install_tree/linux-rocky8-ivybridge/gcc-12.2.0/orca-6.0.0-srtngmq3qlimg2qxbl6avaaiffipurdx/bin/orca', 'sp.inp']...
2025-04-03 18:02:56,706 -   censo.qm_processor   -  DEBUG   - worker3273929:Started (PID: 3278902).
2025-04-03 18:03:01,893 -   censo.qm_processor   -  DEBUG   - worker3273923:Done.
2025-04-03 18:03:01,900 -     censo.parallel     -  DEBUG   - Free cores increased 0 -> 1.
2025-04-03 18:03:01,900 -     censo.parallel     -  DEBUG   - Free cores decreased 1 -> 0.
2025-04-03 18:03:01,901 -   censo.qm_processor   -  DEBUG   - worker3273923:Running on 1 cores.
2025-04-03 18:03:01,908 -   censo.qm_processor   -   INFO   - worker3273923:Running sp calculation in /srv/scratch/z5358697/.automated/3792/0_PRESCREENING/CONF172/sp.
2025-04-03 18:03:01,924 -   censo.qm_processor   -  DEBUG   - worker3273923:Running ['/apps/z_install_tree/linux-rocky8-ivybridge/gcc-12.2.0/orca-6.0.0-srtngmq3qlimg2qxbl6avaaiffipurdx/bin/orca', 'sp.inp']...
2025-04-03 18:03:01,929 -   censo.qm_processor   -  DEBUG   - worker3273923:Started (PID: 3278929).
2025-04-03 18:03:02,948 -   censo.qm_processor   -  DEBUG   - worker3273912:Done.
2025-04-03 18:03:02,955 -     censo.parallel     -  DEBUG   - Free cores increased 0 -> 1.
2025-04-03 18:03:02,956 -     censo.parallel     -  DEBUG   - Free cores decreased 1 -> 0.
2025-04-03 18:03:02,957 -   censo.qm_processor   -  DEBUG   - worker3273912:Running on 1 cores.
2025-04-03 18:03:02,965 -   censo.qm_processor   -   INFO   - worker3273912:Running sp calculation in /srv/scratch/z5358697/.automated/3792/0_PRESCREENING/CONF173/sp.
2025-04-03 18:03:02,984 -   censo.qm_processor   -  DEBUG   - worker3273912:Running ['/apps/z_install_tree/linux-rocky8-ivybridge/gcc-12.2.0/orca-6.0.0-srtngmq3qlimg2qxbl6avaaiffipurdx/bin/orca', 'sp.inp']...
2025-04-03 18:03:02,989 -   censo.qm_processor   -  DEBUG   - worker3273912:Started (PID: 3278935).
2025-04-03 18:03:04,305 -   censo.qm_processor   -  DEBUG   - worker3273914:Done.
2025-04-03 18:03:04,312 -     censo.parallel     -  DEBUG   - Free cores increased 0 -> 1.
2025-04-03 18:03:04,313 -     censo.parallel     -  DEBUG   - Free cores decreased 1 -> 0.
2025-04-03 18:03:04,313 -   censo.qm_processor   -  DEBUG   - worker3273914:Running on 1 cores.
2025-04-03 18:03:04,320 -   censo.qm_processor   -   INFO   - worker3273914:Running sp calculation in /srv/scratch/z5358697/.automated/3792/0_PRESCREENING/CONF176/sp.
2025-04-03 18:03:04,342 -   censo.qm_processor   -  DEBUG   - worker3273914:Running ['/apps/z_install_tree/linux-rocky8-ivybridge/gcc-12.2.0/orca-6.0.0-srtngmq3qlimg2qxbl6avaaiffipurdx/bin/orca', 'sp.inp']...
2025-04-03 18:03:04,349 -   censo.qm_processor   -  DEBUG   - worker3273914:Started (PID: 3278952).
2025-04-03 18:03:13,881 -   censo.qm_processor   -  DEBUG   - worker3273940:Done.
2025-04-03 18:03:13,888 -     censo.parallel     -  DEBUG   - Free cores increased 0 -> 1.
2025-04-03 18:03:13,889 -     censo.parallel     -  DEBUG   - Free cores decreased 1 -> 0.
2025-04-03 18:03:13,891 -   censo.qm_processor   -  DEBUG   - worker3273940:Running on 1 cores.
2025-04-03 18:03:13,898 -   censo.qm_processor   -   INFO   - worker3273940:Running sp calculation in /srv/scratch/z5358697/.automated/3792/0_PRESCREENING/CONF177/sp.
2025-04-03 18:03:14,000 -   censo.qm_processor   -  DEBUG   - worker3273940:Running ['/apps/z_install_tree/linux-rocky8-ivybridge/gcc-12.2.0/orca-6.0.0-srtngmq3qlimg2qxbl6avaaiffipurdx/bin/orca', 'sp.inp']...
2025-04-03 18:03:14,006 -   censo.qm_processor   -  DEBUG   - worker3273940:Started (PID: 3278980).
2025-04-03 18:03:34,848 -   censo.qm_processor   -  DEBUG   - worker3273933:Done.
2025-04-03 18:03:34,854 -     censo.parallel     -  DEBUG   - Free cores increased 0 -> 1.
2025-04-03 18:03:34,856 -     censo.parallel     -  DEBUG   - Free cores decreased 1 -> 0.
2025-04-03 18:03:34,857 -   censo.qm_processor   -  DEBUG   - worker3273933:Running on 1 cores.
2025-04-03 18:03:34,864 -   censo.qm_processor   -   INFO   - worker3273933:Running sp calculation in /srv/scratch/z5358697/.automated/3792/0_PRESCREENING/CONF178/sp.
2025-04-03 18:03:34,881 -   censo.qm_processor   -  DEBUG   - worker3273933:Running ['/apps/z_install_tree/linux-rocky8-ivybridge/gcc-12.2.0/orca-6.0.0-srtngmq3qlimg2qxbl6avaaiffipurdx/bin/orca', 'sp.inp']...
2025-04-03 18:03:34,886 -   censo.qm_processor   -  DEBUG   - worker3273933:Started (PID: 3279039).
2025-04-03 18:03:40,253 -   censo.qm_processor   -  DEBUG   - worker3273916:Done.
2025-04-03 18:03:40,259 -     censo.parallel     -  DEBUG   - Free cores increased 0 -> 1.
2025-04-03 18:03:40,260 -     censo.parallel     -  DEBUG   - Free cores decreased 1 -> 0.
2025-04-03 18:03:40,261 -   censo.qm_processor   -  DEBUG   - worker3273916:Running on 1 cores.
2025-04-03 18:03:40,304 -   censo.qm_processor   -   INFO   - worker3273916:Running sp calculation in /srv/scratch/z5358697/.automated/3792/0_PRESCREENING/CONF179/sp.
2025-04-03 18:03:40,323 -   censo.qm_processor   -  DEBUG   - worker3273916:Running ['/apps/z_install_tree/linux-rocky8-ivybridge/gcc-12.2.0/orca-6.0.0-srtngmq3qlimg2qxbl6avaaiffipurdx/bin/orca', 'sp.inp']...
2025-04-03 18:03:40,331 -   censo.qm_processor   -  DEBUG   - worker3273916:Started (PID: 3279055).
2025-04-03 18:03:50,122 -   censo.qm_processor   -  DEBUG   - worker3273909:Done.
2025-04-03 18:03:50,129 -     censo.parallel     -  DEBUG   - Free cores increased 0 -> 1.
2025-04-03 18:03:50,130 -     censo.parallel     -  DEBUG   - Free cores decreased 1 -> 0.
2025-04-03 18:03:50,131 -   censo.qm_processor   -  DEBUG   - worker3273909:Running on 1 cores.
2025-04-03 18:03:50,138 -   censo.qm_processor   -   INFO   - worker3273909:Running sp calculation in /srv/scratch/z5358697/.automated/3792/0_PRESCREENING/CONF180/sp.
2025-04-03 18:03:50,262 -   censo.qm_processor   -  DEBUG   - worker3273909:Running ['/apps/z_install_tree/linux-rocky8-ivybridge/gcc-12.2.0/orca-6.0.0-srtngmq3qlimg2qxbl6avaaiffipurdx/bin/orca', 'sp.inp']...
2025-04-03 18:03:50,268 -   censo.qm_processor   -  DEBUG   - worker3273909:Started (PID: 3279090).
2025-04-03 18:03:50,271 -   censo.qm_processor   -  DEBUG   - worker3273947:Done.
2025-04-03 18:03:50,277 -     censo.parallel     -  DEBUG   - Free cores increased 0 -> 1.
2025-04-03 18:03:50,278 -     censo.parallel     -  DEBUG   - Free cores decreased 1 -> 0.
2025-04-03 18:03:50,279 -   censo.qm_processor   -  DEBUG   - worker3273947:Running on 1 cores.
2025-04-03 18:03:50,287 -   censo.qm_processor   -   INFO   - worker3273947:Running sp calculation in /srv/scratch/z5358697/.automated/3792/0_PRESCREENING/CONF181/sp.
2025-04-03 18:03:50,353 -   censo.qm_processor   -  DEBUG   - worker3273947:Running ['/apps/z_install_tree/linux-rocky8-ivybridge/gcc-12.2.0/orca-6.0.0-srtngmq3qlimg2qxbl6avaaiffipurdx/bin/orca', 'sp.inp']...
2025-04-03 18:03:50,359 -   censo.qm_processor   -  DEBUG   - worker3273947:Started (PID: 3279091).
2025-04-03 18:03:50,831 -   censo.qm_processor   -  DEBUG   - worker3273925:Done.
2025-04-03 18:03:50,839 -     censo.parallel     -  DEBUG   - Free cores increased 0 -> 1.
2025-04-03 18:03:50,840 -     censo.parallel     -  DEBUG   - Free cores decreased 1 -> 0.
2025-04-03 18:03:50,841 -   censo.qm_processor   -  DEBUG   - worker3273925:Running on 1 cores.
2025-04-03 18:03:50,848 -   censo.qm_processor   -   INFO   - worker3273925:Running sp calculation in /srv/scratch/z5358697/.automated/3792/0_PRESCREENING/CONF182/sp.
2025-04-03 18:03:52,232 -   censo.qm_processor   -  DEBUG   - worker3273925:Running ['/apps/z_install_tree/linux-rocky8-ivybridge/gcc-12.2.0/orca-6.0.0-srtngmq3qlimg2qxbl6avaaiffipurdx/bin/orca', 'sp.inp']...
2025-04-03 18:03:52,237 -   censo.qm_processor   -  DEBUG   - worker3273925:Started (PID: 3279098).
2025-04-03 18:03:59,401 -   censo.qm_processor   -  DEBUG   - worker3273929:Done.
2025-04-03 18:03:59,408 -     censo.parallel     -  DEBUG   - Free cores increased 0 -> 1.
2025-04-03 18:03:59,409 -     censo.parallel     -  DEBUG   - Free cores decreased 1 -> 0.
2025-04-03 18:03:59,411 -   censo.qm_processor   -  DEBUG   - worker3273929:Running on 1 cores.
2025-04-03 18:03:59,419 -   censo.qm_processor   -   INFO   - worker3273929:Running sp calculation in /srv/scratch/z5358697/.automated/3792/0_PRESCREENING/CONF183/sp.
2025-04-03 18:03:59,437 -   censo.qm_processor   -  DEBUG   - worker3273929:Running ['/apps/z_install_tree/linux-rocky8-ivybridge/gcc-12.2.0/orca-6.0.0-srtngmq3qlimg2qxbl6avaaiffipurdx/bin/orca', 'sp.inp']...
2025-04-03 18:03:59,444 -   censo.qm_processor   -  DEBUG   - worker3273929:Started (PID: 3279120).
2025-04-03 18:04:01,098 -   censo.qm_processor   -  DEBUG   - worker3273910:Done.
2025-04-03 18:04:01,105 -     censo.parallel     -  DEBUG   - Free cores increased 0 -> 1.
2025-04-03 18:04:10,052 -   censo.qm_processor   -  DEBUG   - worker3273937:Done.
2025-04-03 18:04:10,058 -     censo.parallel     -  DEBUG   - Free cores increased 1 -> 2.
2025-04-03 18:04:11,319 -   censo.qm_processor   -  DEBUG   - worker3273908:Done.
2025-04-03 18:04:11,327 -     censo.parallel     -  DEBUG   - Free cores increased 2 -> 3.
2025-04-03 18:04:12,110 -   censo.qm_processor   -  DEBUG   - worker3273943:Done.
2025-04-03 18:04:12,117 -     censo.parallel     -  DEBUG   - Free cores increased 3 -> 4.
2025-04-03 18:04:12,571 -   censo.qm_processor   -  DEBUG   - worker3273920:Done.
2025-04-03 18:04:12,578 -     censo.parallel     -  DEBUG   - Free cores increased 4 -> 5.
2025-04-03 18:04:13,227 -   censo.qm_processor   -  DEBUG   - worker3273950:Done.
2025-04-03 18:04:13,233 -     censo.parallel     -  DEBUG   - Free cores increased 5 -> 6.
2025-04-03 18:04:13,775 -   censo.qm_processor   -  DEBUG   - worker3273914:Done.
2025-04-03 18:04:13,782 -     censo.parallel     -  DEBUG   - Free cores increased 6 -> 7.
2025-04-03 18:04:14,590 -   censo.qm_processor   -  DEBUG   - worker3273923:Done.
2025-04-03 18:04:14,597 -     censo.parallel     -  DEBUG   - Free cores increased 7 -> 8.
2025-04-03 18:04:18,338 -   censo.qm_processor   -  DEBUG   - worker3273912:Done.
2025-04-03 18:04:18,346 -     censo.parallel     -  DEBUG   - Free cores increased 8 -> 9.
2025-04-03 18:04:28,757 -   censo.qm_processor   -  DEBUG   - worker3273940:Done.
2025-04-03 18:04:28,763 -     censo.parallel     -  DEBUG   - Free cores increased 9 -> 10.
2025-04-03 18:04:36,595 -   censo.qm_processor   -  DEBUG   - worker3273916:Done.
2025-04-03 18:04:36,602 -     censo.parallel     -  DEBUG   - Free cores increased 10 -> 11.
2025-04-03 18:04:47,199 -   censo.qm_processor   -  DEBUG   - worker3273933:Done.
2025-04-03 18:04:47,205 -     censo.parallel     -  DEBUG   - Free cores increased 11 -> 12.
2025-04-03 18:04:52,896 -   censo.qm_processor   -  DEBUG   - worker3273925:Done.
2025-04-03 18:04:52,902 -     censo.parallel     -  DEBUG   - Free cores increased 12 -> 13.
2025-04-03 18:04:59,842 -   censo.qm_processor   -  DEBUG   - worker3273947:Done.
2025-04-03 18:04:59,848 -     censo.parallel     -  DEBUG   - Free cores increased 13 -> 14.
2025-04-03 18:05:01,917 -   censo.qm_processor   -  DEBUG   - worker3273909:Done.
2025-04-03 18:05:01,924 -     censo.parallel     -  DEBUG   - Free cores increased 14 -> 15.
2025-04-03 18:05:11,522 -   censo.qm_processor   -  DEBUG   - worker3273929:Done.
2025-04-03 18:05:11,529 -     censo.parallel     -  DEBUG   - Free cores increased 15 -> 16.
2025-04-03 18:05:11,542 -     censo.parallel     -  DEBUG   - Checking for failed jobs...
2025-04-03 18:05:11,543 -     censo.parallel     -   INFO   - All jobs executed successfully.
2025-04-03 18:05:11,544 -   censo.ensembledata   -  DEBUG   - Removed CONF24.
2025-04-03 18:05:11,544 -   censo.ensembledata   -  DEBUG   - Removed CONF48.
2025-04-03 18:05:11,544 -   censo.ensembledata   -  DEBUG   - Removed CONF49.
2025-04-03 18:05:11,544 -   censo.ensembledata   -  DEBUG   - Removed CONF52.
2025-04-03 18:05:11,544 -   censo.ensembledata   -  DEBUG   - Removed CONF55.
2025-04-03 18:05:11,544 -   censo.ensembledata   -  DEBUG   - Removed CONF54.
2025-04-03 18:05:11,544 -   censo.ensembledata   -  DEBUG   - Removed CONF65.
2025-04-03 18:05:11,544 -   censo.ensembledata   -  DEBUG   - Removed CONF69.
2025-04-03 18:05:11,544 -   censo.ensembledata   -  DEBUG   - Removed CONF70.
2025-04-03 18:05:11,544 -   censo.ensembledata   -  DEBUG   - Removed CONF74.
2025-04-03 18:05:11,544 -   censo.ensembledata   -  DEBUG   - Removed CONF76.
2025-04-03 18:05:11,544 -   censo.ensembledata   -  DEBUG   - Removed CONF78.
2025-04-03 18:05:11,544 -   censo.ensembledata   -  DEBUG   - Removed CONF79.
2025-04-03 18:05:11,544 -   censo.ensembledata   -  DEBUG   - Removed CONF80.
2025-04-03 18:05:11,544 -   censo.ensembledata   -  DEBUG   - Removed CONF85.
2025-04-03 18:05:11,544 -   censo.ensembledata   -  DEBUG   - Removed CONF90.
2025-04-03 18:05:11,544 -   censo.ensembledata   -  DEBUG   - Removed CONF91.
2025-04-03 18:05:11,545 -   censo.ensembledata   -  DEBUG   - Removed CONF92.
2025-04-03 18:05:11,545 -   censo.ensembledata   -  DEBUG   - Removed CONF95.
2025-04-03 18:05:11,545 -   censo.ensembledata   -  DEBUG   - Removed CONF98.
2025-04-03 18:05:11,545 -   censo.ensembledata   -  DEBUG   - Removed CONF99.
2025-04-03 18:05:11,545 -   censo.ensembledata   -  DEBUG   - Removed CONF100.
2025-04-03 18:05:11,545 -   censo.ensembledata   -  DEBUG   - Removed CONF105.
2025-04-03 18:05:11,545 -   censo.ensembledata   -  DEBUG   - Removed CONF104.
2025-04-03 18:05:11,545 -   censo.ensembledata   -  DEBUG   - Removed CONF107.
2025-04-03 18:05:11,545 -   censo.ensembledata   -  DEBUG   - Removed CONF108.
2025-04-03 18:05:11,545 -   censo.ensembledata   -  DEBUG   - Removed CONF109.
2025-04-03 18:05:11,545 -   censo.ensembledata   -  DEBUG   - Removed CONF110.
2025-04-03 18:05:11,545 -   censo.ensembledata   -  DEBUG   - Removed CONF111.
2025-04-03 18:05:11,545 -   censo.ensembledata   -  DEBUG   - Removed CONF117.
2025-04-03 18:05:11,545 -   censo.ensembledata   -  DEBUG   - Removed CONF118.
2025-04-03 18:05:11,545 -   censo.ensembledata   -  DEBUG   - Removed CONF120.
2025-04-03 18:05:11,545 -   censo.ensembledata   -  DEBUG   - Removed CONF121.
2025-04-03 18:05:11,545 -   censo.ensembledata   -  DEBUG   - Removed CONF122.
2025-04-03 18:05:11,545 -   censo.ensembledata   -  DEBUG   - Removed CONF123.
2025-04-03 18:05:11,545 -   censo.ensembledata   -  DEBUG   - Removed CONF124.
2025-04-03 18:05:11,545 -   censo.ensembledata   -  DEBUG   - Removed CONF125.
2025-04-03 18:05:11,545 -   censo.ensembledata   -  DEBUG   - Removed CONF126.
2025-04-03 18:05:11,545 -   censo.ensembledata   -  DEBUG   - Removed CONF127.
2025-04-03 18:05:11,545 -   censo.ensembledata   -  DEBUG   - Removed CONF128.
2025-04-03 18:05:11,545 -   censo.ensembledata   -  DEBUG   - Removed CONF129.
2025-04-03 18:05:11,545 -   censo.ensembledata   -  DEBUG   - Removed CONF135.
2025-04-03 18:05:11,545 -   censo.ensembledata   -  DEBUG   - Removed CONF136.
2025-04-03 18:05:11,545 -   censo.ensembledata   -  DEBUG   - Removed CONF137.
2025-04-03 18:05:11,545 -   censo.ensembledata   -  DEBUG   - Removed CONF138.
2025-04-03 18:05:11,545 -   censo.ensembledata   -  DEBUG   - Removed CONF140.
2025-04-03 18:05:11,545 -   censo.ensembledata   -  DEBUG   - Removed CONF142.
2025-04-03 18:05:11,545 -   censo.ensembledata   -  DEBUG   - Removed CONF146.
2025-04-03 18:05:11,545 -   censo.ensembledata   -  DEBUG   - Removed CONF166.
2025-04-03 18:05:11,547 -censo.ensembleopt.prescreening-  DEBUG   - Writing to /srv/scratch/z5358697/.automated/3792/0_PRESCREENING.out.
2025-04-03 18:05:11,600 -     censo.parallel     -  DEBUG   - Free cores decreased 16 -> 15.
2025-04-03 18:05:11,612 -   censo.qm_processor   -  DEBUG   - worker3279470:Running on 1 cores.
2025-04-03 18:05:11,612 -     censo.parallel     -  DEBUG   - Free cores decreased 15 -> 14.
2025-04-03 18:05:11,613 -     censo.parallel     -  DEBUG   - Free cores decreased 14 -> 13.
2025-04-03 18:05:11,613 -   censo.qm_processor   -  DEBUG   - worker3279469:Running on 1 cores.
2025-04-03 18:05:11,613 -     censo.parallel     -  DEBUG   - Free cores decreased 13 -> 12.
2025-04-03 18:05:11,613 -   censo.qm_processor   -  DEBUG   - worker3279471:Running on 1 cores.
2025-04-03 18:05:11,614 -     censo.parallel     -  DEBUG   - Free cores decreased 12 -> 11.
2025-04-03 18:05:11,614 -   censo.qm_processor   -  DEBUG   - worker3279472:Running on 1 cores.
2025-04-03 18:05:11,614 -     censo.parallel     -  DEBUG   - Free cores decreased 11 -> 10.
2025-04-03 18:05:11,615 -     censo.parallel     -  DEBUG   - Free cores decreased 10 -> 9.
2025-04-03 18:05:11,615 -   censo.qm_processor   -  DEBUG   - worker3279481:Running on 1 cores.
2025-04-03 18:05:11,615 -   censo.qm_processor   -  DEBUG   - worker3279476:Running on 1 cores.
2025-04-03 18:05:11,615 -     censo.parallel     -  DEBUG   - Free cores decreased 9 -> 8.
2025-04-03 18:05:11,615 -   censo.qm_processor   -  DEBUG   - worker3279478:Running on 1 cores.
2025-04-03 18:05:11,615 -     censo.parallel     -  DEBUG   - Free cores decreased 8 -> 7.
2025-04-03 18:05:11,615 -   censo.qm_processor   -  DEBUG   - worker3279483:Running on 1 cores.
2025-04-03 18:05:11,616 -     censo.parallel     -  DEBUG   - Free cores decreased 7 -> 6.
2025-04-03 18:05:11,616 -   censo.qm_processor   -  DEBUG   - worker3279490:Running on 1 cores.
2025-04-03 18:05:11,616 -     censo.parallel     -  DEBUG   - Free cores decreased 6 -> 5.
2025-04-03 18:05:11,616 -   censo.qm_processor   -  DEBUG   - worker3279488:Running on 1 cores.
2025-04-03 18:05:11,616 -     censo.parallel     -  DEBUG   - Free cores decreased 5 -> 4.
2025-04-03 18:05:11,617 -   censo.qm_processor   -  DEBUG   - worker3279494:Running on 1 cores.
2025-04-03 18:05:11,617 -     censo.parallel     -  DEBUG   - Free cores decreased 4 -> 3.
2025-04-03 18:05:11,617 -   censo.qm_processor   -  DEBUG   - worker3279498:Running on 1 cores.
2025-04-03 18:05:11,617 -     censo.parallel     -  DEBUG   - Free cores decreased 3 -> 2.
2025-04-03 18:05:11,617 -   censo.qm_processor   -  DEBUG   - worker3279500:Running on 1 cores.
2025-04-03 18:05:11,618 -     censo.parallel     -  DEBUG   - Free cores decreased 2 -> 1.
2025-04-03 18:05:11,618 -     censo.parallel     -  DEBUG   - Free cores decreased 1 -> 0.
2025-04-03 18:05:11,618 -   censo.qm_processor   -  DEBUG   - worker3279504:Running on 1 cores.
2025-04-03 18:05:11,618 -   censo.qm_processor   -  DEBUG   - worker3279511:Running on 1 cores.
2025-04-03 18:05:11,618 -   censo.qm_processor   -  DEBUG   - worker3279508:Running on 1 cores.
2025-04-03 18:05:11,736 -   censo.qm_processor   -   INFO   - worker3279470:Running gsolv calculation in /srv/scratch/z5358697/.automated/3792/1_SCREENING/CONF17/gsolv.
2025-04-03 18:05:11,756 -   censo.qm_processor   -   INFO   - worker3279476:Running gsolv calculation in /srv/scratch/z5358697/.automated/3792/1_SCREENING/CONF39/gsolv.
2025-04-03 18:05:11,768 -   censo.qm_processor   -   INFO   - worker3279471:Running gsolv calculation in /srv/scratch/z5358697/.automated/3792/1_SCREENING/CONF41/gsolv.
2025-04-03 18:05:11,772 -  censo.orca_processor  -  DEBUG   - worker3279476:Copying .gbw file from /srv/scratch/z5358697/.automated/3792/0_PRESCREENING/CONF39/sp/sp.gbw.
2025-04-03 18:05:11,773 -  censo.orca_processor  -  DEBUG   - worker3279470:Copying .gbw file from /srv/scratch/z5358697/.automated/3792/0_PRESCREENING/CONF17/sp/sp.gbw.
2025-04-03 18:05:11,785 -  censo.orca_processor  -  DEBUG   - worker3279471:Copying .gbw file from /srv/scratch/z5358697/.automated/3792/0_PRESCREENING/CONF41/sp/sp.gbw.
2025-04-03 18:05:11,797 -   censo.qm_processor   -   INFO   - worker3279469:Running gsolv calculation in /srv/scratch/z5358697/.automated/3792/1_SCREENING/CONF164/gsolv.
2025-04-03 18:05:11,812 -   censo.qm_processor   -   INFO   - worker3279481:Running gsolv calculation in /srv/scratch/z5358697/.automated/3792/1_SCREENING/CONF40/gsolv.
2025-04-03 18:05:11,813 -  censo.orca_processor  -  DEBUG   - worker3279469:Copying .gbw file from /srv/scratch/z5358697/.automated/3792/0_PRESCREENING/CONF164/sp/sp.gbw.
2025-04-03 18:05:11,824 -   censo.qm_processor   -   INFO   - worker3279478:Running gsolv calculation in /srv/scratch/z5358697/.automated/3792/1_SCREENING/CONF167/gsolv.
2025-04-03 18:05:11,827 -   censo.qm_processor   -   INFO   - worker3279483:Running gsolv calculation in /srv/scratch/z5358697/.automated/3792/1_SCREENING/CONF38/gsolv.
2025-04-03 18:05:11,828 -  censo.orca_processor  -  DEBUG   - worker3279481:Copying .gbw file from /srv/scratch/z5358697/.automated/3792/0_PRESCREENING/CONF40/sp/sp.gbw.
2025-04-03 18:05:11,839 -  censo.orca_processor  -  DEBUG   - worker3279478:Copying .gbw file from /srv/scratch/z5358697/.automated/3792/0_PRESCREENING/CONF167/sp/sp.gbw.
2025-04-03 18:05:11,885 -  censo.orca_processor  -  DEBUG   - worker3279483:Copying .gbw file from /srv/scratch/z5358697/.automated/3792/0_PRESCREENING/CONF38/sp/sp.gbw.
2025-04-03 18:05:11,960 -   censo.qm_processor   -   INFO   - worker3279494:Running gsolv calculation in /srv/scratch/z5358697/.automated/3792/1_SCREENING/CONF1/gsolv.
2025-04-03 18:05:11,976 -  censo.orca_processor  -  DEBUG   - worker3279494:Copying .gbw file from /srv/scratch/z5358697/.automated/3792/0_PRESCREENING/CONF1/sp/sp.gbw.
2025-04-03 18:05:11,983 -   censo.qm_processor   -   INFO   - worker3279472:Running gsolv calculation in /srv/scratch/z5358697/.automated/3792/1_SCREENING/CONF165/gsolv.
2025-04-03 18:05:11,992 -   censo.qm_processor   -   INFO   - worker3279500:Running gsolv calculation in /srv/scratch/z5358697/.automated/3792/1_SCREENING/CONF36/gsolv.
2025-04-03 18:05:11,998 -  censo.orca_processor  -  DEBUG   - worker3279472:Copying .gbw file from /srv/scratch/z5358697/.automated/3792/0_PRESCREENING/CONF165/sp/sp.gbw.
2025-04-03 18:05:12,004 -   censo.qm_processor   -   INFO   - worker3279488:Running gsolv calculation in /srv/scratch/z5358697/.automated/3792/1_SCREENING/CONF2/gsolv.
2025-04-03 18:05:12,008 -  censo.orca_processor  -  DEBUG   - worker3279500:Copying .gbw file from /srv/scratch/z5358697/.automated/3792/0_PRESCREENING/CONF36/sp/sp.gbw.
2025-04-03 18:05:12,015 -   censo.qm_processor   -   INFO   - worker3279504:Running gsolv calculation in /srv/scratch/z5358697/.automated/3792/1_SCREENING/CONF6/gsolv.
2025-04-03 18:05:12,019 -  censo.orca_processor  -  DEBUG   - worker3279488:Copying .gbw file from /srv/scratch/z5358697/.automated/3792/0_PRESCREENING/CONF2/sp/sp.gbw.
2025-04-03 18:05:12,026 -   censo.qm_processor   -   INFO   - worker3279511:Running gsolv calculation in /srv/scratch/z5358697/.automated/3792/1_SCREENING/CONF10/gsolv.
2025-04-03 18:05:12,030 -  censo.orca_processor  -  DEBUG   - worker3279504:Copying .gbw file from /srv/scratch/z5358697/.automated/3792/0_PRESCREENING/CONF6/sp/sp.gbw.
2025-04-03 18:05:12,040 -   censo.qm_processor   -   INFO   - worker3279490:Running gsolv calculation in /srv/scratch/z5358697/.automated/3792/1_SCREENING/CONF61/gsolv.
2025-04-03 18:05:12,046 -   censo.qm_processor   -   INFO   - worker3279498:Running gsolv calculation in /srv/scratch/z5358697/.automated/3792/1_SCREENING/CONF106/gsolv.
2025-04-03 18:05:12,060 -  censo.orca_processor  -  DEBUG   - worker3279490:Copying .gbw file from /srv/scratch/z5358697/.automated/3792/0_PRESCREENING/CONF61/sp/sp.gbw.
2025-04-03 18:05:12,062 -  censo.orca_processor  -  DEBUG   - worker3279498:Copying .gbw file from /srv/scratch/z5358697/.automated/3792/0_PRESCREENING/CONF106/sp/sp.gbw.
2025-04-03 18:05:12,171 -  censo.orca_processor  -  DEBUG   - worker3279511:Copying .gbw file from /srv/scratch/z5358697/.automated/3792/0_PRESCREENING/CONF10/sp/sp.gbw.
2025-04-03 18:05:12,592 -   censo.qm_processor   -  DEBUG   - worker3279470:Running ['/apps/z_install_tree/linux-rocky8-ivybridge/gcc-12.2.0/orca-6.0.0-srtngmq3qlimg2qxbl6avaaiffipurdx/bin/orca', 'sp_gas.inp']...
2025-04-03 18:05:12,592 -   censo.qm_processor   -  DEBUG   - worker3279476:Running ['/apps/z_install_tree/linux-rocky8-ivybridge/gcc-12.2.0/orca-6.0.0-srtngmq3qlimg2qxbl6avaaiffipurdx/bin/orca', 'sp_gas.inp']...
2025-04-03 18:05:12,592 -   censo.qm_processor   -  DEBUG   - worker3279471:Running ['/apps/z_install_tree/linux-rocky8-ivybridge/gcc-12.2.0/orca-6.0.0-srtngmq3qlimg2qxbl6avaaiffipurdx/bin/orca', 'sp_gas.inp']...
2025-04-03 18:05:12,592 -   censo.qm_processor   -  DEBUG   - worker3279478:Running ['/apps/z_install_tree/linux-rocky8-ivybridge/gcc-12.2.0/orca-6.0.0-srtngmq3qlimg2qxbl6avaaiffipurdx/bin/orca', 'sp_gas.inp']...
2025-04-03 18:05:12,592 -   censo.qm_processor   -  DEBUG   - worker3279469:Running ['/apps/z_install_tree/linux-rocky8-ivybridge/gcc-12.2.0/orca-6.0.0-srtngmq3qlimg2qxbl6avaaiffipurdx/bin/orca', 'sp_gas.inp']...
2025-04-03 18:05:12,592 -   censo.qm_processor   -  DEBUG   - worker3279481:Running ['/apps/z_install_tree/linux-rocky8-ivybridge/gcc-12.2.0/orca-6.0.0-srtngmq3qlimg2qxbl6avaaiffipurdx/bin/orca', 'sp_gas.inp']...
2025-04-03 18:05:12,596 -   censo.qm_processor   -  DEBUG   - worker3279483:Running ['/apps/z_install_tree/linux-rocky8-ivybridge/gcc-12.2.0/orca-6.0.0-srtngmq3qlimg2qxbl6avaaiffipurdx/bin/orca', 'sp_gas.inp']...
2025-04-03 18:05:12,600 -   censo.qm_processor   -  DEBUG   - worker3279483:Started (PID: 3279526).
2025-04-03 18:05:12,600 -   censo.qm_processor   -  DEBUG   - worker3279481:Started (PID: 3279525).
2025-04-03 18:05:12,600 -   censo.qm_processor   -  DEBUG   - worker3279476:Started (PID: 3279521).
2025-04-03 18:05:12,600 -   censo.qm_processor   -  DEBUG   - worker3279478:Started (PID: 3279522).
2025-04-03 18:05:12,600 -   censo.qm_processor   -  DEBUG   - worker3279471:Started (PID: 3279524).
2025-04-03 18:05:12,600 -   censo.qm_processor   -  DEBUG   - worker3279470:Started (PID: 3279520).
2025-04-03 18:05:12,600 -   censo.qm_processor   -  DEBUG   - worker3279469:Started (PID: 3279523).
2025-04-03 18:05:12,704 -   censo.qm_processor   -  DEBUG   - worker3279500:Running ['/apps/z_install_tree/linux-rocky8-ivybridge/gcc-12.2.0/orca-6.0.0-srtngmq3qlimg2qxbl6avaaiffipurdx/bin/orca', 'sp_gas.inp']...
2025-04-03 18:05:12,705 -   censo.qm_processor   -  DEBUG   - worker3279472:Running ['/apps/z_install_tree/linux-rocky8-ivybridge/gcc-12.2.0/orca-6.0.0-srtngmq3qlimg2qxbl6avaaiffipurdx/bin/orca', 'sp_gas.inp']...
2025-04-03 18:05:12,705 -   censo.qm_processor   -  DEBUG   - worker3279494:Running ['/apps/z_install_tree/linux-rocky8-ivybridge/gcc-12.2.0/orca-6.0.0-srtngmq3qlimg2qxbl6avaaiffipurdx/bin/orca', 'sp_gas.inp']...
2025-04-03 18:05:12,708 -   censo.qm_processor   -  DEBUG   - worker3279472:Started (PID: 3279528).
2025-04-03 18:05:12,708 -   censo.qm_processor   -  DEBUG   - worker3279494:Started (PID: 3279529).
2025-04-03 18:05:12,708 -   censo.qm_processor   -  DEBUG   - worker3279500:Started (PID: 3279527).
2025-04-03 18:05:12,710 -   censo.qm_processor   -  DEBUG   - worker3279488:Running ['/apps/z_install_tree/linux-rocky8-ivybridge/gcc-12.2.0/orca-6.0.0-srtngmq3qlimg2qxbl6avaaiffipurdx/bin/orca', 'sp_gas.inp']...
2025-04-03 18:05:12,714 -   censo.qm_processor   -  DEBUG   - worker3279488:Started (PID: 3279530).
2025-04-03 18:05:12,716 -   censo.qm_processor   -  DEBUG   - worker3279504:Running ['/apps/z_install_tree/linux-rocky8-ivybridge/gcc-12.2.0/orca-6.0.0-srtngmq3qlimg2qxbl6avaaiffipurdx/bin/orca', 'sp_gas.inp']...
2025-04-03 18:05:12,718 -   censo.qm_processor   -  DEBUG   - worker3279490:Running ['/apps/z_install_tree/linux-rocky8-ivybridge/gcc-12.2.0/orca-6.0.0-srtngmq3qlimg2qxbl6avaaiffipurdx/bin/orca', 'sp_gas.inp']...
2025-04-03 18:05:12,719 -   censo.qm_processor   -  DEBUG   - worker3279498:Running ['/apps/z_install_tree/linux-rocky8-ivybridge/gcc-12.2.0/orca-6.0.0-srtngmq3qlimg2qxbl6avaaiffipurdx/bin/orca', 'sp_gas.inp']...
2025-04-03 18:05:12,725 -   censo.qm_processor   -  DEBUG   - worker3279498:Started (PID: 3279533).
2025-04-03 18:05:12,725 -   censo.qm_processor   -  DEBUG   - worker3279490:Started (PID: 3279532).
2025-04-03 18:05:12,725 -   censo.qm_processor   -  DEBUG   - worker3279504:Started (PID: 3279531).
2025-04-03 18:05:12,809 -   censo.qm_processor   -   INFO   - worker3279508:Running gsolv calculation in /srv/scratch/z5358697/.automated/3792/1_SCREENING/CONF35/gsolv.
2025-04-03 18:05:12,876 -  censo.orca_processor  -  DEBUG   - worker3279508:Copying .gbw file from /srv/scratch/z5358697/.automated/3792/0_PRESCREENING/CONF35/sp/sp.gbw.
2025-04-03 18:05:13,160 -   censo.qm_processor   -  DEBUG   - worker3279511:Running ['/apps/z_install_tree/linux-rocky8-ivybridge/gcc-12.2.0/orca-6.0.0-srtngmq3qlimg2qxbl6avaaiffipurdx/bin/orca', 'sp_gas.inp']...
2025-04-03 18:05:13,167 -   censo.qm_processor   -  DEBUG   - worker3279511:Started (PID: 3279534).
2025-04-03 18:05:13,439 -   censo.qm_processor   -  DEBUG   - worker3279508:Running ['/apps/z_install_tree/linux-rocky8-ivybridge/gcc-12.2.0/orca-6.0.0-srtngmq3qlimg2qxbl6avaaiffipurdx/bin/orca', 'sp_gas.inp']...
2025-04-03 18:05:13,443 -   censo.qm_processor   -  DEBUG   - worker3279508:Started (PID: 3279536).
2025-04-03 18:07:36,582 -   censo.qm_processor   -  DEBUG   - worker3279504:Done.
2025-04-03 18:07:36,616 -  censo.orca_processor  -  DEBUG   - worker3279504:Copying .gbw file from /srv/scratch/z5358697/.automated/3792/0_PRESCREENING/CONF6/sp/sp.gbw.
2025-04-03 18:07:36,773 -   censo.qm_processor   -  DEBUG   - worker3279472:Done.
2025-04-03 18:07:36,791 -  censo.orca_processor  -  DEBUG   - worker3279472:Copying .gbw file from /srv/scratch/z5358697/.automated/3792/0_PRESCREENING/CONF165/sp/sp.gbw.
2025-04-03 18:07:36,917 -   censo.qm_processor   -  DEBUG   - worker3279504:Running ['/apps/z_install_tree/linux-rocky8-ivybridge/gcc-12.2.0/orca-6.0.0-srtngmq3qlimg2qxbl6avaaiffipurdx/bin/orca', 'sp_solv.inp']...
2025-04-03 18:07:36,921 -   censo.qm_processor   -  DEBUG   - worker3279504:Started (PID: 3280082).
2025-04-03 18:07:36,966 -   censo.qm_processor   -  DEBUG   - worker3279469:Done.
2025-04-03 18:07:37,087 -   censo.qm_processor   -  DEBUG   - worker3279472:Running ['/apps/z_install_tree/linux-rocky8-ivybridge/gcc-12.2.0/orca-6.0.0-srtngmq3qlimg2qxbl6avaaiffipurdx/bin/orca', 'sp_solv.inp']...
2025-04-03 18:07:37,091 -   censo.qm_processor   -  DEBUG   - worker3279472:Started (PID: 3280087).
2025-04-03 18:07:37,282 -  censo.orca_processor  -  DEBUG   - worker3279469:Copying .gbw file from /srv/scratch/z5358697/.automated/3792/0_PRESCREENING/CONF164/sp/sp.gbw.
2025-04-03 18:07:37,617 -   censo.qm_processor   -  DEBUG   - worker3279478:Done.
2025-04-03 18:07:37,640 -   censo.qm_processor   -  DEBUG   - worker3279469:Running ['/apps/z_install_tree/linux-rocky8-ivybridge/gcc-12.2.0/orca-6.0.0-srtngmq3qlimg2qxbl6avaaiffipurdx/bin/orca', 'sp_solv.inp']...
2025-04-03 18:07:37,643 -   censo.qm_processor   -  DEBUG   - worker3279469:Started (PID: 3280100).
2025-04-03 18:07:37,651 -  censo.orca_processor  -  DEBUG   - worker3279478:Copying .gbw file from /srv/scratch/z5358697/.automated/3792/0_PRESCREENING/CONF167/sp/sp.gbw.
2025-04-03 18:07:37,993 -   censo.qm_processor   -  DEBUG   - worker3279478:Running ['/apps/z_install_tree/linux-rocky8-ivybridge/gcc-12.2.0/orca-6.0.0-srtngmq3qlimg2qxbl6avaaiffipurdx/bin/orca', 'sp_solv.inp']...
2025-04-03 18:07:37,997 -   censo.qm_processor   -  DEBUG   - worker3279478:Started (PID: 3280113).
2025-04-03 18:07:38,115 -   censo.qm_processor   -  DEBUG   - worker3279490:Done.
2025-04-03 18:07:38,118 -   censo.qm_processor   -  DEBUG   - worker3279483:Done.
2025-04-03 18:07:38,136 -  censo.orca_processor  -  DEBUG   - worker3279490:Copying .gbw file from /srv/scratch/z5358697/.automated/3792/0_PRESCREENING/CONF61/sp/sp.gbw.
2025-04-03 18:07:38,251 -   censo.qm_processor   -  DEBUG   - worker3279471:Done.
2025-04-03 18:07:38,269 -  censo.orca_processor  -  DEBUG   - worker3279471:Copying .gbw file from /srv/scratch/z5358697/.automated/3792/0_PRESCREENING/CONF41/sp/sp.gbw.
2025-04-03 18:07:38,290 -   censo.qm_processor   -  DEBUG   - worker3279470:Done.
2025-04-03 18:07:38,374 -   censo.qm_processor   -  DEBUG   - worker3279500:Done.
2025-04-03 18:07:38,422 -   censo.qm_processor   -  DEBUG   - worker3279476:Done.
2025-04-03 18:07:38,446 -   censo.qm_processor   -  DEBUG   - worker3279490:Running ['/apps/z_install_tree/linux-rocky8-ivybridge/gcc-12.2.0/orca-6.0.0-srtngmq3qlimg2qxbl6avaaiffipurdx/bin/orca', 'sp_solv.inp']...
2025-04-03 18:07:38,453 -   censo.qm_processor   -  DEBUG   - worker3279490:Started (PID: 3280122).
2025-04-03 18:07:38,462 -  censo.orca_processor  -  DEBUG   - worker3279476:Copying .gbw file from /srv/scratch/z5358697/.automated/3792/0_PRESCREENING/CONF39/sp/sp.gbw.
2025-04-03 18:07:38,462 -  censo.orca_processor  -  DEBUG   - worker3279483:Copying .gbw file from /srv/scratch/z5358697/.automated/3792/0_PRESCREENING/CONF38/sp/sp.gbw.
2025-04-03 18:07:38,468 -   censo.qm_processor   -  DEBUG   - worker3279471:Running ['/apps/z_install_tree/linux-rocky8-ivybridge/gcc-12.2.0/orca-6.0.0-srtngmq3qlimg2qxbl6avaaiffipurdx/bin/orca', 'sp_solv.inp']...
2025-04-03 18:07:38,472 -   censo.qm_processor   -  DEBUG   - worker3279471:Started (PID: 3280123).
2025-04-03 18:07:38,570 -  censo.orca_processor  -  DEBUG   - worker3279500:Copying .gbw file from /srv/scratch/z5358697/.automated/3792/0_PRESCREENING/CONF36/sp/sp.gbw.
2025-04-03 18:07:38,588 -  censo.orca_processor  -  DEBUG   - worker3279470:Copying .gbw file from /srv/scratch/z5358697/.automated/3792/0_PRESCREENING/CONF17/sp/sp.gbw.
2025-04-03 18:07:38,925 -   censo.qm_processor   -  DEBUG   - worker3279483:Running ['/apps/z_install_tree/linux-rocky8-ivybridge/gcc-12.2.0/orca-6.0.0-srtngmq3qlimg2qxbl6avaaiffipurdx/bin/orca', 'sp_solv.inp']...
2025-04-03 18:07:38,926 -   censo.qm_processor   -  DEBUG   - worker3279476:Running ['/apps/z_install_tree/linux-rocky8-ivybridge/gcc-12.2.0/orca-6.0.0-srtngmq3qlimg2qxbl6avaaiffipurdx/bin/orca', 'sp_solv.inp']...
2025-04-03 18:07:38,931 -   censo.qm_processor   -  DEBUG   - worker3279483:Started (PID: 3280128).
2025-04-03 18:07:38,931 -   censo.qm_processor   -  DEBUG   - worker3279476:Started (PID: 3280129).
2025-04-03 18:07:38,955 -   censo.qm_processor   -  DEBUG   - worker3279500:Running ['/apps/z_install_tree/linux-rocky8-ivybridge/gcc-12.2.0/orca-6.0.0-srtngmq3qlimg2qxbl6avaaiffipurdx/bin/orca', 'sp_solv.inp']...
2025-04-03 18:07:38,958 -   censo.qm_processor   -  DEBUG   - worker3279500:Started (PID: 3280130).
2025-04-03 18:07:39,012 -   censo.qm_processor   -  DEBUG   - worker3279470:Running ['/apps/z_install_tree/linux-rocky8-ivybridge/gcc-12.2.0/orca-6.0.0-srtngmq3qlimg2qxbl6avaaiffipurdx/bin/orca', 'sp_solv.inp']...
2025-04-03 18:07:39,015 -   censo.qm_processor   -  DEBUG   - worker3279470:Started (PID: 3280131).
2025-04-03 18:07:39,259 -   censo.qm_processor   -  DEBUG   - worker3279498:Done.
2025-04-03 18:07:39,265 -   censo.qm_processor   -  DEBUG   - worker3279481:Done.
2025-04-03 18:07:39,278 -  censo.orca_processor  -  DEBUG   - worker3279498:Copying .gbw file from /srv/scratch/z5358697/.automated/3792/0_PRESCREENING/CONF106/sp/sp.gbw.
2025-04-03 18:07:39,286 -  censo.orca_processor  -  DEBUG   - worker3279481:Copying .gbw file from /srv/scratch/z5358697/.automated/3792/0_PRESCREENING/CONF40/sp/sp.gbw.
2025-04-03 18:07:39,504 -   censo.qm_processor   -  DEBUG   - worker3279498:Running ['/apps/z_install_tree/linux-rocky8-ivybridge/gcc-12.2.0/orca-6.0.0-srtngmq3qlimg2qxbl6avaaiffipurdx/bin/orca', 'sp_solv.inp']...
2025-04-03 18:07:39,505 -   censo.qm_processor   -  DEBUG   - worker3279481:Running ['/apps/z_install_tree/linux-rocky8-ivybridge/gcc-12.2.0/orca-6.0.0-srtngmq3qlimg2qxbl6avaaiffipurdx/bin/orca', 'sp_solv.inp']...
2025-04-03 18:07:39,511 -   censo.qm_processor   -  DEBUG   - worker3279481:Started (PID: 3280140).
2025-04-03 18:07:39,511 -   censo.qm_processor   -  DEBUG   - worker3279498:Started (PID: 3280139).
2025-04-03 18:07:40,002 -   censo.qm_processor   -  DEBUG   - worker3279494:Done.
2025-04-03 18:07:40,260 -   censo.qm_processor   -  DEBUG   - worker3279508:Done.
2025-04-03 18:07:40,283 -  censo.orca_processor  -  DEBUG   - worker3279508:Copying .gbw file from /srv/scratch/z5358697/.automated/3792/0_PRESCREENING/CONF35/sp/sp.gbw.
2025-04-03 18:07:40,428 -  censo.orca_processor  -  DEBUG   - worker3279494:Copying .gbw file from /srv/scratch/z5358697/.automated/3792/0_PRESCREENING/CONF1/sp/sp.gbw.
2025-04-03 18:07:40,617 -   censo.qm_processor   -  DEBUG   - worker3279508:Running ['/apps/z_install_tree/linux-rocky8-ivybridge/gcc-12.2.0/orca-6.0.0-srtngmq3qlimg2qxbl6avaaiffipurdx/bin/orca', 'sp_solv.inp']...
2025-04-03 18:07:40,620 -   censo.qm_processor   -  DEBUG   - worker3279508:Started (PID: 3280155).
2025-04-03 18:07:40,752 -   censo.qm_processor   -  DEBUG   - worker3279494:Running ['/apps/z_install_tree/linux-rocky8-ivybridge/gcc-12.2.0/orca-6.0.0-srtngmq3qlimg2qxbl6avaaiffipurdx/bin/orca', 'sp_solv.inp']...
2025-04-03 18:07:40,756 -   censo.qm_processor   -  DEBUG   - worker3279494:Started (PID: 3280156).
2025-04-03 18:07:42,840 -   censo.qm_processor   -  DEBUG   - worker3279511:Done.
2025-04-03 18:07:43,302 -  censo.orca_processor  -  DEBUG   - worker3279511:Copying .gbw file from /srv/scratch/z5358697/.automated/3792/0_PRESCREENING/CONF10/sp/sp.gbw.
2025-04-03 18:07:43,877 -   censo.qm_processor   -  DEBUG   - worker3279511:Running ['/apps/z_install_tree/linux-rocky8-ivybridge/gcc-12.2.0/orca-6.0.0-srtngmq3qlimg2qxbl6avaaiffipurdx/bin/orca', 'sp_solv.inp']...
2025-04-03 18:07:43,881 -   censo.qm_processor   -  DEBUG   - worker3279511:Started (PID: 3280186).
2025-04-03 18:07:44,003 -   censo.qm_processor   -  DEBUG   - worker3279488:Done.
2025-04-03 18:07:44,800 -  censo.orca_processor  -  DEBUG   - worker3279488:Copying .gbw file from /srv/scratch/z5358697/.automated/3792/0_PRESCREENING/CONF2/sp/sp.gbw.
2025-04-03 18:07:45,449 -   censo.qm_processor   -  DEBUG   - worker3279488:Running ['/apps/z_install_tree/linux-rocky8-ivybridge/gcc-12.2.0/orca-6.0.0-srtngmq3qlimg2qxbl6avaaiffipurdx/bin/orca', 'sp_solv.inp']...
2025-04-03 18:07:45,465 -   censo.qm_processor   -  DEBUG   - worker3279488:Started (PID: 3280196).
2025-04-03 18:10:45,911 -   censo.qm_processor   -  DEBUG   - worker3279490:Done.
2025-04-03 18:10:47,472 -     censo.parallel     -  DEBUG   - Free cores increased 0 -> 1.
2025-04-03 18:10:47,473 -     censo.parallel     -  DEBUG   - Free cores decreased 1 -> 0.
2025-04-03 18:10:47,473 -   censo.qm_processor   -  DEBUG   - worker3279490:Running on 1 cores.
2025-04-03 18:10:47,489 -   censo.qm_processor   -   INFO   - worker3279490:Running gsolv calculation in /srv/scratch/z5358697/.automated/3792/1_SCREENING/CONF12/gsolv.
2025-04-03 18:10:47,510 -  censo.orca_processor  -  DEBUG   - worker3279490:Copying .gbw file from /srv/scratch/z5358697/.automated/3792/0_PRESCREENING/CONF12/sp/sp.gbw.
2025-04-03 18:10:47,990 -   censo.qm_processor   -  DEBUG   - worker3279490:Running ['/apps/z_install_tree/linux-rocky8-ivybridge/gcc-12.2.0/orca-6.0.0-srtngmq3qlimg2qxbl6avaaiffipurdx/bin/orca', 'sp_gas.inp']...
2025-04-03 18:10:47,997 -   censo.qm_processor   -  DEBUG   - worker3279490:Started (PID: 3280720).
2025-04-03 18:10:48,157 -   censo.qm_processor   -  DEBUG   - worker3279476:Done.
2025-04-03 18:10:48,168 -     censo.parallel     -  DEBUG   - Free cores increased 0 -> 1.
2025-04-03 18:10:48,169 -     censo.parallel     -  DEBUG   - Free cores decreased 1 -> 0.
2025-04-03 18:10:48,169 -   censo.qm_processor   -  DEBUG   - worker3279476:Running on 1 cores.
2025-04-03 18:10:48,322 -   censo.qm_processor   -   INFO   - worker3279476:Running gsolv calculation in /srv/scratch/z5358697/.automated/3792/1_SCREENING/CONF94/gsolv.
2025-04-03 18:10:49,673 -  censo.orca_processor  -  DEBUG   - worker3279476:Copying .gbw file from /srv/scratch/z5358697/.automated/3792/0_PRESCREENING/CONF94/sp/sp.gbw.
2025-04-03 18:10:50,029 -   censo.qm_processor   -  DEBUG   - worker3279476:Running ['/apps/z_install_tree/linux-rocky8-ivybridge/gcc-12.2.0/orca-6.0.0-srtngmq3qlimg2qxbl6avaaiffipurdx/bin/orca', 'sp_gas.inp']...
2025-04-03 18:10:50,035 -   censo.qm_processor   -  DEBUG   - worker3279476:Started (PID: 3280747).
2025-04-03 18:10:52,963 -   censo.qm_processor   -  DEBUG   - worker3279470:Done.
2025-04-03 18:10:53,627 -   censo.qm_processor   -  DEBUG   - worker3279483:Done.
2025-04-03 18:10:54,128 -     censo.parallel     -  DEBUG   - Free cores increased 0 -> 1.
2025-04-03 18:10:54,129 -     censo.parallel     -  DEBUG   - Free cores decreased 1 -> 0.
2025-04-03 18:10:54,130 -   censo.qm_processor   -  DEBUG   - worker3279470:Running on 1 cores.
2025-04-03 18:10:54,155 -   censo.qm_processor   -   INFO   - worker3279470:Running gsolv calculation in /srv/scratch/z5358697/.automated/3792/1_SCREENING/CONF44/gsolv.
2025-04-03 18:10:54,231 -  censo.orca_processor  -  DEBUG   - worker3279470:Copying .gbw file from /srv/scratch/z5358697/.automated/3792/0_PRESCREENING/CONF44/sp/sp.gbw.
2025-04-03 18:10:54,688 -     censo.parallel     -  DEBUG   - Free cores increased 0 -> 1.
2025-04-03 18:10:54,689 -     censo.parallel     -  DEBUG   - Free cores decreased 1 -> 0.
2025-04-03 18:10:54,690 -   censo.qm_processor   -  DEBUG   - worker3279483:Running on 1 cores.
2025-04-03 18:10:54,705 -   censo.qm_processor   -   INFO   - worker3279483:Running gsolv calculation in /srv/scratch/z5358697/.automated/3792/1_SCREENING/CONF7/gsolv.
2025-04-03 18:10:54,720 -  censo.orca_processor  -  DEBUG   - worker3279483:Copying .gbw file from /srv/scratch/z5358697/.automated/3792/0_PRESCREENING/CONF7/sp/sp.gbw.
2025-04-03 18:10:55,213 -   censo.qm_processor   -  DEBUG   - worker3279470:Running ['/apps/z_install_tree/linux-rocky8-ivybridge/gcc-12.2.0/orca-6.0.0-srtngmq3qlimg2qxbl6avaaiffipurdx/bin/orca', 'sp_gas.inp']...
2025-04-03 18:10:55,219 -   censo.qm_processor   -  DEBUG   - worker3279470:Started (PID: 3280772).
2025-04-03 18:10:55,674 -   censo.qm_processor   -  DEBUG   - worker3279483:Running ['/apps/z_install_tree/linux-rocky8-ivybridge/gcc-12.2.0/orca-6.0.0-srtngmq3qlimg2qxbl6avaaiffipurdx/bin/orca', 'sp_gas.inp']...
2025-04-03 18:10:55,678 -   censo.qm_processor   -  DEBUG   - worker3279483:Started (PID: 3280774).
2025-04-03 18:10:57,311 -   censo.qm_processor   -  DEBUG   - worker3279481:Done.
2025-04-03 18:10:58,396 -     censo.parallel     -  DEBUG   - Free cores increased 0 -> 1.
2025-04-03 18:10:58,397 -     censo.parallel     -  DEBUG   - Free cores decreased 1 -> 0.
2025-04-03 18:10:58,398 -   censo.qm_processor   -  DEBUG   - worker3279481:Running on 1 cores.
2025-04-03 18:10:58,417 -   censo.qm_processor   -   INFO   - worker3279481:Running gsolv calculation in /srv/scratch/z5358697/.automated/3792/1_SCREENING/CONF9/gsolv.
2025-04-03 18:10:58,444 -  censo.orca_processor  -  DEBUG   - worker3279481:Copying .gbw file from /srv/scratch/z5358697/.automated/3792/0_PRESCREENING/CONF9/sp/sp.gbw.
2025-04-03 18:10:58,507 -   censo.qm_processor   -  DEBUG   - worker3279471:Done.
2025-04-03 18:10:59,121 -   censo.qm_processor   -  DEBUG   - worker3279481:Running ['/apps/z_install_tree/linux-rocky8-ivybridge/gcc-12.2.0/orca-6.0.0-srtngmq3qlimg2qxbl6avaaiffipurdx/bin/orca', 'sp_gas.inp']...
2025-04-03 18:10:59,127 -   censo.qm_processor   -  DEBUG   - worker3279481:Started (PID: 3280813).
2025-04-03 18:10:59,783 -     censo.parallel     -  DEBUG   - Free cores increased 0 -> 1.
2025-04-03 18:10:59,784 -     censo.parallel     -  DEBUG   - Free cores decreased 1 -> 0.
2025-04-03 18:10:59,785 -   censo.qm_processor   -  DEBUG   - worker3279471:Running on 1 cores.
2025-04-03 18:10:59,903 -   censo.qm_processor   -   INFO   - worker3279471:Running gsolv calculation in /srv/scratch/z5358697/.automated/3792/1_SCREENING/CONF37/gsolv.
2025-04-03 18:10:59,919 -  censo.orca_processor  -  DEBUG   - worker3279471:Copying .gbw file from /srv/scratch/z5358697/.automated/3792/0_PRESCREENING/CONF37/sp/sp.gbw.
2025-04-03 18:11:00,575 -   censo.qm_processor   -  DEBUG   - worker3279471:Running ['/apps/z_install_tree/linux-rocky8-ivybridge/gcc-12.2.0/orca-6.0.0-srtngmq3qlimg2qxbl6avaaiffipurdx/bin/orca', 'sp_gas.inp']...
2025-04-03 18:11:00,580 -   censo.qm_processor   -  DEBUG   - worker3279471:Started (PID: 3280823).
2025-04-03 18:11:02,108 -   censo.qm_processor   -  DEBUG   - worker3279498:Done.
2025-04-03 18:11:02,915 -     censo.parallel     -  DEBUG   - Free cores increased 0 -> 1.
2025-04-03 18:11:02,917 -     censo.parallel     -  DEBUG   - Free cores decreased 1 -> 0.
2025-04-03 18:11:02,918 -   censo.qm_processor   -  DEBUG   - worker3279498:Running on 1 cores.
2025-04-03 18:11:02,941 -   censo.qm_processor   -   INFO   - worker3279498:Running gsolv calculation in /srv/scratch/z5358697/.automated/3792/1_SCREENING/CONF32/gsolv.
2025-04-03 18:11:02,976 -  censo.orca_processor  -  DEBUG   - worker3279498:Copying .gbw file from /srv/scratch/z5358697/.automated/3792/0_PRESCREENING/CONF32/sp/sp.gbw.
2025-04-03 18:11:03,332 -   censo.qm_processor   -  DEBUG   - worker3279498:Running ['/apps/z_install_tree/linux-rocky8-ivybridge/gcc-12.2.0/orca-6.0.0-srtngmq3qlimg2qxbl6avaaiffipurdx/bin/orca', 'sp_gas.inp']...
2025-04-03 18:11:03,345 -   censo.qm_processor   -  DEBUG   - worker3279498:Started (PID: 3280847).
2025-04-03 18:11:03,700 -   censo.qm_processor   -  DEBUG   - worker3279500:Done.
2025-04-03 18:11:03,711 -     censo.parallel     -  DEBUG   - Free cores increased 0 -> 1.
2025-04-03 18:11:03,712 -     censo.parallel     -  DEBUG   - Free cores decreased 1 -> 0.
2025-04-03 18:11:03,713 -   censo.qm_processor   -  DEBUG   - worker3279500:Running on 1 cores.
2025-04-03 18:11:03,728 -   censo.qm_processor   -   INFO   - worker3279500:Running gsolv calculation in /srv/scratch/z5358697/.automated/3792/1_SCREENING/CONF56/gsolv.
2025-04-03 18:11:03,742 -  censo.orca_processor  -  DEBUG   - worker3279500:Copying .gbw file from /srv/scratch/z5358697/.automated/3792/0_PRESCREENING/CONF56/sp/sp.gbw.
2025-04-03 18:11:04,454 -   censo.qm_processor   -  DEBUG   - worker3279500:Running ['/apps/z_install_tree/linux-rocky8-ivybridge/gcc-12.2.0/orca-6.0.0-srtngmq3qlimg2qxbl6avaaiffipurdx/bin/orca', 'sp_gas.inp']...
2025-04-03 18:11:04,465 -   censo.qm_processor   -  DEBUG   - worker3279500:Started (PID: 3280853).
2025-04-03 18:11:05,259 -   censo.qm_processor   -  DEBUG   - worker3279469:Done.
2025-04-03 18:11:05,872 -     censo.parallel     -  DEBUG   - Free cores increased 0 -> 1.
2025-04-03 18:11:05,873 -     censo.parallel     -  DEBUG   - Free cores decreased 1 -> 0.
2025-04-03 18:11:05,873 -   censo.qm_processor   -  DEBUG   - worker3279469:Running on 1 cores.
2025-04-03 18:11:05,913 -   censo.qm_processor   -   INFO   - worker3279469:Running gsolv calculation in /srv/scratch/z5358697/.automated/3792/1_SCREENING/CONF64/gsolv.
2025-04-03 18:11:06,106 -  censo.orca_processor  -  DEBUG   - worker3279469:Copying .gbw file from /srv/scratch/z5358697/.automated/3792/0_PRESCREENING/CONF64/sp/sp.gbw.
2025-04-03 18:11:06,300 -   censo.qm_processor   -  DEBUG   - worker3279469:Running ['/apps/z_install_tree/linux-rocky8-ivybridge/gcc-12.2.0/orca-6.0.0-srtngmq3qlimg2qxbl6avaaiffipurdx/bin/orca', 'sp_gas.inp']...
2025-04-03 18:11:06,307 -   censo.qm_processor   -  DEBUG   - worker3279469:Started (PID: 3280869).
2025-04-03 18:11:07,685 -   censo.qm_processor   -  DEBUG   - worker3279478:Done.
2025-04-03 18:11:08,713 -   censo.qm_processor   -  DEBUG   - worker3279508:Done.
2025-04-03 18:11:08,715 -   censo.qm_processor   -  DEBUG   - worker3279504:Done.
2025-04-03 18:11:08,725 -     censo.parallel     -  DEBUG   - Free cores increased 0 -> 1.
2025-04-03 18:11:08,727 -     censo.parallel     -  DEBUG   - Free cores decreased 1 -> 0.
2025-04-03 18:11:08,728 -   censo.qm_processor   -  DEBUG   - worker3279508:Running on 1 cores.
2025-04-03 18:11:08,741 -   censo.qm_processor   -   INFO   - worker3279508:Running gsolv calculation in /srv/scratch/z5358697/.automated/3792/1_SCREENING/CONF63/gsolv.
2025-04-03 18:11:08,762 -  censo.orca_processor  -  DEBUG   - worker3279508:Copying .gbw file from /srv/scratch/z5358697/.automated/3792/0_PRESCREENING/CONF63/sp/sp.gbw.
2025-04-03 18:11:08,907 -     censo.parallel     -  DEBUG   - Free cores increased 0 -> 1.
2025-04-03 18:11:08,908 -     censo.parallel     -  DEBUG   - Free cores decreased 1 -> 0.
2025-04-03 18:11:08,908 -   censo.qm_processor   -  DEBUG   - worker3279478:Running on 1 cores.
2025-04-03 18:11:08,922 -   censo.qm_processor   -   INFO   - worker3279478:Running gsolv calculation in /srv/scratch/z5358697/.automated/3792/1_SCREENING/CONF16/gsolv.
2025-04-03 18:11:08,938 -  censo.orca_processor  -  DEBUG   - worker3279478:Copying .gbw file from /srv/scratch/z5358697/.automated/3792/0_PRESCREENING/CONF16/sp/sp.gbw.
2025-04-03 18:11:09,761 -     censo.parallel     -  DEBUG   - Free cores increased 0 -> 1.
2025-04-03 18:11:09,762 -     censo.parallel     -  DEBUG   - Free cores decreased 1 -> 0.
2025-04-03 18:11:09,763 -   censo.qm_processor   -  DEBUG   - worker3279504:Running on 1 cores.
2025-04-03 18:11:09,769 -   censo.qm_processor   -  DEBUG   - worker3279508:Running ['/apps/z_install_tree/linux-rocky8-ivybridge/gcc-12.2.0/orca-6.0.0-srtngmq3qlimg2qxbl6avaaiffipurdx/bin/orca', 'sp_gas.inp']...
2025-04-03 18:11:09,776 -   censo.qm_processor   -  DEBUG   - worker3279508:Started (PID: 3280890).
2025-04-03 18:11:09,904 -   censo.qm_processor   -   INFO   - worker3279504:Running gsolv calculation in /srv/scratch/z5358697/.automated/3792/1_SCREENING/CONF93/gsolv.
2025-04-03 18:11:09,924 -   censo.qm_processor   -  DEBUG   - worker3279478:Running ['/apps/z_install_tree/linux-rocky8-ivybridge/gcc-12.2.0/orca-6.0.0-srtngmq3qlimg2qxbl6avaaiffipurdx/bin/orca', 'sp_gas.inp']...
2025-04-03 18:11:09,925 -  censo.orca_processor  -  DEBUG   - worker3279504:Copying .gbw file from /srv/scratch/z5358697/.automated/3792/0_PRESCREENING/CONF93/sp/sp.gbw.
2025-04-03 18:11:09,931 -   censo.qm_processor   -  DEBUG   - worker3279478:Started (PID: 3280891).
2025-04-03 18:11:10,587 -   censo.qm_processor   -  DEBUG   - worker3279504:Running ['/apps/z_install_tree/linux-rocky8-ivybridge/gcc-12.2.0/orca-6.0.0-srtngmq3qlimg2qxbl6avaaiffipurdx/bin/orca', 'sp_gas.inp']...
2025-04-03 18:11:10,590 -   censo.qm_processor   -  DEBUG   - worker3279504:Started (PID: 3280894).
2025-04-03 18:11:11,828 -   censo.qm_processor   -  DEBUG   - worker3279472:Done.
2025-04-03 18:11:11,864 -     censo.parallel     -  DEBUG   - Free cores increased 0 -> 1.
2025-04-03 18:11:11,865 -     censo.parallel     -  DEBUG   - Free cores decreased 1 -> 0.
2025-04-03 18:11:11,866 -   censo.qm_processor   -  DEBUG   - worker3279472:Running on 1 cores.
2025-04-03 18:11:11,889 -   censo.qm_processor   -   INFO   - worker3279472:Running gsolv calculation in /srv/scratch/z5358697/.automated/3792/1_SCREENING/CONF53/gsolv.
2025-04-03 18:11:11,919 -  censo.orca_processor  -  DEBUG   - worker3279472:Copying .gbw file from /srv/scratch/z5358697/.automated/3792/0_PRESCREENING/CONF53/sp/sp.gbw.
2025-04-03 18:11:12,408 -   censo.qm_processor   -  DEBUG   - worker3279472:Running ['/apps/z_install_tree/linux-rocky8-ivybridge/gcc-12.2.0/orca-6.0.0-srtngmq3qlimg2qxbl6avaaiffipurdx/bin/orca', 'sp_gas.inp']...
2025-04-03 18:11:12,414 -   censo.qm_processor   -  DEBUG   - worker3279472:Started (PID: 3280901).
2025-04-03 18:11:19,892 -   censo.qm_processor   -  DEBUG   - worker3279494:Done.
2025-04-03 18:11:19,907 -     censo.parallel     -  DEBUG   - Free cores increased 0 -> 1.
2025-04-03 18:11:19,908 -     censo.parallel     -  DEBUG   - Free cores decreased 1 -> 0.
2025-04-03 18:11:19,909 -   censo.qm_processor   -  DEBUG   - worker3279494:Running on 1 cores.
2025-04-03 18:11:19,923 -   censo.qm_processor   -   INFO   - worker3279494:Running gsolv calculation in /srv/scratch/z5358697/.automated/3792/1_SCREENING/CONF8/gsolv.
2025-04-03 18:11:20,003 -  censo.orca_processor  -  DEBUG   - worker3279494:Copying .gbw file from /srv/scratch/z5358697/.automated/3792/0_PRESCREENING/CONF8/sp/sp.gbw.
2025-04-03 18:11:20,630 -   censo.qm_processor   -  DEBUG   - worker3279494:Running ['/apps/z_install_tree/linux-rocky8-ivybridge/gcc-12.2.0/orca-6.0.0-srtngmq3qlimg2qxbl6avaaiffipurdx/bin/orca', 'sp_gas.inp']...
2025-04-03 18:11:20,633 -   censo.qm_processor   -  DEBUG   - worker3279494:Started (PID: 3280930).
2025-04-03 18:11:26,899 -   censo.qm_processor   -  DEBUG   - worker3279488:Done.
2025-04-03 18:11:26,901 -   censo.qm_processor   -  DEBUG   - worker3279511:Done.
2025-04-03 18:11:26,910 -     censo.parallel     -  DEBUG   - Free cores increased 0 -> 1.
2025-04-03 18:11:26,911 -     censo.parallel     -  DEBUG   - Free cores decreased 1 -> 0.
2025-04-03 18:11:26,912 -   censo.qm_processor   -  DEBUG   - worker3279488:Running on 1 cores.
2025-04-03 18:11:26,925 -   censo.qm_processor   -   INFO   - worker3279488:Running gsolv calculation in /srv/scratch/z5358697/.automated/3792/1_SCREENING/CONF83/gsolv.
2025-04-03 18:11:26,941 -  censo.orca_processor  -  DEBUG   - worker3279488:Copying .gbw file from /srv/scratch/z5358697/.automated/3792/0_PRESCREENING/CONF83/sp/sp.gbw.
2025-04-03 18:11:28,022 -   censo.qm_processor   -  DEBUG   - worker3279488:Running ['/apps/z_install_tree/linux-rocky8-ivybridge/gcc-12.2.0/orca-6.0.0-srtngmq3qlimg2qxbl6avaaiffipurdx/bin/orca', 'sp_gas.inp']...
2025-04-03 18:11:28,028 -   censo.qm_processor   -  DEBUG   - worker3279488:Started (PID: 3280986).
2025-04-03 18:11:28,419 -     censo.parallel     -  DEBUG   - Free cores increased 0 -> 1.
2025-04-03 18:11:28,420 -     censo.parallel     -  DEBUG   - Free cores decreased 1 -> 0.
2025-04-03 18:11:28,420 -   censo.qm_processor   -  DEBUG   - worker3279511:Running on 1 cores.
2025-04-03 18:11:28,440 -   censo.qm_processor   -   INFO   - worker3279511:Running gsolv calculation in /srv/scratch/z5358697/.automated/3792/1_SCREENING/CONF60/gsolv.
2025-04-03 18:11:28,489 -  censo.orca_processor  -  DEBUG   - worker3279511:Copying .gbw file from /srv/scratch/z5358697/.automated/3792/0_PRESCREENING/CONF60/sp/sp.gbw.
2025-04-03 18:11:29,615 -   censo.qm_processor   -  DEBUG   - worker3279511:Running ['/apps/z_install_tree/linux-rocky8-ivybridge/gcc-12.2.0/orca-6.0.0-srtngmq3qlimg2qxbl6avaaiffipurdx/bin/orca', 'sp_gas.inp']...
2025-04-03 18:11:29,621 -   censo.qm_processor   -  DEBUG   - worker3279511:Started (PID: 3280989).
2025-04-03 18:13:29,306 -   censo.qm_processor   -  DEBUG   - worker3279476:Done.
2025-04-03 18:13:29,750 -  censo.orca_processor  -  DEBUG   - worker3279476:Copying .gbw file from /srv/scratch/z5358697/.automated/3792/0_PRESCREENING/CONF94/sp/sp.gbw.
2025-04-03 18:13:30,205 -   censo.qm_processor   -  DEBUG   - worker3279476:Running ['/apps/z_install_tree/linux-rocky8-ivybridge/gcc-12.2.0/orca-6.0.0-srtngmq3qlimg2qxbl6avaaiffipurdx/bin/orca', 'sp_solv.inp']...
2025-04-03 18:13:30,208 -   censo.qm_processor   -  DEBUG   - worker3279476:Started (PID: 3281380).
2025-04-03 18:13:31,493 -   censo.qm_processor   -  DEBUG   - worker3279490:Done.
2025-04-03 18:13:32,278 -   censo.qm_processor   -  DEBUG   - worker3279483:Done.
2025-04-03 18:13:32,729 -  censo.orca_processor  -  DEBUG   - worker3279490:Copying .gbw file from /srv/scratch/z5358697/.automated/3792/0_PRESCREENING/CONF12/sp/sp.gbw.
2025-04-03 18:13:33,941 -  censo.orca_processor  -  DEBUG   - worker3279483:Copying .gbw file from /srv/scratch/z5358697/.automated/3792/0_PRESCREENING/CONF7/sp/sp.gbw.
2025-04-03 18:13:33,954 -   censo.qm_processor   -  DEBUG   - worker3279490:Running ['/apps/z_install_tree/linux-rocky8-ivybridge/gcc-12.2.0/orca-6.0.0-srtngmq3qlimg2qxbl6avaaiffipurdx/bin/orca', 'sp_solv.inp']...
2025-04-03 18:13:34,067 -   censo.qm_processor   -  DEBUG   - worker3279490:Started (PID: 3281398).
2025-04-03 18:13:34,646 -   censo.qm_processor   -  DEBUG   - worker3279483:Running ['/apps/z_install_tree/linux-rocky8-ivybridge/gcc-12.2.0/orca-6.0.0-srtngmq3qlimg2qxbl6avaaiffipurdx/bin/orca', 'sp_solv.inp']...
2025-04-03 18:13:34,651 -   censo.qm_processor   -  DEBUG   - worker3279483:Started (PID: 3281420).
2025-04-03 18:13:36,524 -   censo.qm_processor   -  DEBUG   - worker3279470:Done.
2025-04-03 18:13:38,091 -  censo.orca_processor  -  DEBUG   - worker3279470:Copying .gbw file from /srv/scratch/z5358697/.automated/3792/0_PRESCREENING/CONF44/sp/sp.gbw.
2025-04-03 18:13:38,687 -   censo.qm_processor   -  DEBUG   - worker3279470:Running ['/apps/z_install_tree/linux-rocky8-ivybridge/gcc-12.2.0/orca-6.0.0-srtngmq3qlimg2qxbl6avaaiffipurdx/bin/orca', 'sp_solv.inp']...
2025-04-03 18:13:38,690 -   censo.qm_processor   -  DEBUG   - worker3279470:Started (PID: 3281437).
2025-04-03 18:13:45,658 -   censo.qm_processor   -  DEBUG   - worker3279500:Done.
2025-04-03 18:13:45,682 -  censo.orca_processor  -  DEBUG   - worker3279500:Copying .gbw file from /srv/scratch/z5358697/.automated/3792/0_PRESCREENING/CONF56/sp/sp.gbw.
2025-04-03 18:13:45,992 -   censo.qm_processor   -  DEBUG   - worker3279500:Running ['/apps/z_install_tree/linux-rocky8-ivybridge/gcc-12.2.0/orca-6.0.0-srtngmq3qlimg2qxbl6avaaiffipurdx/bin/orca', 'sp_solv.inp']...
2025-04-03 18:13:45,996 -   censo.qm_processor   -  DEBUG   - worker3279500:Started (PID: 3281490).
2025-04-03 18:13:46,493 -   censo.qm_processor   -  DEBUG   - worker3279478:Done.
2025-04-03 18:13:46,507 -   censo.qm_processor   -  DEBUG   - worker3279471:Done.
2025-04-03 18:13:46,723 -  censo.orca_processor  -  DEBUG   - worker3279478:Copying .gbw file from /srv/scratch/z5358697/.automated/3792/0_PRESCREENING/CONF16/sp/sp.gbw.
2025-04-03 18:13:47,438 -   censo.qm_processor   -  DEBUG   - worker3279478:Running ['/apps/z_install_tree/linux-rocky8-ivybridge/gcc-12.2.0/orca-6.0.0-srtngmq3qlimg2qxbl6avaaiffipurdx/bin/orca', 'sp_solv.inp']...
2025-04-03 18:13:47,442 -   censo.qm_processor   -  DEBUG   - worker3279478:Started (PID: 3281502).
2025-04-03 18:13:47,459 -   censo.qm_processor   -  DEBUG   - worker3279504:Done.
2025-04-03 18:13:47,503 -  censo.orca_processor  -  DEBUG   - worker3279471:Copying .gbw file from /srv/scratch/z5358697/.automated/3792/0_PRESCREENING/CONF37/sp/sp.gbw.
2025-04-03 18:13:47,647 -   censo.qm_processor   -  DEBUG   - worker3279498:Done.
2025-04-03 18:13:47,965 -   censo.qm_processor   -  DEBUG   - worker3279471:Running ['/apps/z_install_tree/linux-rocky8-ivybridge/gcc-12.2.0/orca-6.0.0-srtngmq3qlimg2qxbl6avaaiffipurdx/bin/orca', 'sp_solv.inp']...
2025-04-03 18:13:47,968 -   censo.qm_processor   -  DEBUG   - worker3279471:Started (PID: 3281509).
2025-04-03 18:13:48,012 -   censo.qm_processor   -  DEBUG   - worker3279508:Done.
2025-04-03 18:13:48,013 -  censo.orca_processor  -  DEBUG   - worker3279504:Copying .gbw file from /srv/scratch/z5358697/.automated/3792/0_PRESCREENING/CONF93/sp/sp.gbw.
2025-04-03 18:13:48,015 -   censo.qm_processor   -  DEBUG   - worker3279481:Done.
2025-04-03 18:13:48,080 -  censo.orca_processor  -  DEBUG   - worker3279508:Copying .gbw file from /srv/scratch/z5358697/.automated/3792/0_PRESCREENING/CONF63/sp/sp.gbw.
2025-04-03 18:13:48,350 -  censo.orca_processor  -  DEBUG   - worker3279498:Copying .gbw file from /srv/scratch/z5358697/.automated/3792/0_PRESCREENING/CONF32/sp/sp.gbw.
2025-04-03 18:13:48,681 -   censo.qm_processor   -  DEBUG   - worker3279472:Done.
2025-04-03 18:13:48,690 -   censo.qm_processor   -  DEBUG   - worker3279504:Running ['/apps/z_install_tree/linux-rocky8-ivybridge/gcc-12.2.0/orca-6.0.0-srtngmq3qlimg2qxbl6avaaiffipurdx/bin/orca', 'sp_solv.inp']...
2025-04-03 18:13:48,693 -   censo.qm_processor   -  DEBUG   - worker3279504:Started (PID: 3281512).
2025-04-03 18:13:48,699 -  censo.orca_processor  -  DEBUG   - worker3279472:Copying .gbw file from /srv/scratch/z5358697/.automated/3792/0_PRESCREENING/CONF53/sp/sp.gbw.
2025-04-03 18:13:48,849 -   censo.qm_processor   -  DEBUG   - worker3279508:Running ['/apps/z_install_tree/linux-rocky8-ivybridge/gcc-12.2.0/orca-6.0.0-srtngmq3qlimg2qxbl6avaaiffipurdx/bin/orca', 'sp_solv.inp']...
2025-04-03 18:13:48,853 -   censo.qm_processor   -  DEBUG   - worker3279508:Started (PID: 3281514).
2025-04-03 18:13:48,996 -   censo.qm_processor   -  DEBUG   - worker3279498:Running ['/apps/z_install_tree/linux-rocky8-ivybridge/gcc-12.2.0/orca-6.0.0-srtngmq3qlimg2qxbl6avaaiffipurdx/bin/orca', 'sp_solv.inp']...
2025-04-03 18:13:48,999 -   censo.qm_processor   -  DEBUG   - worker3279498:Started (PID: 3281516).
2025-04-03 18:13:49,348 -  censo.orca_processor  -  DEBUG   - worker3279481:Copying .gbw file from /srv/scratch/z5358697/.automated/3792/0_PRESCREENING/CONF9/sp/sp.gbw.
2025-04-03 18:13:49,405 -   censo.qm_processor   -  DEBUG   - worker3279472:Running ['/apps/z_install_tree/linux-rocky8-ivybridge/gcc-12.2.0/orca-6.0.0-srtngmq3qlimg2qxbl6avaaiffipurdx/bin/orca', 'sp_solv.inp']...
2025-04-03 18:13:49,413 -   censo.qm_processor   -  DEBUG   - worker3279472:Started (PID: 3281519).
2025-04-03 18:13:49,892 -   censo.qm_processor   -  DEBUG   - worker3279469:Done.
2025-04-03 18:13:49,908 -  censo.orca_processor  -  DEBUG   - worker3279469:Copying .gbw file from /srv/scratch/z5358697/.automated/3792/0_PRESCREENING/CONF64/sp/sp.gbw.
2025-04-03 18:13:49,941 -   censo.qm_processor   -  DEBUG   - worker3279481:Running ['/apps/z_install_tree/linux-rocky8-ivybridge/gcc-12.2.0/orca-6.0.0-srtngmq3qlimg2qxbl6avaaiffipurdx/bin/orca', 'sp_solv.inp']...
2025-04-03 18:13:49,945 -   censo.qm_processor   -  DEBUG   - worker3279481:Started (PID: 3281520).
2025-04-03 18:13:50,318 -   censo.qm_processor   -  DEBUG   - worker3279469:Running ['/apps/z_install_tree/linux-rocky8-ivybridge/gcc-12.2.0/orca-6.0.0-srtngmq3qlimg2qxbl6avaaiffipurdx/bin/orca', 'sp_solv.inp']...
2025-04-03 18:13:50,322 -   censo.qm_processor   -  DEBUG   - worker3279469:Started (PID: 3281526).
2025-04-03 18:13:58,313 -   censo.qm_processor   -  DEBUG   - worker3279494:Done.
2025-04-03 18:13:59,197 -  censo.orca_processor  -  DEBUG   - worker3279494:Copying .gbw file from /srv/scratch/z5358697/.automated/3792/0_PRESCREENING/CONF8/sp/sp.gbw.
2025-04-03 18:14:00,086 -   censo.qm_processor   -  DEBUG   - worker3279494:Running ['/apps/z_install_tree/linux-rocky8-ivybridge/gcc-12.2.0/orca-6.0.0-srtngmq3qlimg2qxbl6avaaiffipurdx/bin/orca', 'sp_solv.inp']...
2025-04-03 18:14:00,090 -   censo.qm_processor   -  DEBUG   - worker3279494:Started (PID: 3281576).
2025-04-03 18:14:09,377 -   censo.qm_processor   -  DEBUG   - worker3279488:Done.
2025-04-03 18:14:09,877 -   censo.qm_processor   -  DEBUG   - worker3279511:Done.
2025-04-03 18:14:09,895 -  censo.orca_processor  -  DEBUG   - worker3279511:Copying .gbw file from /srv/scratch/z5358697/.automated/3792/0_PRESCREENING/CONF60/sp/sp.gbw.
2025-04-03 18:14:09,967 -  censo.orca_processor  -  DEBUG   - worker3279488:Copying .gbw file from /srv/scratch/z5358697/.automated/3792/0_PRESCREENING/CONF83/sp/sp.gbw.
2025-04-03 18:14:10,251 -   censo.qm_processor   -  DEBUG   - worker3279511:Running ['/apps/z_install_tree/linux-rocky8-ivybridge/gcc-12.2.0/orca-6.0.0-srtngmq3qlimg2qxbl6avaaiffipurdx/bin/orca', 'sp_solv.inp']...
2025-04-03 18:14:10,254 -   censo.qm_processor   -  DEBUG   - worker3279511:Started (PID: 3281603).
2025-04-03 18:14:10,511 -   censo.qm_processor   -  DEBUG   - worker3279488:Running ['/apps/z_install_tree/linux-rocky8-ivybridge/gcc-12.2.0/orca-6.0.0-srtngmq3qlimg2qxbl6avaaiffipurdx/bin/orca', 'sp_solv.inp']...
2025-04-03 18:14:10,520 -   censo.qm_processor   -  DEBUG   - worker3279488:Started (PID: 3281604).
2025-04-03 18:16:31,074 -   censo.qm_processor   -  DEBUG   - worker3279483:Done.
2025-04-03 18:16:31,475 -   censo.qm_processor   -  DEBUG   - worker3279476:Done.
2025-04-03 18:16:31,486 -     censo.parallel     -  DEBUG   - Free cores increased 0 -> 1.
2025-04-03 18:16:31,487 -     censo.parallel     -  DEBUG   - Free cores decreased 1 -> 0.
2025-04-03 18:16:31,488 -   censo.qm_processor   -  DEBUG   - worker3279476:Running on 1 cores.
2025-04-03 18:16:31,516 -     censo.parallel     -  DEBUG   - Free cores increased 0 -> 1.
2025-04-03 18:16:31,517 -     censo.parallel     -  DEBUG   - Free cores decreased 1 -> 0.
2025-04-03 18:16:31,518 -   censo.qm_processor   -  DEBUG   - worker3279483:Running on 1 cores.
2025-04-03 18:16:31,542 -   censo.qm_processor   -   INFO   - worker3279483:Running gsolv calculation in /srv/scratch/z5358697/.automated/3792/1_SCREENING/CONF84/gsolv.
2025-04-03 18:16:31,564 -  censo.orca_processor  -  DEBUG   - worker3279483:Copying .gbw file from /srv/scratch/z5358697/.automated/3792/0_PRESCREENING/CONF84/sp/sp.gbw.
2025-04-03 18:16:31,700 -   censo.qm_processor   -  DEBUG   - worker3279483:Running ['/apps/z_install_tree/linux-rocky8-ivybridge/gcc-12.2.0/orca-6.0.0-srtngmq3qlimg2qxbl6avaaiffipurdx/bin/orca', 'sp_gas.inp']...
2025-04-03 18:16:31,707 -   censo.qm_processor   -  DEBUG   - worker3279483:Started (PID: 3282048).
2025-04-03 18:16:32,010 -   censo.qm_processor   -   INFO   - worker3279476:Running gsolv calculation in /srv/scratch/z5358697/.automated/3792/1_SCREENING/CONF11/gsolv.
2025-04-03 18:16:32,423 -  censo.orca_processor  -  DEBUG   - worker3279476:Copying .gbw file from /srv/scratch/z5358697/.automated/3792/0_PRESCREENING/CONF11/sp/sp.gbw.
2025-04-03 18:16:32,736 -   censo.qm_processor   -  DEBUG   - worker3279476:Running ['/apps/z_install_tree/linux-rocky8-ivybridge/gcc-12.2.0/orca-6.0.0-srtngmq3qlimg2qxbl6avaaiffipurdx/bin/orca', 'sp_gas.inp']...
2025-04-03 18:16:32,748 -   censo.qm_processor   -  DEBUG   - worker3279476:Started (PID: 3282058).
2025-04-03 18:16:34,759 -   censo.qm_processor   -  DEBUG   - worker3279490:Done.
2025-04-03 18:16:34,776 -     censo.parallel     -  DEBUG   - Free cores increased 0 -> 1.
2025-04-03 18:16:34,777 -     censo.parallel     -  DEBUG   - Free cores decreased 1 -> 0.
2025-04-03 18:16:34,778 -   censo.qm_processor   -  DEBUG   - worker3279490:Running on 1 cores.
2025-04-03 18:16:34,795 -   censo.qm_processor   -   INFO   - worker3279490:Running gsolv calculation in /srv/scratch/z5358697/.automated/3792/1_SCREENING/CONF59/gsolv.
2025-04-03 18:16:34,823 -  censo.orca_processor  -  DEBUG   - worker3279490:Copying .gbw file from /srv/scratch/z5358697/.automated/3792/0_PRESCREENING/CONF59/sp/sp.gbw.
2025-04-03 18:16:35,194 -   censo.qm_processor   -  DEBUG   - worker3279490:Running ['/apps/z_install_tree/linux-rocky8-ivybridge/gcc-12.2.0/orca-6.0.0-srtngmq3qlimg2qxbl6avaaiffipurdx/bin/orca', 'sp_gas.inp']...
2025-04-03 18:16:35,206 -   censo.qm_processor   -  DEBUG   - worker3279490:Started (PID: 3282074).
2025-04-03 18:16:49,949 -   censo.qm_processor   -  DEBUG   - worker3279470:Done.
2025-04-03 18:16:49,959 -     censo.parallel     -  DEBUG   - Free cores increased 0 -> 1.
2025-04-03 18:16:49,961 -     censo.parallel     -  DEBUG   - Free cores decreased 1 -> 0.
2025-04-03 18:16:49,961 -   censo.qm_processor   -  DEBUG   - worker3279470:Running on 1 cores.
2025-04-03 18:16:49,975 -   censo.qm_processor   -   INFO   - worker3279470:Running gsolv calculation in /srv/scratch/z5358697/.automated/3792/1_SCREENING/CONF25/gsolv.
2025-04-03 18:16:51,005 -   censo.qm_processor   -  DEBUG   - worker3279494:Done.
2025-04-03 18:16:51,013 -   censo.qm_processor   -  DEBUG   - worker3279478:Done.
2025-04-03 18:16:51,014 -     censo.parallel     -  DEBUG   - Free cores increased 0 -> 1.
2025-04-03 18:16:51,015 -     censo.parallel     -  DEBUG   - Free cores decreased 1 -> 0.
2025-04-03 18:16:51,016 -   censo.qm_processor   -  DEBUG   - worker3279494:Running on 1 cores.
2025-04-03 18:16:51,022 -     censo.parallel     -  DEBUG   - Free cores increased 0 -> 1.
2025-04-03 18:16:51,022 -     censo.parallel     -  DEBUG   - Free cores decreased 1 -> 0.
2025-04-03 18:16:51,023 -   censo.qm_processor   -  DEBUG   - worker3279478:Running on 1 cores.
2025-04-03 18:16:51,032 -   censo.qm_processor   -   INFO   - worker3279494:Running gsolv calculation in /srv/scratch/z5358697/.automated/3792/1_SCREENING/CONF86/gsolv.
2025-04-03 18:16:51,040 -   censo.qm_processor   -   INFO   - worker3279478:Running gsolv calculation in /srv/scratch/z5358697/.automated/3792/1_SCREENING/CONF13/gsolv.
2025-04-03 18:16:51,046 -  censo.orca_processor  -  DEBUG   - worker3279494:Copying .gbw file from /srv/scratch/z5358697/.automated/3792/0_PRESCREENING/CONF86/sp/sp.gbw.
2025-04-03 18:16:51,267 -  censo.orca_processor  -  DEBUG   - worker3279470:Copying .gbw file from /srv/scratch/z5358697/.automated/3792/0_PRESCREENING/CONF25/sp/sp.gbw.
2025-04-03 18:16:51,513 -  censo.orca_processor  -  DEBUG   - worker3279478:Copying .gbw file from /srv/scratch/z5358697/.automated/3792/0_PRESCREENING/CONF13/sp/sp.gbw.
2025-04-03 18:16:52,079 -   censo.qm_processor   -  DEBUG   - worker3279494:Running ['/apps/z_install_tree/linux-rocky8-ivybridge/gcc-12.2.0/orca-6.0.0-srtngmq3qlimg2qxbl6avaaiffipurdx/bin/orca', 'sp_gas.inp']...
2025-04-03 18:16:52,086 -   censo.qm_processor   -  DEBUG   - worker3279494:Started (PID: 3282122).
2025-04-03 18:16:52,354 -   censo.qm_processor   -  DEBUG   - worker3279470:Running ['/apps/z_install_tree/linux-rocky8-ivybridge/gcc-12.2.0/orca-6.0.0-srtngmq3qlimg2qxbl6avaaiffipurdx/bin/orca', 'sp_gas.inp']...
2025-04-03 18:16:52,358 -   censo.qm_processor   -  DEBUG   - worker3279470:Started (PID: 3282123).
2025-04-03 18:16:52,417 -   censo.qm_processor   -  DEBUG   - worker3279478:Running ['/apps/z_install_tree/linux-rocky8-ivybridge/gcc-12.2.0/orca-6.0.0-srtngmq3qlimg2qxbl6avaaiffipurdx/bin/orca', 'sp_gas.inp']...
2025-04-03 18:16:52,420 -   censo.qm_processor   -  DEBUG   - worker3279478:Started (PID: 3282125).
2025-04-03 18:16:52,623 -   censo.qm_processor   -  DEBUG   - worker3279481:Done.
2025-04-03 18:16:53,416 -   censo.qm_processor   -  DEBUG   - worker3279504:Done.
2025-04-03 18:16:53,582 -     censo.parallel     -  DEBUG   - Free cores increased 0 -> 1.
2025-04-03 18:16:53,583 -     censo.parallel     -  DEBUG   - Free cores decreased 1 -> 0.
2025-04-03 18:16:53,584 -   censo.qm_processor   -  DEBUG   - worker3279481:Running on 1 cores.
2025-04-03 18:16:53,597 -   censo.qm_processor   -   INFO   - worker3279481:Running gsolv calculation in /srv/scratch/z5358697/.automated/3792/1_SCREENING/CONF75/gsolv.
2025-04-03 18:16:53,617 -  censo.orca_processor  -  DEBUG   - worker3279481:Copying .gbw file from /srv/scratch/z5358697/.automated/3792/0_PRESCREENING/CONF75/sp/sp.gbw.
2025-04-03 18:16:54,610 -     censo.parallel     -  DEBUG   - Free cores increased 0 -> 1.
2025-04-03 18:16:54,612 -     censo.parallel     -  DEBUG   - Free cores decreased 1 -> 0.
2025-04-03 18:16:54,613 -   censo.qm_processor   -  DEBUG   - worker3279504:Running on 1 cores.
2025-04-03 18:16:54,616 -   censo.qm_processor   -  DEBUG   - worker3279481:Running ['/apps/z_install_tree/linux-rocky8-ivybridge/gcc-12.2.0/orca-6.0.0-srtngmq3qlimg2qxbl6avaaiffipurdx/bin/orca', 'sp_gas.inp']...
2025-04-03 18:16:54,625 -   censo.qm_processor   -  DEBUG   - worker3279481:Started (PID: 3282134).
2025-04-03 18:16:54,638 -   censo.qm_processor   -   INFO   - worker3279504:Running gsolv calculation in /srv/scratch/z5358697/.automated/3792/1_SCREENING/CONF112/gsolv.
2025-04-03 18:16:54,860 -  censo.orca_processor  -  DEBUG   - worker3279504:Copying .gbw file from /srv/scratch/z5358697/.automated/3792/0_PRESCREENING/CONF112/sp/sp.gbw.
2025-04-03 18:16:55,347 -   censo.qm_processor   -  DEBUG   - worker3279504:Running ['/apps/z_install_tree/linux-rocky8-ivybridge/gcc-12.2.0/orca-6.0.0-srtngmq3qlimg2qxbl6avaaiffipurdx/bin/orca', 'sp_gas.inp']...
2025-04-03 18:16:55,352 -   censo.qm_processor   -  DEBUG   - worker3279504:Started (PID: 3282139).
2025-04-03 18:16:56,513 -   censo.qm_processor   -  DEBUG   - worker3279471:Done.
2025-04-03 18:16:56,527 -     censo.parallel     -  DEBUG   - Free cores increased 0 -> 1.
2025-04-03 18:16:56,528 -     censo.parallel     -  DEBUG   - Free cores decreased 1 -> 0.
2025-04-03 18:16:56,529 -   censo.qm_processor   -  DEBUG   - worker3279471:Running on 1 cores.
2025-04-03 18:16:56,543 -   censo.qm_processor   -   INFO   - worker3279471:Running gsolv calculation in /srv/scratch/z5358697/.automated/3792/1_SCREENING/CONF3/gsolv.
2025-04-03 18:16:56,560 -  censo.orca_processor  -  DEBUG   - worker3279471:Copying .gbw file from /srv/scratch/z5358697/.automated/3792/0_PRESCREENING/CONF3/sp/sp.gbw.
2025-04-03 18:16:57,102 -   censo.qm_processor   -  DEBUG   - worker3279508:Done.
2025-04-03 18:16:57,105 -   censo.qm_processor   -  DEBUG   - worker3279500:Done.
2025-04-03 18:16:57,132 -     censo.parallel     -  DEBUG   - Free cores increased 0 -> 1.
2025-04-03 18:16:57,133 -     censo.parallel     -  DEBUG   - Free cores decreased 1 -> 0.
2025-04-03 18:16:57,133 -   censo.qm_processor   -  DEBUG   - worker3279508:Running on 1 cores.
2025-04-03 18:16:57,147 -   censo.qm_processor   -   INFO   - worker3279508:Running gsolv calculation in /srv/scratch/z5358697/.automated/3792/1_SCREENING/CONF47/gsolv.
2025-04-03 18:16:57,172 -  censo.orca_processor  -  DEBUG   - worker3279508:Copying .gbw file from /srv/scratch/z5358697/.automated/3792/0_PRESCREENING/CONF47/sp/sp.gbw.
2025-04-03 18:16:57,473 -   censo.qm_processor   -  DEBUG   - worker3279471:Running ['/apps/z_install_tree/linux-rocky8-ivybridge/gcc-12.2.0/orca-6.0.0-srtngmq3qlimg2qxbl6avaaiffipurdx/bin/orca', 'sp_gas.inp']...
2025-04-03 18:16:57,479 -   censo.qm_processor   -  DEBUG   - worker3279471:Started (PID: 3282150).
2025-04-03 18:16:57,870 -   censo.qm_processor   -  DEBUG   - worker3279508:Running ['/apps/z_install_tree/linux-rocky8-ivybridge/gcc-12.2.0/orca-6.0.0-srtngmq3qlimg2qxbl6avaaiffipurdx/bin/orca', 'sp_gas.inp']...
2025-04-03 18:16:57,874 -   censo.qm_processor   -  DEBUG   - worker3279508:Started (PID: 3282155).
2025-04-03 18:16:58,181 -     censo.parallel     -  DEBUG   - Free cores increased 0 -> 1.
2025-04-03 18:16:58,182 -     censo.parallel     -  DEBUG   - Free cores decreased 1 -> 0.
2025-04-03 18:16:58,183 -   censo.qm_processor   -  DEBUG   - worker3279500:Running on 1 cores.
2025-04-03 18:16:58,205 -   censo.qm_processor   -   INFO   - worker3279500:Running gsolv calculation in /srv/scratch/z5358697/.automated/3792/1_SCREENING/CONF163/gsolv.
2025-04-03 18:16:58,222 -  censo.orca_processor  -  DEBUG   - worker3279500:Copying .gbw file from /srv/scratch/z5358697/.automated/3792/0_PRESCREENING/CONF163/sp/sp.gbw.
2025-04-03 18:16:58,830 -   censo.qm_processor   -  DEBUG   - worker3279500:Running ['/apps/z_install_tree/linux-rocky8-ivybridge/gcc-12.2.0/orca-6.0.0-srtngmq3qlimg2qxbl6avaaiffipurdx/bin/orca', 'sp_gas.inp']...
2025-04-03 18:16:58,836 -   censo.qm_processor   -  DEBUG   - worker3279500:Started (PID: 3282161).
2025-04-03 18:16:59,991 -   censo.qm_processor   -  DEBUG   - worker3279469:Done.
2025-04-03 18:17:00,605 -   censo.qm_processor   -  DEBUG   - worker3279472:Done.
2025-04-03 18:17:00,618 -     censo.parallel     -  DEBUG   - Free cores increased 0 -> 1.
2025-04-03 18:17:00,618 -     censo.parallel     -  DEBUG   - Free cores decreased 1 -> 0.
2025-04-03 18:17:00,619 -   censo.qm_processor   -  DEBUG   - worker3279472:Running on 1 cores.
2025-04-03 18:17:00,633 -   censo.qm_processor   -   INFO   - worker3279472:Running gsolv calculation in /srv/scratch/z5358697/.automated/3792/1_SCREENING/CONF50/gsolv.
2025-04-03 18:17:01,365 -     censo.parallel     -  DEBUG   - Free cores increased 0 -> 1.
2025-04-03 18:17:01,366 -     censo.parallel     -  DEBUG   - Free cores decreased 1 -> 0.
2025-04-03 18:17:01,367 -   censo.qm_processor   -  DEBUG   - worker3279469:Running on 1 cores.
2025-04-03 18:17:01,516 -  censo.orca_processor  -  DEBUG   - worker3279472:Copying .gbw file from /srv/scratch/z5358697/.automated/3792/0_PRESCREENING/CONF50/sp/sp.gbw.
2025-04-03 18:17:01,530 -   censo.qm_processor   -   INFO   - worker3279469:Running gsolv calculation in /srv/scratch/z5358697/.automated/3792/1_SCREENING/CONF113/gsolv.
2025-04-03 18:17:01,554 -  censo.orca_processor  -  DEBUG   - worker3279469:Copying .gbw file from /srv/scratch/z5358697/.automated/3792/0_PRESCREENING/CONF113/sp/sp.gbw.
2025-04-03 18:17:02,549 -   censo.qm_processor   -  DEBUG   - worker3279472:Running ['/apps/z_install_tree/linux-rocky8-ivybridge/gcc-12.2.0/orca-6.0.0-srtngmq3qlimg2qxbl6avaaiffipurdx/bin/orca', 'sp_gas.inp']...
2025-04-03 18:17:02,550 -   censo.qm_processor   -  DEBUG   - worker3279469:Running ['/apps/z_install_tree/linux-rocky8-ivybridge/gcc-12.2.0/orca-6.0.0-srtngmq3qlimg2qxbl6avaaiffipurdx/bin/orca', 'sp_gas.inp']...
2025-04-03 18:17:02,558 -   censo.qm_processor   -  DEBUG   - worker3279469:Started (PID: 3282192).
2025-04-03 18:17:02,558 -   censo.qm_processor   -  DEBUG   - worker3279472:Started (PID: 3282191).
2025-04-03 18:17:08,687 -   censo.qm_processor   -  DEBUG   - worker3279498:Done.
2025-04-03 18:17:10,224 -     censo.parallel     -  DEBUG   - Free cores increased 0 -> 1.
2025-04-03 18:17:10,225 -     censo.parallel     -  DEBUG   - Free cores decreased 1 -> 0.
2025-04-03 18:17:10,226 -   censo.qm_processor   -  DEBUG   - worker3279498:Running on 1 cores.
2025-04-03 18:17:10,249 -   censo.qm_processor   -   INFO   - worker3279498:Running gsolv calculation in /srv/scratch/z5358697/.automated/3792/1_SCREENING/CONF96/gsolv.
2025-04-03 18:17:11,560 -  censo.orca_processor  -  DEBUG   - worker3279498:Copying .gbw file from /srv/scratch/z5358697/.automated/3792/0_PRESCREENING/CONF96/sp/sp.gbw.
2025-04-03 18:17:12,321 -   censo.qm_processor   -  DEBUG   - worker3279498:Running ['/apps/z_install_tree/linux-rocky8-ivybridge/gcc-12.2.0/orca-6.0.0-srtngmq3qlimg2qxbl6avaaiffipurdx/bin/orca', 'sp_gas.inp']...
2025-04-03 18:17:12,326 -   censo.qm_processor   -  DEBUG   - worker3279498:Started (PID: 3282240).
2025-04-03 18:17:38,853 -   censo.qm_processor   -  DEBUG   - worker3279511:Done.
2025-04-03 18:17:38,866 -     censo.parallel     -  DEBUG   - Free cores increased 0 -> 1.
2025-04-03 18:17:38,866 -     censo.parallel     -  DEBUG   - Free cores decreased 1 -> 0.
2025-04-03 18:17:38,868 -   censo.qm_processor   -  DEBUG   - worker3279511:Running on 1 cores.
2025-04-03 18:17:38,910 -   censo.qm_processor   -   INFO   - worker3279511:Running gsolv calculation in /srv/scratch/z5358697/.automated/3792/1_SCREENING/CONF15/gsolv.
2025-04-03 18:17:38,924 -  censo.orca_processor  -  DEBUG   - worker3279511:Copying .gbw file from /srv/scratch/z5358697/.automated/3792/0_PRESCREENING/CONF15/sp/sp.gbw.
2025-04-03 18:17:39,330 -   censo.qm_processor   -  DEBUG   - worker3279511:Running ['/apps/z_install_tree/linux-rocky8-ivybridge/gcc-12.2.0/orca-6.0.0-srtngmq3qlimg2qxbl6avaaiffipurdx/bin/orca', 'sp_gas.inp']...
2025-04-03 18:17:39,336 -   censo.qm_processor   -  DEBUG   - worker3279511:Started (PID: 3282394).
2025-04-03 18:17:43,136 -   censo.qm_processor   -  DEBUG   - worker3279488:Done.
2025-04-03 18:17:43,539 -     censo.parallel     -  DEBUG   - Free cores increased 0 -> 1.
2025-04-03 18:17:43,540 -     censo.parallel     -  DEBUG   - Free cores decreased 1 -> 0.
2025-04-03 18:17:43,541 -   censo.qm_processor   -  DEBUG   - worker3279488:Running on 1 cores.
2025-04-03 18:17:43,557 -   censo.qm_processor   -   INFO   - worker3279488:Running gsolv calculation in /srv/scratch/z5358697/.automated/3792/1_SCREENING/CONF82/gsolv.
2025-04-03 18:17:43,658 -  censo.orca_processor  -  DEBUG   - worker3279488:Copying .gbw file from /srv/scratch/z5358697/.automated/3792/0_PRESCREENING/CONF82/sp/sp.gbw.
2025-04-03 18:17:44,607 -   censo.qm_processor   -  DEBUG   - worker3279488:Running ['/apps/z_install_tree/linux-rocky8-ivybridge/gcc-12.2.0/orca-6.0.0-srtngmq3qlimg2qxbl6avaaiffipurdx/bin/orca', 'sp_gas.inp']...
2025-04-03 18:17:44,612 -   censo.qm_processor   -  DEBUG   - worker3279488:Started (PID: 3282412).
2025-04-03 18:19:14,553 -   censo.qm_processor   -  DEBUG   - worker3279483:Done.
2025-04-03 18:19:14,573 -  censo.orca_processor  -  DEBUG   - worker3279483:Copying .gbw file from /srv/scratch/z5358697/.automated/3792/0_PRESCREENING/CONF84/sp/sp.gbw.
2025-04-03 18:19:15,320 -   censo.qm_processor   -  DEBUG   - worker3279483:Running ['/apps/z_install_tree/linux-rocky8-ivybridge/gcc-12.2.0/orca-6.0.0-srtngmq3qlimg2qxbl6avaaiffipurdx/bin/orca', 'sp_solv.inp']...
2025-04-03 18:19:15,323 -   censo.qm_processor   -  DEBUG   - worker3279483:Started (PID: 3282657).
2025-04-03 18:19:18,869 -   censo.qm_processor   -  DEBUG   - worker3279476:Done.
2025-04-03 18:19:18,886 -  censo.orca_processor  -  DEBUG   - worker3279476:Copying .gbw file from /srv/scratch/z5358697/.automated/3792/0_PRESCREENING/CONF11/sp/sp.gbw.
2025-04-03 18:19:19,325 -   censo.qm_processor   -  DEBUG   - worker3279476:Running ['/apps/z_install_tree/linux-rocky8-ivybridge/gcc-12.2.0/orca-6.0.0-srtngmq3qlimg2qxbl6avaaiffipurdx/bin/orca', 'sp_solv.inp']...
2025-04-03 18:19:19,328 -   censo.qm_processor   -  DEBUG   - worker3279476:Started (PID: 3282669).
2025-04-03 18:19:25,233 -   censo.qm_processor   -  DEBUG   - worker3279490:Done.
2025-04-03 18:19:25,251 -  censo.orca_processor  -  DEBUG   - worker3279490:Copying .gbw file from /srv/scratch/z5358697/.automated/3792/0_PRESCREENING/CONF59/sp/sp.gbw.
2025-04-03 18:19:26,125 -   censo.qm_processor   -  DEBUG   - worker3279490:Running ['/apps/z_install_tree/linux-rocky8-ivybridge/gcc-12.2.0/orca-6.0.0-srtngmq3qlimg2qxbl6avaaiffipurdx/bin/orca', 'sp_solv.inp']...
2025-04-03 18:19:26,128 -   censo.qm_processor   -  DEBUG   - worker3279490:Started (PID: 3282706).
2025-04-03 18:19:39,075 -   censo.qm_processor   -  DEBUG   - worker3279508:Done.
2025-04-03 18:19:39,774 -   censo.qm_processor   -  DEBUG   - worker3279478:Done.
2025-04-03 18:19:39,793 -  censo.orca_processor  -  DEBUG   - worker3279478:Copying .gbw file from /srv/scratch/z5358697/.automated/3792/0_PRESCREENING/CONF13/sp/sp.gbw.
2025-04-03 18:19:39,878 -  censo.orca_processor  -  DEBUG   - worker3279508:Copying .gbw file from /srv/scratch/z5358697/.automated/3792/0_PRESCREENING/CONF47/sp/sp.gbw.
2025-04-03 18:19:40,027 -   censo.qm_processor   -  DEBUG   - worker3279481:Done.
2025-04-03 18:19:40,045 -  censo.orca_processor  -  DEBUG   - worker3279481:Copying .gbw file from /srv/scratch/z5358697/.automated/3792/0_PRESCREENING/CONF75/sp/sp.gbw.
2025-04-03 18:19:40,130 -   censo.qm_processor   -  DEBUG   - worker3279478:Running ['/apps/z_install_tree/linux-rocky8-ivybridge/gcc-12.2.0/orca-6.0.0-srtngmq3qlimg2qxbl6avaaiffipurdx/bin/orca', 'sp_solv.inp']...
2025-04-03 18:19:40,133 -   censo.qm_processor   -  DEBUG   - worker3279508:Running ['/apps/z_install_tree/linux-rocky8-ivybridge/gcc-12.2.0/orca-6.0.0-srtngmq3qlimg2qxbl6avaaiffipurdx/bin/orca', 'sp_solv.inp']...
2025-04-03 18:19:40,137 -   censo.qm_processor   -  DEBUG   - worker3279508:Started (PID: 3282798).
2025-04-03 18:19:40,137 -   censo.qm_processor   -  DEBUG   - worker3279478:Started (PID: 3282797).
2025-04-03 18:19:40,249 -   censo.qm_processor   -  DEBUG   - worker3279481:Running ['/apps/z_install_tree/linux-rocky8-ivybridge/gcc-12.2.0/orca-6.0.0-srtngmq3qlimg2qxbl6avaaiffipurdx/bin/orca', 'sp_solv.inp']...
2025-04-03 18:19:40,252 -   censo.qm_processor   -  DEBUG   - worker3279481:Started (PID: 3282801).
2025-04-03 18:19:40,907 -   censo.qm_processor   -  DEBUG   - worker3279494:Done.
2025-04-03 18:19:40,909 -   censo.qm_processor   -  DEBUG   - worker3279504:Done.
2025-04-03 18:19:40,919 -   censo.qm_processor   -  DEBUG   - worker3279470:Done.
2025-04-03 18:19:40,925 -  censo.orca_processor  -  DEBUG   - worker3279494:Copying .gbw file from /srv/scratch/z5358697/.automated/3792/0_PRESCREENING/CONF86/sp/sp.gbw.
2025-04-03 18:19:40,927 -  censo.orca_processor  -  DEBUG   - worker3279504:Copying .gbw file from /srv/scratch/z5358697/.automated/3792/0_PRESCREENING/CONF112/sp/sp.gbw.
2025-04-03 18:19:40,937 -  censo.orca_processor  -  DEBUG   - worker3279470:Copying .gbw file from /srv/scratch/z5358697/.automated/3792/0_PRESCREENING/CONF25/sp/sp.gbw.
2025-04-03 18:19:41,419 -   censo.qm_processor   -  DEBUG   - worker3279494:Running ['/apps/z_install_tree/linux-rocky8-ivybridge/gcc-12.2.0/orca-6.0.0-srtngmq3qlimg2qxbl6avaaiffipurdx/bin/orca', 'sp_solv.inp']...
2025-04-03 18:19:41,421 -   censo.qm_processor   -  DEBUG   - worker3279504:Running ['/apps/z_install_tree/linux-rocky8-ivybridge/gcc-12.2.0/orca-6.0.0-srtngmq3qlimg2qxbl6avaaiffipurdx/bin/orca', 'sp_solv.inp']...
2025-04-03 18:19:41,422 -   censo.qm_processor   -  DEBUG   - worker3279470:Running ['/apps/z_install_tree/linux-rocky8-ivybridge/gcc-12.2.0/orca-6.0.0-srtngmq3qlimg2qxbl6avaaiffipurdx/bin/orca', 'sp_solv.inp']...
2025-04-03 18:19:41,427 -   censo.qm_processor   -  DEBUG   - worker3279470:Started (PID: 3282814).
2025-04-03 18:19:41,427 -   censo.qm_processor   -  DEBUG   - worker3279494:Started (PID: 3282812).
2025-04-03 18:19:41,427 -   censo.qm_processor   -  DEBUG   - worker3279504:Started (PID: 3282813).
2025-04-03 18:19:41,841 -   censo.qm_processor   -  DEBUG   - worker3279471:Done.
2025-04-03 18:19:41,860 -  censo.orca_processor  -  DEBUG   - worker3279471:Copying .gbw file from /srv/scratch/z5358697/.automated/3792/0_PRESCREENING/CONF3/sp/sp.gbw.
2025-04-03 18:19:42,623 -   censo.qm_processor   -  DEBUG   - worker3279471:Running ['/apps/z_install_tree/linux-rocky8-ivybridge/gcc-12.2.0/orca-6.0.0-srtngmq3qlimg2qxbl6avaaiffipurdx/bin/orca', 'sp_solv.inp']...
2025-04-03 18:19:42,626 -   censo.qm_processor   -  DEBUG   - worker3279471:Started (PID: 3282817).
2025-04-03 18:19:53,750 -   censo.qm_processor   -  DEBUG   - worker3279469:Done.
2025-04-03 18:19:54,176 -   censo.qm_processor   -  DEBUG   - worker3279500:Done.
2025-04-03 18:19:55,071 -  censo.orca_processor  -  DEBUG   - worker3279469:Copying .gbw file from /srv/scratch/z5358697/.automated/3792/0_PRESCREENING/CONF113/sp/sp.gbw.
2025-04-03 18:19:55,304 -  censo.orca_processor  -  DEBUG   - worker3279500:Copying .gbw file from /srv/scratch/z5358697/.automated/3792/0_PRESCREENING/CONF163/sp/sp.gbw.
2025-04-03 18:19:55,448 -   censo.qm_processor   -  DEBUG   - worker3279469:Running ['/apps/z_install_tree/linux-rocky8-ivybridge/gcc-12.2.0/orca-6.0.0-srtngmq3qlimg2qxbl6avaaiffipurdx/bin/orca', 'sp_solv.inp']...
2025-04-03 18:19:55,451 -   censo.qm_processor   -  DEBUG   - worker3279469:Started (PID: 3282859).
2025-04-03 18:19:55,749 -   censo.qm_processor   -  DEBUG   - worker3279500:Running ['/apps/z_install_tree/linux-rocky8-ivybridge/gcc-12.2.0/orca-6.0.0-srtngmq3qlimg2qxbl6avaaiffipurdx/bin/orca', 'sp_solv.inp']...
2025-04-03 18:19:55,752 -   censo.qm_processor   -  DEBUG   - worker3279500:Started (PID: 3282862).
2025-04-03 18:19:57,962 -   censo.qm_processor   -  DEBUG   - worker3279472:Done.
2025-04-03 18:19:57,962 -   censo.qm_processor   -  DEBUG   - worker3279498:Done.
2025-04-03 18:19:57,984 -  censo.orca_processor  -  DEBUG   - worker3279472:Copying .gbw file from /srv/scratch/z5358697/.automated/3792/0_PRESCREENING/CONF50/sp/sp.gbw.
2025-04-03 18:19:58,847 -   censo.qm_processor   -  DEBUG   - worker3279472:Running ['/apps/z_install_tree/linux-rocky8-ivybridge/gcc-12.2.0/orca-6.0.0-srtngmq3qlimg2qxbl6avaaiffipurdx/bin/orca', 'sp_solv.inp']...
2025-04-03 18:19:58,852 -   censo.qm_processor   -  DEBUG   - worker3279472:Started (PID: 3282869).
2025-04-03 18:19:59,013 -  censo.orca_processor  -  DEBUG   - worker3279498:Copying .gbw file from /srv/scratch/z5358697/.automated/3792/0_PRESCREENING/CONF96/sp/sp.gbw.
2025-04-03 18:19:59,663 -   censo.qm_processor   -  DEBUG   - worker3279498:Running ['/apps/z_install_tree/linux-rocky8-ivybridge/gcc-12.2.0/orca-6.0.0-srtngmq3qlimg2qxbl6avaaiffipurdx/bin/orca', 'sp_solv.inp']...
2025-04-03 18:19:59,666 -   censo.qm_processor   -  DEBUG   - worker3279498:Started (PID: 3282870).
2025-04-03 18:20:24,720 -   censo.qm_processor   -  DEBUG   - worker3279511:Done.
2025-04-03 18:20:24,740 -  censo.orca_processor  -  DEBUG   - worker3279511:Copying .gbw file from /srv/scratch/z5358697/.automated/3792/0_PRESCREENING/CONF15/sp/sp.gbw.
2025-04-03 18:20:25,481 -   censo.qm_processor   -  DEBUG   - worker3279511:Running ['/apps/z_install_tree/linux-rocky8-ivybridge/gcc-12.2.0/orca-6.0.0-srtngmq3qlimg2qxbl6avaaiffipurdx/bin/orca', 'sp_solv.inp']...
2025-04-03 18:20:25,486 -   censo.qm_processor   -  DEBUG   - worker3279511:Started (PID: 3282939).
2025-04-03 18:20:31,228 -   censo.qm_processor   -  DEBUG   - worker3279488:Done.
2025-04-03 18:20:31,681 -  censo.orca_processor  -  DEBUG   - worker3279488:Copying .gbw file from /srv/scratch/z5358697/.automated/3792/0_PRESCREENING/CONF82/sp/sp.gbw.
2025-04-03 18:20:31,865 -   censo.qm_processor   -  DEBUG   - worker3279488:Running ['/apps/z_install_tree/linux-rocky8-ivybridge/gcc-12.2.0/orca-6.0.0-srtngmq3qlimg2qxbl6avaaiffipurdx/bin/orca', 'sp_solv.inp']...
2025-04-03 18:20:31,868 -   censo.qm_processor   -  DEBUG   - worker3279488:Started (PID: 3282974).
2025-04-03 18:22:20,827 -   censo.qm_processor   -  DEBUG   - worker3279476:Done.
2025-04-03 18:22:21,842 -     censo.parallel     -  DEBUG   - Free cores increased 0 -> 1.
2025-04-03 18:22:21,843 -     censo.parallel     -  DEBUG   - Free cores decreased 1 -> 0.
2025-04-03 18:22:21,844 -   censo.qm_processor   -  DEBUG   - worker3279476:Running on 1 cores.
2025-04-03 18:22:21,866 -   censo.qm_processor   -   INFO   - worker3279476:Running gsolv calculation in /srv/scratch/z5358697/.automated/3792/1_SCREENING/CONF175/gsolv.
2025-04-03 18:22:21,882 -  censo.orca_processor  -  DEBUG   - worker3279476:Copying .gbw file from /srv/scratch/z5358697/.automated/3792/0_PRESCREENING/CONF175/sp/sp.gbw.
2025-04-03 18:22:22,372 -   censo.qm_processor   -  DEBUG   - worker3279476:Running ['/apps/z_install_tree/linux-rocky8-ivybridge/gcc-12.2.0/orca-6.0.0-srtngmq3qlimg2qxbl6avaaiffipurdx/bin/orca', 'sp_gas.inp']...
2025-04-03 18:22:22,378 -   censo.qm_processor   -  DEBUG   - worker3279476:Started (PID: 3283331).
2025-04-03 18:22:40,257 -   censo.qm_processor   -  DEBUG   - worker3279483:Done.
2025-04-03 18:22:40,266 -     censo.parallel     -  DEBUG   - Free cores increased 0 -> 1.
2025-04-03 18:22:40,267 -     censo.parallel     -  DEBUG   - Free cores decreased 1 -> 0.
2025-04-03 18:22:40,268 -   censo.qm_processor   -  DEBUG   - worker3279483:Running on 1 cores.
2025-04-03 18:22:40,281 -   censo.qm_processor   -   INFO   - worker3279483:Running gsolv calculation in /srv/scratch/z5358697/.automated/3792/1_SCREENING/CONF89/gsolv.
2025-04-03 18:22:40,296 -  censo.orca_processor  -  DEBUG   - worker3279483:Copying .gbw file from /srv/scratch/z5358697/.automated/3792/0_PRESCREENING/CONF89/sp/sp.gbw.
2025-04-03 18:22:40,984 -   censo.qm_processor   -  DEBUG   - worker3279483:Running ['/apps/z_install_tree/linux-rocky8-ivybridge/gcc-12.2.0/orca-6.0.0-srtngmq3qlimg2qxbl6avaaiffipurdx/bin/orca', 'sp_gas.inp']...
2025-04-03 18:22:40,989 -   censo.qm_processor   -  DEBUG   - worker3279483:Started (PID: 3283415).
2025-04-03 18:22:46,650 -   censo.qm_processor   -  DEBUG   - worker3279504:Done.
2025-04-03 18:22:46,661 -     censo.parallel     -  DEBUG   - Free cores increased 0 -> 1.
2025-04-03 18:22:46,662 -     censo.parallel     -  DEBUG   - Free cores decreased 1 -> 0.
2025-04-03 18:22:46,662 -   censo.qm_processor   -  DEBUG   - worker3279504:Running on 1 cores.
2025-04-03 18:22:46,678 -   censo.qm_processor   -   INFO   - worker3279504:Running gsolv calculation in /srv/scratch/z5358697/.automated/3792/1_SCREENING/CONF14/gsolv.
2025-04-03 18:22:47,098 -  censo.orca_processor  -  DEBUG   - worker3279504:Copying .gbw file from /srv/scratch/z5358697/.automated/3792/0_PRESCREENING/CONF14/sp/sp.gbw.
2025-04-03 18:22:48,151 -   censo.qm_processor   -  DEBUG   - worker3279504:Running ['/apps/z_install_tree/linux-rocky8-ivybridge/gcc-12.2.0/orca-6.0.0-srtngmq3qlimg2qxbl6avaaiffipurdx/bin/orca', 'sp_gas.inp']...
2025-04-03 18:22:48,156 -   censo.qm_processor   -  DEBUG   - worker3279504:Started (PID: 3283434).
2025-04-03 18:22:50,605 -   censo.qm_processor   -  DEBUG   - worker3279490:Done.
2025-04-03 18:22:51,904 -     censo.parallel     -  DEBUG   - Free cores increased 0 -> 1.
2025-04-03 18:22:51,906 -     censo.parallel     -  DEBUG   - Free cores decreased 1 -> 0.
2025-04-03 18:22:51,906 -   censo.qm_processor   -  DEBUG   - worker3279490:Running on 1 cores.
2025-04-03 18:22:51,919 -   censo.qm_processor   -   INFO   - worker3279490:Running gsolv calculation in /srv/scratch/z5358697/.automated/3792/1_SCREENING/CONF143/gsolv.
2025-04-03 18:22:51,935 -  censo.orca_processor  -  DEBUG   - worker3279490:Copying .gbw file from /srv/scratch/z5358697/.automated/3792/0_PRESCREENING/CONF143/sp/sp.gbw.
2025-04-03 18:22:52,696 -   censo.qm_processor   -  DEBUG   - worker3279490:Running ['/apps/z_install_tree/linux-rocky8-ivybridge/gcc-12.2.0/orca-6.0.0-srtngmq3qlimg2qxbl6avaaiffipurdx/bin/orca', 'sp_gas.inp']...
2025-04-03 18:22:52,701 -   censo.qm_processor   -  DEBUG   - worker3279490:Started (PID: 3283447).
2025-04-03 18:23:00,587 -   censo.qm_processor   -  DEBUG   - worker3279508:Done.
2025-04-03 18:23:01,533 -     censo.parallel     -  DEBUG   - Free cores increased 0 -> 1.
2025-04-03 18:23:01,534 -     censo.parallel     -  DEBUG   - Free cores decreased 1 -> 0.
2025-04-03 18:23:01,535 -   censo.qm_processor   -  DEBUG   - worker3279508:Running on 1 cores.
2025-04-03 18:23:01,718 -   censo.qm_processor   -   INFO   - worker3279508:Running gsolv calculation in /srv/scratch/z5358697/.automated/3792/1_SCREENING/CONF5/gsolv.
2025-04-03 18:23:02,145 -  censo.orca_processor  -  DEBUG   - worker3279508:Copying .gbw file from /srv/scratch/z5358697/.automated/3792/0_PRESCREENING/CONF5/sp/sp.gbw.
2025-04-03 18:23:02,693 -   censo.qm_processor   -  DEBUG   - worker3279481:Done.
2025-04-03 18:23:02,704 -     censo.parallel     -  DEBUG   - Free cores increased 0 -> 1.
2025-04-03 18:23:02,705 -     censo.parallel     -  DEBUG   - Free cores decreased 1 -> 0.
2025-04-03 18:23:02,706 -   censo.qm_processor   -  DEBUG   - worker3279481:Running on 1 cores.
2025-04-03 18:23:02,719 -   censo.qm_processor   -   INFO   - worker3279481:Running gsolv calculation in /srv/scratch/z5358697/.automated/3792/1_SCREENING/CONF4/gsolv.
2025-04-03 18:23:03,362 -   censo.qm_processor   -  DEBUG   - worker3279508:Running ['/apps/z_install_tree/linux-rocky8-ivybridge/gcc-12.2.0/orca-6.0.0-srtngmq3qlimg2qxbl6avaaiffipurdx/bin/orca', 'sp_gas.inp']...
2025-04-03 18:23:03,368 -   censo.qm_processor   -  DEBUG   - worker3279508:Started (PID: 3283483).
2025-04-03 18:23:03,419 -  censo.orca_processor  -  DEBUG   - worker3279481:Copying .gbw file from /srv/scratch/z5358697/.automated/3792/0_PRESCREENING/CONF4/sp/sp.gbw.
2025-04-03 18:23:04,441 -   censo.qm_processor   -  DEBUG   - worker3279481:Running ['/apps/z_install_tree/linux-rocky8-ivybridge/gcc-12.2.0/orca-6.0.0-srtngmq3qlimg2qxbl6avaaiffipurdx/bin/orca', 'sp_gas.inp']...
2025-04-03 18:23:04,445 -   censo.qm_processor   -  DEBUG   - worker3279481:Started (PID: 3283487).
2025-04-03 18:23:07,548 -   censo.qm_processor   -  DEBUG   - worker3279498:Done.
2025-04-03 18:23:07,735 -     censo.parallel     -  DEBUG   - Free cores increased 0 -> 1.
2025-04-03 18:23:07,736 -     censo.parallel     -  DEBUG   - Free cores decreased 1 -> 0.
2025-04-03 18:23:07,737 -   censo.qm_processor   -  DEBUG   - worker3279498:Running on 1 cores.
2025-04-03 18:23:07,768 -   censo.qm_processor   -   INFO   - worker3279498:Running gsolv calculation in /srv/scratch/z5358697/.automated/3792/1_SCREENING/CONF101/gsolv.
2025-04-03 18:23:09,654 -  censo.orca_processor  -  DEBUG   - worker3279498:Copying .gbw file from /srv/scratch/z5358697/.automated/3792/0_PRESCREENING/CONF101/sp/sp.gbw.
2025-04-03 18:23:10,545 -   censo.qm_processor   -  DEBUG   - worker3279498:Running ['/apps/z_install_tree/linux-rocky8-ivybridge/gcc-12.2.0/orca-6.0.0-srtngmq3qlimg2qxbl6avaaiffipurdx/bin/orca', 'sp_gas.inp']...
2025-04-03 18:23:10,550 -   censo.qm_processor   -  DEBUG   - worker3279498:Started (PID: 3283526).
2025-04-03 18:23:11,365 -   censo.qm_processor   -  DEBUG   - worker3279478:Done.
2025-04-03 18:23:11,371 -   censo.qm_processor   -  DEBUG   - worker3279469:Done.
2025-04-03 18:23:11,374 -     censo.parallel     -  DEBUG   - Free cores increased 0 -> 1.
2025-04-03 18:23:11,375 -     censo.parallel     -  DEBUG   - Free cores decreased 1 -> 0.
2025-04-03 18:23:11,376 -   censo.qm_processor   -  DEBUG   - worker3279478:Running on 1 cores.
2025-04-03 18:23:11,381 -     censo.parallel     -  DEBUG   - Free cores increased 0 -> 1.
2025-04-03 18:23:11,381 -     censo.parallel     -  DEBUG   - Free cores decreased 1 -> 0.
2025-04-03 18:23:11,382 -   censo.qm_processor   -  DEBUG   - worker3279469:Running on 1 cores.
2025-04-03 18:23:11,397 -   censo.qm_processor   -   INFO   - worker3279478:Running gsolv calculation in /srv/scratch/z5358697/.automated/3792/1_SCREENING/CONF20/gsolv.
2025-04-03 18:23:11,405 -   censo.qm_processor   -   INFO   - worker3279469:Running gsolv calculation in /srv/scratch/z5358697/.automated/3792/1_SCREENING/CONF156/gsolv.
2025-04-03 18:23:11,456 -   censo.qm_processor   -  DEBUG   - worker3279500:Done.
2025-04-03 18:23:11,459 -  censo.orca_processor  -  DEBUG   - worker3279469:Copying .gbw file from /srv/scratch/z5358697/.automated/3792/0_PRESCREENING/CONF156/sp/sp.gbw.
2025-04-03 18:23:11,904 -  censo.orca_processor  -  DEBUG   - worker3279478:Copying .gbw file from /srv/scratch/z5358697/.automated/3792/0_PRESCREENING/CONF20/sp/sp.gbw.
2025-04-03 18:23:12,222 -   censo.qm_processor   -  DEBUG   - worker3279471:Done.
2025-04-03 18:23:12,628 -   censo.qm_processor   -  DEBUG   - worker3279469:Running ['/apps/z_install_tree/linux-rocky8-ivybridge/gcc-12.2.0/orca-6.0.0-srtngmq3qlimg2qxbl6avaaiffipurdx/bin/orca', 'sp_gas.inp']...
2025-04-03 18:23:12,634 -   censo.qm_processor   -  DEBUG   - worker3279469:Started (PID: 3283536).
2025-04-03 18:23:13,087 -   censo.qm_processor   -  DEBUG   - worker3279478:Running ['/apps/z_install_tree/linux-rocky8-ivybridge/gcc-12.2.0/orca-6.0.0-srtngmq3qlimg2qxbl6avaaiffipurdx/bin/orca', 'sp_gas.inp']...
2025-04-03 18:23:13,091 -   censo.qm_processor   -  DEBUG   - worker3279478:Started (PID: 3283538).
2025-04-03 18:23:13,233 -     censo.parallel     -  DEBUG   - Free cores increased 0 -> 1.
2025-04-03 18:23:13,234 -     censo.parallel     -  DEBUG   - Free cores decreased 1 -> 0.
2025-04-03 18:23:13,235 -   censo.qm_processor   -  DEBUG   - worker3279500:Running on 1 cores.
2025-04-03 18:23:13,261 -   censo.qm_processor   -   INFO   - worker3279500:Running gsolv calculation in /srv/scratch/z5358697/.automated/3792/1_SCREENING/CONF153/gsolv.
2025-04-03 18:23:13,726 -     censo.parallel     -  DEBUG   - Free cores increased 0 -> 1.
2025-04-03 18:23:13,727 -     censo.parallel     -  DEBUG   - Free cores decreased 1 -> 0.
2025-04-03 18:23:13,728 -   censo.qm_processor   -  DEBUG   - worker3279471:Running on 1 cores.
2025-04-03 18:23:13,744 -   censo.qm_processor   -   INFO   - worker3279471:Running gsolv calculation in /srv/scratch/z5358697/.automated/3792/1_SCREENING/CONF45/gsolv.
2025-04-03 18:23:13,764 -  censo.orca_processor  -  DEBUG   - worker3279471:Copying .gbw file from /srv/scratch/z5358697/.automated/3792/0_PRESCREENING/CONF45/sp/sp.gbw.
2025-04-03 18:23:13,792 -  censo.orca_processor  -  DEBUG   - worker3279500:Copying .gbw file from /srv/scratch/z5358697/.automated/3792/0_PRESCREENING/CONF153/sp/sp.gbw.
2025-04-03 18:23:14,493 -   censo.qm_processor   -  DEBUG   - worker3279471:Running ['/apps/z_install_tree/linux-rocky8-ivybridge/gcc-12.2.0/orca-6.0.0-srtngmq3qlimg2qxbl6avaaiffipurdx/bin/orca', 'sp_gas.inp']...
2025-04-03 18:23:14,500 -   censo.qm_processor   -  DEBUG   - worker3279471:Started (PID: 3283544).
2025-04-03 18:23:14,515 -   censo.qm_processor   -  DEBUG   - worker3279500:Running ['/apps/z_install_tree/linux-rocky8-ivybridge/gcc-12.2.0/orca-6.0.0-srtngmq3qlimg2qxbl6avaaiffipurdx/bin/orca', 'sp_gas.inp']...
2025-04-03 18:23:14,522 -   censo.qm_processor   -  DEBUG   - worker3279500:Started (PID: 3283545).
2025-04-03 18:23:16,185 -   censo.qm_processor   -  DEBUG   - worker3279470:Done.
2025-04-03 18:23:17,206 -     censo.parallel     -  DEBUG   - Free cores increased 0 -> 1.
2025-04-03 18:23:17,207 -     censo.parallel     -  DEBUG   - Free cores decreased 1 -> 0.
2025-04-03 18:23:17,208 -   censo.qm_processor   -  DEBUG   - worker3279470:Running on 1 cores.
2025-04-03 18:23:17,226 -   censo.qm_processor   -   INFO   - worker3279470:Running gsolv calculation in /srv/scratch/z5358697/.automated/3792/1_SCREENING/CONF131/gsolv.
2025-04-03 18:23:18,415 -  censo.orca_processor  -  DEBUG   - worker3279470:Copying .gbw file from /srv/scratch/z5358697/.automated/3792/0_PRESCREENING/CONF131/sp/sp.gbw.
2025-04-03 18:23:19,598 -   censo.qm_processor   -  DEBUG   - worker3279470:Running ['/apps/z_install_tree/linux-rocky8-ivybridge/gcc-12.2.0/orca-6.0.0-srtngmq3qlimg2qxbl6avaaiffipurdx/bin/orca', 'sp_gas.inp']...
2025-04-03 18:23:19,604 -   censo.qm_processor   -  DEBUG   - worker3279470:Started (PID: 3283582).
2025-04-03 18:23:23,162 -   censo.qm_processor   -  DEBUG   - worker3279494:Done.
2025-04-03 18:23:23,172 -     censo.parallel     -  DEBUG   - Free cores increased 0 -> 1.
2025-04-03 18:23:23,172 -     censo.parallel     -  DEBUG   - Free cores decreased 1 -> 0.
2025-04-03 18:23:23,173 -   censo.qm_processor   -  DEBUG   - worker3279494:Running on 1 cores.
2025-04-03 18:23:23,193 -   censo.qm_processor   -   INFO   - worker3279494:Running gsolv calculation in /srv/scratch/z5358697/.automated/3792/1_SCREENING/CONF179/gsolv.
2025-04-03 18:23:23,209 -  censo.orca_processor  -  DEBUG   - worker3279494:Copying .gbw file from /srv/scratch/z5358697/.automated/3792/0_PRESCREENING/CONF179/sp/sp.gbw.
2025-04-03 18:23:23,695 -   censo.qm_processor   -  DEBUG   - worker3279494:Running ['/apps/z_install_tree/linux-rocky8-ivybridge/gcc-12.2.0/orca-6.0.0-srtngmq3qlimg2qxbl6avaaiffipurdx/bin/orca', 'sp_gas.inp']...
2025-04-03 18:23:23,702 -   censo.qm_processor   -  DEBUG   - worker3279494:Started (PID: 3283600).
2025-04-03 18:23:24,829 -   censo.qm_processor   -  DEBUG   - worker3279472:Done.
2025-04-03 18:23:25,398 -     censo.parallel     -  DEBUG   - Free cores increased 0 -> 1.
2025-04-03 18:23:25,399 -     censo.parallel     -  DEBUG   - Free cores decreased 1 -> 0.
2025-04-03 18:23:25,400 -   censo.qm_processor   -  DEBUG   - worker3279472:Running on 1 cores.
2025-04-03 18:23:25,413 -   censo.qm_processor   -   INFO   - worker3279472:Running gsolv calculation in /srv/scratch/z5358697/.automated/3792/1_SCREENING/CONF115/gsolv.
2025-04-03 18:23:25,429 -  censo.orca_processor  -  DEBUG   - worker3279472:Copying .gbw file from /srv/scratch/z5358697/.automated/3792/0_PRESCREENING/CONF115/sp/sp.gbw.
2025-04-03 18:23:25,771 -   censo.qm_processor   -  DEBUG   - worker3279472:Running ['/apps/z_install_tree/linux-rocky8-ivybridge/gcc-12.2.0/orca-6.0.0-srtngmq3qlimg2qxbl6avaaiffipurdx/bin/orca', 'sp_gas.inp']...
2025-04-03 18:23:25,778 -   censo.qm_processor   -  DEBUG   - worker3279472:Started (PID: 3283622).
2025-04-03 18:23:33,807 -   censo.qm_processor   -  DEBUG   - worker3279511:Done.
2025-04-03 18:23:33,816 -     censo.parallel     -  DEBUG   - Free cores increased 0 -> 1.
2025-04-03 18:23:33,817 -     censo.parallel     -  DEBUG   - Free cores decreased 1 -> 0.
2025-04-03 18:23:33,817 -   censo.qm_processor   -  DEBUG   - worker3279511:Running on 1 cores.
2025-04-03 18:23:33,831 -   censo.qm_processor   -   INFO   - worker3279511:Running gsolv calculation in /srv/scratch/z5358697/.automated/3792/1_SCREENING/CONF139/gsolv.
2025-04-03 18:23:34,406 -  censo.orca_processor  -  DEBUG   - worker3279511:Copying .gbw file from /srv/scratch/z5358697/.automated/3792/0_PRESCREENING/CONF139/sp/sp.gbw.
2025-04-03 18:23:35,135 -   censo.qm_processor   -  DEBUG   - worker3279511:Running ['/apps/z_install_tree/linux-rocky8-ivybridge/gcc-12.2.0/orca-6.0.0-srtngmq3qlimg2qxbl6avaaiffipurdx/bin/orca', 'sp_gas.inp']...
2025-04-03 18:23:35,140 -   censo.qm_processor   -  DEBUG   - worker3279511:Started (PID: 3283677).
2025-04-03 18:23:46,832 -   censo.qm_processor   -  DEBUG   - worker3279488:Done.
2025-04-03 18:23:47,857 -     censo.parallel     -  DEBUG   - Free cores increased 0 -> 1.
2025-04-03 18:23:47,857 -     censo.parallel     -  DEBUG   - Free cores decreased 1 -> 0.
2025-04-03 18:23:47,858 -   censo.qm_processor   -  DEBUG   - worker3279488:Running on 1 cores.
2025-04-03 18:23:47,872 -   censo.qm_processor   -   INFO   - worker3279488:Running gsolv calculation in /srv/scratch/z5358697/.automated/3792/1_SCREENING/CONF151/gsolv.
2025-04-03 18:23:47,889 -  censo.orca_processor  -  DEBUG   - worker3279488:Copying .gbw file from /srv/scratch/z5358697/.automated/3792/0_PRESCREENING/CONF151/sp/sp.gbw.
2025-04-03 18:23:48,574 -   censo.qm_processor   -  DEBUG   - worker3279488:Running ['/apps/z_install_tree/linux-rocky8-ivybridge/gcc-12.2.0/orca-6.0.0-srtngmq3qlimg2qxbl6avaaiffipurdx/bin/orca', 'sp_gas.inp']...
2025-04-03 18:23:48,580 -   censo.qm_processor   -  DEBUG   - worker3279488:Started (PID: 3283732).
2025-04-03 18:25:08,333 -   censo.qm_processor   -  DEBUG   - worker3279476:Done.
2025-04-03 18:25:08,777 -  censo.orca_processor  -  DEBUG   - worker3279476:Copying .gbw file from /srv/scratch/z5358697/.automated/3792/0_PRESCREENING/CONF175/sp/sp.gbw.
2025-04-03 18:25:09,108 -   censo.qm_processor   -  DEBUG   - worker3279476:Running ['/apps/z_install_tree/linux-rocky8-ivybridge/gcc-12.2.0/orca-6.0.0-srtngmq3qlimg2qxbl6avaaiffipurdx/bin/orca', 'sp_solv.inp']...
2025-04-03 18:25:09,112 -   censo.qm_processor   -  DEBUG   - worker3279476:Started (PID: 3283996).
2025-04-03 18:25:24,441 -   censo.qm_processor   -  DEBUG   - worker3279483:Done.
2025-04-03 18:25:24,863 -  censo.orca_processor  -  DEBUG   - worker3279483:Copying .gbw file from /srv/scratch/z5358697/.automated/3792/0_PRESCREENING/CONF89/sp/sp.gbw.
2025-04-03 18:25:25,572 -   censo.qm_processor   -  DEBUG   - worker3279483:Running ['/apps/z_install_tree/linux-rocky8-ivybridge/gcc-12.2.0/orca-6.0.0-srtngmq3qlimg2qxbl6avaaiffipurdx/bin/orca', 'sp_solv.inp']...
2025-04-03 18:25:25,575 -   censo.qm_processor   -  DEBUG   - worker3279483:Started (PID: 3284028).
2025-04-03 18:25:31,262 -   censo.qm_processor   -  DEBUG   - worker3279504:Done.
2025-04-03 18:25:31,467 -  censo.orca_processor  -  DEBUG   - worker3279504:Copying .gbw file from /srv/scratch/z5358697/.automated/3792/0_PRESCREENING/CONF14/sp/sp.gbw.
2025-04-03 18:25:31,688 -   censo.qm_processor   -  DEBUG   - worker3279504:Running ['/apps/z_install_tree/linux-rocky8-ivybridge/gcc-12.2.0/orca-6.0.0-srtngmq3qlimg2qxbl6avaaiffipurdx/bin/orca', 'sp_solv.inp']...
2025-04-03 18:25:31,691 -   censo.qm_processor   -  DEBUG   - worker3279504:Started (PID: 3284048).
2025-04-03 18:25:38,963 -   censo.qm_processor   -  DEBUG   - worker3279490:Done.
2025-04-03 18:25:39,409 -  censo.orca_processor  -  DEBUG   - worker3279490:Copying .gbw file from /srv/scratch/z5358697/.automated/3792/0_PRESCREENING/CONF143/sp/sp.gbw.
2025-04-03 18:25:39,485 -   censo.qm_processor   -  DEBUG   - worker3279490:Running ['/apps/z_install_tree/linux-rocky8-ivybridge/gcc-12.2.0/orca-6.0.0-srtngmq3qlimg2qxbl6avaaiffipurdx/bin/orca', 'sp_solv.inp']...
2025-04-03 18:25:39,496 -   censo.qm_processor   -  DEBUG   - worker3279490:Started (PID: 3284109).
2025-04-03 18:25:41,270 -   censo.qm_processor   -  DEBUG   - worker3279508:Done.
2025-04-03 18:25:41,309 -  censo.orca_processor  -  DEBUG   - worker3279508:Copying .gbw file from /srv/scratch/z5358697/.automated/3792/0_PRESCREENING/CONF5/sp/sp.gbw.
2025-04-03 18:25:41,722 -   censo.qm_processor   -  DEBUG   - worker3279508:Running ['/apps/z_install_tree/linux-rocky8-ivybridge/gcc-12.2.0/orca-6.0.0-srtngmq3qlimg2qxbl6avaaiffipurdx/bin/orca', 'sp_solv.inp']...
2025-04-03 18:25:41,725 -   censo.qm_processor   -  DEBUG   - worker3279508:Started (PID: 3284128).
2025-04-03 18:25:43,945 -   censo.qm_processor   -  DEBUG   - worker3279481:Done.
2025-04-03 18:25:43,987 -  censo.orca_processor  -  DEBUG   - worker3279481:Copying .gbw file from /srv/scratch/z5358697/.automated/3792/0_PRESCREENING/CONF4/sp/sp.gbw.
2025-04-03 18:25:44,614 -   censo.qm_processor   -  DEBUG   - worker3279481:Running ['/apps/z_install_tree/linux-rocky8-ivybridge/gcc-12.2.0/orca-6.0.0-srtngmq3qlimg2qxbl6avaaiffipurdx/bin/orca', 'sp_solv.inp']...
2025-04-03 18:25:44,617 -   censo.qm_processor   -  DEBUG   - worker3279481:Started (PID: 3284143).
2025-04-03 18:25:44,629 -   censo.qm_processor   -  DEBUG   - worker3279470:Done.
2025-04-03 18:25:44,634 -   censo.qm_processor   -  DEBUG   - worker3279498:Done.
2025-04-03 18:25:44,653 -  censo.orca_processor  -  DEBUG   - worker3279498:Copying .gbw file from /srv/scratch/z5358697/.automated/3792/0_PRESCREENING/CONF101/sp/sp.gbw.
2025-04-03 18:25:45,009 -   censo.qm_processor   -  DEBUG   - worker3279498:Running ['/apps/z_install_tree/linux-rocky8-ivybridge/gcc-12.2.0/orca-6.0.0-srtngmq3qlimg2qxbl6avaaiffipurdx/bin/orca', 'sp_solv.inp']...
2025-04-03 18:25:45,012 -   censo.qm_processor   -  DEBUG   - worker3279498:Started (PID: 3284145).
2025-04-03 18:25:45,457 -  censo.orca_processor  -  DEBUG   - worker3279470:Copying .gbw file from /srv/scratch/z5358697/.automated/3792/0_PRESCREENING/CONF131/sp/sp.gbw.
2025-04-03 18:25:45,459 -   censo.qm_processor   -  DEBUG   - worker3279478:Done.
2025-04-03 18:25:45,910 -   censo.qm_processor   -  DEBUG   - worker3279470:Running ['/apps/z_install_tree/linux-rocky8-ivybridge/gcc-12.2.0/orca-6.0.0-srtngmq3qlimg2qxbl6avaaiffipurdx/bin/orca', 'sp_solv.inp']...
2025-04-03 18:25:45,914 -   censo.qm_processor   -  DEBUG   - worker3279470:Started (PID: 3284147).
2025-04-03 18:25:45,986 -  censo.orca_processor  -  DEBUG   - worker3279478:Copying .gbw file from /srv/scratch/z5358697/.automated/3792/0_PRESCREENING/CONF20/sp/sp.gbw.
2025-04-03 18:25:46,598 -   censo.qm_processor   -  DEBUG   - worker3279478:Running ['/apps/z_install_tree/linux-rocky8-ivybridge/gcc-12.2.0/orca-6.0.0-srtngmq3qlimg2qxbl6avaaiffipurdx/bin/orca', 'sp_solv.inp']...
2025-04-03 18:25:46,601 -   censo.qm_processor   -  DEBUG   - worker3279478:Started (PID: 3284150).
2025-04-03 18:25:52,766 -   censo.qm_processor   -  DEBUG   - worker3279500:Done.
2025-04-03 18:25:52,784 -  censo.orca_processor  -  DEBUG   - worker3279500:Copying .gbw file from /srv/scratch/z5358697/.automated/3792/0_PRESCREENING/CONF153/sp/sp.gbw.
2025-04-03 18:25:53,107 -   censo.qm_processor   -  DEBUG   - worker3279500:Running ['/apps/z_install_tree/linux-rocky8-ivybridge/gcc-12.2.0/orca-6.0.0-srtngmq3qlimg2qxbl6avaaiffipurdx/bin/orca', 'sp_solv.inp']...
2025-04-03 18:25:53,110 -   censo.qm_processor   -  DEBUG   - worker3279500:Started (PID: 3284184).
2025-04-03 18:25:53,610 -   censo.qm_processor   -  DEBUG   - worker3279471:Done.
2025-04-03 18:25:53,633 -  censo.orca_processor  -  DEBUG   - worker3279471:Copying .gbw file from /srv/scratch/z5358697/.automated/3792/0_PRESCREENING/CONF45/sp/sp.gbw.
2025-04-03 18:25:54,131 -   censo.qm_processor   -  DEBUG   - worker3279471:Running ['/apps/z_install_tree/linux-rocky8-ivybridge/gcc-12.2.0/orca-6.0.0-srtngmq3qlimg2qxbl6avaaiffipurdx/bin/orca', 'sp_solv.inp']...
2025-04-03 18:25:54,135 -   censo.qm_processor   -  DEBUG   - worker3279471:Started (PID: 3284194).
2025-04-03 18:25:55,300 -   censo.qm_processor   -  DEBUG   - worker3279494:Done.
2025-04-03 18:25:55,317 -  censo.orca_processor  -  DEBUG   - worker3279494:Copying .gbw file from /srv/scratch/z5358697/.automated/3792/0_PRESCREENING/CONF179/sp/sp.gbw.
2025-04-03 18:25:55,825 -   censo.qm_processor   -  DEBUG   - worker3279494:Running ['/apps/z_install_tree/linux-rocky8-ivybridge/gcc-12.2.0/orca-6.0.0-srtngmq3qlimg2qxbl6avaaiffipurdx/bin/orca', 'sp_solv.inp']...
2025-04-03 18:25:55,828 -   censo.qm_processor   -  DEBUG   - worker3279494:Started (PID: 3284210).
2025-04-03 18:25:55,848 -   censo.qm_processor   -  DEBUG   - worker3279469:Done.
2025-04-03 18:25:55,865 -  censo.orca_processor  -  DEBUG   - worker3279469:Copying .gbw file from /srv/scratch/z5358697/.automated/3792/0_PRESCREENING/CONF156/sp/sp.gbw.
2025-04-03 18:25:56,246 -   censo.qm_processor   -  DEBUG   - worker3279469:Running ['/apps/z_install_tree/linux-rocky8-ivybridge/gcc-12.2.0/orca-6.0.0-srtngmq3qlimg2qxbl6avaaiffipurdx/bin/orca', 'sp_solv.inp']...
2025-04-03 18:25:56,249 -   censo.qm_processor   -  DEBUG   - worker3279469:Started (PID: 3284217).
2025-04-03 18:25:59,218 -   censo.qm_processor   -  DEBUG   - worker3279472:Done.
2025-04-03 18:25:59,476 -  censo.orca_processor  -  DEBUG   - worker3279472:Copying .gbw file from /srv/scratch/z5358697/.automated/3792/0_PRESCREENING/CONF115/sp/sp.gbw.
2025-04-03 18:26:00,392 -   censo.qm_processor   -  DEBUG   - worker3279472:Running ['/apps/z_install_tree/linux-rocky8-ivybridge/gcc-12.2.0/orca-6.0.0-srtngmq3qlimg2qxbl6avaaiffipurdx/bin/orca', 'sp_solv.inp']...
2025-04-03 18:26:00,396 -   censo.qm_processor   -  DEBUG   - worker3279472:Started (PID: 3284234).
2025-04-03 18:26:15,606 -   censo.qm_processor   -  DEBUG   - worker3279511:Done.
2025-04-03 18:26:16,921 -  censo.orca_processor  -  DEBUG   - worker3279511:Copying .gbw file from /srv/scratch/z5358697/.automated/3792/0_PRESCREENING/CONF139/sp/sp.gbw.
2025-04-03 18:26:18,069 -   censo.qm_processor   -  DEBUG   - worker3279511:Running ['/apps/z_install_tree/linux-rocky8-ivybridge/gcc-12.2.0/orca-6.0.0-srtngmq3qlimg2qxbl6avaaiffipurdx/bin/orca', 'sp_solv.inp']...
2025-04-03 18:26:18,073 -   censo.qm_processor   -  DEBUG   - worker3279511:Started (PID: 3284294).
2025-04-03 18:26:31,781 -   censo.qm_processor   -  DEBUG   - worker3279488:Done.
2025-04-03 18:26:32,793 -  censo.orca_processor  -  DEBUG   - worker3279488:Copying .gbw file from /srv/scratch/z5358697/.automated/3792/0_PRESCREENING/CONF151/sp/sp.gbw.
2025-04-03 18:26:34,032 -   censo.qm_processor   -  DEBUG   - worker3279488:Running ['/apps/z_install_tree/linux-rocky8-ivybridge/gcc-12.2.0/orca-6.0.0-srtngmq3qlimg2qxbl6avaaiffipurdx/bin/orca', 'sp_solv.inp']...
2025-04-03 18:26:34,045 -   censo.qm_processor   -  DEBUG   - worker3279488:Started (PID: 3284327).
2025-04-03 18:28:36,465 -   censo.qm_processor   -  DEBUG   - worker3279476:Done.
2025-04-03 18:28:36,476 -     censo.parallel     -  DEBUG   - Free cores increased 0 -> 1.
2025-04-03 18:28:36,477 -     censo.parallel     -  DEBUG   - Free cores decreased 1 -> 0.
2025-04-03 18:28:36,478 -   censo.qm_processor   -  DEBUG   - worker3279476:Running on 1 cores.
2025-04-03 18:28:36,542 -   censo.qm_processor   -   INFO   - worker3279476:Running gsolv calculation in /srv/scratch/z5358697/.automated/3792/1_SCREENING/CONF148/gsolv.
2025-04-03 18:28:38,559 -  censo.orca_processor  -  DEBUG   - worker3279476:Copying .gbw file from /srv/scratch/z5358697/.automated/3792/0_PRESCREENING/CONF148/sp/sp.gbw.
2025-04-03 18:28:39,164 -   censo.qm_processor   -  DEBUG   - worker3279476:Running ['/apps/z_install_tree/linux-rocky8-ivybridge/gcc-12.2.0/orca-6.0.0-srtngmq3qlimg2qxbl6avaaiffipurdx/bin/orca', 'sp_gas.inp']...
2025-04-03 18:28:39,171 -   censo.qm_processor   -  DEBUG   - worker3279476:Started (PID: 3284676).
2025-04-03 18:28:44,444 -   censo.qm_processor   -  DEBUG   - worker3279490:Done.
2025-04-03 18:28:44,456 -     censo.parallel     -  DEBUG   - Free cores increased 0 -> 1.
2025-04-03 18:28:44,457 -     censo.parallel     -  DEBUG   - Free cores decreased 1 -> 0.
2025-04-03 18:28:44,457 -   censo.qm_processor   -  DEBUG   - worker3279490:Running on 1 cores.
2025-04-03 18:28:44,473 -   censo.qm_processor   -   INFO   - worker3279490:Running gsolv calculation in /srv/scratch/z5358697/.automated/3792/1_SCREENING/CONF149/gsolv.
2025-04-03 18:28:44,799 -  censo.orca_processor  -  DEBUG   - worker3279490:Copying .gbw file from /srv/scratch/z5358697/.automated/3792/0_PRESCREENING/CONF149/sp/sp.gbw.
2025-04-03 18:28:45,396 -   censo.qm_processor   -  DEBUG   - worker3279490:Running ['/apps/z_install_tree/linux-rocky8-ivybridge/gcc-12.2.0/orca-6.0.0-srtngmq3qlimg2qxbl6avaaiffipurdx/bin/orca', 'sp_gas.inp']...
2025-04-03 18:28:45,402 -   censo.qm_processor   -  DEBUG   - worker3279490:Started (PID: 3284738).
2025-04-03 18:28:45,448 -   censo.qm_processor   -  DEBUG   - worker3279504:Done.
2025-04-03 18:28:45,460 -     censo.parallel     -  DEBUG   - Free cores increased 0 -> 1.
2025-04-03 18:28:45,461 -     censo.parallel     -  DEBUG   - Free cores decreased 1 -> 0.
2025-04-03 18:28:45,461 -   censo.qm_processor   -  DEBUG   - worker3279504:Running on 1 cores.
2025-04-03 18:28:45,475 -   censo.qm_processor   -   INFO   - worker3279504:Running gsolv calculation in /srv/scratch/z5358697/.automated/3792/1_SCREENING/CONF116/gsolv.
2025-04-03 18:28:46,521 -  censo.orca_processor  -  DEBUG   - worker3279504:Copying .gbw file from /srv/scratch/z5358697/.automated/3792/0_PRESCREENING/CONF116/sp/sp.gbw.
2025-04-03 18:28:47,047 -   censo.qm_processor   -  DEBUG   - worker3279504:Running ['/apps/z_install_tree/linux-rocky8-ivybridge/gcc-12.2.0/orca-6.0.0-srtngmq3qlimg2qxbl6avaaiffipurdx/bin/orca', 'sp_gas.inp']...
2025-04-03 18:28:47,053 -   censo.qm_processor   -  DEBUG   - worker3279504:Started (PID: 3284746).
2025-04-03 18:29:00,268 -   censo.qm_processor   -  DEBUG   - worker3279483:Done.
2025-04-03 18:29:01,209 -   censo.qm_processor   -  DEBUG   - worker3279498:Done.
2025-04-03 18:29:01,648 -     censo.parallel     -  DEBUG   - Free cores increased 0 -> 1.
2025-04-03 18:29:01,649 -     censo.parallel     -  DEBUG   - Free cores decreased 1 -> 0.
2025-04-03 18:29:01,649 -   censo.qm_processor   -  DEBUG   - worker3279483:Running on 1 cores.
2025-04-03 18:29:01,663 -   censo.qm_processor   -   INFO   - worker3279483:Running gsolv calculation in /srv/scratch/z5358697/.automated/3792/1_SCREENING/CONF130/gsolv.
2025-04-03 18:29:01,892 -  censo.orca_processor  -  DEBUG   - worker3279483:Copying .gbw file from /srv/scratch/z5358697/.automated/3792/0_PRESCREENING/CONF130/sp/sp.gbw.
2025-04-03 18:29:02,414 -     censo.parallel     -  DEBUG   - Free cores increased 0 -> 1.
2025-04-03 18:29:02,415 -     censo.parallel     -  DEBUG   - Free cores decreased 1 -> 0.
2025-04-03 18:29:02,415 -   censo.qm_processor   -  DEBUG   - worker3279498:Running on 1 cores.
2025-04-03 18:29:02,441 -   censo.qm_processor   -   INFO   - worker3279498:Running gsolv calculation in /srv/scratch/z5358697/.automated/3792/1_SCREENING/CONF152/gsolv.
2025-04-03 18:29:02,459 -  censo.orca_processor  -  DEBUG   - worker3279498:Copying .gbw file from /srv/scratch/z5358697/.automated/3792/0_PRESCREENING/CONF152/sp/sp.gbw.
2025-04-03 18:29:02,588 -   censo.qm_processor   -  DEBUG   - worker3279483:Running ['/apps/z_install_tree/linux-rocky8-ivybridge/gcc-12.2.0/orca-6.0.0-srtngmq3qlimg2qxbl6avaaiffipurdx/bin/orca', 'sp_gas.inp']...
2025-04-03 18:29:02,593 -   censo.qm_processor   -  DEBUG   - worker3279483:Started (PID: 3284808).
2025-04-03 18:29:02,942 -   censo.qm_processor   -  DEBUG   - worker3279498:Running ['/apps/z_install_tree/linux-rocky8-ivybridge/gcc-12.2.0/orca-6.0.0-srtngmq3qlimg2qxbl6avaaiffipurdx/bin/orca', 'sp_gas.inp']...
2025-04-03 18:29:02,945 -   censo.qm_processor   -  DEBUG   - worker3279498:Started (PID: 3284813).
2025-04-03 18:29:05,222 -   censo.qm_processor   -  DEBUG   - worker3279470:Done.
2025-04-03 18:29:06,120 -     censo.parallel     -  DEBUG   - Free cores increased 0 -> 1.
2025-04-03 18:29:06,122 -     censo.parallel     -  DEBUG   - Free cores decreased 1 -> 0.
2025-04-03 18:29:06,122 -   censo.qm_processor   -  DEBUG   - worker3279470:Running on 1 cores.
2025-04-03 18:29:06,164 -   censo.qm_processor   -   INFO   - worker3279470:Running gsolv calculation in /srv/scratch/z5358697/.automated/3792/1_SCREENING/CONF150/gsolv.
2025-04-03 18:29:06,441 -  censo.orca_processor  -  DEBUG   - worker3279470:Copying .gbw file from /srv/scratch/z5358697/.automated/3792/0_PRESCREENING/CONF150/sp/sp.gbw.
2025-04-03 18:29:07,521 -   censo.qm_processor   -  DEBUG   - worker3279470:Running ['/apps/z_install_tree/linux-rocky8-ivybridge/gcc-12.2.0/orca-6.0.0-srtngmq3qlimg2qxbl6avaaiffipurdx/bin/orca', 'sp_gas.inp']...
2025-04-03 18:29:07,528 -   censo.qm_processor   -  DEBUG   - worker3279470:Started (PID: 3284835).
2025-04-03 18:29:13,277 -   censo.qm_processor   -  DEBUG   - worker3279508:Done.
2025-04-03 18:29:13,288 -     censo.parallel     -  DEBUG   - Free cores increased 0 -> 1.
2025-04-03 18:29:13,289 -     censo.parallel     -  DEBUG   - Free cores decreased 1 -> 0.
2025-04-03 18:29:13,290 -   censo.qm_processor   -  DEBUG   - worker3279508:Running on 1 cores.
2025-04-03 18:29:13,303 -   censo.qm_processor   -   INFO   - worker3279508:Running gsolv calculation in /srv/scratch/z5358697/.automated/3792/1_SCREENING/CONF57/gsolv.
2025-04-03 18:29:13,725 -  censo.orca_processor  -  DEBUG   - worker3279508:Copying .gbw file from /srv/scratch/z5358697/.automated/3792/0_PRESCREENING/CONF57/sp/sp.gbw.
2025-04-03 18:29:14,693 -   censo.qm_processor   -  DEBUG   - worker3279508:Running ['/apps/z_install_tree/linux-rocky8-ivybridge/gcc-12.2.0/orca-6.0.0-srtngmq3qlimg2qxbl6avaaiffipurdx/bin/orca', 'sp_gas.inp']...
2025-04-03 18:29:14,699 -   censo.qm_processor   -  DEBUG   - worker3279508:Started (PID: 3284876).
2025-04-03 18:29:17,350 -   censo.qm_processor   -  DEBUG   - worker3279471:Done.
2025-04-03 18:29:18,459 -     censo.parallel     -  DEBUG   - Free cores increased 0 -> 1.
2025-04-03 18:29:18,460 -     censo.parallel     -  DEBUG   - Free cores decreased 1 -> 0.
2025-04-03 18:29:18,461 -   censo.qm_processor   -  DEBUG   - worker3279471:Running on 1 cores.
2025-04-03 18:29:18,937 -   censo.qm_processor   -   INFO   - worker3279471:Running gsolv calculation in /srv/scratch/z5358697/.automated/3792/1_SCREENING/CONF161/gsolv.
2025-04-03 18:29:19,429 -   censo.qm_processor   -  DEBUG   - worker3279481:Done.
2025-04-03 18:29:19,440 -     censo.parallel     -  DEBUG   - Free cores increased 0 -> 1.
2025-04-03 18:29:19,441 -     censo.parallel     -  DEBUG   - Free cores decreased 1 -> 0.
2025-04-03 18:29:19,442 -   censo.qm_processor   -  DEBUG   - worker3279481:Running on 1 cores.
2025-04-03 18:29:19,455 -   censo.qm_processor   -   INFO   - worker3279481:Running gsolv calculation in /srv/scratch/z5358697/.automated/3792/1_SCREENING/CONF141/gsolv.
2025-04-03 18:29:19,487 -  censo.orca_processor  -  DEBUG   - worker3279471:Copying .gbw file from /srv/scratch/z5358697/.automated/3792/0_PRESCREENING/CONF161/sp/sp.gbw.
2025-04-03 18:29:19,724 -  censo.orca_processor  -  DEBUG   - worker3279481:Copying .gbw file from /srv/scratch/z5358697/.automated/3792/0_PRESCREENING/CONF141/sp/sp.gbw.
2025-04-03 18:29:20,059 -   censo.qm_processor   -  DEBUG   - worker3279471:Running ['/apps/z_install_tree/linux-rocky8-ivybridge/gcc-12.2.0/orca-6.0.0-srtngmq3qlimg2qxbl6avaaiffipurdx/bin/orca', 'sp_gas.inp']...
2025-04-03 18:29:20,065 -   censo.qm_processor   -  DEBUG   - worker3279471:Started (PID: 3284897).
2025-04-03 18:29:20,230 -   censo.qm_processor   -  DEBUG   - worker3279481:Running ['/apps/z_install_tree/linux-rocky8-ivybridge/gcc-12.2.0/orca-6.0.0-srtngmq3qlimg2qxbl6avaaiffipurdx/bin/orca', 'sp_gas.inp']...
2025-04-03 18:29:20,234 -   censo.qm_processor   -  DEBUG   - worker3279481:Started (PID: 3284899).
2025-04-03 18:29:20,984 -   censo.qm_processor   -  DEBUG   - worker3279469:Done.
2025-04-03 18:29:21,306 -     censo.parallel     -  DEBUG   - Free cores increased 0 -> 1.
2025-04-03 18:29:21,307 -     censo.parallel     -  DEBUG   - Free cores decreased 1 -> 0.
2025-04-03 18:29:21,308 -   censo.qm_processor   -  DEBUG   - worker3279469:Running on 1 cores.
2025-04-03 18:29:21,833 -   censo.qm_processor   -   INFO   - worker3279469:Running gsolv calculation in /srv/scratch/z5358697/.automated/3792/1_SCREENING/CONF27/gsolv.
2025-04-03 18:29:21,938 -  censo.orca_processor  -  DEBUG   - worker3279469:Copying .gbw file from /srv/scratch/z5358697/.automated/3792/0_PRESCREENING/CONF27/sp/sp.gbw.
2025-04-03 18:29:22,715 -   censo.qm_processor   -  DEBUG   - worker3279469:Running ['/apps/z_install_tree/linux-rocky8-ivybridge/gcc-12.2.0/orca-6.0.0-srtngmq3qlimg2qxbl6avaaiffipurdx/bin/orca', 'sp_gas.inp']...
2025-04-03 18:29:22,723 -   censo.qm_processor   -  DEBUG   - worker3279469:Started (PID: 3284908).
2025-04-03 18:29:23,343 -   censo.qm_processor   -  DEBUG   - worker3279472:Done.
2025-04-03 18:29:24,096 -     censo.parallel     -  DEBUG   - Free cores increased 0 -> 1.
2025-04-03 18:29:24,096 -     censo.parallel     -  DEBUG   - Free cores decreased 1 -> 0.
2025-04-03 18:29:24,097 -   censo.qm_processor   -  DEBUG   - worker3279472:Running on 1 cores.
2025-04-03 18:29:24,111 -   censo.qm_processor   -   INFO   - worker3279472:Running gsolv calculation in /srv/scratch/z5358697/.automated/3792/1_SCREENING/CONF168/gsolv.
2025-04-03 18:29:24,209 -  censo.orca_processor  -  DEBUG   - worker3279472:Copying .gbw file from /srv/scratch/z5358697/.automated/3792/0_PRESCREENING/CONF168/sp/sp.gbw.
2025-04-03 18:29:25,251 -   censo.qm_processor   -  DEBUG   - worker3279472:Running ['/apps/z_install_tree/linux-rocky8-ivybridge/gcc-12.2.0/orca-6.0.0-srtngmq3qlimg2qxbl6avaaiffipurdx/bin/orca', 'sp_gas.inp']...
2025-04-03 18:29:25,266 -   censo.qm_processor   -  DEBUG   - worker3279472:Started (PID: 3284924).
2025-04-03 18:29:25,807 -   censo.qm_processor   -  DEBUG   - worker3279478:Done.
2025-04-03 18:29:25,818 -     censo.parallel     -  DEBUG   - Free cores increased 0 -> 1.
2025-04-03 18:29:25,819 -     censo.parallel     -  DEBUG   - Free cores decreased 1 -> 0.
2025-04-03 18:29:25,820 -   censo.qm_processor   -  DEBUG   - worker3279478:Running on 1 cores.
2025-04-03 18:29:25,834 -   censo.qm_processor   -   INFO   - worker3279478:Running gsolv calculation in /srv/scratch/z5358697/.automated/3792/1_SCREENING/CONF58/gsolv.
2025-04-03 18:29:26,392 -  censo.orca_processor  -  DEBUG   - worker3279478:Copying .gbw file from /srv/scratch/z5358697/.automated/3792/0_PRESCREENING/CONF58/sp/sp.gbw.
2025-04-03 18:29:26,869 -   censo.qm_processor   -  DEBUG   - worker3279500:Done.
2025-04-03 18:29:27,463 -   censo.qm_processor   -  DEBUG   - worker3279478:Running ['/apps/z_install_tree/linux-rocky8-ivybridge/gcc-12.2.0/orca-6.0.0-srtngmq3qlimg2qxbl6avaaiffipurdx/bin/orca', 'sp_gas.inp']...
2025-04-03 18:29:27,469 -   censo.qm_processor   -  DEBUG   - worker3279478:Started (PID: 3284930).
2025-04-03 18:29:28,283 -     censo.parallel     -  DEBUG   - Free cores increased 0 -> 1.
2025-04-03 18:29:28,284 -     censo.parallel     -  DEBUG   - Free cores decreased 1 -> 0.
2025-04-03 18:29:28,285 -   censo.qm_processor   -  DEBUG   - worker3279500:Running on 1 cores.
2025-04-03 18:29:28,301 -   censo.qm_processor   -   INFO   - worker3279500:Running gsolv calculation in /srv/scratch/z5358697/.automated/3792/1_SCREENING/CONF103/gsolv.
2025-04-03 18:29:28,847 -  censo.orca_processor  -  DEBUG   - worker3279500:Copying .gbw file from /srv/scratch/z5358697/.automated/3792/0_PRESCREENING/CONF103/sp/sp.gbw.
2025-04-03 18:29:30,123 -   censo.qm_processor   -  DEBUG   - worker3279500:Running ['/apps/z_install_tree/linux-rocky8-ivybridge/gcc-12.2.0/orca-6.0.0-srtngmq3qlimg2qxbl6avaaiffipurdx/bin/orca', 'sp_gas.inp']...
2025-04-03 18:29:30,128 -   censo.qm_processor   -  DEBUG   - worker3279500:Started (PID: 3284932).
2025-04-03 18:29:34,412 -   censo.qm_processor   -  DEBUG   - worker3279494:Done.
2025-04-03 18:29:34,424 -     censo.parallel     -  DEBUG   - Free cores increased 0 -> 1.
2025-04-03 18:29:34,425 -     censo.parallel     -  DEBUG   - Free cores decreased 1 -> 0.
2025-04-03 18:29:34,425 -   censo.qm_processor   -  DEBUG   - worker3279494:Running on 1 cores.
2025-04-03 18:29:34,440 -   censo.qm_processor   -   INFO   - worker3279494:Running gsolv calculation in /srv/scratch/z5358697/.automated/3792/1_SCREENING/CONF162/gsolv.
2025-04-03 18:29:34,476 -  censo.orca_processor  -  DEBUG   - worker3279494:Copying .gbw file from /srv/scratch/z5358697/.automated/3792/0_PRESCREENING/CONF162/sp/sp.gbw.
2025-04-03 18:29:34,836 -   censo.qm_processor   -  DEBUG   - worker3279494:Running ['/apps/z_install_tree/linux-rocky8-ivybridge/gcc-12.2.0/orca-6.0.0-srtngmq3qlimg2qxbl6avaaiffipurdx/bin/orca', 'sp_gas.inp']...
2025-04-03 18:29:34,842 -   censo.qm_processor   -  DEBUG   - worker3279494:Started (PID: 3284954).
2025-04-03 18:29:56,557 -   censo.qm_processor   -  DEBUG   - worker3279511:Done.
2025-04-03 18:29:56,566 -     censo.parallel     -  DEBUG   - Free cores increased 0 -> 1.
2025-04-03 18:29:56,567 -     censo.parallel     -  DEBUG   - Free cores decreased 1 -> 0.
2025-04-03 18:29:56,568 -   censo.qm_processor   -  DEBUG   - worker3279511:Running on 1 cores.
2025-04-03 18:29:56,581 -   censo.qm_processor   -   INFO   - worker3279511:Running gsolv calculation in /srv/scratch/z5358697/.automated/3792/1_SCREENING/CONF81/gsolv.
2025-04-03 18:29:56,963 -  censo.orca_processor  -  DEBUG   - worker3279511:Copying .gbw file from /srv/scratch/z5358697/.automated/3792/0_PRESCREENING/CONF81/sp/sp.gbw.
2025-04-03 18:29:57,575 -   censo.qm_processor   -  DEBUG   - worker3279511:Running ['/apps/z_install_tree/linux-rocky8-ivybridge/gcc-12.2.0/orca-6.0.0-srtngmq3qlimg2qxbl6avaaiffipurdx/bin/orca', 'sp_gas.inp']...
2025-04-03 18:29:57,581 -   censo.qm_processor   -  DEBUG   - worker3279511:Started (PID: 3285028).
2025-04-03 18:30:06,728 -   censo.qm_processor   -  DEBUG   - worker3279488:Done.
2025-04-03 18:30:06,738 -     censo.parallel     -  DEBUG   - Free cores increased 0 -> 1.
2025-04-03 18:30:06,739 -     censo.parallel     -  DEBUG   - Free cores decreased 1 -> 0.
2025-04-03 18:30:06,740 -   censo.qm_processor   -  DEBUG   - worker3279488:Running on 1 cores.
2025-04-03 18:30:06,752 -   censo.qm_processor   -   INFO   - worker3279488:Running gsolv calculation in /srv/scratch/z5358697/.automated/3792/1_SCREENING/CONF159/gsolv.
2025-04-03 18:30:06,767 -  censo.orca_processor  -  DEBUG   - worker3279488:Copying .gbw file from /srv/scratch/z5358697/.automated/3792/0_PRESCREENING/CONF159/sp/sp.gbw.
2025-04-03 18:30:07,311 -   censo.qm_processor   -  DEBUG   - worker3279488:Running ['/apps/z_install_tree/linux-rocky8-ivybridge/gcc-12.2.0/orca-6.0.0-srtngmq3qlimg2qxbl6avaaiffipurdx/bin/orca', 'sp_gas.inp']...
2025-04-03 18:30:07,316 -   censo.qm_processor   -  DEBUG   - worker3279488:Started (PID: 3285050).
2025-04-03 18:31:39,455 -   censo.qm_processor   -  DEBUG   - worker3279476:Done.
2025-04-03 18:31:39,476 -  censo.orca_processor  -  DEBUG   - worker3279476:Copying .gbw file from /srv/scratch/z5358697/.automated/3792/0_PRESCREENING/CONF148/sp/sp.gbw.
2025-04-03 18:31:39,928 -   censo.qm_processor   -  DEBUG   - worker3279476:Running ['/apps/z_install_tree/linux-rocky8-ivybridge/gcc-12.2.0/orca-6.0.0-srtngmq3qlimg2qxbl6avaaiffipurdx/bin/orca', 'sp_solv.inp']...
2025-04-03 18:31:39,930 -   censo.qm_processor   -  DEBUG   - worker3279476:Started (PID: 3285358).
2025-04-03 18:31:40,991 -   censo.qm_processor   -  DEBUG   - worker3279490:Done.
2025-04-03 18:31:41,016 -  censo.orca_processor  -  DEBUG   - worker3279490:Copying .gbw file from /srv/scratch/z5358697/.automated/3792/0_PRESCREENING/CONF149/sp/sp.gbw.
2025-04-03 18:31:41,765 -   censo.qm_processor   -  DEBUG   - worker3279490:Running ['/apps/z_install_tree/linux-rocky8-ivybridge/gcc-12.2.0/orca-6.0.0-srtngmq3qlimg2qxbl6avaaiffipurdx/bin/orca', 'sp_solv.inp']...
2025-04-03 18:31:41,768 -   censo.qm_processor   -  DEBUG   - worker3279490:Started (PID: 3285361).
2025-04-03 18:31:42,355 -   censo.qm_processor   -  DEBUG   - worker3279504:Done.
2025-04-03 18:31:42,379 -  censo.orca_processor  -  DEBUG   - worker3279504:Copying .gbw file from /srv/scratch/z5358697/.automated/3792/0_PRESCREENING/CONF116/sp/sp.gbw.
2025-04-03 18:31:43,102 -   censo.qm_processor   -  DEBUG   - worker3279504:Running ['/apps/z_install_tree/linux-rocky8-ivybridge/gcc-12.2.0/orca-6.0.0-srtngmq3qlimg2qxbl6avaaiffipurdx/bin/orca', 'sp_solv.inp']...
2025-04-03 18:31:43,105 -   censo.qm_processor   -  DEBUG   - worker3279504:Started (PID: 3285366).
2025-04-03 18:31:50,396 -   censo.qm_processor   -  DEBUG   - worker3279483:Done.
2025-04-03 18:31:51,698 -  censo.orca_processor  -  DEBUG   - worker3279483:Copying .gbw file from /srv/scratch/z5358697/.automated/3792/0_PRESCREENING/CONF130/sp/sp.gbw.
2025-04-03 18:31:52,537 -   censo.qm_processor   -  DEBUG   - worker3279483:Running ['/apps/z_install_tree/linux-rocky8-ivybridge/gcc-12.2.0/orca-6.0.0-srtngmq3qlimg2qxbl6avaaiffipurdx/bin/orca', 'sp_solv.inp']...
2025-04-03 18:31:52,540 -   censo.qm_processor   -  DEBUG   - worker3279483:Started (PID: 3285444).
2025-04-03 18:31:55,213 -   censo.qm_processor   -  DEBUG   - worker3279498:Done.
2025-04-03 18:31:55,230 -  censo.orca_processor  -  DEBUG   - worker3279498:Copying .gbw file from /srv/scratch/z5358697/.automated/3792/0_PRESCREENING/CONF152/sp/sp.gbw.
2025-04-03 18:31:55,506 -   censo.qm_processor   -  DEBUG   - worker3279470:Done.
2025-04-03 18:31:55,524 -  censo.orca_processor  -  DEBUG   - worker3279470:Copying .gbw file from /srv/scratch/z5358697/.automated/3792/0_PRESCREENING/CONF150/sp/sp.gbw.
2025-04-03 18:31:56,042 -   censo.qm_processor   -  DEBUG   - worker3279498:Running ['/apps/z_install_tree/linux-rocky8-ivybridge/gcc-12.2.0/orca-6.0.0-srtngmq3qlimg2qxbl6avaaiffipurdx/bin/orca', 'sp_solv.inp']...
2025-04-03 18:31:56,046 -   censo.qm_processor   -  DEBUG   - worker3279498:Started (PID: 3285459).
2025-04-03 18:31:56,250 -   censo.qm_processor   -  DEBUG   - worker3279470:Running ['/apps/z_install_tree/linux-rocky8-ivybridge/gcc-12.2.0/orca-6.0.0-srtngmq3qlimg2qxbl6avaaiffipurdx/bin/orca', 'sp_solv.inp']...
2025-04-03 18:31:56,253 -   censo.qm_processor   -  DEBUG   - worker3279470:Started (PID: 3285461).
2025-04-03 18:32:10,593 -   censo.qm_processor   -  DEBUG   - worker3279481:Done.
2025-04-03 18:32:10,611 -  censo.orca_processor  -  DEBUG   - worker3279481:Copying .gbw file from /srv/scratch/z5358697/.automated/3792/0_PRESCREENING/CONF141/sp/sp.gbw.
2025-04-03 18:32:11,283 -   censo.qm_processor   -  DEBUG   - worker3279469:Done.
2025-04-03 18:32:11,379 -   censo.qm_processor   -  DEBUG   - worker3279481:Running ['/apps/z_install_tree/linux-rocky8-ivybridge/gcc-12.2.0/orca-6.0.0-srtngmq3qlimg2qxbl6avaaiffipurdx/bin/orca', 'sp_solv.inp']...
2025-04-03 18:32:11,388 -   censo.qm_processor   -  DEBUG   - worker3279481:Started (PID: 3285523).
2025-04-03 18:32:11,507 -   censo.qm_processor   -  DEBUG   - worker3279471:Done.
2025-04-03 18:32:12,817 -  censo.orca_processor  -  DEBUG   - worker3279469:Copying .gbw file from /srv/scratch/z5358697/.automated/3792/0_PRESCREENING/CONF27/sp/sp.gbw.
2025-04-03 18:32:12,829 -   censo.qm_processor   -  DEBUG   - worker3279508:Done.
2025-04-03 18:32:12,847 -  censo.orca_processor  -  DEBUG   - worker3279508:Copying .gbw file from /srv/scratch/z5358697/.automated/3792/0_PRESCREENING/CONF57/sp/sp.gbw.
2025-04-03 18:32:13,006 -  censo.orca_processor  -  DEBUG   - worker3279471:Copying .gbw file from /srv/scratch/z5358697/.automated/3792/0_PRESCREENING/CONF161/sp/sp.gbw.
2025-04-03 18:32:13,820 -   censo.qm_processor   -  DEBUG   - worker3279469:Running ['/apps/z_install_tree/linux-rocky8-ivybridge/gcc-12.2.0/orca-6.0.0-srtngmq3qlimg2qxbl6avaaiffipurdx/bin/orca', 'sp_solv.inp']...
2025-04-03 18:32:13,824 -   censo.qm_processor   -  DEBUG   - worker3279469:Started (PID: 3285532).
2025-04-03 18:32:13,839 -   censo.qm_processor   -  DEBUG   - worker3279508:Running ['/apps/z_install_tree/linux-rocky8-ivybridge/gcc-12.2.0/orca-6.0.0-srtngmq3qlimg2qxbl6avaaiffipurdx/bin/orca', 'sp_solv.inp']...
2025-04-03 18:32:13,846 -   censo.qm_processor   -  DEBUG   - worker3279508:Started (PID: 3285533).
2025-04-03 18:32:13,890 -   censo.qm_processor   -  DEBUG   - worker3279471:Running ['/apps/z_install_tree/linux-rocky8-ivybridge/gcc-12.2.0/orca-6.0.0-srtngmq3qlimg2qxbl6avaaiffipurdx/bin/orca', 'sp_solv.inp']...
2025-04-03 18:32:13,894 -   censo.qm_processor   -  DEBUG   - worker3279471:Started (PID: 3285535).
2025-04-03 18:32:17,294 -   censo.qm_processor   -  DEBUG   - worker3279472:Done.
2025-04-03 18:32:18,282 -  censo.orca_processor  -  DEBUG   - worker3279472:Copying .gbw file from /srv/scratch/z5358697/.automated/3792/0_PRESCREENING/CONF168/sp/sp.gbw.
2025-04-03 18:32:19,019 -   censo.qm_processor   -  DEBUG   - worker3279472:Running ['/apps/z_install_tree/linux-rocky8-ivybridge/gcc-12.2.0/orca-6.0.0-srtngmq3qlimg2qxbl6avaaiffipurdx/bin/orca', 'sp_solv.inp']...
2025-04-03 18:32:19,022 -   censo.qm_processor   -  DEBUG   - worker3279472:Started (PID: 3285558).
2025-04-03 18:32:22,519 -   censo.qm_processor   -  DEBUG   - worker3279478:Done.
2025-04-03 18:32:23,120 -  censo.orca_processor  -  DEBUG   - worker3279478:Copying .gbw file from /srv/scratch/z5358697/.automated/3792/0_PRESCREENING/CONF58/sp/sp.gbw.
2025-04-03 18:32:23,599 -   censo.qm_processor   -  DEBUG   - worker3279478:Running ['/apps/z_install_tree/linux-rocky8-ivybridge/gcc-12.2.0/orca-6.0.0-srtngmq3qlimg2qxbl6avaaiffipurdx/bin/orca', 'sp_solv.inp']...
2025-04-03 18:32:23,602 -   censo.qm_processor   -  DEBUG   - worker3279478:Started (PID: 3285568).
2025-04-03 18:32:26,548 -   censo.qm_processor   -  DEBUG   - worker3279494:Done.
2025-04-03 18:32:26,568 -  censo.orca_processor  -  DEBUG   - worker3279494:Copying .gbw file from /srv/scratch/z5358697/.automated/3792/0_PRESCREENING/CONF162/sp/sp.gbw.
2025-04-03 18:32:27,184 -   censo.qm_processor   -  DEBUG   - worker3279494:Running ['/apps/z_install_tree/linux-rocky8-ivybridge/gcc-12.2.0/orca-6.0.0-srtngmq3qlimg2qxbl6avaaiffipurdx/bin/orca', 'sp_solv.inp']...
2025-04-03 18:32:27,188 -   censo.qm_processor   -  DEBUG   - worker3279494:Started (PID: 3285586).
2025-04-03 18:32:30,390 -   censo.qm_processor   -  DEBUG   - worker3279500:Done.
2025-04-03 18:32:30,422 -  censo.orca_processor  -  DEBUG   - worker3279500:Copying .gbw file from /srv/scratch/z5358697/.automated/3792/0_PRESCREENING/CONF103/sp/sp.gbw.
2025-04-03 18:32:31,097 -   censo.qm_processor   -  DEBUG   - worker3279500:Running ['/apps/z_install_tree/linux-rocky8-ivybridge/gcc-12.2.0/orca-6.0.0-srtngmq3qlimg2qxbl6avaaiffipurdx/bin/orca', 'sp_solv.inp']...
2025-04-03 18:32:31,101 -   censo.qm_processor   -  DEBUG   - worker3279500:Started (PID: 3285595).
2025-04-03 18:32:56,520 -   censo.qm_processor   -  DEBUG   - worker3279511:Done.
2025-04-03 18:32:57,192 -  censo.orca_processor  -  DEBUG   - worker3279511:Copying .gbw file from /srv/scratch/z5358697/.automated/3792/0_PRESCREENING/CONF81/sp/sp.gbw.
2025-04-03 18:32:57,626 -   censo.qm_processor   -  DEBUG   - worker3279511:Running ['/apps/z_install_tree/linux-rocky8-ivybridge/gcc-12.2.0/orca-6.0.0-srtngmq3qlimg2qxbl6avaaiffipurdx/bin/orca', 'sp_solv.inp']...
2025-04-03 18:32:57,630 -   censo.qm_processor   -  DEBUG   - worker3279511:Started (PID: 3285685).
2025-04-03 18:33:06,166 -   censo.qm_processor   -  DEBUG   - worker3279488:Done.
2025-04-03 18:33:06,186 -  censo.orca_processor  -  DEBUG   - worker3279488:Copying .gbw file from /srv/scratch/z5358697/.automated/3792/0_PRESCREENING/CONF159/sp/sp.gbw.
2025-04-03 18:33:06,529 -   censo.qm_processor   -  DEBUG   - worker3279488:Running ['/apps/z_install_tree/linux-rocky8-ivybridge/gcc-12.2.0/orca-6.0.0-srtngmq3qlimg2qxbl6avaaiffipurdx/bin/orca', 'sp_solv.inp']...
2025-04-03 18:33:06,533 -   censo.qm_processor   -  DEBUG   - worker3279488:Started (PID: 3285716).
2025-04-03 18:34:32,246 -   censo.qm_processor   -  DEBUG   - worker3279483:Done.
2025-04-03 18:34:32,257 -     censo.parallel     -  DEBUG   - Free cores increased 0 -> 1.
2025-04-03 18:34:32,258 -     censo.parallel     -  DEBUG   - Free cores decreased 1 -> 0.
2025-04-03 18:34:32,259 -   censo.qm_processor   -  DEBUG   - worker3279483:Running on 1 cores.
2025-04-03 18:34:32,304 -   censo.qm_processor   -   INFO   - worker3279483:Running gsolv calculation in /srv/scratch/z5358697/.automated/3792/1_SCREENING/CONF178/gsolv.
2025-04-03 18:34:32,427 -  censo.orca_processor  -  DEBUG   - worker3279483:Copying .gbw file from /srv/scratch/z5358697/.automated/3792/0_PRESCREENING/CONF178/sp/sp.gbw.
2025-04-03 18:34:32,631 -   censo.qm_processor   -  DEBUG   - worker3279483:Running ['/apps/z_install_tree/linux-rocky8-ivybridge/gcc-12.2.0/orca-6.0.0-srtngmq3qlimg2qxbl6avaaiffipurdx/bin/orca', 'sp_gas.inp']...
2025-04-03 18:34:32,637 -   censo.qm_processor   -  DEBUG   - worker3279483:Started (PID: 3286104).
2025-04-03 18:34:47,577 -   censo.qm_processor   -  DEBUG   - worker3279504:Done.
2025-04-03 18:34:47,589 -     censo.parallel     -  DEBUG   - Free cores increased 0 -> 1.
2025-04-03 18:34:47,589 -     censo.parallel     -  DEBUG   - Free cores decreased 1 -> 0.
2025-04-03 18:34:47,590 -   censo.qm_processor   -  DEBUG   - worker3279504:Running on 1 cores.
2025-04-03 18:34:47,769 -   censo.qm_processor   -   INFO   - worker3279504:Running gsolv calculation in /srv/scratch/z5358697/.automated/3792/1_SCREENING/CONF67/gsolv.
2025-04-03 18:34:48,269 -   censo.qm_processor   -  DEBUG   - worker3279476:Done.
2025-04-03 18:34:48,581 -     censo.parallel     -  DEBUG   - Free cores increased 0 -> 1.
2025-04-03 18:34:48,582 -     censo.parallel     -  DEBUG   - Free cores decreased 1 -> 0.
2025-04-03 18:34:48,583 -   censo.qm_processor   -  DEBUG   - worker3279476:Running on 1 cores.
2025-04-03 18:34:48,595 -   censo.qm_processor   -   INFO   - worker3279476:Running gsolv calculation in /srv/scratch/z5358697/.automated/3792/1_SCREENING/CONF132/gsolv.
2025-04-03 18:34:48,903 -   censo.qm_processor   -  DEBUG   - worker3279490:Done.
2025-04-03 18:34:48,913 -     censo.parallel     -  DEBUG   - Free cores increased 0 -> 1.
2025-04-03 18:34:48,914 -     censo.parallel     -  DEBUG   - Free cores decreased 1 -> 0.
2025-04-03 18:34:48,914 -   censo.qm_processor   -  DEBUG   - worker3279490:Running on 1 cores.
2025-04-03 18:34:48,936 -   censo.qm_processor   -   INFO   - worker3279490:Running gsolv calculation in /srv/scratch/z5358697/.automated/3792/1_SCREENING/CONF26/gsolv.
2025-04-03 18:34:48,999 -  censo.orca_processor  -  DEBUG   - worker3279476:Copying .gbw file from /srv/scratch/z5358697/.automated/3792/0_PRESCREENING/CONF132/sp/sp.gbw.
2025-04-03 18:34:49,306 -   censo.qm_processor   -  DEBUG   - worker3279476:Running ['/apps/z_install_tree/linux-rocky8-ivybridge/gcc-12.2.0/orca-6.0.0-srtngmq3qlimg2qxbl6avaaiffipurdx/bin/orca', 'sp_gas.inp']...
2025-04-03 18:34:49,312 -   censo.qm_processor   -  DEBUG   - worker3279476:Started (PID: 3286203).
2025-04-03 18:34:50,033 -  censo.orca_processor  -  DEBUG   - worker3279504:Copying .gbw file from /srv/scratch/z5358697/.automated/3792/0_PRESCREENING/CONF67/sp/sp.gbw.
2025-04-03 18:34:50,209 -   censo.qm_processor   -  DEBUG   - worker3279504:Running ['/apps/z_install_tree/linux-rocky8-ivybridge/gcc-12.2.0/orca-6.0.0-srtngmq3qlimg2qxbl6avaaiffipurdx/bin/orca', 'sp_gas.inp']...
2025-04-03 18:34:50,211 -   censo.qm_processor   -  DEBUG   - worker3279504:Started (PID: 3286208).
2025-04-03 18:34:50,592 -   censo.qm_processor   -  DEBUG   - worker3279470:Done.
2025-04-03 18:34:50,828 -     censo.parallel     -  DEBUG   - Free cores increased 0 -> 1.
2025-04-03 18:34:50,829 -     censo.parallel     -  DEBUG   - Free cores decreased 1 -> 0.
2025-04-03 18:34:50,829 -   censo.qm_processor   -  DEBUG   - worker3279470:Running on 1 cores.
2025-04-03 18:34:50,873 -   censo.qm_processor   -   INFO   - worker3279470:Running gsolv calculation in /srv/scratch/z5358697/.automated/3792/1_SCREENING/CONF19/gsolv.
2025-04-03 18:34:50,936 -  censo.orca_processor  -  DEBUG   - worker3279470:Copying .gbw file from /srv/scratch/z5358697/.automated/3792/0_PRESCREENING/CONF19/sp/sp.gbw.
2025-04-03 18:34:50,972 -  censo.orca_processor  -  DEBUG   - worker3279490:Copying .gbw file from /srv/scratch/z5358697/.automated/3792/0_PRESCREENING/CONF26/sp/sp.gbw.
2025-04-03 18:34:51,306 -   censo.qm_processor   -  DEBUG   - worker3279470:Running ['/apps/z_install_tree/linux-rocky8-ivybridge/gcc-12.2.0/orca-6.0.0-srtngmq3qlimg2qxbl6avaaiffipurdx/bin/orca', 'sp_gas.inp']...
2025-04-03 18:34:51,313 -   censo.qm_processor   -  DEBUG   - worker3279470:Started (PID: 3286217).
2025-04-03 18:34:51,317 -   censo.qm_processor   -  DEBUG   - worker3279490:Running ['/apps/z_install_tree/linux-rocky8-ivybridge/gcc-12.2.0/orca-6.0.0-srtngmq3qlimg2qxbl6avaaiffipurdx/bin/orca', 'sp_gas.inp']...
2025-04-03 18:34:51,321 -   censo.qm_processor   -  DEBUG   - worker3279490:Started (PID: 3286218).
2025-04-03 18:34:51,366 -   censo.qm_processor   -  DEBUG   - worker3279508:Done.
2025-04-03 18:34:51,557 -     censo.parallel     -  DEBUG   - Free cores increased 0 -> 1.
2025-04-03 18:34:51,558 -     censo.parallel     -  DEBUG   - Free cores decreased 1 -> 0.
2025-04-03 18:34:51,559 -   censo.qm_processor   -  DEBUG   - worker3279508:Running on 1 cores.
2025-04-03 18:34:51,571 -   censo.qm_processor   -   INFO   - worker3279508:Running gsolv calculation in /srv/scratch/z5358697/.automated/3792/1_SCREENING/CONF169/gsolv.
2025-04-03 18:34:52,624 -  censo.orca_processor  -  DEBUG   - worker3279508:Copying .gbw file from /srv/scratch/z5358697/.automated/3792/0_PRESCREENING/CONF169/sp/sp.gbw.
2025-04-03 18:34:52,934 -   censo.qm_processor   -  DEBUG   - worker3279508:Running ['/apps/z_install_tree/linux-rocky8-ivybridge/gcc-12.2.0/orca-6.0.0-srtngmq3qlimg2qxbl6avaaiffipurdx/bin/orca', 'sp_gas.inp']...
2025-04-03 18:34:52,939 -   censo.qm_processor   -  DEBUG   - worker3279508:Started (PID: 3286235).
2025-04-03 18:34:54,511 -   censo.qm_processor   -  DEBUG   - worker3279498:Done.
2025-04-03 18:34:54,525 -     censo.parallel     -  DEBUG   - Free cores increased 0 -> 1.
2025-04-03 18:34:54,526 -     censo.parallel     -  DEBUG   - Free cores decreased 1 -> 0.
2025-04-03 18:34:54,527 -   censo.qm_processor   -  DEBUG   - worker3279498:Running on 1 cores.
2025-04-03 18:34:54,542 -   censo.qm_processor   -   INFO   - worker3279498:Running gsolv calculation in /srv/scratch/z5358697/.automated/3792/1_SCREENING/CONF174/gsolv.
2025-04-03 18:34:55,225 -  censo.orca_processor  -  DEBUG   - worker3279498:Copying .gbw file from /srv/scratch/z5358697/.automated/3792/0_PRESCREENING/CONF174/sp/sp.gbw.
2025-04-03 18:34:55,470 -   censo.qm_processor   -  DEBUG   - worker3279498:Running ['/apps/z_install_tree/linux-rocky8-ivybridge/gcc-12.2.0/orca-6.0.0-srtngmq3qlimg2qxbl6avaaiffipurdx/bin/orca', 'sp_gas.inp']...
2025-04-03 18:34:55,476 -   censo.qm_processor   -  DEBUG   - worker3279498:Started (PID: 3286265).
2025-04-03 18:35:03,232 -   censo.qm_processor   -  DEBUG   - worker3279469:Done.
2025-04-03 18:35:03,649 -     censo.parallel     -  DEBUG   - Free cores increased 0 -> 1.
2025-04-03 18:35:03,650 -     censo.parallel     -  DEBUG   - Free cores decreased 1 -> 0.
2025-04-03 18:35:03,651 -   censo.qm_processor   -  DEBUG   - worker3279469:Running on 1 cores.
2025-04-03 18:35:03,663 -   censo.qm_processor   -   INFO   - worker3279469:Running gsolv calculation in /srv/scratch/z5358697/.automated/3792/1_SCREENING/CONF29/gsolv.
2025-04-03 18:35:03,683 -  censo.orca_processor  -  DEBUG   - worker3279469:Copying .gbw file from /srv/scratch/z5358697/.automated/3792/0_PRESCREENING/CONF29/sp/sp.gbw.
2025-04-03 18:35:04,155 -   censo.qm_processor   -  DEBUG   - worker3279469:Running ['/apps/z_install_tree/linux-rocky8-ivybridge/gcc-12.2.0/orca-6.0.0-srtngmq3qlimg2qxbl6avaaiffipurdx/bin/orca', 'sp_gas.inp']...
2025-04-03 18:35:04,155 -   censo.qm_processor   -  DEBUG   - worker3279481:Done.
2025-04-03 18:35:04,161 -   censo.qm_processor   -  DEBUG   - worker3279469:Started (PID: 3286337).
2025-04-03 18:35:04,165 -     censo.parallel     -  DEBUG   - Free cores increased 0 -> 1.
2025-04-03 18:35:04,166 -     censo.parallel     -  DEBUG   - Free cores decreased 1 -> 0.
2025-04-03 18:35:04,167 -   censo.qm_processor   -  DEBUG   - worker3279481:Running on 1 cores.
2025-04-03 18:35:04,179 -   censo.qm_processor   -   INFO   - worker3279481:Running gsolv calculation in /srv/scratch/z5358697/.automated/3792/1_SCREENING/CONF62/gsolv.
2025-04-03 18:35:04,329 -  censo.orca_processor  -  DEBUG   - worker3279481:Copying .gbw file from /srv/scratch/z5358697/.automated/3792/0_PRESCREENING/CONF62/sp/sp.gbw.
2025-04-03 18:35:04,350 -   censo.qm_processor   -  DEBUG   - worker3279478:Done.
2025-04-03 18:35:04,361 -     censo.parallel     -  DEBUG   - Free cores increased 0 -> 1.
2025-04-03 18:35:04,362 -     censo.parallel     -  DEBUG   - Free cores decreased 1 -> 0.
2025-04-03 18:35:04,363 -   censo.qm_processor   -  DEBUG   - worker3279478:Running on 1 cores.
2025-04-03 18:35:04,439 -   censo.qm_processor   -  DEBUG   - worker3279481:Running ['/apps/z_install_tree/linux-rocky8-ivybridge/gcc-12.2.0/orca-6.0.0-srtngmq3qlimg2qxbl6avaaiffipurdx/bin/orca', 'sp_gas.inp']...
2025-04-03 18:35:04,445 -   censo.qm_processor   -  DEBUG   - worker3279481:Started (PID: 3286339).
2025-04-03 18:35:04,750 -   censo.qm_processor   -   INFO   - worker3279478:Running gsolv calculation in /srv/scratch/z5358697/.automated/3792/1_SCREENING/CONF160/gsolv.
2025-04-03 18:35:04,765 -  censo.orca_processor  -  DEBUG   - worker3279478:Copying .gbw file from /srv/scratch/z5358697/.automated/3792/0_PRESCREENING/CONF160/sp/sp.gbw.
2025-04-03 18:35:05,057 -   censo.qm_processor   -  DEBUG   - worker3279478:Running ['/apps/z_install_tree/linux-rocky8-ivybridge/gcc-12.2.0/orca-6.0.0-srtngmq3qlimg2qxbl6avaaiffipurdx/bin/orca', 'sp_gas.inp']...
2025-04-03 18:35:05,062 -   censo.qm_processor   -  DEBUG   - worker3279478:Started (PID: 3286344).
2025-04-03 18:35:12,292 -   censo.qm_processor   -  DEBUG   - worker3279472:Done.
2025-04-03 18:35:12,302 -     censo.parallel     -  DEBUG   - Free cores increased 0 -> 1.
2025-04-03 18:35:12,303 -     censo.parallel     -  DEBUG   - Free cores decreased 1 -> 0.
2025-04-03 18:35:12,303 -   censo.qm_processor   -  DEBUG   - worker3279472:Running on 1 cores.
2025-04-03 18:35:12,491 -   censo.qm_processor   -   INFO   - worker3279472:Running gsolv calculation in /srv/scratch/z5358697/.automated/3792/1_SCREENING/CONF171/gsolv.
2025-04-03 18:35:12,800 -  censo.orca_processor  -  DEBUG   - worker3279472:Copying .gbw file from /srv/scratch/z5358697/.automated/3792/0_PRESCREENING/CONF171/sp/sp.gbw.
2025-04-03 18:35:12,945 -   censo.qm_processor   -  DEBUG   - worker3279472:Running ['/apps/z_install_tree/linux-rocky8-ivybridge/gcc-12.2.0/orca-6.0.0-srtngmq3qlimg2qxbl6avaaiffipurdx/bin/orca', 'sp_gas.inp']...
2025-04-03 18:35:12,950 -   censo.qm_processor   -  DEBUG   - worker3279472:Started (PID: 3286368).
2025-04-03 18:35:15,104 -   censo.qm_processor   -  DEBUG   - worker3279494:Done.
2025-04-03 18:35:15,116 -     censo.parallel     -  DEBUG   - Free cores increased 0 -> 1.
2025-04-03 18:35:15,117 -     censo.parallel     -  DEBUG   - Free cores decreased 1 -> 0.
2025-04-03 18:35:15,117 -   censo.qm_processor   -  DEBUG   - worker3279494:Running on 1 cores.
2025-04-03 18:35:15,131 -   censo.qm_processor   -   INFO   - worker3279494:Running gsolv calculation in /srv/scratch/z5358697/.automated/3792/1_SCREENING/CONF87/gsolv.
2025-04-03 18:35:15,149 -  censo.orca_processor  -  DEBUG   - worker3279494:Copying .gbw file from /srv/scratch/z5358697/.automated/3792/0_PRESCREENING/CONF87/sp/sp.gbw.
2025-04-03 18:35:15,477 -   censo.qm_processor   -  DEBUG   - worker3279494:Running ['/apps/z_install_tree/linux-rocky8-ivybridge/gcc-12.2.0/orca-6.0.0-srtngmq3qlimg2qxbl6avaaiffipurdx/bin/orca', 'sp_gas.inp']...
2025-04-03 18:35:15,482 -   censo.qm_processor   -  DEBUG   - worker3279494:Started (PID: 3286393).
2025-04-03 18:35:16,920 -   censo.qm_processor   -  DEBUG   - worker3279471:Done.
2025-04-03 18:35:16,931 -     censo.parallel     -  DEBUG   - Free cores increased 0 -> 1.
2025-04-03 18:35:16,932 -     censo.parallel     -  DEBUG   - Free cores decreased 1 -> 0.
2025-04-03 18:35:16,932 -   censo.qm_processor   -  DEBUG   - worker3279471:Running on 1 cores.
2025-04-03 18:35:16,946 -   censo.qm_processor   -   INFO   - worker3279471:Running gsolv calculation in /srv/scratch/z5358697/.automated/3792/1_SCREENING/CONF28/gsolv.
2025-04-03 18:35:17,691 -  censo.orca_processor  -  DEBUG   - worker3279471:Copying .gbw file from /srv/scratch/z5358697/.automated/3792/0_PRESCREENING/CONF28/sp/sp.gbw.
2025-04-03 18:35:18,043 -   censo.qm_processor   -  DEBUG   - worker3279471:Running ['/apps/z_install_tree/linux-rocky8-ivybridge/gcc-12.2.0/orca-6.0.0-srtngmq3qlimg2qxbl6avaaiffipurdx/bin/orca', 'sp_gas.inp']...
2025-04-03 18:35:18,052 -   censo.qm_processor   -  DEBUG   - worker3279471:Started (PID: 3286414).
2025-04-03 18:35:25,182 -   censo.qm_processor   -  DEBUG   - worker3279500:Done.
2025-04-03 18:35:25,192 -     censo.parallel     -  DEBUG   - Free cores increased 0 -> 1.
2025-04-03 18:35:25,193 -     censo.parallel     -  DEBUG   - Free cores decreased 1 -> 0.
2025-04-03 18:35:25,194 -   censo.qm_processor   -  DEBUG   - worker3279500:Running on 1 cores.
2025-04-03 18:35:25,212 -   censo.qm_processor   -   INFO   - worker3279500:Running gsolv calculation in /srv/scratch/z5358697/.automated/3792/1_SCREENING/CONF88/gsolv.
2025-04-03 18:35:25,416 -  censo.orca_processor  -  DEBUG   - worker3279500:Copying .gbw file from /srv/scratch/z5358697/.automated/3792/0_PRESCREENING/CONF88/sp/sp.gbw.
2025-04-03 18:35:25,843 -   censo.qm_processor   -  DEBUG   - worker3279500:Running ['/apps/z_install_tree/linux-rocky8-ivybridge/gcc-12.2.0/orca-6.0.0-srtngmq3qlimg2qxbl6avaaiffipurdx/bin/orca', 'sp_gas.inp']...
2025-04-03 18:35:25,848 -   censo.qm_processor   -  DEBUG   - worker3279500:Started (PID: 3286452).
2025-04-03 18:35:35,948 -   censo.qm_processor   -  DEBUG   - worker3279511:Done.
2025-04-03 18:35:35,959 -     censo.parallel     -  DEBUG   - Free cores increased 0 -> 1.
2025-04-03 18:35:35,960 -     censo.parallel     -  DEBUG   - Free cores decreased 1 -> 0.
2025-04-03 18:35:35,961 -   censo.qm_processor   -  DEBUG   - worker3279511:Running on 1 cores.
2025-04-03 18:35:35,994 -   censo.qm_processor   -   INFO   - worker3279511:Running gsolv calculation in /srv/scratch/z5358697/.automated/3792/1_SCREENING/CONF177/gsolv.
2025-04-03 18:35:36,621 -  censo.orca_processor  -  DEBUG   - worker3279511:Copying .gbw file from /srv/scratch/z5358697/.automated/3792/0_PRESCREENING/CONF177/sp/sp.gbw.
2025-04-03 18:35:37,184 -   censo.qm_processor   -  DEBUG   - worker3279511:Running ['/apps/z_install_tree/linux-rocky8-ivybridge/gcc-12.2.0/orca-6.0.0-srtngmq3qlimg2qxbl6avaaiffipurdx/bin/orca', 'sp_gas.inp']...
2025-04-03 18:35:37,193 -   censo.qm_processor   -  DEBUG   - worker3279511:Started (PID: 3286491).
2025-04-03 18:35:47,306 -   censo.qm_processor   -  DEBUG   - worker3279488:Done.
2025-04-03 18:35:47,317 -     censo.parallel     -  DEBUG   - Free cores increased 0 -> 1.
2025-04-03 18:35:47,318 -     censo.parallel     -  DEBUG   - Free cores decreased 1 -> 0.
2025-04-03 18:35:47,319 -   censo.qm_processor   -  DEBUG   - worker3279488:Running on 1 cores.
2025-04-03 18:35:47,332 -   censo.qm_processor   -   INFO   - worker3279488:Running gsolv calculation in /srv/scratch/z5358697/.automated/3792/1_SCREENING/CONF183/gsolv.
2025-04-03 18:35:48,437 -  censo.orca_processor  -  DEBUG   - worker3279488:Copying .gbw file from /srv/scratch/z5358697/.automated/3792/0_PRESCREENING/CONF183/sp/sp.gbw.
2025-04-03 18:35:48,797 -   censo.qm_processor   -  DEBUG   - worker3279488:Running ['/apps/z_install_tree/linux-rocky8-ivybridge/gcc-12.2.0/orca-6.0.0-srtngmq3qlimg2qxbl6avaaiffipurdx/bin/orca', 'sp_gas.inp']...
2025-04-03 18:35:48,803 -   censo.qm_processor   -  DEBUG   - worker3279488:Started (PID: 3286569).
2025-04-03 18:36:27,927 -   censo.qm_processor   -  DEBUG   - worker3279483:Done.
2025-04-03 18:36:28,127 -  censo.orca_processor  -  DEBUG   - worker3279483:Copying .gbw file from /srv/scratch/z5358697/.automated/3792/0_PRESCREENING/CONF178/sp/sp.gbw.
2025-04-03 18:36:28,317 -   censo.qm_processor   -  DEBUG   - worker3279483:Running ['/apps/z_install_tree/linux-rocky8-ivybridge/gcc-12.2.0/orca-6.0.0-srtngmq3qlimg2qxbl6avaaiffipurdx/bin/orca', 'sp_solv.inp']...
2025-04-03 18:36:28,320 -   censo.qm_processor   -  DEBUG   - worker3279483:Started (PID: 3286707).
2025-04-03 18:36:40,285 -   censo.qm_processor   -  DEBUG   - worker3279476:Done.
2025-04-03 18:36:40,377 -  censo.orca_processor  -  DEBUG   - worker3279476:Copying .gbw file from /srv/scratch/z5358697/.automated/3792/0_PRESCREENING/CONF132/sp/sp.gbw.
2025-04-03 18:36:40,858 -   censo.qm_processor   -  DEBUG   - worker3279476:Running ['/apps/z_install_tree/linux-rocky8-ivybridge/gcc-12.2.0/orca-6.0.0-srtngmq3qlimg2qxbl6avaaiffipurdx/bin/orca', 'sp_solv.inp']...
2025-04-03 18:36:40,861 -   censo.qm_processor   -  DEBUG   - worker3279476:Started (PID: 3286797).
2025-04-03 18:36:42,688 -   censo.qm_processor   -  DEBUG   - worker3279508:Done.
2025-04-03 18:36:43,015 -  censo.orca_processor  -  DEBUG   - worker3279508:Copying .gbw file from /srv/scratch/z5358697/.automated/3792/0_PRESCREENING/CONF169/sp/sp.gbw.
2025-04-03 18:36:43,267 -   censo.qm_processor   -  DEBUG   - worker3279508:Running ['/apps/z_install_tree/linux-rocky8-ivybridge/gcc-12.2.0/orca-6.0.0-srtngmq3qlimg2qxbl6avaaiffipurdx/bin/orca', 'sp_solv.inp']...
2025-04-03 18:36:43,271 -   censo.qm_processor   -  DEBUG   - worker3279508:Started (PID: 3286807).
2025-04-03 18:36:47,067 -   censo.qm_processor   -  DEBUG   - worker3279490:Done.
2025-04-03 18:36:47,279 -  censo.orca_processor  -  DEBUG   - worker3279490:Copying .gbw file from /srv/scratch/z5358697/.automated/3792/0_PRESCREENING/CONF26/sp/sp.gbw.
2025-04-03 18:36:47,460 -   censo.qm_processor   -  DEBUG   - worker3279490:Running ['/apps/z_install_tree/linux-rocky8-ivybridge/gcc-12.2.0/orca-6.0.0-srtngmq3qlimg2qxbl6avaaiffipurdx/bin/orca', 'sp_solv.inp']...
2025-04-03 18:36:47,464 -   censo.qm_processor   -  DEBUG   - worker3279490:Started (PID: 3286831).
2025-04-03 18:36:47,915 -   censo.qm_processor   -  DEBUG   - worker3279470:Done.
2025-04-03 18:36:47,940 -  censo.orca_processor  -  DEBUG   - worker3279470:Copying .gbw file from /srv/scratch/z5358697/.automated/3792/0_PRESCREENING/CONF19/sp/sp.gbw.
2025-04-03 18:36:48,152 -   censo.qm_processor   -  DEBUG   - worker3279470:Running ['/apps/z_install_tree/linux-rocky8-ivybridge/gcc-12.2.0/orca-6.0.0-srtngmq3qlimg2qxbl6avaaiffipurdx/bin/orca', 'sp_solv.inp']...
2025-04-03 18:36:48,155 -   censo.qm_processor   -  DEBUG   - worker3279470:Started (PID: 3286833).
2025-04-03 18:36:49,355 -   censo.qm_processor   -  DEBUG   - worker3279498:Done.
2025-04-03 18:36:49,371 -  censo.orca_processor  -  DEBUG   - worker3279498:Copying .gbw file from /srv/scratch/z5358697/.automated/3792/0_PRESCREENING/CONF174/sp/sp.gbw.
2025-04-03 18:36:49,708 -   censo.qm_processor   -  DEBUG   - worker3279504:Done.
2025-04-03 18:36:49,732 -  censo.orca_processor  -  DEBUG   - worker3279504:Copying .gbw file from /srv/scratch/z5358697/.automated/3792/0_PRESCREENING/CONF67/sp/sp.gbw.
2025-04-03 18:36:49,923 -   censo.qm_processor   -  DEBUG   - worker3279498:Running ['/apps/z_install_tree/linux-rocky8-ivybridge/gcc-12.2.0/orca-6.0.0-srtngmq3qlimg2qxbl6avaaiffipurdx/bin/orca', 'sp_solv.inp']...
2025-04-03 18:36:49,934 -   censo.qm_processor   -  DEBUG   - worker3279498:Started (PID: 3286856).
2025-04-03 18:36:50,092 -   censo.qm_processor   -  DEBUG   - worker3279504:Running ['/apps/z_install_tree/linux-rocky8-ivybridge/gcc-12.2.0/orca-6.0.0-srtngmq3qlimg2qxbl6avaaiffipurdx/bin/orca', 'sp_solv.inp']...
2025-04-03 18:36:50,095 -   censo.qm_processor   -  DEBUG   - worker3279504:Started (PID: 3286858).
2025-04-03 18:36:56,147 -   censo.qm_processor   -  DEBUG   - worker3279481:Done.
2025-04-03 18:36:56,203 -  censo.orca_processor  -  DEBUG   - worker3279481:Copying .gbw file from /srv/scratch/z5358697/.automated/3792/0_PRESCREENING/CONF62/sp/sp.gbw.
2025-04-03 18:36:56,264 -   censo.qm_processor   -  DEBUG   - worker3279481:Running ['/apps/z_install_tree/linux-rocky8-ivybridge/gcc-12.2.0/orca-6.0.0-srtngmq3qlimg2qxbl6avaaiffipurdx/bin/orca', 'sp_solv.inp']...
2025-04-03 18:36:56,272 -   censo.qm_processor   -  DEBUG   - worker3279481:Started (PID: 3286907).
2025-04-03 18:36:56,794 -   censo.qm_processor   -  DEBUG   - worker3279469:Done.
2025-04-03 18:36:56,820 -  censo.orca_processor  -  DEBUG   - worker3279469:Copying .gbw file from /srv/scratch/z5358697/.automated/3792/0_PRESCREENING/CONF29/sp/sp.gbw.
2025-04-03 18:36:56,868 -   censo.qm_processor   -  DEBUG   - worker3279469:Running ['/apps/z_install_tree/linux-rocky8-ivybridge/gcc-12.2.0/orca-6.0.0-srtngmq3qlimg2qxbl6avaaiffipurdx/bin/orca', 'sp_solv.inp']...
2025-04-03 18:36:56,871 -   censo.qm_processor   -  DEBUG   - worker3279469:Started (PID: 3286916).
2025-04-03 18:36:57,871 -   censo.qm_processor   -  DEBUG   - worker3279478:Done.
2025-04-03 18:36:57,889 -  censo.orca_processor  -  DEBUG   - worker3279478:Copying .gbw file from /srv/scratch/z5358697/.automated/3792/0_PRESCREENING/CONF160/sp/sp.gbw.
2025-04-03 18:36:58,182 -   censo.qm_processor   -  DEBUG   - worker3279478:Running ['/apps/z_install_tree/linux-rocky8-ivybridge/gcc-12.2.0/orca-6.0.0-srtngmq3qlimg2qxbl6avaaiffipurdx/bin/orca', 'sp_solv.inp']...
2025-04-03 18:36:58,185 -   censo.qm_processor   -  DEBUG   - worker3279478:Started (PID: 3286923).
2025-04-03 18:37:05,821 -   censo.qm_processor   -  DEBUG   - worker3279471:Done.
2025-04-03 18:37:05,842 -  censo.orca_processor  -  DEBUG   - worker3279471:Copying .gbw file from /srv/scratch/z5358697/.automated/3792/0_PRESCREENING/CONF28/sp/sp.gbw.
2025-04-03 18:37:05,884 -   censo.qm_processor   -  DEBUG   - worker3279471:Running ['/apps/z_install_tree/linux-rocky8-ivybridge/gcc-12.2.0/orca-6.0.0-srtngmq3qlimg2qxbl6avaaiffipurdx/bin/orca', 'sp_solv.inp']...
2025-04-03 18:37:05,887 -   censo.qm_processor   -  DEBUG   - worker3279471:Started (PID: 3286974).
2025-04-03 18:37:06,246 -   censo.qm_processor   -  DEBUG   - worker3279472:Done.
2025-04-03 18:37:06,277 -  censo.orca_processor  -  DEBUG   - worker3279472:Copying .gbw file from /srv/scratch/z5358697/.automated/3792/0_PRESCREENING/CONF171/sp/sp.gbw.
2025-04-03 18:37:06,392 -   censo.qm_processor   -  DEBUG   - worker3279472:Running ['/apps/z_install_tree/linux-rocky8-ivybridge/gcc-12.2.0/orca-6.0.0-srtngmq3qlimg2qxbl6avaaiffipurdx/bin/orca', 'sp_solv.inp']...
2025-04-03 18:37:06,396 -   censo.qm_processor   -  DEBUG   - worker3279472:Started (PID: 3286982).
2025-04-03 18:37:06,660 -   censo.qm_processor   -  DEBUG   - worker3279494:Done.
2025-04-03 18:37:06,690 -  censo.orca_processor  -  DEBUG   - worker3279494:Copying .gbw file from /srv/scratch/z5358697/.automated/3792/0_PRESCREENING/CONF87/sp/sp.gbw.
2025-04-03 18:37:06,754 -   censo.qm_processor   -  DEBUG   - worker3279494:Running ['/apps/z_install_tree/linux-rocky8-ivybridge/gcc-12.2.0/orca-6.0.0-srtngmq3qlimg2qxbl6avaaiffipurdx/bin/orca', 'sp_solv.inp']...
2025-04-03 18:37:06,758 -   censo.qm_processor   -  DEBUG   - worker3279494:Started (PID: 3286984).
2025-04-03 18:37:18,083 -   censo.qm_processor   -  DEBUG   - worker3279500:Done.
2025-04-03 18:37:18,773 -  censo.orca_processor  -  DEBUG   - worker3279500:Copying .gbw file from /srv/scratch/z5358697/.automated/3792/0_PRESCREENING/CONF88/sp/sp.gbw.
2025-04-03 18:37:19,029 -   censo.qm_processor   -  DEBUG   - worker3279500:Running ['/apps/z_install_tree/linux-rocky8-ivybridge/gcc-12.2.0/orca-6.0.0-srtngmq3qlimg2qxbl6avaaiffipurdx/bin/orca', 'sp_solv.inp']...
2025-04-03 18:37:19,032 -   censo.qm_processor   -  DEBUG   - worker3279500:Started (PID: 3287092).
2025-04-03 18:37:20,633 -   censo.qm_processor   -  DEBUG   - worker3279511:Done.
2025-04-03 18:37:20,653 -  censo.orca_processor  -  DEBUG   - worker3279511:Copying .gbw file from /srv/scratch/z5358697/.automated/3792/0_PRESCREENING/CONF177/sp/sp.gbw.
2025-04-03 18:37:21,168 -   censo.qm_processor   -  DEBUG   - worker3279511:Running ['/apps/z_install_tree/linux-rocky8-ivybridge/gcc-12.2.0/orca-6.0.0-srtngmq3qlimg2qxbl6avaaiffipurdx/bin/orca', 'sp_solv.inp']...
2025-04-03 18:37:21,172 -   censo.qm_processor   -  DEBUG   - worker3279511:Started (PID: 3287102).
2025-04-03 18:37:25,173 -   censo.qm_processor   -  DEBUG   - worker3279488:Done.
2025-04-03 18:37:25,207 -  censo.orca_processor  -  DEBUG   - worker3279488:Copying .gbw file from /srv/scratch/z5358697/.automated/3792/0_PRESCREENING/CONF183/sp/sp.gbw.
2025-04-03 18:37:25,446 -   censo.qm_processor   -  DEBUG   - worker3279488:Running ['/apps/z_install_tree/linux-rocky8-ivybridge/gcc-12.2.0/orca-6.0.0-srtngmq3qlimg2qxbl6avaaiffipurdx/bin/orca', 'sp_solv.inp']...
2025-04-03 18:37:25,450 -   censo.qm_processor   -  DEBUG   - worker3279488:Started (PID: 3287126).
2025-04-03 18:38:54,252 -   censo.qm_processor   -  DEBUG   - worker3279483:Done.
2025-04-03 18:38:54,263 -     censo.parallel     -  DEBUG   - Free cores increased 0 -> 1.
2025-04-03 18:38:54,264 -     censo.parallel     -  DEBUG   - Free cores decreased 1 -> 0.
2025-04-03 18:38:54,265 -   censo.qm_processor   -  DEBUG   - worker3279483:Running on 1 cores.
2025-04-03 18:38:54,290 -   censo.qm_processor   -   INFO   - worker3279483:Running gsolv calculation in /srv/scratch/z5358697/.automated/3792/1_SCREENING/CONF181/gsolv.
2025-04-03 18:38:54,397 -  censo.orca_processor  -  DEBUG   - worker3279483:Copying .gbw file from /srv/scratch/z5358697/.automated/3792/0_PRESCREENING/CONF181/sp/sp.gbw.
2025-04-03 18:38:54,912 -   censo.qm_processor   -  DEBUG   - worker3279483:Running ['/apps/z_install_tree/linux-rocky8-ivybridge/gcc-12.2.0/orca-6.0.0-srtngmq3qlimg2qxbl6avaaiffipurdx/bin/orca', 'sp_gas.inp']...
2025-04-03 18:38:54,921 -   censo.qm_processor   -  DEBUG   - worker3279483:Started (PID: 3287686).
2025-04-03 18:38:55,708 -   censo.qm_processor   -  DEBUG   - worker3279476:Done.
2025-04-03 18:38:56,164 -     censo.parallel     -  DEBUG   - Free cores increased 0 -> 1.
2025-04-03 18:38:56,165 -     censo.parallel     -  DEBUG   - Free cores decreased 1 -> 0.
2025-04-03 18:38:56,166 -   censo.qm_processor   -  DEBUG   - worker3279476:Running on 1 cores.
2025-04-03 18:38:56,179 -   censo.qm_processor   -   INFO   - worker3279476:Running gsolv calculation in /srv/scratch/z5358697/.automated/3792/1_SCREENING/CONF158/gsolv.
2025-04-03 18:38:56,710 -  censo.orca_processor  -  DEBUG   - worker3279476:Copying .gbw file from /srv/scratch/z5358697/.automated/3792/0_PRESCREENING/CONF158/sp/sp.gbw.
2025-04-03 18:38:56,960 -   censo.qm_processor   -  DEBUG   - worker3279476:Running ['/apps/z_install_tree/linux-rocky8-ivybridge/gcc-12.2.0/orca-6.0.0-srtngmq3qlimg2qxbl6avaaiffipurdx/bin/orca', 'sp_gas.inp']...
2025-04-03 18:38:56,966 -   censo.qm_processor   -  DEBUG   - worker3279476:Started (PID: 3287702).
2025-04-03 18:39:03,008 -   censo.qm_processor   -  DEBUG   - worker3279490:Done.
2025-04-03 18:39:03,384 -   censo.qm_processor   -  DEBUG   - worker3279470:Done.
2025-04-03 18:39:03,431 -     censo.parallel     -  DEBUG   - Free cores increased 0 -> 1.
2025-04-03 18:39:03,432 -     censo.parallel     -  DEBUG   - Free cores decreased 1 -> 0.
2025-04-03 18:39:03,433 -   censo.qm_processor   -  DEBUG   - worker3279490:Running on 1 cores.
2025-04-03 18:39:03,450 -   censo.qm_processor   -   INFO   - worker3279490:Running gsolv calculation in /srv/scratch/z5358697/.automated/3792/1_SCREENING/CONF170/gsolv.
2025-04-03 18:39:03,488 -  censo.orca_processor  -  DEBUG   - worker3279490:Copying .gbw file from /srv/scratch/z5358697/.automated/3792/0_PRESCREENING/CONF170/sp/sp.gbw.
2025-04-03 18:39:03,602 -     censo.parallel     -  DEBUG   - Free cores increased 0 -> 1.
2025-04-03 18:39:03,603 -     censo.parallel     -  DEBUG   - Free cores decreased 1 -> 0.
2025-04-03 18:39:03,604 -   censo.qm_processor   -  DEBUG   - worker3279470:Running on 1 cores.
2025-04-03 18:39:03,618 -   censo.qm_processor   -   INFO   - worker3279470:Running gsolv calculation in /srv/scratch/z5358697/.automated/3792/1_SCREENING/CONF42/gsolv.
2025-04-03 18:39:03,681 -   censo.qm_processor   -  DEBUG   - worker3279490:Running ['/apps/z_install_tree/linux-rocky8-ivybridge/gcc-12.2.0/orca-6.0.0-srtngmq3qlimg2qxbl6avaaiffipurdx/bin/orca', 'sp_gas.inp']...
2025-04-03 18:39:03,687 -   censo.qm_processor   -  DEBUG   - worker3279490:Started (PID: 3287751).
2025-04-03 18:39:05,491 -  censo.orca_processor  -  DEBUG   - worker3279470:Copying .gbw file from /srv/scratch/z5358697/.automated/3792/0_PRESCREENING/CONF42/sp/sp.gbw.
2025-04-03 18:39:05,664 -   censo.qm_processor   -  DEBUG   - worker3279469:Done.
2025-04-03 18:39:05,673 -     censo.parallel     -  DEBUG   - Free cores increased 0 -> 1.
2025-04-03 18:39:05,674 -     censo.parallel     -  DEBUG   - Free cores decreased 1 -> 0.
2025-04-03 18:39:05,675 -   censo.qm_processor   -  DEBUG   - worker3279469:Running on 1 cores.
2025-04-03 18:39:05,687 -   censo.qm_processor   -   INFO   - worker3279469:Running gsolv calculation in /srv/scratch/z5358697/.automated/3792/1_SCREENING/CONF157/gsolv.
2025-04-03 18:39:05,768 -   censo.qm_processor   -  DEBUG   - worker3279504:Done.
2025-04-03 18:39:05,778 -     censo.parallel     -  DEBUG   - Free cores increased 0 -> 1.
2025-04-03 18:39:05,780 -     censo.parallel     -  DEBUG   - Free cores decreased 1 -> 0.
2025-04-03 18:39:05,781 -   censo.qm_processor   -  DEBUG   - worker3279504:Running on 1 cores.
2025-04-03 18:39:05,847 -   censo.qm_processor   -   INFO   - worker3279504:Running gsolv calculation in /srv/scratch/z5358697/.automated/3792/1_SCREENING/CONF34/gsolv.
2025-04-03 18:39:05,892 -   censo.qm_processor   -  DEBUG   - worker3279471:Done.
2025-04-03 18:39:05,979 -   censo.qm_processor   -  DEBUG   - worker3279470:Running ['/apps/z_install_tree/linux-rocky8-ivybridge/gcc-12.2.0/orca-6.0.0-srtngmq3qlimg2qxbl6avaaiffipurdx/bin/orca', 'sp_gas.inp']...
2025-04-03 18:39:05,986 -   censo.qm_processor   -  DEBUG   - worker3279470:Started (PID: 3287763).
2025-04-03 18:39:06,458 -     censo.parallel     -  DEBUG   - Free cores increased 0 -> 1.
2025-04-03 18:39:06,459 -     censo.parallel     -  DEBUG   - Free cores decreased 1 -> 0.
2025-04-03 18:39:06,460 -   censo.qm_processor   -  DEBUG   - worker3279471:Running on 1 cores.
2025-04-03 18:39:06,475 -   censo.qm_processor   -   INFO   - worker3279471:Running gsolv calculation in /srv/scratch/z5358697/.automated/3792/1_SCREENING/CONF144/gsolv.
2025-04-03 18:39:06,628 -  censo.orca_processor  -  DEBUG   - worker3279469:Copying .gbw file from /srv/scratch/z5358697/.automated/3792/0_PRESCREENING/CONF157/sp/sp.gbw.
2025-04-03 18:39:06,763 -  censo.orca_processor  -  DEBUG   - worker3279504:Copying .gbw file from /srv/scratch/z5358697/.automated/3792/0_PRESCREENING/CONF34/sp/sp.gbw.
2025-04-03 18:39:06,851 -   censo.qm_processor   -  DEBUG   - worker3279469:Running ['/apps/z_install_tree/linux-rocky8-ivybridge/gcc-12.2.0/orca-6.0.0-srtngmq3qlimg2qxbl6avaaiffipurdx/bin/orca', 'sp_gas.inp']...
2025-04-03 18:39:06,860 -   censo.qm_processor   -  DEBUG   - worker3279469:Started (PID: 3287769).
2025-04-03 18:39:06,937 -   censo.qm_processor   -  DEBUG   - worker3279504:Running ['/apps/z_install_tree/linux-rocky8-ivybridge/gcc-12.2.0/orca-6.0.0-srtngmq3qlimg2qxbl6avaaiffipurdx/bin/orca', 'sp_gas.inp']...
2025-04-03 18:39:06,944 -   censo.qm_processor   -  DEBUG   - worker3279504:Started (PID: 3287771).
2025-04-03 18:39:07,264 -  censo.orca_processor  -  DEBUG   - worker3279471:Copying .gbw file from /srv/scratch/z5358697/.automated/3792/0_PRESCREENING/CONF144/sp/sp.gbw.
2025-04-03 18:39:07,638 -   censo.qm_processor   -  DEBUG   - worker3279471:Running ['/apps/z_install_tree/linux-rocky8-ivybridge/gcc-12.2.0/orca-6.0.0-srtngmq3qlimg2qxbl6avaaiffipurdx/bin/orca', 'sp_gas.inp']...
2025-04-03 18:39:07,641 -   censo.qm_processor   -  DEBUG   - worker3279471:Started (PID: 3287776).
2025-04-03 18:39:09,316 -   censo.qm_processor   -  DEBUG   - worker3279508:Done.
2025-04-03 18:39:09,329 -     censo.parallel     -  DEBUG   - Free cores increased 0 -> 1.
2025-04-03 18:39:09,329 -     censo.parallel     -  DEBUG   - Free cores decreased 1 -> 0.
2025-04-03 18:39:09,330 -   censo.qm_processor   -  DEBUG   - worker3279508:Running on 1 cores.
2025-04-03 18:39:09,344 -   censo.qm_processor   -   INFO   - worker3279508:Running gsolv calculation in /srv/scratch/z5358697/.automated/3792/1_SCREENING/CONF43/gsolv.
2025-04-03 18:39:09,800 -  censo.orca_processor  -  DEBUG   - worker3279508:Copying .gbw file from /srv/scratch/z5358697/.automated/3792/0_PRESCREENING/CONF43/sp/sp.gbw.
2025-04-03 18:39:10,080 -   censo.qm_processor   -  DEBUG   - worker3279508:Running ['/apps/z_install_tree/linux-rocky8-ivybridge/gcc-12.2.0/orca-6.0.0-srtngmq3qlimg2qxbl6avaaiffipurdx/bin/orca', 'sp_gas.inp']...
2025-04-03 18:39:10,086 -   censo.qm_processor   -  DEBUG   - worker3279508:Started (PID: 3287783).
2025-04-03 18:39:14,064 -   censo.qm_processor   -  DEBUG   - worker3279494:Done.
2025-04-03 18:39:14,075 -     censo.parallel     -  DEBUG   - Free cores increased 0 -> 1.
2025-04-03 18:39:14,075 -     censo.parallel     -  DEBUG   - Free cores decreased 1 -> 0.
2025-04-03 18:39:14,076 -   censo.qm_processor   -  DEBUG   - worker3279494:Running on 1 cores.
2025-04-03 18:39:14,344 -   censo.qm_processor   -   INFO   - worker3279494:Running gsolv calculation in /srv/scratch/z5358697/.automated/3792/1_SCREENING/CONF119/gsolv.
2025-04-03 18:39:15,463 -  censo.orca_processor  -  DEBUG   - worker3279494:Copying .gbw file from /srv/scratch/z5358697/.automated/3792/0_PRESCREENING/CONF119/sp/sp.gbw.
2025-04-03 18:39:15,587 -   censo.qm_processor   -  DEBUG   - worker3279494:Running ['/apps/z_install_tree/linux-rocky8-ivybridge/gcc-12.2.0/orca-6.0.0-srtngmq3qlimg2qxbl6avaaiffipurdx/bin/orca', 'sp_gas.inp']...
2025-04-03 18:39:15,593 -   censo.qm_processor   -  DEBUG   - worker3279494:Started (PID: 3287803).
2025-04-03 18:39:16,666 -   censo.qm_processor   -  DEBUG   - worker3279498:Done.
2025-04-03 18:39:16,810 -     censo.parallel     -  DEBUG   - Free cores increased 0 -> 1.
2025-04-03 18:39:16,810 -     censo.parallel     -  DEBUG   - Free cores decreased 1 -> 0.
2025-04-03 18:39:16,811 -   censo.qm_processor   -  DEBUG   - worker3279498:Running on 1 cores.
2025-04-03 18:39:16,832 -   censo.qm_processor   -   INFO   - worker3279498:Running gsolv calculation in /srv/scratch/z5358697/.automated/3792/1_SCREENING/CONF114/gsolv.
2025-04-03 18:39:17,247 -  censo.orca_processor  -  DEBUG   - worker3279498:Copying .gbw file from /srv/scratch/z5358697/.automated/3792/0_PRESCREENING/CONF114/sp/sp.gbw.
2025-04-03 18:39:17,530 -   censo.qm_processor   -  DEBUG   - worker3279498:Running ['/apps/z_install_tree/linux-rocky8-ivybridge/gcc-12.2.0/orca-6.0.0-srtngmq3qlimg2qxbl6avaaiffipurdx/bin/orca', 'sp_gas.inp']...
2025-04-03 18:39:17,536 -   censo.qm_processor   -  DEBUG   - worker3279498:Started (PID: 3287831).
2025-04-03 18:39:28,859 -   censo.qm_processor   -  DEBUG   - worker3279478:Done.
2025-04-03 18:39:28,869 -     censo.parallel     -  DEBUG   - Free cores increased 0 -> 1.
2025-04-03 18:39:28,870 -     censo.parallel     -  DEBUG   - Free cores decreased 1 -> 0.
2025-04-03 18:39:28,871 -   censo.qm_processor   -  DEBUG   - worker3279478:Running on 1 cores.
2025-04-03 18:39:28,883 -   censo.qm_processor   -   INFO   - worker3279478:Running gsolv calculation in /srv/scratch/z5358697/.automated/3792/1_SCREENING/CONF176/gsolv.
2025-04-03 18:39:28,948 -   censo.qm_processor   -  DEBUG   - worker3279472:Done.
2025-04-03 18:39:29,187 -     censo.parallel     -  DEBUG   - Free cores increased 0 -> 1.
2025-04-03 18:39:29,188 -     censo.parallel     -  DEBUG   - Free cores decreased 1 -> 0.
2025-04-03 18:39:29,189 -   censo.qm_processor   -  DEBUG   - worker3279472:Running on 1 cores.
2025-04-03 18:39:29,209 -   censo.qm_processor   -   INFO   - worker3279472:Running gsolv calculation in /srv/scratch/z5358697/.automated/3792/1_SCREENING/CONF182/gsolv.
2025-04-03 18:39:29,258 -   censo.qm_processor   -  DEBUG   - worker3279500:Done.
2025-04-03 18:39:29,389 -  censo.orca_processor  -  DEBUG   - worker3279472:Copying .gbw file from /srv/scratch/z5358697/.automated/3792/0_PRESCREENING/CONF182/sp/sp.gbw.
2025-04-03 18:39:29,551 -     censo.parallel     -  DEBUG   - Free cores increased 0 -> 1.
2025-04-03 18:39:29,552 -     censo.parallel     -  DEBUG   - Free cores decreased 1 -> 0.
2025-04-03 18:39:29,553 -   censo.qm_processor   -  DEBUG   - worker3279500:Running on 1 cores.
2025-04-03 18:39:29,571 -   censo.qm_processor   -   INFO   - worker3279500:Running gsolv calculation in /srv/scratch/z5358697/.automated/3792/1_SCREENING/CONF145/gsolv.
2025-04-03 18:39:29,721 -   censo.qm_processor   -  DEBUG   - worker3279472:Running ['/apps/z_install_tree/linux-rocky8-ivybridge/gcc-12.2.0/orca-6.0.0-srtngmq3qlimg2qxbl6avaaiffipurdx/bin/orca', 'sp_gas.inp']...
2025-04-03 18:39:29,726 -   censo.qm_processor   -  DEBUG   - worker3279472:Started (PID: 3287883).
2025-04-03 18:39:29,822 -  censo.orca_processor  -  DEBUG   - worker3279478:Copying .gbw file from /srv/scratch/z5358697/.automated/3792/0_PRESCREENING/CONF176/sp/sp.gbw.
2025-04-03 18:39:30,117 -   censo.qm_processor   -  DEBUG   - worker3279478:Running ['/apps/z_install_tree/linux-rocky8-ivybridge/gcc-12.2.0/orca-6.0.0-srtngmq3qlimg2qxbl6avaaiffipurdx/bin/orca', 'sp_gas.inp']...
2025-04-03 18:39:30,120 -   censo.qm_processor   -  DEBUG   - worker3279478:Started (PID: 3287884).
2025-04-03 18:39:31,431 -  censo.orca_processor  -  DEBUG   - worker3279500:Copying .gbw file from /srv/scratch/z5358697/.automated/3792/0_PRESCREENING/CONF145/sp/sp.gbw.
2025-04-03 18:39:31,592 -   censo.qm_processor   -  DEBUG   - worker3279500:Running ['/apps/z_install_tree/linux-rocky8-ivybridge/gcc-12.2.0/orca-6.0.0-srtngmq3qlimg2qxbl6avaaiffipurdx/bin/orca', 'sp_gas.inp']...
2025-04-03 18:39:31,596 -   censo.qm_processor   -  DEBUG   - worker3279500:Started (PID: 3287890).
2025-04-03 18:39:33,570 -   censo.qm_processor   -  DEBUG   - worker3279481:Done.
2025-04-03 18:39:33,579 -     censo.parallel     -  DEBUG   - Free cores increased 0 -> 1.
2025-04-03 18:39:33,580 -     censo.parallel     -  DEBUG   - Free cores decreased 1 -> 0.
2025-04-03 18:39:33,581 -   censo.qm_processor   -  DEBUG   - worker3279481:Running on 1 cores.
2025-04-03 18:39:33,605 -   censo.qm_processor   -   INFO   - worker3279481:Running gsolv calculation in /srv/scratch/z5358697/.automated/3792/1_SCREENING/CONF180/gsolv.
2025-04-03 18:39:35,541 -  censo.orca_processor  -  DEBUG   - worker3279481:Copying .gbw file from /srv/scratch/z5358697/.automated/3792/0_PRESCREENING/CONF180/sp/sp.gbw.
2025-04-03 18:39:35,865 -   censo.qm_processor   -  DEBUG   - worker3279481:Running ['/apps/z_install_tree/linux-rocky8-ivybridge/gcc-12.2.0/orca-6.0.0-srtngmq3qlimg2qxbl6avaaiffipurdx/bin/orca', 'sp_gas.inp']...
2025-04-03 18:39:35,871 -   censo.qm_processor   -  DEBUG   - worker3279481:Started (PID: 3287934).
2025-04-03 18:39:52,253 -   censo.qm_processor   -  DEBUG   - worker3279488:Done.
2025-04-03 18:39:52,650 -     censo.parallel     -  DEBUG   - Free cores increased 0 -> 1.
2025-04-03 18:39:52,651 -     censo.parallel     -  DEBUG   - Free cores decreased 1 -> 0.
2025-04-03 18:39:52,651 -   censo.qm_processor   -  DEBUG   - worker3279488:Running on 1 cores.
2025-04-03 18:39:52,666 -   censo.qm_processor   -   INFO   - worker3279488:Running gsolv calculation in /srv/scratch/z5358697/.automated/3792/1_SCREENING/CONF155/gsolv.
2025-04-03 18:39:52,687 -  censo.orca_processor  -  DEBUG   - worker3279488:Copying .gbw file from /srv/scratch/z5358697/.automated/3792/0_PRESCREENING/CONF155/sp/sp.gbw.
2025-04-03 18:39:53,119 -   censo.qm_processor   -  DEBUG   - worker3279488:Running ['/apps/z_install_tree/linux-rocky8-ivybridge/gcc-12.2.0/orca-6.0.0-srtngmq3qlimg2qxbl6avaaiffipurdx/bin/orca', 'sp_gas.inp']...
2025-04-03 18:39:53,125 -   censo.qm_processor   -  DEBUG   - worker3279488:Started (PID: 3288061).
2025-04-03 18:39:54,054 -   censo.qm_processor   -  DEBUG   - worker3279511:Done.
2025-04-03 18:39:54,248 -     censo.parallel     -  DEBUG   - Free cores increased 0 -> 1.
2025-04-03 18:39:54,249 -     censo.parallel     -  DEBUG   - Free cores decreased 1 -> 0.
2025-04-03 18:39:54,249 -   censo.qm_processor   -  DEBUG   - worker3279511:Running on 1 cores.
2025-04-03 18:39:54,276 -   censo.qm_processor   -   INFO   - worker3279511:Running gsolv calculation in /srv/scratch/z5358697/.automated/3792/1_SCREENING/CONF21/gsolv.
2025-04-03 18:39:54,333 -  censo.orca_processor  -  DEBUG   - worker3279511:Copying .gbw file from /srv/scratch/z5358697/.automated/3792/0_PRESCREENING/CONF21/sp/sp.gbw.
2025-04-03 18:39:54,488 -   censo.qm_processor   -  DEBUG   - worker3279511:Running ['/apps/z_install_tree/linux-rocky8-ivybridge/gcc-12.2.0/orca-6.0.0-srtngmq3qlimg2qxbl6avaaiffipurdx/bin/orca', 'sp_gas.inp']...
2025-04-03 18:39:54,494 -   censo.qm_processor   -  DEBUG   - worker3279511:Started (PID: 3288068).
2025-04-03 18:40:45,185 -   censo.qm_processor   -  DEBUG   - worker3279483:Done.
2025-04-03 18:40:45,242 -  censo.orca_processor  -  DEBUG   - worker3279483:Copying .gbw file from /srv/scratch/z5358697/.automated/3792/0_PRESCREENING/CONF181/sp/sp.gbw.
2025-04-03 18:40:45,294 -   censo.qm_processor   -  DEBUG   - worker3279483:Running ['/apps/z_install_tree/linux-rocky8-ivybridge/gcc-12.2.0/orca-6.0.0-srtngmq3qlimg2qxbl6avaaiffipurdx/bin/orca', 'sp_solv.inp']...
2025-04-03 18:40:45,298 -   censo.qm_processor   -  DEBUG   - worker3279483:Started (PID: 3288292).
2025-04-03 18:40:46,600 -   censo.qm_processor   -  DEBUG   - worker3279476:Done.
2025-04-03 18:40:46,620 -  censo.orca_processor  -  DEBUG   - worker3279476:Copying .gbw file from /srv/scratch/z5358697/.automated/3792/0_PRESCREENING/CONF158/sp/sp.gbw.
2025-04-03 18:40:46,921 -   censo.qm_processor   -  DEBUG   - worker3279476:Running ['/apps/z_install_tree/linux-rocky8-ivybridge/gcc-12.2.0/orca-6.0.0-srtngmq3qlimg2qxbl6avaaiffipurdx/bin/orca', 'sp_solv.inp']...
2025-04-03 18:40:46,925 -   censo.qm_processor   -  DEBUG   - worker3279476:Started (PID: 3288307).
2025-04-03 18:40:51,893 -   censo.qm_processor   -  DEBUG   - worker3279490:Done.
2025-04-03 18:40:51,911 -  censo.orca_processor  -  DEBUG   - worker3279490:Copying .gbw file from /srv/scratch/z5358697/.automated/3792/0_PRESCREENING/CONF170/sp/sp.gbw.
2025-04-03 18:40:52,092 -   censo.qm_processor   -  DEBUG   - worker3279490:Running ['/apps/z_install_tree/linux-rocky8-ivybridge/gcc-12.2.0/orca-6.0.0-srtngmq3qlimg2qxbl6avaaiffipurdx/bin/orca', 'sp_solv.inp']...
2025-04-03 18:40:52,095 -   censo.qm_processor   -  DEBUG   - worker3279490:Started (PID: 3288325).
2025-04-03 18:40:58,479 -   censo.qm_processor   -  DEBUG   - worker3279469:Done.
2025-04-03 18:40:58,487 -   censo.qm_processor   -  DEBUG   - worker3279504:Done.
2025-04-03 18:40:58,507 -  censo.orca_processor  -  DEBUG   - worker3279504:Copying .gbw file from /srv/scratch/z5358697/.automated/3792/0_PRESCREENING/CONF34/sp/sp.gbw.
2025-04-03 18:40:58,866 -   censo.qm_processor   -  DEBUG   - worker3279504:Running ['/apps/z_install_tree/linux-rocky8-ivybridge/gcc-12.2.0/orca-6.0.0-srtngmq3qlimg2qxbl6avaaiffipurdx/bin/orca', 'sp_solv.inp']...
2025-04-03 18:40:58,871 -   censo.qm_processor   -  DEBUG   - worker3279504:Started (PID: 3288391).
2025-04-03 18:40:59,022 -  censo.orca_processor  -  DEBUG   - worker3279469:Copying .gbw file from /srv/scratch/z5358697/.automated/3792/0_PRESCREENING/CONF157/sp/sp.gbw.
2025-04-03 18:40:59,209 -   censo.qm_processor   -  DEBUG   - worker3279469:Running ['/apps/z_install_tree/linux-rocky8-ivybridge/gcc-12.2.0/orca-6.0.0-srtngmq3qlimg2qxbl6avaaiffipurdx/bin/orca', 'sp_solv.inp']...
2025-04-03 18:40:59,212 -   censo.qm_processor   -  DEBUG   - worker3279469:Started (PID: 3288395).
2025-04-03 18:40:59,617 -   censo.qm_processor   -  DEBUG   - worker3279471:Done.
2025-04-03 18:40:59,637 -  censo.orca_processor  -  DEBUG   - worker3279471:Copying .gbw file from /srv/scratch/z5358697/.automated/3792/0_PRESCREENING/CONF144/sp/sp.gbw.
2025-04-03 18:40:59,685 -   censo.qm_processor   -  DEBUG   - worker3279508:Done.
2025-04-03 18:41:00,017 -   censo.qm_processor   -  DEBUG   - worker3279471:Running ['/apps/z_install_tree/linux-rocky8-ivybridge/gcc-12.2.0/orca-6.0.0-srtngmq3qlimg2qxbl6avaaiffipurdx/bin/orca', 'sp_solv.inp']...
2025-04-03 18:41:00,020 -   censo.qm_processor   -  DEBUG   - worker3279471:Started (PID: 3288399).
2025-04-03 18:41:00,056 -  censo.orca_processor  -  DEBUG   - worker3279508:Copying .gbw file from /srv/scratch/z5358697/.automated/3792/0_PRESCREENING/CONF43/sp/sp.gbw.
2025-04-03 18:41:00,211 -   censo.qm_processor   -  DEBUG   - worker3279508:Running ['/apps/z_install_tree/linux-rocky8-ivybridge/gcc-12.2.0/orca-6.0.0-srtngmq3qlimg2qxbl6avaaiffipurdx/bin/orca', 'sp_solv.inp']...
2025-04-03 18:41:00,218 -   censo.qm_processor   -  DEBUG   - worker3279508:Started (PID: 3288400).
2025-04-03 18:41:00,551 -   censo.qm_processor   -  DEBUG   - worker3279470:Done.
2025-04-03 18:41:00,787 -  censo.orca_processor  -  DEBUG   - worker3279470:Copying .gbw file from /srv/scratch/z5358697/.automated/3792/0_PRESCREENING/CONF42/sp/sp.gbw.
2025-04-03 18:41:01,071 -   censo.qm_processor   -  DEBUG   - worker3279470:Running ['/apps/z_install_tree/linux-rocky8-ivybridge/gcc-12.2.0/orca-6.0.0-srtngmq3qlimg2qxbl6avaaiffipurdx/bin/orca', 'sp_solv.inp']...
2025-04-03 18:41:01,074 -   censo.qm_processor   -  DEBUG   - worker3279470:Started (PID: 3288403).
2025-04-03 18:41:06,494 -   censo.qm_processor   -  DEBUG   - worker3279494:Done.
2025-04-03 18:41:06,516 -  censo.orca_processor  -  DEBUG   - worker3279494:Copying .gbw file from /srv/scratch/z5358697/.automated/3792/0_PRESCREENING/CONF119/sp/sp.gbw.
2025-04-03 18:41:06,858 -   censo.qm_processor   -  DEBUG   - worker3279494:Running ['/apps/z_install_tree/linux-rocky8-ivybridge/gcc-12.2.0/orca-6.0.0-srtngmq3qlimg2qxbl6avaaiffipurdx/bin/orca', 'sp_solv.inp']...
2025-04-03 18:41:06,862 -   censo.qm_processor   -  DEBUG   - worker3279494:Started (PID: 3288460).
2025-04-03 18:41:08,137 -   censo.qm_processor   -  DEBUG   - worker3279498:Done.
2025-04-03 18:41:08,334 -  censo.orca_processor  -  DEBUG   - worker3279498:Copying .gbw file from /srv/scratch/z5358697/.automated/3792/0_PRESCREENING/CONF114/sp/sp.gbw.
2025-04-03 18:41:08,775 -   censo.qm_processor   -  DEBUG   - worker3279498:Running ['/apps/z_install_tree/linux-rocky8-ivybridge/gcc-12.2.0/orca-6.0.0-srtngmq3qlimg2qxbl6avaaiffipurdx/bin/orca', 'sp_solv.inp']...
2025-04-03 18:41:08,779 -   censo.qm_processor   -  DEBUG   - worker3279498:Started (PID: 3288478).
2025-04-03 18:41:16,006 -   censo.qm_processor   -  DEBUG   - worker3279478:Done.
2025-04-03 18:41:16,044 -  censo.orca_processor  -  DEBUG   - worker3279478:Copying .gbw file from /srv/scratch/z5358697/.automated/3792/0_PRESCREENING/CONF176/sp/sp.gbw.
2025-04-03 18:41:16,274 -   censo.qm_processor   -  DEBUG   - worker3279478:Running ['/apps/z_install_tree/linux-rocky8-ivybridge/gcc-12.2.0/orca-6.0.0-srtngmq3qlimg2qxbl6avaaiffipurdx/bin/orca', 'sp_solv.inp']...
2025-04-03 18:41:16,277 -   censo.qm_processor   -  DEBUG   - worker3279478:Started (PID: 3288527).
2025-04-03 18:41:16,536 -   censo.qm_processor   -  DEBUG   - worker3279472:Done.
2025-04-03 18:41:16,559 -  censo.orca_processor  -  DEBUG   - worker3279472:Copying .gbw file from /srv/scratch/z5358697/.automated/3792/0_PRESCREENING/CONF182/sp/sp.gbw.
2025-04-03 18:41:16,967 -   censo.qm_processor   -  DEBUG   - worker3279472:Running ['/apps/z_install_tree/linux-rocky8-ivybridge/gcc-12.2.0/orca-6.0.0-srtngmq3qlimg2qxbl6avaaiffipurdx/bin/orca', 'sp_solv.inp']...
2025-04-03 18:41:16,971 -   censo.qm_processor   -  DEBUG   - worker3279472:Started (PID: 3288529).
2025-04-03 18:41:19,607 -   censo.qm_processor   -  DEBUG   - worker3279498:Done.
2025-04-03 18:41:19,611 -     censo.parallel     -  DEBUG   - Free cores increased 0 -> 1.
2025-04-03 18:41:19,611 -     censo.parallel     -  DEBUG   - Free cores decreased 1 -> 0.
2025-04-03 18:41:19,612 -   censo.qm_processor   -  DEBUG   - worker3279498:Running on 1 cores.
2025-04-03 18:41:19,635 -   censo.qm_processor   -   INFO   - worker3279498:Running gsolv calculation in /srv/scratch/z5358697/.automated/3792/1_SCREENING/CONF77/gsolv.
2025-04-03 18:41:20,231 -   censo.qm_processor   -  DEBUG   - worker3279511:Done.
2025-04-03 18:41:20,234 -     censo.parallel     -  DEBUG   - Free cores increased 0 -> 1.
2025-04-03 18:41:20,235 -     censo.parallel     -  DEBUG   - Free cores decreased 1 -> 0.
2025-04-03 18:41:20,235 -   censo.qm_processor   -  DEBUG   - worker3279511:Running on 1 cores.
2025-04-03 18:41:20,249 -   censo.qm_processor   -   INFO   - worker3279511:Running gsolv calculation in /srv/scratch/z5358697/.automated/3792/1_SCREENING/CONF23/gsolv.
2025-04-03 18:41:20,746 -  censo.orca_processor  -  DEBUG   - worker3279511:Copying .gbw file from /srv/scratch/z5358697/.automated/3792/0_PRESCREENING/CONF23/sp/sp.gbw.
2025-04-03 18:41:20,833 -  censo.orca_processor  -  DEBUG   - worker3279498:Copying .gbw file from /srv/scratch/z5358697/.automated/3792/0_PRESCREENING/CONF77/sp/sp.gbw.
2025-04-03 18:41:20,928 -     censo.parallel     -  DEBUG   - Free cores increased 0 -> 1.
2025-04-03 18:41:20,928 -     censo.parallel     -  DEBUG   - Free cores decreased 1 -> 0.
2025-04-03 18:41:20,929 -   censo.qm_processor   -  DEBUG   - worker3279511:Running on 1 cores.
2025-04-03 18:41:20,955 -   censo.qm_processor   -   INFO   - worker3279511:Running gsolv calculation in /srv/scratch/z5358697/.automated/3792/1_SCREENING/CONF31/gsolv.
2025-04-03 18:41:21,014 -   censo.qm_processor   -  DEBUG   - worker3279498:Running ['/apps/z_install_tree/linux-rocky8-ivybridge/gcc-12.2.0/orca-6.0.0-srtngmq3qlimg2qxbl6avaaiffipurdx/bin/orca', 'sp_gas.inp']...
2025-04-03 18:41:21,023 -   censo.qm_processor   -  DEBUG   - worker3279498:Started (PID: 3288563).
2025-04-03 18:41:21,408 -  censo.orca_processor  -  DEBUG   - worker3279511:Copying .gbw file from /srv/scratch/z5358697/.automated/3792/0_PRESCREENING/CONF31/sp/sp.gbw.
2025-04-03 18:41:21,560 -     censo.parallel     -  DEBUG   - Free cores increased 0 -> 1.
2025-04-03 18:41:21,561 -     censo.parallel     -  DEBUG   - Free cores decreased 1 -> 0.
2025-04-03 18:41:21,562 -   censo.qm_processor   -  DEBUG   - worker3279511:Running on 1 cores.
2025-04-03 18:41:21,575 -   censo.qm_processor   -   INFO   - worker3279511:Running gsolv calculation in /srv/scratch/z5358697/.automated/3792/1_SCREENING/CONF173/gsolv.
2025-04-03 18:41:21,592 -  censo.orca_processor  -  DEBUG   - worker3279511:Copying .gbw file from /srv/scratch/z5358697/.automated/3792/0_PRESCREENING/CONF173/sp/sp.gbw.
2025-04-03 18:41:21,664 -   censo.qm_processor   -  DEBUG   - worker3279498:Done.
2025-04-03 18:41:21,667 -     censo.parallel     -  DEBUG   - Free cores increased 0 -> 1.
2025-04-03 18:41:21,668 -     censo.parallel     -  DEBUG   - Free cores decreased 1 -> 0.
2025-04-03 18:41:21,668 -   censo.qm_processor   -  DEBUG   - worker3279498:Running on 1 cores.
2025-04-03 18:41:21,685 -   censo.qm_processor   -   INFO   - worker3279498:Running gsolv calculation in /srv/scratch/z5358697/.automated/3792/1_SCREENING/CONF172/gsolv.
2025-04-03 18:41:21,799 -     censo.parallel     -  DEBUG   - Free cores increased 0 -> 1.
2025-04-03 18:41:21,800 -     censo.parallel     -  DEBUG   - Free cores decreased 1 -> 0.
2025-04-03 18:41:21,801 -   censo.qm_processor   -  DEBUG   - worker3279511:Running on 1 cores.
2025-04-03 18:41:21,841 -   censo.qm_processor   -   INFO   - worker3279511:Running gsolv calculation in /srv/scratch/z5358697/.automated/3792/1_SCREENING/CONF147/gsolv.
2025-04-03 18:41:22,087 -  censo.orca_processor  -  DEBUG   - worker3279498:Copying .gbw file from /srv/scratch/z5358697/.automated/3792/0_PRESCREENING/CONF172/sp/sp.gbw.
2025-04-03 18:41:22,123 -  censo.orca_processor  -  DEBUG   - worker3279511:Copying .gbw file from /srv/scratch/z5358697/.automated/3792/0_PRESCREENING/CONF147/sp/sp.gbw.
2025-04-03 18:41:22,208 -     censo.parallel     -  DEBUG   - Free cores increased 0 -> 1.
2025-04-03 18:41:22,209 -     censo.parallel     -  DEBUG   - Free cores decreased 1 -> 0.
2025-04-03 18:41:22,210 -   censo.qm_processor   -  DEBUG   - worker3279511:Running on 1 cores.
2025-04-03 18:41:22,228 -   censo.qm_processor   -   INFO   - worker3279511:Running gsolv calculation in /srv/scratch/z5358697/.automated/3792/1_SCREENING/CONF68/gsolv.
2025-04-03 18:41:22,297 -  censo.orca_processor  -  DEBUG   - worker3279511:Copying .gbw file from /srv/scratch/z5358697/.automated/3792/0_PRESCREENING/CONF68/sp/sp.gbw.
2025-04-03 18:41:22,319 -   censo.qm_processor   -  DEBUG   - worker3279498:Running ['/apps/z_install_tree/linux-rocky8-ivybridge/gcc-12.2.0/orca-6.0.0-srtngmq3qlimg2qxbl6avaaiffipurdx/bin/orca', 'sp_gas.inp']...
2025-04-03 18:41:22,324 -   censo.qm_processor   -  DEBUG   - worker3279498:Started (PID: 3288580).
2025-04-03 18:41:22,554 -   censo.qm_processor   -  DEBUG   - worker3279511:Running ['/apps/z_install_tree/linux-rocky8-ivybridge/gcc-12.2.0/orca-6.0.0-srtngmq3qlimg2qxbl6avaaiffipurdx/bin/orca', 'sp_gas.inp']...
2025-04-03 18:41:22,558 -   censo.qm_processor   -  DEBUG   - worker3279511:Started (PID: 3288582).
2025-04-03 18:41:22,911 -   censo.qm_processor   -  DEBUG   - worker3279498:Done.
2025-04-03 18:41:22,914 -     censo.parallel     -  DEBUG   - Free cores increased 0 -> 1.
2025-04-03 18:41:22,914 -     censo.parallel     -  DEBUG   - Free cores decreased 1 -> 0.
2025-04-03 18:41:22,915 -   censo.qm_processor   -  DEBUG   - worker3279498:Running on 1 cores.
2025-04-03 18:41:22,945 -   censo.qm_processor   -   INFO   - worker3279498:Running gsolv calculation in /srv/scratch/z5358697/.automated/3792/1_SCREENING/CONF66/gsolv.
2025-04-03 18:41:23,141 -   censo.qm_processor   -  DEBUG   - worker3279478:Done.
2025-04-03 18:41:23,144 -     censo.parallel     -  DEBUG   - Free cores increased 0 -> 1.
2025-04-03 18:41:23,145 -     censo.parallel     -  DEBUG   - Free cores decreased 1 -> 0.
2025-04-03 18:41:23,146 -   censo.qm_processor   -  DEBUG   - worker3279478:Running on 1 cores.
2025-04-03 18:41:23,164 -   censo.qm_processor   -   INFO   - worker3279478:Running gsolv calculation in /srv/scratch/z5358697/.automated/3792/1_SCREENING/CONF46/gsolv.
2025-04-03 18:41:23,229 -  censo.orca_processor  -  DEBUG   - worker3279498:Copying .gbw file from /srv/scratch/z5358697/.automated/3792/0_PRESCREENING/CONF66/sp/sp.gbw.
2025-04-03 18:41:23,284 -     censo.parallel     -  DEBUG   - Free cores increased 0 -> 1.
2025-04-03 18:41:23,285 -     censo.parallel     -  DEBUG   - Free cores decreased 1 -> 0.
2025-04-03 18:41:23,285 -   censo.qm_processor   -  DEBUG   - worker3279498:Running on 1 cores.
2025-04-03 18:41:23,299 -   censo.qm_processor   -   INFO   - worker3279498:Running gsolv calculation in /srv/scratch/z5358697/.automated/3792/1_SCREENING/CONF18/gsolv.
2025-04-03 18:41:23,501 -  censo.orca_processor  -  DEBUG   - worker3279478:Copying .gbw file from /srv/scratch/z5358697/.automated/3792/0_PRESCREENING/CONF46/sp/sp.gbw.
2025-04-03 18:41:23,605 -   censo.qm_processor   -  DEBUG   - worker3279500:Done.
2025-04-03 18:41:23,609 -     censo.parallel     -  DEBUG   - Free cores increased 0 -> 1.
2025-04-03 18:41:23,610 -     censo.parallel     -  DEBUG   - Free cores decreased 1 -> 0.
2025-04-03 18:41:23,611 -   censo.qm_processor   -  DEBUG   - worker3279500:Running on 1 cores.
2025-04-03 18:41:23,636 -     censo.parallel     -  DEBUG   - Free cores increased 0 -> 1.
2025-04-03 18:41:23,637 -     censo.parallel     -  DEBUG   - Free cores decreased 1 -> 0.
2025-04-03 18:41:23,637 -   censo.qm_processor   -   INFO   - worker3279500:Running gsolv calculation in /srv/scratch/z5358697/.automated/3792/1_SCREENING/CONF71/gsolv.
2025-04-03 18:41:23,637 -   censo.qm_processor   -  DEBUG   - worker3279478:Running on 1 cores.
2025-04-03 18:41:23,660 -   censo.qm_processor   -   INFO   - worker3279478:Running gsolv calculation in /srv/scratch/z5358697/.automated/3792/1_SCREENING/CONF51/gsolv.
2025-04-03 18:41:23,690 -  censo.orca_processor  -  DEBUG   - worker3279498:Copying .gbw file from /srv/scratch/z5358697/.automated/3792/0_PRESCREENING/CONF18/sp/sp.gbw.
2025-04-03 18:41:23,788 -     censo.parallel     -  DEBUG   - Free cores increased 0 -> 1.
2025-04-03 18:41:23,789 -     censo.parallel     -  DEBUG   - Free cores decreased 1 -> 0.
2025-04-03 18:41:23,790 -   censo.qm_processor   -  DEBUG   - worker3279498:Running on 1 cores.
2025-04-03 18:41:23,803 -   censo.qm_processor   -   INFO   - worker3279498:Running gsolv calculation in /srv/scratch/z5358697/.automated/3792/1_SCREENING/CONF33/gsolv.
2025-04-03 18:41:23,824 -  censo.orca_processor  -  DEBUG   - worker3279478:Copying .gbw file from /srv/scratch/z5358697/.automated/3792/0_PRESCREENING/CONF51/sp/sp.gbw.
2025-04-03 18:41:23,835 -   censo.qm_processor   -  DEBUG   - worker3279472:Done.
2025-04-03 18:41:23,839 -     censo.parallel     -  DEBUG   - Free cores increased 0 -> 1.
2025-04-03 18:41:23,839 -     censo.parallel     -  DEBUG   - Free cores decreased 1 -> 0.
2025-04-03 18:41:23,840 -   censo.qm_processor   -  DEBUG   - worker3279472:Running on 1 cores.
2025-04-03 18:41:23,840 -  censo.orca_processor  -  DEBUG   - worker3279500:Copying .gbw file from /srv/scratch/z5358697/.automated/3792/0_PRESCREENING/CONF71/sp/sp.gbw.
2025-04-03 18:41:23,874 -     censo.parallel     -  DEBUG   - Free cores increased 0 -> 1.
2025-04-03 18:41:23,875 -     censo.parallel     -  DEBUG   - Free cores decreased 1 -> 0.
2025-04-03 18:41:23,876 -   censo.qm_processor   -  DEBUG   - worker3279478:Running on 1 cores.
2025-04-03 18:41:23,878 -     censo.parallel     -  DEBUG   - Free cores increased 0 -> 1.
2025-04-03 18:41:23,879 -     censo.parallel     -  DEBUG   - Free cores decreased 1 -> 0.
2025-04-03 18:41:23,879 -   censo.qm_processor   -  DEBUG   - worker3279500:Running on 1 cores.
2025-04-03 18:41:23,897 -   censo.qm_processor   -   INFO   - worker3279472:Running gsolv calculation in /srv/scratch/z5358697/.automated/3792/1_SCREENING/CONF134/gsolv.
2025-04-03 18:41:23,902 -  censo.orca_processor  -  DEBUG   - worker3279498:Copying .gbw file from /srv/scratch/z5358697/.automated/3792/0_PRESCREENING/CONF33/sp/sp.gbw.
2025-04-03 18:41:23,909 -   censo.qm_processor   -   INFO   - worker3279478:Running gsolv calculation in /srv/scratch/z5358697/.automated/3792/1_SCREENING/CONF30/gsolv.
2025-04-03 18:41:23,925 -   censo.qm_processor   -   INFO   - worker3279500:Running gsolv calculation in /srv/scratch/z5358697/.automated/3792/1_SCREENING/CONF154/gsolv.
2025-04-03 18:41:23,991 -     censo.parallel     -  DEBUG   - Free cores increased 0 -> 1.
2025-04-03 18:41:23,992 -     censo.parallel     -  DEBUG   - Free cores decreased 1 -> 0.
2025-04-03 18:41:23,993 -   censo.qm_processor   -  DEBUG   - worker3279498:Running on 1 cores.
2025-04-03 18:41:24,011 -   censo.qm_processor   -   INFO   - worker3279498:Running gsolv calculation in /srv/scratch/z5358697/.automated/3792/1_SCREENING/CONF22/gsolv.
2025-04-03 18:41:24,258 -  censo.orca_processor  -  DEBUG   - worker3279478:Copying .gbw file from /srv/scratch/z5358697/.automated/3792/0_PRESCREENING/CONF30/sp/sp.gbw.
2025-04-03 18:41:24,273 -     censo.parallel     -  DEBUG   - Free cores increased 0 -> 1.
2025-04-03 18:41:24,274 -     censo.parallel     -  DEBUG   - Free cores decreased 1 -> 0.
2025-04-03 18:41:24,275 -   censo.qm_processor   -  DEBUG   - worker3279478:Running on 1 cores.
2025-04-03 18:41:24,392 -  censo.orca_processor  -  DEBUG   - worker3279500:Copying .gbw file from /srv/scratch/z5358697/.automated/3792/0_PRESCREENING/CONF154/sp/sp.gbw.
2025-04-03 18:41:24,408 -   censo.qm_processor   -   INFO   - worker3279478:Running gsolv calculation in /srv/scratch/z5358697/.automated/3792/1_SCREENING/CONF102/gsolv.
2025-04-03 18:41:24,473 -  censo.orca_processor  -  DEBUG   - worker3279478:Copying .gbw file from /srv/scratch/z5358697/.automated/3792/0_PRESCREENING/CONF102/sp/sp.gbw.
2025-04-03 18:41:24,561 -     censo.parallel     -  DEBUG   - Free cores increased 0 -> 1.
2025-04-03 18:41:24,561 -     censo.parallel     -  DEBUG   - Free cores decreased 1 -> 0.
2025-04-03 18:41:24,562 -   censo.qm_processor   -  DEBUG   - worker3279500:Running on 1 cores.
2025-04-03 18:41:24,625 -     censo.parallel     -  DEBUG   - Free cores increased 0 -> 1.
2025-04-03 18:41:24,626 -     censo.parallel     -  DEBUG   - Free cores decreased 1 -> 0.
2025-04-03 18:41:24,627 -   censo.qm_processor   -  DEBUG   - worker3279478:Running on 1 cores.
2025-04-03 18:41:24,627 -   censo.qm_processor   -   INFO   - worker3279500:Running gsolv calculation in /srv/scratch/z5358697/.automated/3792/1_SCREENING/CONF133/gsolv.
2025-04-03 18:41:24,647 -  censo.orca_processor  -  DEBUG   - worker3279500:Copying .gbw file from /srv/scratch/z5358697/.automated/3792/0_PRESCREENING/CONF133/sp/sp.gbw.
2025-04-03 18:41:24,665 -   censo.qm_processor   -   INFO   - worker3279478:Running gsolv calculation in /srv/scratch/z5358697/.automated/3792/1_SCREENING/CONF73/gsolv.
2025-04-03 18:41:24,766 -     censo.parallel     -  DEBUG   - Free cores increased 0 -> 1.
2025-04-03 18:41:24,767 -     censo.parallel     -  DEBUG   - Free cores decreased 1 -> 0.
2025-04-03 18:41:24,768 -   censo.qm_processor   -  DEBUG   - worker3279500:Running on 1 cores.
2025-04-03 18:41:24,802 -  censo.orca_processor  -  DEBUG   - worker3279478:Copying .gbw file from /srv/scratch/z5358697/.automated/3792/0_PRESCREENING/CONF73/sp/sp.gbw.
2025-04-03 18:41:24,812 -   censo.qm_processor   -   INFO   - worker3279500:Running gsolv calculation in /srv/scratch/z5358697/.automated/3792/1_SCREENING/CONF97/gsolv.
2025-04-03 18:41:24,835 -     censo.parallel     -  DEBUG   - Free cores increased 0 -> 1.
2025-04-03 18:41:24,836 -     censo.parallel     -  DEBUG   - Free cores decreased 1 -> 0.
2025-04-03 18:41:24,837 -   censo.qm_processor   -  DEBUG   - worker3279478:Running on 1 cores.
2025-04-03 18:41:24,849 -   censo.qm_processor   -   INFO   - worker3279478:Running gsolv calculation in /srv/scratch/z5358697/.automated/3792/1_SCREENING/CONF72/gsolv.
2025-04-03 18:41:24,867 -  censo.orca_processor  -  DEBUG   - worker3279500:Copying .gbw file from /srv/scratch/z5358697/.automated/3792/0_PRESCREENING/CONF97/sp/sp.gbw.
2025-04-03 18:41:24,938 -  censo.orca_processor  -  DEBUG   - worker3279472:Copying .gbw file from /srv/scratch/z5358697/.automated/3792/0_PRESCREENING/CONF134/sp/sp.gbw.
2025-04-03 18:41:24,968 -  censo.orca_processor  -  DEBUG   - worker3279478:Copying .gbw file from /srv/scratch/z5358697/.automated/3792/0_PRESCREENING/CONF72/sp/sp.gbw.
2025-04-03 18:41:25,071 -  censo.orca_processor  -  DEBUG   - worker3279498:Copying .gbw file from /srv/scratch/z5358697/.automated/3792/0_PRESCREENING/CONF22/sp/sp.gbw.
2025-04-03 18:41:25,131 -     censo.parallel     -  DEBUG   - Free cores increased 0 -> 1.
2025-04-03 18:41:25,137 -     censo.parallel     -  DEBUG   - Free cores increased 1 -> 2.
2025-04-03 18:41:25,142 -     censo.parallel     -  DEBUG   - Free cores increased 2 -> 3.
2025-04-03 18:41:25,187 -     censo.parallel     -  DEBUG   - Free cores increased 3 -> 4.
2025-04-03 18:41:25,646 -   censo.qm_processor   -  DEBUG   - worker3279471:Done.
2025-04-03 18:41:25,651 -     censo.parallel     -  DEBUG   - Free cores increased 4 -> 5.
2025-04-03 18:41:25,766 -   censo.qm_processor   -  DEBUG   - worker3279483:Done.
2025-04-03 18:41:25,771 -     censo.parallel     -  DEBUG   - Free cores increased 5 -> 6.
2025-04-03 18:41:26,242 -   censo.qm_processor   -  DEBUG   - worker3279469:Done.
2025-04-03 18:41:26,244 -   censo.qm_processor   -  DEBUG   - worker3279490:Done.
2025-04-03 18:41:26,246 -     censo.parallel     -  DEBUG   - Free cores increased 6 -> 7.
2025-04-03 18:41:26,248 -     censo.parallel     -  DEBUG   - Free cores increased 7 -> 8.
2025-04-03 18:41:26,851 -   censo.qm_processor   -  DEBUG   - worker3279481:Done.
2025-04-03 18:41:26,858 -     censo.parallel     -  DEBUG   - Free cores increased 8 -> 9.
2025-04-03 18:41:26,934 -   censo.qm_processor   -  DEBUG   - worker3279488:Done.
2025-04-03 18:41:26,939 -     censo.parallel     -  DEBUG   - Free cores increased 9 -> 10.
2025-04-03 18:41:27,679 -   censo.qm_processor   -  DEBUG   - worker3279511:Done.
2025-04-03 18:41:27,683 -     censo.parallel     -  DEBUG   - Free cores increased 10 -> 11.
2025-04-03 18:41:27,903 -   censo.qm_processor   -  DEBUG   - worker3279508:Done.
2025-04-03 18:41:27,906 -     censo.parallel     -  DEBUG   - Free cores increased 11 -> 12.
2025-04-03 18:41:29,260 -   censo.qm_processor   -  DEBUG   - worker3279470:Done.
2025-04-03 18:41:29,265 -     censo.parallel     -  DEBUG   - Free cores increased 12 -> 13.
2025-04-03 18:41:30,734 -   censo.qm_processor   -  DEBUG   - worker3279504:Done.
2025-04-03 18:41:30,739 -     censo.parallel     -  DEBUG   - Free cores increased 13 -> 14.
2025-04-03 18:41:32,047 -   censo.qm_processor   -  DEBUG   - worker3279476:Done.
2025-04-03 18:41:32,052 -     censo.parallel     -  DEBUG   - Free cores increased 14 -> 15.
2025-04-03 18:41:34,975 -   censo.qm_processor   -  DEBUG   - worker3279494:Done.
2025-04-03 18:41:34,980 -     censo.parallel     -  DEBUG   - Free cores increased 15 -> 16.
