
         ______________________________________________________________
        |                                                              |
        |                                                              |
        |                   CENSO - Commandline ENSO                   |
        |                           v 2.1.2                            |
        |    energetic sorting of CREST Conformer Rotamer Ensembles    |
        |                    University of Bonn, MCTC                  |
        |                           Oct 2024                           |
        |                 based on ENSO version 2.0.1                  |
        |             L. M. Seidler, F. Bohle and S. Grimme            |
        |                                                              |
        |______________________________________________________________|

        Please cite:
        (TBA)
        S. Grimme, F. Bohle, A. Hansen, P. Pracht, S. Spicher, and M. Stahn
        J. Phys. Chem. A 2021, 125, 19, 4039-4054.
        DOI: https://doi.org/10.1021/acs.jpca.1c00971

        This program is distributed in the hope that it will be useful,
        but WITHOUT ANY WARRANTY; without even the implied warranty of
        MERCHANTABILITY or FITNESS FOR A PARTICULAR PURPOSE.

Reading configuration file from /home/z5358697/.censo2rc.
CALL: /srv/scratch/z5358697/.censo/bin/censo -i crest_conformers.xyz --maxcores 16 -O 1 --loglevel DEBUG
Read 2586 conformers.
Number of atoms:              34
Charge:                       0
Unpaired electrons:           0


----------------------------------------------------------------------------------------------------
                                          GENERAL SETTINGS                                          
----------------------------------------------------------------------------------------------------
    
imagthr:                      -100.0
sthr:                         0.0
scale:                        1.0
temperature:                  298.15
solvent:                      h2o
sm_rrho:                      alpb
multitemp:                    False
evaluate_rrho:                False
consider_sym:                 False
bhess:                        False
rmsdbias:                     False
balance:                      False
gas-phase:                    False
copy_mo:                      True
retry_failed:                 True
trange:                       [273.15, 373.15, 5]



----------------------------------------------------------------------------------------------------
                                            PRESCREENING                                            
----------------------------------------------------------------------------------------------------
    
threshold:                    4.0
func:                         pbe-d4
basis:                        def2-sv(p)
prog:                         orca
gfnv:                         gfn2
run:                          True
template:                     False


Running xtb_gsolv calculation for CONF1.
Running xtb_gsolv calculation for CONF3.
Running xtb_gsolv calculation for CONF6.
Running xtb_gsolv calculation for CONF2.
Running xtb_gsolv calculation for CONF4.
Running xtb_gsolv calculation for CONF5.
Running xtb_gsolv calculation for CONF13.
Running xtb_gsolv calculation for CONF7.
Running xtb_gsolv calculation for CONF15.
Running xtb_gsolv calculation for CONF14.
Running xtb_gsolv calculation for CONF11.
Running xtb_gsolv calculation for CONF10.
Running xtb_gsolv calculation for CONF12.
Running xtb_gsolv calculation for CONF16.
Running xtb_gsolv calculation for CONF8.
Running xtb_gsolv calculation for CONF9.
Running xtb_gsolv calculation for CONF18.
Running xtb_gsolv calculation for CONF19.
Running xtb_gsolv calculation for CONF20.
Running xtb_gsolv calculation for CONF17.
Running xtb_gsolv calculation for CONF22.
Running xtb_gsolv calculation for CONF21.
Running xtb_gsolv calculation for CONF23.
Running xtb_gsolv calculation for CONF28.
Running xtb_gsolv calculation for CONF24.
Running xtb_gsolv calculation for CONF25.
Running xtb_gsolv calculation for CONF26.
Running xtb_gsolv calculation for CONF29.
Running xtb_gsolv calculation for CONF32.
Running xtb_gsolv calculation for CONF33.
Running xtb_gsolv calculation for CONF34.
Running xtb_gsolv calculation for CONF30.
Running xtb_gsolv calculation for CONF37.
Running xtb_gsolv calculation for CONF38.
Running xtb_gsolv calculation for CONF35.
Running xtb_gsolv calculation for CONF31.
Running xtb_gsolv calculation for CONF36.
Running xtb_gsolv calculation for CONF27.
Running xtb_gsolv calculation for CONF39.
Running xtb_gsolv calculation for CONF40.
Running xtb_gsolv calculation for CONF42.
Running xtb_gsolv calculation for CONF41.
Running xtb_gsolv calculation for CONF43.
Running xtb_gsolv calculation for CONF44.
Running xtb_gsolv calculation for CONF45.
Running xtb_gsolv calculation for CONF46.
Running xtb_gsolv calculation for CONF47.
Running xtb_gsolv calculation for CONF61.
Running xtb_gsolv calculation for CONF49.
Running xtb_gsolv calculation for CONF57.
Running xtb_gsolv calculation for CONF48.
Running xtb_gsolv calculation for CONF59.
Running xtb_gsolv calculation for CONF55.
Running xtb_gsolv calculation for CONF56.
Running xtb_gsolv calculation for CONF53.
Running xtb_gsolv calculation for CONF62.
Running xtb_gsolv calculation for CONF51.
Running xtb_gsolv calculation for CONF60.
Running xtb_gsolv calculation for CONF52.
Running xtb_gsolv calculation for CONF54.
Running xtb_gsolv calculation for CONF50.
Running xtb_gsolv calculation for CONF58.
Running xtb_gsolv calculation for CONF65.
Running xtb_gsolv calculation for CONF67.
Running xtb_gsolv calculation for CONF64.
Running xtb_gsolv calculation for CONF63.
Running xtb_gsolv calculation for CONF69.
Running xtb_gsolv calculation for CONF71.
Running xtb_gsolv calculation for CONF68.
Running xtb_gsolv calculation for CONF70.
Running xtb_gsolv calculation for CONF74.
Running xtb_gsolv calculation for CONF82.
Running xtb_gsolv calculation for CONF75.
Running xtb_gsolv calculation for CONF73.
Running xtb_gsolv calculation for CONF72.
Running xtb_gsolv calculation for CONF66.
Running xtb_gsolv calculation for CONF76.
Running xtb_gsolv calculation for CONF77.
Running xtb_gsolv calculation for CONF78.
Running xtb_gsolv calculation for CONF79.
Running xtb_gsolv calculation for CONF83.
Running xtb_gsolv calculation for CONF84.
Running xtb_gsolv calculation for CONF80.
Running xtb_gsolv calculation for CONF86.
Running xtb_gsolv calculation for CONF85.
Running xtb_gsolv calculation for CONF87.
Running xtb_gsolv calculation for CONF89.
Running xtb_gsolv calculation for CONF81.
Running xtb_gsolv calculation for CONF94.
Running xtb_gsolv calculation for CONF95.
Running xtb_gsolv calculation for CONF93.
Running xtb_gsolv calculation for CONF88.
Running xtb_gsolv calculation for CONF92.
Running xtb_gsolv calculation for CONF91.
Running xtb_gsolv calculation for CONF97.
Running xtb_gsolv calculation for CONF96.
Running xtb_gsolv calculation for CONF98.
Running xtb_gsolv calculation for CONF99.
Running xtb_gsolv calculation for CONF100.
Running xtb_gsolv calculation for CONF101.
Running xtb_gsolv calculation for CONF102.
Running xtb_gsolv calculation for CONF106.
Running xtb_gsolv calculation for CONF105.
Running xtb_gsolv calculation for CONF104.
Running xtb_gsolv calculation for CONF113.
Running xtb_gsolv calculation for CONF107.
Running xtb_gsolv calculation for CONF108.
Running xtb_gsolv calculation for CONF109.
Running xtb_gsolv calculation for CONF130.
Running xtb_gsolv calculation for CONF129.
Running xtb_gsolv calculation for CONF131.
Running xtb_gsolv calculation for CONF110.
Running xtb_gsolv calculation for CONF111.
Running xtb_gsolv calculation for CONF112.
Running xtb_gsolv calculation for CONF128.
Running xtb_gsolv calculation for CONF90.
Running xtb_gsolv calculation for CONF103.
Running xtb_gsolv calculation for CONF114.
Running xtb_gsolv calculation for CONF121.
Running xtb_gsolv calculation for CONF118.
Running xtb_gsolv calculation for CONF115.
Running xtb_gsolv calculation for CONF117.
Running xtb_gsolv calculation for CONF119.
Running xtb_gsolv calculation for CONF123.
Running xtb_gsolv calculation for CONF124.
Running xtb_gsolv calculation for CONF125.
Running xtb_gsolv calculation for CONF127.
Running xtb_gsolv calculation for CONF126.
Running xtb_gsolv calculation for CONF122.
Running xtb_gsolv calculation for CONF116.
Running xtb_gsolv calculation for CONF120.
Running xtb_gsolv calculation for CONF132.
Running xtb_gsolv calculation for CONF134.
Running xtb_gsolv calculation for CONF140.
Running xtb_gsolv calculation for CONF136.
Running xtb_gsolv calculation for CONF141.
Running xtb_gsolv calculation for CONF143.
Running xtb_gsolv calculation for CONF138.
Running xtb_gsolv calculation for CONF133.
Running xtb_gsolv calculation for CONF146.
Running xtb_gsolv calculation for CONF135.
Running xtb_gsolv calculation for CONF142.
Running xtb_gsolv calculation for CONF137.
Running xtb_gsolv calculation for CONF164.
Running xtb_gsolv calculation for CONF168.
Running xtb_gsolv calculation for CONF144.
Running xtb_gsolv calculation for CONF152.
Running xtb_gsolv calculation for CONF145.
Running xtb_gsolv calculation for CONF147.
Running xtb_gsolv calculation for CONF148.
Running xtb_gsolv calculation for CONF149.
Running xtb_gsolv calculation for CONF150.
Running xtb_gsolv calculation for CONF151.
Running xtb_gsolv calculation for CONF153.
Running xtb_gsolv calculation for CONF154.
Running xtb_gsolv calculation for CONF155.
Running xtb_gsolv calculation for CONF156.
Running xtb_gsolv calculation for CONF157.
Running xtb_gsolv calculation for CONF160.
Running xtb_gsolv calculation for CONF158.
Running xtb_gsolv calculation for CONF159.
Running xtb_gsolv calculation for CONF162.
Running xtb_gsolv calculation for CONF161.
Running xtb_gsolv calculation for CONF165.
Running xtb_gsolv calculation for CONF163.
Running xtb_gsolv calculation for CONF166.
Running xtb_gsolv calculation for CONF167.
Running xtb_gsolv calculation for CONF170.
Running xtb_gsolv calculation for CONF169.
Running xtb_gsolv calculation for CONF172.
Running xtb_gsolv calculation for CONF171.
Running xtb_gsolv calculation for CONF173.
Running xtb_gsolv calculation for CONF176.
Running xtb_gsolv calculation for CONF174.
Running xtb_gsolv calculation for CONF178.
Running xtb_gsolv calculation for CONF175.
Running xtb_gsolv calculation for CONF179.
Running xtb_gsolv calculation for CONF180.
Running xtb_gsolv calculation for CONF181.
Running xtb_gsolv calculation for CONF177.
Running xtb_gsolv calculation for CONF183.
Running xtb_gsolv calculation for CONF182.
Running xtb_gsolv calculation for CONF184.
Running xtb_gsolv calculation for CONF186.
Running xtb_gsolv calculation for CONF185.
Running xtb_gsolv calculation for CONF187.
Running xtb_gsolv calculation for CONF188.
Running xtb_gsolv calculation for CONF190.
Running xtb_gsolv calculation for CONF193.
Running xtb_gsolv calculation for CONF189.
Running xtb_gsolv calculation for CONF194.
Running xtb_gsolv calculation for CONF192.
Running xtb_gsolv calculation for CONF195.
Running xtb_gsolv calculation for CONF191.
Running xtb_gsolv calculation for CONF197.
Running xtb_gsolv calculation for CONF139.
Running xtb_gsolv calculation for CONF196.
Running xtb_gsolv calculation for CONF204.
Running xtb_gsolv calculation for CONF198.
Running xtb_gsolv calculation for CONF199.
Running xtb_gsolv calculation for CONF201.
Running xtb_gsolv calculation for CONF200.
Running xtb_gsolv calculation for CONF208.
Running xtb_gsolv calculation for CONF203.
Running xtb_gsolv calculation for CONF207.
Running xtb_gsolv calculation for CONF202.
Running xtb_gsolv calculation for CONF206.
Running xtb_gsolv calculation for CONF213.
Running xtb_gsolv calculation for CONF205.
Running xtb_gsolv calculation for CONF216.
Running xtb_gsolv calculation for CONF221.
Running xtb_gsolv calculation for CONF220.
Running xtb_gsolv calculation for CONF210.
Running xtb_gsolv calculation for CONF211.
Running xtb_gsolv calculation for CONF209.
Running xtb_gsolv calculation for CONF222.
Running xtb_gsolv calculation for CONF219.
Running xtb_gsolv calculation for CONF217.
Running xtb_gsolv calculation for CONF212.
Running xtb_gsolv calculation for CONF218.
Running xtb_gsolv calculation for CONF214.
Running xtb_gsolv calculation for CONF215.
Running xtb_gsolv calculation for CONF223.
Running xtb_gsolv calculation for CONF231.
Running xtb_gsolv calculation for CONF226.
Running xtb_gsolv calculation for CONF227.
Running xtb_gsolv calculation for CONF225.
Running xtb_gsolv calculation for CONF224.
Running xtb_gsolv calculation for CONF230.
Running xtb_gsolv calculation for CONF228.
Running xtb_gsolv calculation for CONF229.
Running xtb_gsolv calculation for CONF237.
Running xtb_gsolv calculation for CONF238.
Running xtb_gsolv calculation for CONF232.
Running xtb_gsolv calculation for CONF233.
Running xtb_gsolv calculation for CONF236.
Running xtb_gsolv calculation for CONF240.
Running xtb_gsolv calculation for CONF235.
Running xtb_gsolv calculation for CONF234.
Running xtb_gsolv calculation for CONF244.
Running xtb_gsolv calculation for CONF243.
Running xtb_gsolv calculation for CONF245.
Running xtb_gsolv calculation for CONF246.
Running xtb_gsolv calculation for CONF247.
Running xtb_gsolv calculation for CONF239.
Running xtb_gsolv calculation for CONF242.
Running xtb_gsolv calculation for CONF241.
Running xtb_gsolv calculation for CONF253.
Running xtb_gsolv calculation for CONF251.
Running xtb_gsolv calculation for CONF257.
Running xtb_gsolv calculation for CONF249.
Running xtb_gsolv calculation for CONF254.
Running xtb_gsolv calculation for CONF275.
Running xtb_gsolv calculation for CONF252.
Running xtb_gsolv calculation for CONF255.
Running xtb_gsolv calculation for CONF256.
Running xtb_gsolv calculation for CONF248.
Running xtb_gsolv calculation for CONF250.
Running xtb_gsolv calculation for CONF259.
Running xtb_gsolv calculation for CONF260.
Running xtb_gsolv calculation for CONF262.
Running xtb_gsolv calculation for CONF265.
Running xtb_gsolv calculation for CONF261.
Running xtb_gsolv calculation for CONF263.
Running xtb_gsolv calculation for CONF258.
Running xtb_gsolv calculation for CONF264.
Running xtb_gsolv calculation for CONF269.
Running xtb_gsolv calculation for CONF267.
Running xtb_gsolv calculation for CONF270.
Running xtb_gsolv calculation for CONF274.
Running xtb_gsolv calculation for CONF268.
Running xtb_gsolv calculation for CONF280.
Running xtb_gsolv calculation for CONF273.
Running xtb_gsolv calculation for CONF276.
Running xtb_gsolv calculation for CONF278.
Running xtb_gsolv calculation for CONF271.
Running xtb_gsolv calculation for CONF279.
Running xtb_gsolv calculation for CONF272.
Running xtb_gsolv calculation for CONF266.
Running xtb_gsolv calculation for CONF287.
Running xtb_gsolv calculation for CONF293.
Running xtb_gsolv calculation for CONF283.
Running xtb_gsolv calculation for CONF290.
Running xtb_gsolv calculation for CONF284.
Running xtb_gsolv calculation for CONF281.
Running xtb_gsolv calculation for CONF294.
Running xtb_gsolv calculation for CONF282.
Running xtb_gsolv calculation for CONF289.
Running xtb_gsolv calculation for CONF291.
Running xtb_gsolv calculation for CONF285.
Running xtb_gsolv calculation for CONF288.
Running xtb_gsolv calculation for CONF286.
Running xtb_gsolv calculation for CONF292.
Running xtb_gsolv calculation for CONF295.
Running xtb_gsolv calculation for CONF296.
Running xtb_gsolv calculation for CONF297.
Running xtb_gsolv calculation for CONF299.
Running xtb_gsolv calculation for CONF298.
Running xtb_gsolv calculation for CONF300.
Running xtb_gsolv calculation for CONF301.
Running xtb_gsolv calculation for CONF304.
Running xtb_gsolv calculation for CONF302.
Running xtb_gsolv calculation for CONF303.
Running xtb_gsolv calculation for CONF277.
Running xtb_gsolv calculation for CONF310.
Running xtb_gsolv calculation for CONF306.
Running xtb_gsolv calculation for CONF305.
Running xtb_gsolv calculation for CONF307.
Running xtb_gsolv calculation for CONF309.
Running xtb_gsolv calculation for CONF308.
Running xtb_gsolv calculation for CONF317.
Running xtb_gsolv calculation for CONF323.
Running xtb_gsolv calculation for CONF311.
Running xtb_gsolv calculation for CONF312.
Running xtb_gsolv calculation for CONF322.
Running xtb_gsolv calculation for CONF315.
Running xtb_gsolv calculation for CONF319.
Running xtb_gsolv calculation for CONF321.
Running xtb_gsolv calculation for CONF326.
Running xtb_gsolv calculation for CONF313.
Running xtb_gsolv calculation for CONF318.
Running xtb_gsolv calculation for CONF314.
Running xtb_gsolv calculation for CONF316.
Running xtb_gsolv calculation for CONF329.
Running xtb_gsolv calculation for CONF320.
Running xtb_gsolv calculation for CONF325.
Running xtb_gsolv calculation for CONF324.
Running xtb_gsolv calculation for CONF327.
Running xtb_gsolv calculation for CONF328.
Running xtb_gsolv calculation for CONF332.
Running xtb_gsolv calculation for CONF335.
Running xtb_gsolv calculation for CONF330.
Running xtb_gsolv calculation for CONF333.
Running xtb_gsolv calculation for CONF334.
Running xtb_gsolv calculation for CONF331.
Running xtb_gsolv calculation for CONF337.
Running xtb_gsolv calculation for CONF336.
Running xtb_gsolv calculation for CONF343.
Running xtb_gsolv calculation for CONF344.
Running xtb_gsolv calculation for CONF359.
Running xtb_gsolv calculation for CONF342.
Running xtb_gsolv calculation for CONF341.
Running xtb_gsolv calculation for CONF340.
Running xtb_gsolv calculation for CONF345.
Running xtb_gsolv calculation for CONF339.
Running xtb_gsolv calculation for CONF338.
Running xtb_gsolv calculation for CONF346.
Running xtb_gsolv calculation for CONF347.
Running xtb_gsolv calculation for CONF350.
Running xtb_gsolv calculation for CONF382.
Running xtb_gsolv calculation for CONF348.
Running xtb_gsolv calculation for CONF352.
Running xtb_gsolv calculation for CONF349.
Running xtb_gsolv calculation for CONF357.
Running xtb_gsolv calculation for CONF351.
Running xtb_gsolv calculation for CONF356.
Running xtb_gsolv calculation for CONF353.
Running xtb_gsolv calculation for CONF354.
Running xtb_gsolv calculation for CONF358.
Running xtb_gsolv calculation for CONF362.
Running xtb_gsolv calculation for CONF355.
Running xtb_gsolv calculation for CONF367.
Running xtb_gsolv calculation for CONF363.
Running xtb_gsolv calculation for CONF364.
Running xtb_gsolv calculation for CONF360.
Running xtb_gsolv calculation for CONF368.
Running xtb_gsolv calculation for CONF369.
Running xtb_gsolv calculation for CONF372.
Running xtb_gsolv calculation for CONF361.
Running xtb_gsolv calculation for CONF376.
Running xtb_gsolv calculation for CONF365.
Running xtb_gsolv calculation for CONF370.
Running xtb_gsolv calculation for CONF383.
Running xtb_gsolv calculation for CONF366.
Running xtb_gsolv calculation for CONF371.
Running xtb_gsolv calculation for CONF373.
Running xtb_gsolv calculation for CONF374.
Running xtb_gsolv calculation for CONF377.
Running xtb_gsolv calculation for CONF380.
Running xtb_gsolv calculation for CONF379.
Running xtb_gsolv calculation for CONF405.
Running xtb_gsolv calculation for CONF381.
Running xtb_gsolv calculation for CONF396.
Running xtb_gsolv calculation for CONF378.
Running xtb_gsolv calculation for CONF394.
Running xtb_gsolv calculation for CONF384.
Running xtb_gsolv calculation for CONF401.
Running xtb_gsolv calculation for CONF385.
Running xtb_gsolv calculation for CONF388.
Running xtb_gsolv calculation for CONF404.
Running xtb_gsolv calculation for CONF406.
Running xtb_gsolv calculation for CONF386.
Running xtb_gsolv calculation for CONF395.
Running xtb_gsolv calculation for CONF387.
Running xtb_gsolv calculation for CONF389.
Running xtb_gsolv calculation for CONF392.
Running xtb_gsolv calculation for CONF391.
Running xtb_gsolv calculation for CONF398.
Running xtb_gsolv calculation for CONF390.
Running xtb_gsolv calculation for CONF397.
Running xtb_gsolv calculation for CONF399.
Running xtb_gsolv calculation for CONF400.
Running xtb_gsolv calculation for CONF402.
Running xtb_gsolv calculation for CONF413.
Running xtb_gsolv calculation for CONF403.
Running xtb_gsolv calculation for CONF407.
Running xtb_gsolv calculation for CONF409.
Running xtb_gsolv calculation for CONF412.
Running xtb_gsolv calculation for CONF411.
Running xtb_gsolv calculation for CONF414.
Running xtb_gsolv calculation for CONF393.
Running xtb_gsolv calculation for CONF415.
Running xtb_gsolv calculation for CONF416.
Running xtb_gsolv calculation for CONF417.
Running xtb_gsolv calculation for CONF418.
Running xtb_gsolv calculation for CONF408.
Running xtb_gsolv calculation for CONF420.
Running xtb_gsolv calculation for CONF421.
Running xtb_gsolv calculation for CONF423.
Running xtb_gsolv calculation for CONF422.
Running xtb_gsolv calculation for CONF419.
Running xtb_gsolv calculation for CONF425.
Running xtb_gsolv calculation for CONF424.
Running xtb_gsolv calculation for CONF426.
Running xtb_gsolv calculation for CONF427.
Running xtb_gsolv calculation for CONF375.
Running xtb_gsolv calculation for CONF439.
Running xtb_gsolv calculation for CONF441.
Running xtb_gsolv calculation for CONF442.
Running xtb_gsolv calculation for CONF429.
Running xtb_gsolv calculation for CONF440.
Running xtb_gsolv calculation for CONF431.
Running xtb_gsolv calculation for CONF436.
Running xtb_gsolv calculation for CONF437.
Running xtb_gsolv calculation for CONF444.
Running xtb_gsolv calculation for CONF410.
Running xtb_gsolv calculation for CONF438.
Running xtb_gsolv calculation for CONF448.
Running xtb_gsolv calculation for CONF432.
Running xtb_gsolv calculation for CONF445.
Running xtb_gsolv calculation for CONF447.
Running xtb_gsolv calculation for CONF446.
Running xtb_gsolv calculation for CONF430.
Running xtb_gsolv calculation for CONF428.
Running xtb_gsolv calculation for CONF434.
Running xtb_gsolv calculation for CONF433.
Running xtb_gsolv calculation for CONF435.
Running xtb_gsolv calculation for CONF476.
Running xtb_gsolv calculation for CONF443.
Running xtb_gsolv calculation for CONF450.
Running xtb_gsolv calculation for CONF451.
Running xtb_gsolv calculation for CONF455.
Running xtb_gsolv calculation for CONF454.
Running xtb_gsolv calculation for CONF468.
Running xtb_gsolv calculation for CONF463.
Running xtb_gsolv calculation for CONF456.
Running xtb_gsolv calculation for CONF457.
Running xtb_gsolv calculation for CONF453.
Running xtb_gsolv calculation for CONF449.
Running xtb_gsolv calculation for CONF458.
Running xtb_gsolv calculation for CONF473.
Running xtb_gsolv calculation for CONF459.
Running xtb_gsolv calculation for CONF461.
Running xtb_gsolv calculation for CONF480.
Running xtb_gsolv calculation for CONF460.
Running xtb_gsolv calculation for CONF474.
Running xtb_gsolv calculation for CONF485.
Running xtb_gsolv calculation for CONF462.
Running xtb_gsolv calculation for CONF467.
Running xtb_gsolv calculation for CONF465.
Running xtb_gsolv calculation for CONF452.
Running xtb_gsolv calculation for CONF466.
Running xtb_gsolv calculation for CONF464.
Running xtb_gsolv calculation for CONF482.
Running xtb_gsolv calculation for CONF471.
Running xtb_gsolv calculation for CONF469.
Running xtb_gsolv calculation for CONF484.
Running xtb_gsolv calculation for CONF478.
Running xtb_gsolv calculation for CONF470.
Running xtb_gsolv calculation for CONF495.
Running xtb_gsolv calculation for CONF472.
Running xtb_gsolv calculation for CONF489.
Running xtb_gsolv calculation for CONF479.
Running xtb_gsolv calculation for CONF475.
Running xtb_gsolv calculation for CONF486.
Running xtb_gsolv calculation for CONF481.
Running xtb_gsolv calculation for CONF477.
Running xtb_gsolv calculation for CONF496.
Running xtb_gsolv calculation for CONF503.
Running xtb_gsolv calculation for CONF500.
Running xtb_gsolv calculation for CONF494.
Running xtb_gsolv calculation for CONF483.
Running xtb_gsolv calculation for CONF491.
Running xtb_gsolv calculation for CONF493.
Running xtb_gsolv calculation for CONF498.
Running xtb_gsolv calculation for CONF497.
Running xtb_gsolv calculation for CONF499.
Running xtb_gsolv calculation for CONF488.
Running xtb_gsolv calculation for CONF501.
Running xtb_gsolv calculation for CONF490.
Running xtb_gsolv calculation for CONF492.
Running xtb_gsolv calculation for CONF504.
Running xtb_gsolv calculation for CONF505.
Running xtb_gsolv calculation for CONF507.
Running xtb_gsolv calculation for CONF510.
Running xtb_gsolv calculation for CONF508.
Running xtb_gsolv calculation for CONF487.
Running xtb_gsolv calculation for CONF512.
Running xtb_gsolv calculation for CONF506.
Running xtb_gsolv calculation for CONF513.
Running xtb_gsolv calculation for CONF511.
Running xtb_gsolv calculation for CONF509.
Running xtb_gsolv calculation for CONF502.
Running xtb_gsolv calculation for CONF515.
Running xtb_gsolv calculation for CONF514.
Running xtb_gsolv calculation for CONF516.
Running xtb_gsolv calculation for CONF517.
Running xtb_gsolv calculation for CONF518.
Running xtb_gsolv calculation for CONF519.
Running xtb_gsolv calculation for CONF520.
Running xtb_gsolv calculation for CONF521.
Running xtb_gsolv calculation for CONF523.
Running xtb_gsolv calculation for CONF527.
Running xtb_gsolv calculation for CONF544.
Running xtb_gsolv calculation for CONF529.
Running xtb_gsolv calculation for CONF530.
Running xtb_gsolv calculation for CONF524.
Running xtb_gsolv calculation for CONF532.
Running xtb_gsolv calculation for CONF526.
Running xtb_gsolv calculation for CONF525.
Running xtb_gsolv calculation for CONF531.
Running xtb_gsolv calculation for CONF533.
Running xtb_gsolv calculation for CONF537.
Running xtb_gsolv calculation for CONF528.
Running xtb_gsolv calculation for CONF534.
Running xtb_gsolv calculation for CONF522.
Running xtb_gsolv calculation for CONF557.
Running xtb_gsolv calculation for CONF535.
Running xtb_gsolv calculation for CONF547.
Running xtb_gsolv calculation for CONF538.
Running xtb_gsolv calculation for CONF536.
Running xtb_gsolv calculation for CONF556.
Running xtb_gsolv calculation for CONF540.
Running xtb_gsolv calculation for CONF543.
Running xtb_gsolv calculation for CONF541.
Running xtb_gsolv calculation for CONF542.
Running xtb_gsolv calculation for CONF546.
Running xtb_gsolv calculation for CONF545.
Running xtb_gsolv calculation for CONF539.
Running xtb_gsolv calculation for CONF548.
Running xtb_gsolv calculation for CONF581.
Running xtb_gsolv calculation for CONF554.
Running xtb_gsolv calculation for CONF550.
Running xtb_gsolv calculation for CONF565.
Running xtb_gsolv calculation for CONF566.
Running xtb_gsolv calculation for CONF579.
Running xtb_gsolv calculation for CONF551.
Running xtb_gsolv calculation for CONF553.
Running xtb_gsolv calculation for CONF562.
Running xtb_gsolv calculation for CONF555.
Running xtb_gsolv calculation for CONF559.
Running xtb_gsolv calculation for CONF558.
Running xtb_gsolv calculation for CONF568.
Running xtb_gsolv calculation for CONF587.
Running xtb_gsolv calculation for CONF595.
Running xtb_gsolv calculation for CONF552.
Running xtb_gsolv calculation for CONF560.
Running xtb_gsolv calculation for CONF549.
Running xtb_gsolv calculation for CONF603.
Running xtb_gsolv calculation for CONF621.
Running xtb_gsolv calculation for CONF563.
Running xtb_gsolv calculation for CONF567.
Running xtb_gsolv calculation for CONF569.
Running xtb_gsolv calculation for CONF570.
Running xtb_gsolv calculation for CONF598.
Running xtb_gsolv calculation for CONF564.
Running xtb_gsolv calculation for CONF571.
Running xtb_gsolv calculation for CONF572.
Running xtb_gsolv calculation for CONF596.
Running xtb_gsolv calculation for CONF561.
Running xtb_gsolv calculation for CONF573.
Running xtb_gsolv calculation for CONF574.
Running xtb_gsolv calculation for CONF575.
Running xtb_gsolv calculation for CONF576.
Running xtb_gsolv calculation for CONF578.
Running xtb_gsolv calculation for CONF577.
Running xtb_gsolv calculation for CONF580.
Running xtb_gsolv calculation for CONF582.
Running xtb_gsolv calculation for CONF586.
Running xtb_gsolv calculation for CONF590.
Running xtb_gsolv calculation for CONF583.
Running xtb_gsolv calculation for CONF584.
Running xtb_gsolv calculation for CONF585.
Running xtb_gsolv calculation for CONF593.
Running xtb_gsolv calculation for CONF604.
Running xtb_gsolv calculation for CONF588.
Running xtb_gsolv calculation for CONF589.
Running xtb_gsolv calculation for CONF592.
Running xtb_gsolv calculation for CONF601.
Running xtb_gsolv calculation for CONF599.
Running xtb_gsolv calculation for CONF594.
Running xtb_gsolv calculation for CONF605.
Running xtb_gsolv calculation for CONF591.
Running xtb_gsolv calculation for CONF600.
Running xtb_gsolv calculation for CONF597.
Running xtb_gsolv calculation for CONF606.
Running xtb_gsolv calculation for CONF609.
Running xtb_gsolv calculation for CONF608.
Running xtb_gsolv calculation for CONF610.
Running xtb_gsolv calculation for CONF602.
Running xtb_gsolv calculation for CONF616.
Running xtb_gsolv calculation for CONF607.
Running xtb_gsolv calculation for CONF618.
Running xtb_gsolv calculation for CONF612.
Running xtb_gsolv calculation for CONF613.
Running xtb_gsolv calculation for CONF636.
Running xtb_gsolv calculation for CONF614.
Running xtb_gsolv calculation for CONF619.
Running xtb_gsolv calculation for CONF617.
Running xtb_gsolv calculation for CONF625.
Running xtb_gsolv calculation for CONF615.
Running xtb_gsolv calculation for CONF622.
Running xtb_gsolv calculation for CONF623.
Running xtb_gsolv calculation for CONF624.
Running xtb_gsolv calculation for CONF628.
Running xtb_gsolv calculation for CONF627.
Running xtb_gsolv calculation for CONF626.
Running xtb_gsolv calculation for CONF629.
Running xtb_gsolv calculation for CONF620.
Running xtb_gsolv calculation for CONF632.
Running xtb_gsolv calculation for CONF630.
Running xtb_gsolv calculation for CONF611.
Running xtb_gsolv calculation for CONF633.
Running xtb_gsolv calculation for CONF631.
Running xtb_gsolv calculation for CONF634.
Running xtb_gsolv calculation for CONF635.
Running xtb_gsolv calculation for CONF641.
Running xtb_gsolv calculation for CONF650.
Running xtb_gsolv calculation for CONF644.
Running xtb_gsolv calculation for CONF639.
Running xtb_gsolv calculation for CONF648.
Running xtb_gsolv calculation for CONF645.
Running xtb_gsolv calculation for CONF649.
Running xtb_gsolv calculation for CONF637.
Running xtb_gsolv calculation for CONF638.
Running xtb_gsolv calculation for CONF647.
Running xtb_gsolv calculation for CONF640.
Running xtb_gsolv calculation for CONF643.
Running xtb_gsolv calculation for CONF646.
Running xtb_gsolv calculation for CONF642.
Running xtb_gsolv calculation for CONF652.
Running xtb_gsolv calculation for CONF655.
Running xtb_gsolv calculation for CONF658.
Running xtb_gsolv calculation for CONF654.
Running xtb_gsolv calculation for CONF653.
Running xtb_gsolv calculation for CONF659.
Running xtb_gsolv calculation for CONF657.
Running xtb_gsolv calculation for CONF672.
Running xtb_gsolv calculation for CONF656.
Running xtb_gsolv calculation for CONF660.
Running xtb_gsolv calculation for CONF661.
Running xtb_gsolv calculation for CONF662.
Running xtb_gsolv calculation for CONF676.
Running xtb_gsolv calculation for CONF651.
Running xtb_gsolv calculation for CONF663.
Running xtb_gsolv calculation for CONF669.
Running xtb_gsolv calculation for CONF671.
Running xtb_gsolv calculation for CONF670.
Running xtb_gsolv calculation for CONF667.
Running xtb_gsolv calculation for CONF692.
Running xtb_gsolv calculation for CONF666.
Running xtb_gsolv calculation for CONF665.
Running xtb_gsolv calculation for CONF664.
Running xtb_gsolv calculation for CONF668.
Running xtb_gsolv calculation for CONF673.
Running xtb_gsolv calculation for CONF677.
Running xtb_gsolv calculation for CONF687.
Running xtb_gsolv calculation for CONF675.
Running xtb_gsolv calculation for CONF674.
Running xtb_gsolv calculation for CONF678.
Running xtb_gsolv calculation for CONF686.
Running xtb_gsolv calculation for CONF679.
Running xtb_gsolv calculation for CONF680.
Running xtb_gsolv calculation for CONF708.
Running xtb_gsolv calculation for CONF685.
Running xtb_gsolv calculation for CONF682.
Running xtb_gsolv calculation for CONF681.
Running xtb_gsolv calculation for CONF689.
Running xtb_gsolv calculation for CONF684.
Running xtb_gsolv calculation for CONF688.
Running xtb_gsolv calculation for CONF683.
Running xtb_gsolv calculation for CONF698.
Running xtb_gsolv calculation for CONF690.
Running xtb_gsolv calculation for CONF691.
Running xtb_gsolv calculation for CONF693.
Running xtb_gsolv calculation for CONF694.
Running xtb_gsolv calculation for CONF702.
Running xtb_gsolv calculation for CONF697.
Running xtb_gsolv calculation for CONF700.
Running xtb_gsolv calculation for CONF699.
Running xtb_gsolv calculation for CONF701.
Running xtb_gsolv calculation for CONF703.
Running xtb_gsolv calculation for CONF696.
Running xtb_gsolv calculation for CONF695.
Running xtb_gsolv calculation for CONF706.
Running xtb_gsolv calculation for CONF707.
Running xtb_gsolv calculation for CONF704.
Running xtb_gsolv calculation for CONF705.
Running xtb_gsolv calculation for CONF743.
Running xtb_gsolv calculation for CONF709.
Running xtb_gsolv calculation for CONF742.
Running xtb_gsolv calculation for CONF710.
Running xtb_gsolv calculation for CONF713.
Running xtb_gsolv calculation for CONF714.
Running xtb_gsolv calculation for CONF711.
Running xtb_gsolv calculation for CONF719.
Running xtb_gsolv calculation for CONF715.
Running xtb_gsolv calculation for CONF716.
Running xtb_gsolv calculation for CONF717.
Running xtb_gsolv calculation for CONF718.
Running xtb_gsolv calculation for CONF720.
Running xtb_gsolv calculation for CONF726.
Running xtb_gsolv calculation for CONF723.
Running xtb_gsolv calculation for CONF722.
Running xtb_gsolv calculation for CONF724.
Running xtb_gsolv calculation for CONF756.
Running xtb_gsolv calculation for CONF721.
Running xtb_gsolv calculation for CONF727.
Running xtb_gsolv calculation for CONF728.
Running xtb_gsolv calculation for CONF729.
Running xtb_gsolv calculation for CONF730.
Running xtb_gsolv calculation for CONF751.
Running xtb_gsolv calculation for CONF733.
Running xtb_gsolv calculation for CONF732.
Running xtb_gsolv calculation for CONF735.
Running xtb_gsolv calculation for CONF736.
Running xtb_gsolv calculation for CONF739.
Running xtb_gsolv calculation for CONF737.
Running xtb_gsolv calculation for CONF738.
Running xtb_gsolv calculation for CONF734.
Running xtb_gsolv calculation for CONF712.
Running xtb_gsolv calculation for CONF740.
Running xtb_gsolv calculation for CONF750.
Running xtb_gsolv calculation for CONF731.
Running xtb_gsolv calculation for CONF748.
Running xtb_gsolv calculation for CONF757.
Running xtb_gsolv calculation for CONF744.
Running xtb_gsolv calculation for CONF741.
Running xtb_gsolv calculation for CONF747.
Running xtb_gsolv calculation for CONF746.
Running xtb_gsolv calculation for CONF745.
Running xtb_gsolv calculation for CONF753.
Running xtb_gsolv calculation for CONF749.
Running xtb_gsolv calculation for CONF759.
Running xtb_gsolv calculation for CONF752.
Running xtb_gsolv calculation for CONF725.
Running xtb_gsolv calculation for CONF769.
Running xtb_gsolv calculation for CONF760.
Running xtb_gsolv calculation for CONF762.
Running xtb_gsolv calculation for CONF770.
Running xtb_gsolv calculation for CONF764.
Running xtb_gsolv calculation for CONF758.
Running xtb_gsolv calculation for CONF755.
Running xtb_gsolv calculation for CONF774.
Running xtb_gsolv calculation for CONF754.
Running xtb_gsolv calculation for CONF763.
Running xtb_gsolv calculation for CONF771.
Running xtb_gsolv calculation for CONF768.
Running xtb_gsolv calculation for CONF761.
Running xtb_gsolv calculation for CONF767.
Running xtb_gsolv calculation for CONF765.
Running xtb_gsolv calculation for CONF776.
Running xtb_gsolv calculation for CONF766.
Running xtb_gsolv calculation for CONF778.
Running xtb_gsolv calculation for CONF775.
Running xtb_gsolv calculation for CONF808.
Running xtb_gsolv calculation for CONF772.
Running xtb_gsolv calculation for CONF779.
Running xtb_gsolv calculation for CONF780.
Running xtb_gsolv calculation for CONF773.
Running xtb_gsolv calculation for CONF777.
Running xtb_gsolv calculation for CONF786.
Running xtb_gsolv calculation for CONF782.
Running xtb_gsolv calculation for CONF781.
Running xtb_gsolv calculation for CONF791.
Running xtb_gsolv calculation for CONF784.
Running xtb_gsolv calculation for CONF788.
Running xtb_gsolv calculation for CONF789.
Running xtb_gsolv calculation for CONF783.
Running xtb_gsolv calculation for CONF787.
Running xtb_gsolv calculation for CONF790.
Running xtb_gsolv calculation for CONF785.
Running xtb_gsolv calculation for CONF792.
Running xtb_gsolv calculation for CONF796.
Running xtb_gsolv calculation for CONF800.
Running xtb_gsolv calculation for CONF795.
Running xtb_gsolv calculation for CONF799.
Running xtb_gsolv calculation for CONF797.
Running xtb_gsolv calculation for CONF798.
Running xtb_gsolv calculation for CONF803.
Running xtb_gsolv calculation for CONF804.
Running xtb_gsolv calculation for CONF840.
Running xtb_gsolv calculation for CONF806.
Running xtb_gsolv calculation for CONF838.
Running xtb_gsolv calculation for CONF843.
Running xtb_gsolv calculation for CONF793.
Running xtb_gsolv calculation for CONF801.
Running xtb_gsolv calculation for CONF807.
Running xtb_gsolv calculation for CONF810.
Running xtb_gsolv calculation for CONF805.
Running xtb_gsolv calculation for CONF802.
Running xtb_gsolv calculation for CONF815.
Running xtb_gsolv calculation for CONF814.
Running xtb_gsolv calculation for CONF794.
Running xtb_gsolv calculation for CONF809.
Running xtb_gsolv calculation for CONF812.
Running xtb_gsolv calculation for CONF813.
Running xtb_gsolv calculation for CONF811.
Running xtb_gsolv calculation for CONF816.
Running xtb_gsolv calculation for CONF817.
Running xtb_gsolv calculation for CONF818.
Running xtb_gsolv calculation for CONF819.
Running xtb_gsolv calculation for CONF833.
Running xtb_gsolv calculation for CONF820.
Running xtb_gsolv calculation for CONF821.
Running xtb_gsolv calculation for CONF823.
Running xtb_gsolv calculation for CONF834.
Running xtb_gsolv calculation for CONF836.
Running xtb_gsolv calculation for CONF824.
Running xtb_gsolv calculation for CONF825.
Running xtb_gsolv calculation for CONF822.
Running xtb_gsolv calculation for CONF826.
Running xtb_gsolv calculation for CONF827.
Running xtb_gsolv calculation for CONF828.
Running xtb_gsolv calculation for CONF829.
Running xtb_gsolv calculation for CONF832.
Running xtb_gsolv calculation for CONF837.
Running xtb_gsolv calculation for CONF831.
Running xtb_gsolv calculation for CONF835.
Running xtb_gsolv calculation for CONF839.
Running xtb_gsolv calculation for CONF830.
Running xtb_gsolv calculation for CONF846.
Running xtb_gsolv calculation for CONF841.
Running xtb_gsolv calculation for CONF845.
Running xtb_gsolv calculation for CONF849.
Running xtb_gsolv calculation for CONF844.
Running xtb_gsolv calculation for CONF842.
Running xtb_gsolv calculation for CONF847.
Running xtb_gsolv calculation for CONF848.
Running xtb_gsolv calculation for CONF854.
Running xtb_gsolv calculation for CONF850.
Running xtb_gsolv calculation for CONF851.
Running xtb_gsolv calculation for CONF852.
Running xtb_gsolv calculation for CONF855.
Running xtb_gsolv calculation for CONF856.
Running xtb_gsolv calculation for CONF853.
Running xtb_gsolv calculation for CONF857.
Running xtb_gsolv calculation for CONF858.
Running xtb_gsolv calculation for CONF860.
Running xtb_gsolv calculation for CONF862.
Running xtb_gsolv calculation for CONF861.
Running xtb_gsolv calculation for CONF859.
Running xtb_gsolv calculation for CONF875.
Running xtb_gsolv calculation for CONF865.
Running xtb_gsolv calculation for CONF863.
Running xtb_gsolv calculation for CONF864.
Running xtb_gsolv calculation for CONF871.
Running xtb_gsolv calculation for CONF866.
Running xtb_gsolv calculation for CONF867.
Running xtb_gsolv calculation for CONF868.
Running xtb_gsolv calculation for CONF870.
Running xtb_gsolv calculation for CONF869.
Running xtb_gsolv calculation for CONF874.
Running xtb_gsolv calculation for CONF872.
Running xtb_gsolv calculation for CONF881.
Running xtb_gsolv calculation for CONF883.
Running xtb_gsolv calculation for CONF873.
Running xtb_gsolv calculation for CONF876.
Running xtb_gsolv calculation for CONF880.
Running xtb_gsolv calculation for CONF877.
Running xtb_gsolv calculation for CONF879.
Running xtb_gsolv calculation for CONF887.
Running xtb_gsolv calculation for CONF878.
Running xtb_gsolv calculation for CONF917.
Running xtb_gsolv calculation for CONF882.
Running xtb_gsolv calculation for CONF918.
Running xtb_gsolv calculation for CONF886.
Running xtb_gsolv calculation for CONF885.
Running xtb_gsolv calculation for CONF884.
Running xtb_gsolv calculation for CONF888.
Running xtb_gsolv calculation for CONF891.
Running xtb_gsolv calculation for CONF889.
Running xtb_gsolv calculation for CONF890.
Running xtb_gsolv calculation for CONF902.
Running xtb_gsolv calculation for CONF892.
Running xtb_gsolv calculation for CONF893.
Running xtb_gsolv calculation for CONF894.
Running xtb_gsolv calculation for CONF895.
Running xtb_gsolv calculation for CONF913.
Running xtb_gsolv calculation for CONF904.
Running xtb_gsolv calculation for CONF896.
Running xtb_gsolv calculation for CONF897.
Running xtb_gsolv calculation for CONF898.
Running xtb_gsolv calculation for CONF899.
Running xtb_gsolv calculation for CONF903.
Running xtb_gsolv calculation for CONF900.
Running xtb_gsolv calculation for CONF915.
Running xtb_gsolv calculation for CONF901.
Running xtb_gsolv calculation for CONF905.
Running xtb_gsolv calculation for CONF906.
Running xtb_gsolv calculation for CONF910.
Running xtb_gsolv calculation for CONF907.
Running xtb_gsolv calculation for CONF912.
Running xtb_gsolv calculation for CONF911.
Running xtb_gsolv calculation for CONF909.
Running xtb_gsolv calculation for CONF914.
Running xtb_gsolv calculation for CONF908.
Running xtb_gsolv calculation for CONF916.
Running xtb_gsolv calculation for CONF919.
Running xtb_gsolv calculation for CONF920.
Running xtb_gsolv calculation for CONF924.
Running xtb_gsolv calculation for CONF921.
Running xtb_gsolv calculation for CONF932.
Running xtb_gsolv calculation for CONF922.
Running xtb_gsolv calculation for CONF923.
Running xtb_gsolv calculation for CONF934.
Running xtb_gsolv calculation for CONF925.
Running xtb_gsolv calculation for CONF926.
Running xtb_gsolv calculation for CONF927.
Running xtb_gsolv calculation for CONF928.
Running xtb_gsolv calculation for CONF929.
Running xtb_gsolv calculation for CONF935.
Running xtb_gsolv calculation for CONF973.
Running xtb_gsolv calculation for CONF930.
Running xtb_gsolv calculation for CONF933.
Running xtb_gsolv calculation for CONF931.
Running xtb_gsolv calculation for CONF937.
Running xtb_gsolv calculation for CONF938.
Running xtb_gsolv calculation for CONF936.
Running xtb_gsolv calculation for CONF940.
Running xtb_gsolv calculation for CONF941.
Running xtb_gsolv calculation for CONF939.
Running xtb_gsolv calculation for CONF942.
Running xtb_gsolv calculation for CONF944.
Running xtb_gsolv calculation for CONF943.
Running xtb_gsolv calculation for CONF945.
Running xtb_gsolv calculation for CONF946.
Running xtb_gsolv calculation for CONF947.
Running xtb_gsolv calculation for CONF948.
Running xtb_gsolv calculation for CONF949.
Running xtb_gsolv calculation for CONF952.
Running xtb_gsolv calculation for CONF950.
Running xtb_gsolv calculation for CONF951.
Running xtb_gsolv calculation for CONF953.
Running xtb_gsolv calculation for CONF954.
Running xtb_gsolv calculation for CONF955.
Running xtb_gsolv calculation for CONF958.
Running xtb_gsolv calculation for CONF957.
Running xtb_gsolv calculation for CONF959.
Running xtb_gsolv calculation for CONF960.
Running xtb_gsolv calculation for CONF956.
Running xtb_gsolv calculation for CONF970.
Running xtb_gsolv calculation for CONF961.
Running xtb_gsolv calculation for CONF963.
Running xtb_gsolv calculation for CONF962.
Running xtb_gsolv calculation for CONF964.
Running xtb_gsolv calculation for CONF966.
Running xtb_gsolv calculation for CONF965.
Running xtb_gsolv calculation for CONF968.
Running xtb_gsolv calculation for CONF967.
Running xtb_gsolv calculation for CONF969.
Running xtb_gsolv calculation for CONF972.
Running xtb_gsolv calculation for CONF971.
Running xtb_gsolv calculation for CONF978.
Running xtb_gsolv calculation for CONF974.
Running xtb_gsolv calculation for CONF975.
Running xtb_gsolv calculation for CONF976.
Running xtb_gsolv calculation for CONF977.
Running xtb_gsolv calculation for CONF992.
Running xtb_gsolv calculation for CONF985.
Running xtb_gsolv calculation for CONF993.
Running xtb_gsolv calculation for CONF980.
Running xtb_gsolv calculation for CONF979.
Running xtb_gsolv calculation for CONF981.
Running xtb_gsolv calculation for CONF982.
Running xtb_gsolv calculation for CONF986.
Running xtb_gsolv calculation for CONF983.
Running xtb_gsolv calculation for CONF984.
Running xtb_gsolv calculation for CONF997.
Running xtb_gsolv calculation for CONF987.
Running xtb_gsolv calculation for CONF988.
Running xtb_gsolv calculation for CONF989.
Running xtb_gsolv calculation for CONF990.
Running xtb_gsolv calculation for CONF991.
Running xtb_gsolv calculation for CONF994.
Running xtb_gsolv calculation for CONF995.
Running xtb_gsolv calculation for CONF996.
Running xtb_gsolv calculation for CONF1000.
Running xtb_gsolv calculation for CONF999.
Running xtb_gsolv calculation for CONF998.
Running xtb_gsolv calculation for CONF1001.
Running xtb_gsolv calculation for CONF1003.
Running xtb_gsolv calculation for CONF1002.
Running xtb_gsolv calculation for CONF1004.
Running xtb_gsolv calculation for CONF1005.
Running xtb_gsolv calculation for CONF1006.
Running xtb_gsolv calculation for CONF1007.
Running xtb_gsolv calculation for CONF1009.
Running xtb_gsolv calculation for CONF1008.
Running xtb_gsolv calculation for CONF1012.
Running xtb_gsolv calculation for CONF1013.
Running xtb_gsolv calculation for CONF1010.
Running xtb_gsolv calculation for CONF1011.
Running xtb_gsolv calculation for CONF1014.
Running xtb_gsolv calculation for CONF1015.
Running xtb_gsolv calculation for CONF1016.
Running xtb_gsolv calculation for CONF1017.
Running xtb_gsolv calculation for CONF1019.
Running xtb_gsolv calculation for CONF1020.
Running xtb_gsolv calculation for CONF1018.
Running xtb_gsolv calculation for CONF1021.
Running xtb_gsolv calculation for CONF1036.
Running xtb_gsolv calculation for CONF1025.
Running xtb_gsolv calculation for CONF1027.
Running xtb_gsolv calculation for CONF1023.
Running xtb_gsolv calculation for CONF1028.
Running xtb_gsolv calculation for CONF1022.
Running xtb_gsolv calculation for CONF1031.
Running xtb_gsolv calculation for CONF1033.
Running xtb_gsolv calculation for CONF1024.
Running xtb_gsolv calculation for CONF1026.
Running xtb_gsolv calculation for CONF1030.
Running xtb_gsolv calculation for CONF1029.
Running xtb_gsolv calculation for CONF1034.
Running xtb_gsolv calculation for CONF1032.
Running xtb_gsolv calculation for CONF1035.
Running xtb_gsolv calculation for CONF1037.
Running xtb_gsolv calculation for CONF1038.
Running xtb_gsolv calculation for CONF1041.
Running xtb_gsolv calculation for CONF1040.
Running xtb_gsolv calculation for CONF1046.
Running xtb_gsolv calculation for CONF1039.
Running xtb_gsolv calculation for CONF1042.
Running xtb_gsolv calculation for CONF1043.
Running xtb_gsolv calculation for CONF1048.
Running xtb_gsolv calculation for CONF1044.
Running xtb_gsolv calculation for CONF1047.
Running xtb_gsolv calculation for CONF1045.
Running xtb_gsolv calculation for CONF1051.
Running xtb_gsolv calculation for CONF1053.
Running xtb_gsolv calculation for CONF1049.
Running xtb_gsolv calculation for CONF1050.
Running xtb_gsolv calculation for CONF1052.
Running xtb_gsolv calculation for CONF1054.
Running xtb_gsolv calculation for CONF1055.
Running xtb_gsolv calculation for CONF1056.
Running xtb_gsolv calculation for CONF1058.
Running xtb_gsolv calculation for CONF1057.
Running xtb_gsolv calculation for CONF1059.
Running xtb_gsolv calculation for CONF1066.
Running xtb_gsolv calculation for CONF1063.
Running xtb_gsolv calculation for CONF1064.
Running xtb_gsolv calculation for CONF1065.
Running xtb_gsolv calculation for CONF1062.
Running xtb_gsolv calculation for CONF1068.
Running xtb_gsolv calculation for CONF1060.
Running xtb_gsolv calculation for CONF1061.
Running xtb_gsolv calculation for CONF1070.
Running xtb_gsolv calculation for CONF1071.
Running xtb_gsolv calculation for CONF1069.
Running xtb_gsolv calculation for CONF1072.
Running xtb_gsolv calculation for CONF1067.
Running xtb_gsolv calculation for CONF1074.
Running xtb_gsolv calculation for CONF1075.
Running xtb_gsolv calculation for CONF1078.
Running xtb_gsolv calculation for CONF1073.
Running xtb_gsolv calculation for CONF1076.
Running xtb_gsolv calculation for CONF1077.
Running xtb_gsolv calculation for CONF1079.
Running xtb_gsolv calculation for CONF1080.
Running xtb_gsolv calculation for CONF1084.
Running xtb_gsolv calculation for CONF1083.
Running xtb_gsolv calculation for CONF1081.
Running xtb_gsolv calculation for CONF1082.
Running xtb_gsolv calculation for CONF1085.
Running xtb_gsolv calculation for CONF1086.
Running xtb_gsolv calculation for CONF1125.
Running xtb_gsolv calculation for CONF1087.
Running xtb_gsolv calculation for CONF1088.
Running xtb_gsolv calculation for CONF1101.
Running xtb_gsolv calculation for CONF1096.
Running xtb_gsolv calculation for CONF1089.
Running xtb_gsolv calculation for CONF1090.
Running xtb_gsolv calculation for CONF1092.
Running xtb_gsolv calculation for CONF1091.
Running xtb_gsolv calculation for CONF1109.
Running xtb_gsolv calculation for CONF1100.
Running xtb_gsolv calculation for CONF1094.
Running xtb_gsolv calculation for CONF1103.
Running xtb_gsolv calculation for CONF1098.
Running xtb_gsolv calculation for CONF1095.
Running xtb_gsolv calculation for CONF1093.
Running xtb_gsolv calculation for CONF1097.
Running xtb_gsolv calculation for CONF1099.
Running xtb_gsolv calculation for CONF1104.
Running xtb_gsolv calculation for CONF1102.
Running xtb_gsolv calculation for CONF1113.
Running xtb_gsolv calculation for CONF1106.
Running xtb_gsolv calculation for CONF1105.
Running xtb_gsolv calculation for CONF1108.
Running xtb_gsolv calculation for CONF1115.
Running xtb_gsolv calculation for CONF1107.
Running xtb_gsolv calculation for CONF1112.
Running xtb_gsolv calculation for CONF1110.
Running xtb_gsolv calculation for CONF1114.
Running xtb_gsolv calculation for CONF1118.
Running xtb_gsolv calculation for CONF1127.
Running xtb_gsolv calculation for CONF1111.
Running xtb_gsolv calculation for CONF1117.
Running xtb_gsolv calculation for CONF1142.
Running xtb_gsolv calculation for CONF1116.
Running xtb_gsolv calculation for CONF1119.
Running xtb_gsolv calculation for CONF1120.
Running xtb_gsolv calculation for CONF1121.
Running xtb_gsolv calculation for CONF1124.
Running xtb_gsolv calculation for CONF1122.
Running xtb_gsolv calculation for CONF1123.
Running xtb_gsolv calculation for CONF1141.
Running xtb_gsolv calculation for CONF1131.
Running xtb_gsolv calculation for CONF1126.
Running xtb_gsolv calculation for CONF1128.
Running xtb_gsolv calculation for CONF1133.
Running xtb_gsolv calculation for CONF1135.
Running xtb_gsolv calculation for CONF1129.
Running xtb_gsolv calculation for CONF1132.
Running xtb_gsolv calculation for CONF1130.
Running xtb_gsolv calculation for CONF1134.
Running xtb_gsolv calculation for CONF1136.
Running xtb_gsolv calculation for CONF1137.
Running xtb_gsolv calculation for CONF1138.
Running xtb_gsolv calculation for CONF1139.
Running xtb_gsolv calculation for CONF1144.
Running xtb_gsolv calculation for CONF1147.
Running xtb_gsolv calculation for CONF1143.
Running xtb_gsolv calculation for CONF1140.
Running xtb_gsolv calculation for CONF1146.
Running xtb_gsolv calculation for CONF1149.
Running xtb_gsolv calculation for CONF1152.
Running xtb_gsolv calculation for CONF1150.
Running xtb_gsolv calculation for CONF1155.
Running xtb_gsolv calculation for CONF1151.
Running xtb_gsolv calculation for CONF1148.
Running xtb_gsolv calculation for CONF1145.
Running xtb_gsolv calculation for CONF1153.
Running xtb_gsolv calculation for CONF1156.
Running xtb_gsolv calculation for CONF1154.
Running xtb_gsolv calculation for CONF1157.
Running xtb_gsolv calculation for CONF1161.
Running xtb_gsolv calculation for CONF1159.
Running xtb_gsolv calculation for CONF1158.
Running xtb_gsolv calculation for CONF1160.
Running xtb_gsolv calculation for CONF1169.
Running xtb_gsolv calculation for CONF1162.
Running xtb_gsolv calculation for CONF1164.
Running xtb_gsolv calculation for CONF1165.
Running xtb_gsolv calculation for CONF1163.
Running xtb_gsolv calculation for CONF1166.
Running xtb_gsolv calculation for CONF1167.
Running xtb_gsolv calculation for CONF1168.
Running xtb_gsolv calculation for CONF1170.
Running xtb_gsolv calculation for CONF1172.
Running xtb_gsolv calculation for CONF1171.
Running xtb_gsolv calculation for CONF1176.
Running xtb_gsolv calculation for CONF1173.
Running xtb_gsolv calculation for CONF1174.
Running xtb_gsolv calculation for CONF1175.
Running xtb_gsolv calculation for CONF1181.
Running xtb_gsolv calculation for CONF1182.
Running xtb_gsolv calculation for CONF1179.
Running xtb_gsolv calculation for CONF1180.
Running xtb_gsolv calculation for CONF1183.
Running xtb_gsolv calculation for CONF1178.
Running xtb_gsolv calculation for CONF1177.
Running xtb_gsolv calculation for CONF1184.
Running xtb_gsolv calculation for CONF1185.
Running xtb_gsolv calculation for CONF1186.
Running xtb_gsolv calculation for CONF1187.
Running xtb_gsolv calculation for CONF1188.
Running xtb_gsolv calculation for CONF1189.
Running xtb_gsolv calculation for CONF1190.
Running xtb_gsolv calculation for CONF1191.
Running xtb_gsolv calculation for CONF1192.
Running xtb_gsolv calculation for CONF1193.
Running xtb_gsolv calculation for CONF1216.
Running xtb_gsolv calculation for CONF1194.
Running xtb_gsolv calculation for CONF1195.
Running xtb_gsolv calculation for CONF1196.
Running xtb_gsolv calculation for CONF1197.
Running xtb_gsolv calculation for CONF1213.
Running xtb_gsolv calculation for CONF1198.
Running xtb_gsolv calculation for CONF1202.
Running xtb_gsolv calculation for CONF1200.
Running xtb_gsolv calculation for CONF1199.
Running xtb_gsolv calculation for CONF1201.
Running xtb_gsolv calculation for CONF1205.
Running xtb_gsolv calculation for CONF1203.
Running xtb_gsolv calculation for CONF1206.
Running xtb_gsolv calculation for CONF1204.
Running xtb_gsolv calculation for CONF1207.
Running xtb_gsolv calculation for CONF1208.
Running xtb_gsolv calculation for CONF1210.
Running xtb_gsolv calculation for CONF1209.
Running xtb_gsolv calculation for CONF1212.
Running xtb_gsolv calculation for CONF1211.
Running xtb_gsolv calculation for CONF1214.
Running xtb_gsolv calculation for CONF1221.
Running xtb_gsolv calculation for CONF1219.
Running xtb_gsolv calculation for CONF1215.
Running xtb_gsolv calculation for CONF1217.
Running xtb_gsolv calculation for CONF1220.
Running xtb_gsolv calculation for CONF1222.
Running xtb_gsolv calculation for CONF1218.
Running xtb_gsolv calculation for CONF1223.
Running xtb_gsolv calculation for CONF1224.
Running xtb_gsolv calculation for CONF1226.
Running xtb_gsolv calculation for CONF1225.
Running xtb_gsolv calculation for CONF1227.
Running xtb_gsolv calculation for CONF1230.
Running xtb_gsolv calculation for CONF1234.
Running xtb_gsolv calculation for CONF1228.
Running xtb_gsolv calculation for CONF1238.
Running xtb_gsolv calculation for CONF1229.
Running xtb_gsolv calculation for CONF1231.
Running xtb_gsolv calculation for CONF1232.
Running xtb_gsolv calculation for CONF1233.
Running xtb_gsolv calculation for CONF1236.
Running xtb_gsolv calculation for CONF1237.
Running xtb_gsolv calculation for CONF1247.
Running xtb_gsolv calculation for CONF1240.
Running xtb_gsolv calculation for CONF1239.
Running xtb_gsolv calculation for CONF1244.
Running xtb_gsolv calculation for CONF1235.
Running xtb_gsolv calculation for CONF1241.
Running xtb_gsolv calculation for CONF1242.
Running xtb_gsolv calculation for CONF1243.
Running xtb_gsolv calculation for CONF1245.
Running xtb_gsolv calculation for CONF1246.
Running xtb_gsolv calculation for CONF1248.
Running xtb_gsolv calculation for CONF1249.
Running xtb_gsolv calculation for CONF1250.
Running xtb_gsolv calculation for CONF1278.
Running xtb_gsolv calculation for CONF1253.
Running xtb_gsolv calculation for CONF1254.
Running xtb_gsolv calculation for CONF1251.
Running xtb_gsolv calculation for CONF1252.
Running xtb_gsolv calculation for CONF1255.
Running xtb_gsolv calculation for CONF1257.
Running xtb_gsolv calculation for CONF1256.
Running xtb_gsolv calculation for CONF1258.
Running xtb_gsolv calculation for CONF1259.
Running xtb_gsolv calculation for CONF1260.
Running xtb_gsolv calculation for CONF1262.
Running xtb_gsolv calculation for CONF1261.
Running xtb_gsolv calculation for CONF1265.
Running xtb_gsolv calculation for CONF1263.
Running xtb_gsolv calculation for CONF1264.
Running xtb_gsolv calculation for CONF1266.
Running xtb_gsolv calculation for CONF1267.
Running xtb_gsolv calculation for CONF1268.
Running xtb_gsolv calculation for CONF1269.
Running xtb_gsolv calculation for CONF1270.
Running xtb_gsolv calculation for CONF1286.
Running xtb_gsolv calculation for CONF1272.
Running xtb_gsolv calculation for CONF1271.
Running xtb_gsolv calculation for CONF1292.
Running xtb_gsolv calculation for CONF1273.
Running xtb_gsolv calculation for CONF1276.
Running xtb_gsolv calculation for CONF1274.
Running xtb_gsolv calculation for CONF1279.
Running xtb_gsolv calculation for CONF1275.
Running xtb_gsolv calculation for CONF1277.
Running xtb_gsolv calculation for CONF1284.
Running xtb_gsolv calculation for CONF1281.
Running xtb_gsolv calculation for CONF1280.
Running xtb_gsolv calculation for CONF1282.
Running xtb_gsolv calculation for CONF1287.
Running xtb_gsolv calculation for CONF1283.
Running xtb_gsolv calculation for CONF1285.
Running xtb_gsolv calculation for CONF1289.
Running xtb_gsolv calculation for CONF1290.
Running xtb_gsolv calculation for CONF1291.
Running xtb_gsolv calculation for CONF1294.
Running xtb_gsolv calculation for CONF1293.
Running xtb_gsolv calculation for CONF1288.
Running xtb_gsolv calculation for CONF1295.
Running xtb_gsolv calculation for CONF1297.
Running xtb_gsolv calculation for CONF1299.
Running xtb_gsolv calculation for CONF1296.
Running xtb_gsolv calculation for CONF1298.
Running xtb_gsolv calculation for CONF1300.
Running xtb_gsolv calculation for CONF1306.
Running xtb_gsolv calculation for CONF1301.
Running xtb_gsolv calculation for CONF1303.
Running xtb_gsolv calculation for CONF1302.
Running xtb_gsolv calculation for CONF1305.
Running xtb_gsolv calculation for CONF1304.
Running xtb_gsolv calculation for CONF1311.
Running xtb_gsolv calculation for CONF1309.
Running xtb_gsolv calculation for CONF1310.
Running xtb_gsolv calculation for CONF1308.
Running xtb_gsolv calculation for CONF1307.
Running xtb_gsolv calculation for CONF1312.
Running xtb_gsolv calculation for CONF1313.
Running xtb_gsolv calculation for CONF1314.
Running xtb_gsolv calculation for CONF1315.
Running xtb_gsolv calculation for CONF1318.
Running xtb_gsolv calculation for CONF1319.
Running xtb_gsolv calculation for CONF1316.
Running xtb_gsolv calculation for CONF1317.
Running xtb_gsolv calculation for CONF1340.
Running xtb_gsolv calculation for CONF1336.
Running xtb_gsolv calculation for CONF1320.
Running xtb_gsolv calculation for CONF1321.
Running xtb_gsolv calculation for CONF1329.
Running xtb_gsolv calculation for CONF1322.
Running xtb_gsolv calculation for CONF1323.
Running xtb_gsolv calculation for CONF1328.
Running xtb_gsolv calculation for CONF1324.
Running xtb_gsolv calculation for CONF1325.
Running xtb_gsolv calculation for CONF1326.
Running xtb_gsolv calculation for CONF1327.
Running xtb_gsolv calculation for CONF1330.
Running xtb_gsolv calculation for CONF1331.
Running xtb_gsolv calculation for CONF1332.
Running xtb_gsolv calculation for CONF1352.
Running xtb_gsolv calculation for CONF1333.
Running xtb_gsolv calculation for CONF1339.
Running xtb_gsolv calculation for CONF1342.
Running xtb_gsolv calculation for CONF1335.
Running xtb_gsolv calculation for CONF1343.
Running xtb_gsolv calculation for CONF1338.
Running xtb_gsolv calculation for CONF1337.
Running xtb_gsolv calculation for CONF1341.
Running xtb_gsolv calculation for CONF1334.
Running xtb_gsolv calculation for CONF1344.
Running xtb_gsolv calculation for CONF1345.
Running xtb_gsolv calculation for CONF1347.
Running xtb_gsolv calculation for CONF1357.
Running xtb_gsolv calculation for CONF1370.
Running xtb_gsolv calculation for CONF1348.
Running xtb_gsolv calculation for CONF1346.
Running xtb_gsolv calculation for CONF1363.
Running xtb_gsolv calculation for CONF1349.
Running xtb_gsolv calculation for CONF1350.
Running xtb_gsolv calculation for CONF1351.
Running xtb_gsolv calculation for CONF1360.
Running xtb_gsolv calculation for CONF1358.
Running xtb_gsolv calculation for CONF1354.
Running xtb_gsolv calculation for CONF1353.
Running xtb_gsolv calculation for CONF1355.
Running xtb_gsolv calculation for CONF1356.
Running xtb_gsolv calculation for CONF1361.
Running xtb_gsolv calculation for CONF1359.
Running xtb_gsolv calculation for CONF1364.
Running xtb_gsolv calculation for CONF1362.
Running xtb_gsolv calculation for CONF1365.
Running xtb_gsolv calculation for CONF1366.
Running xtb_gsolv calculation for CONF1367.
Running xtb_gsolv calculation for CONF1368.
Running xtb_gsolv calculation for CONF1369.
Running xtb_gsolv calculation for CONF1371.
Running xtb_gsolv calculation for CONF1372.
Running xtb_gsolv calculation for CONF1377.
Running xtb_gsolv calculation for CONF1376.
Running xtb_gsolv calculation for CONF1379.
Running xtb_gsolv calculation for CONF1375.
Running xtb_gsolv calculation for CONF1381.
Running xtb_gsolv calculation for CONF1373.
Running xtb_gsolv calculation for CONF1378.
Running xtb_gsolv calculation for CONF1380.
Running xtb_gsolv calculation for CONF1374.
Running xtb_gsolv calculation for CONF1382.
Running xtb_gsolv calculation for CONF1383.
Running xtb_gsolv calculation for CONF1386.
Running xtb_gsolv calculation for CONF1384.
Running xtb_gsolv calculation for CONF1385.
Running xtb_gsolv calculation for CONF1387.
Running xtb_gsolv calculation for CONF1388.
Running xtb_gsolv calculation for CONF1391.
Running xtb_gsolv calculation for CONF1392.
Running xtb_gsolv calculation for CONF1390.
Running xtb_gsolv calculation for CONF1389.
Running xtb_gsolv calculation for CONF1397.
Running xtb_gsolv calculation for CONF1409.
Running xtb_gsolv calculation for CONF1394.
Running xtb_gsolv calculation for CONF1395.
Running xtb_gsolv calculation for CONF1393.
Running xtb_gsolv calculation for CONF1396.
Running xtb_gsolv calculation for CONF1398.
Running xtb_gsolv calculation for CONF1402.
Running xtb_gsolv calculation for CONF1399.
Running xtb_gsolv calculation for CONF1400.
Running xtb_gsolv calculation for CONF1410.
Running xtb_gsolv calculation for CONF1401.
Running xtb_gsolv calculation for CONF1411.
Running xtb_gsolv calculation for CONF1424.
Running xtb_gsolv calculation for CONF1403.
Running xtb_gsolv calculation for CONF1413.
Running xtb_gsolv calculation for CONF1404.
Running xtb_gsolv calculation for CONF1405.
Running xtb_gsolv calculation for CONF1433.
Running xtb_gsolv calculation for CONF1430.
Running xtb_gsolv calculation for CONF1407.
Running xtb_gsolv calculation for CONF1406.
Running xtb_gsolv calculation for CONF1408.
Running xtb_gsolv calculation for CONF1412.
Running xtb_gsolv calculation for CONF1447.
Running xtb_gsolv calculation for CONF1414.
Running xtb_gsolv calculation for CONF1415.
Running xtb_gsolv calculation for CONF1419.
Running xtb_gsolv calculation for CONF1416.
Running xtb_gsolv calculation for CONF1417.
Running xtb_gsolv calculation for CONF1418.
Running xtb_gsolv calculation for CONF1420.
Running xtb_gsolv calculation for CONF1422.
Running xtb_gsolv calculation for CONF1421.
Running xtb_gsolv calculation for CONF1423.
Running xtb_gsolv calculation for CONF1426.
Running xtb_gsolv calculation for CONF1425.
Running xtb_gsolv calculation for CONF1435.
Running xtb_gsolv calculation for CONF1427.
Running xtb_gsolv calculation for CONF1428.
Running xtb_gsolv calculation for CONF1429.
Running xtb_gsolv calculation for CONF1431.
Running xtb_gsolv calculation for CONF1432.
Running xtb_gsolv calculation for CONF1434.
Running xtb_gsolv calculation for CONF1436.
Running xtb_gsolv calculation for CONF1437.
Running xtb_gsolv calculation for CONF1439.
Running xtb_gsolv calculation for CONF1440.
Running xtb_gsolv calculation for CONF1438.
Running xtb_gsolv calculation for CONF1442.
Running xtb_gsolv calculation for CONF1443.
Running xtb_gsolv calculation for CONF1444.
Running xtb_gsolv calculation for CONF1441.
Running xtb_gsolv calculation for CONF1446.
Running xtb_gsolv calculation for CONF1445.
Running xtb_gsolv calculation for CONF1448.
Running xtb_gsolv calculation for CONF1452.
Running xtb_gsolv calculation for CONF1451.
Running xtb_gsolv calculation for CONF1450.
Running xtb_gsolv calculation for CONF1449.
Running xtb_gsolv calculation for CONF1453.
Running xtb_gsolv calculation for CONF1454.
Running xtb_gsolv calculation for CONF1455.
Running xtb_gsolv calculation for CONF1458.
Running xtb_gsolv calculation for CONF1456.
Running xtb_gsolv calculation for CONF1457.
Running xtb_gsolv calculation for CONF1459.
Running xtb_gsolv calculation for CONF1460.
Running xtb_gsolv calculation for CONF1461.
Running xtb_gsolv calculation for CONF1489.
Running xtb_gsolv calculation for CONF1462.
Running xtb_gsolv calculation for CONF1468.
Running xtb_gsolv calculation for CONF1463.
Running xtb_gsolv calculation for CONF1464.
Running xtb_gsolv calculation for CONF1465.
Running xtb_gsolv calculation for CONF1466.
Running xtb_gsolv calculation for CONF1467.
Running xtb_gsolv calculation for CONF1470.
Running xtb_gsolv calculation for CONF1471.
Running xtb_gsolv calculation for CONF1472.
Running xtb_gsolv calculation for CONF1474.
Running xtb_gsolv calculation for CONF1473.
Running xtb_gsolv calculation for CONF1469.
Running xtb_gsolv calculation for CONF1475.
Running xtb_gsolv calculation for CONF1477.
Running xtb_gsolv calculation for CONF1476.
Running xtb_gsolv calculation for CONF1478.
Running xtb_gsolv calculation for CONF1483.
Running xtb_gsolv calculation for CONF1479.
Running xtb_gsolv calculation for CONF1480.
Running xtb_gsolv calculation for CONF1485.
Running xtb_gsolv calculation for CONF1481.
Running xtb_gsolv calculation for CONF1484.
Running xtb_gsolv calculation for CONF1482.
Running xtb_gsolv calculation for CONF1486.
Running xtb_gsolv calculation for CONF1488.
Running xtb_gsolv calculation for CONF1487.
Running xtb_gsolv calculation for CONF1490.
Running xtb_gsolv calculation for CONF1492.
Running xtb_gsolv calculation for CONF1491.
Running xtb_gsolv calculation for CONF1495.
Running xtb_gsolv calculation for CONF1506.
Running xtb_gsolv calculation for CONF1496.
Running xtb_gsolv calculation for CONF1494.
Running xtb_gsolv calculation for CONF1493.
Running xtb_gsolv calculation for CONF1497.
Running xtb_gsolv calculation for CONF1499.
Running xtb_gsolv calculation for CONF1498.
Running xtb_gsolv calculation for CONF1502.
Running xtb_gsolv calculation for CONF1500.
Running xtb_gsolv calculation for CONF1503.
Running xtb_gsolv calculation for CONF1501.
Running xtb_gsolv calculation for CONF1508.
Running xtb_gsolv calculation for CONF1504.
Running xtb_gsolv calculation for CONF1505.
Running xtb_gsolv calculation for CONF1509.
Running xtb_gsolv calculation for CONF1507.
Running xtb_gsolv calculation for CONF1510.
Running xtb_gsolv calculation for CONF1513.
Running xtb_gsolv calculation for CONF1526.
Running xtb_gsolv calculation for CONF1512.
Running xtb_gsolv calculation for CONF1511.
Running xtb_gsolv calculation for CONF1514.
Running xtb_gsolv calculation for CONF1517.
Running xtb_gsolv calculation for CONF1518.
Running xtb_gsolv calculation for CONF1515.
Running xtb_gsolv calculation for CONF1516.
Running xtb_gsolv calculation for CONF1520.
Running xtb_gsolv calculation for CONF1521.
Running xtb_gsolv calculation for CONF1522.
Running xtb_gsolv calculation for CONF1523.
Running xtb_gsolv calculation for CONF1519.
Running xtb_gsolv calculation for CONF1524.
Running xtb_gsolv calculation for CONF1525.
Running xtb_gsolv calculation for CONF1527.
Running xtb_gsolv calculation for CONF1529.
Running xtb_gsolv calculation for CONF1530.
Running xtb_gsolv calculation for CONF1531.
Running xtb_gsolv calculation for CONF1534.
Running xtb_gsolv calculation for CONF1532.
Running xtb_gsolv calculation for CONF1528.
Running xtb_gsolv calculation for CONF1533.
Running xtb_gsolv calculation for CONF1537.
Running xtb_gsolv calculation for CONF1536.
Running xtb_gsolv calculation for CONF1539.
Running xtb_gsolv calculation for CONF1538.
Running xtb_gsolv calculation for CONF1540.
Running xtb_gsolv calculation for CONF1535.
Running xtb_gsolv calculation for CONF1541.
Running xtb_gsolv calculation for CONF1542.
Running xtb_gsolv calculation for CONF1544.
Running xtb_gsolv calculation for CONF1551.
Running xtb_gsolv calculation for CONF1543.
Running xtb_gsolv calculation for CONF1545.
Running xtb_gsolv calculation for CONF1546.
Running xtb_gsolv calculation for CONF1547.
Running xtb_gsolv calculation for CONF1549.
Running xtb_gsolv calculation for CONF1552.
Running xtb_gsolv calculation for CONF1548.
Running xtb_gsolv calculation for CONF1550.
Running xtb_gsolv calculation for CONF1553.
Running xtb_gsolv calculation for CONF1554.
Running xtb_gsolv calculation for CONF1556.
Running xtb_gsolv calculation for CONF1555.
Running xtb_gsolv calculation for CONF1557.
Running xtb_gsolv calculation for CONF1558.
Running xtb_gsolv calculation for CONF1559.
Running xtb_gsolv calculation for CONF1560.
Running xtb_gsolv calculation for CONF1561.
Running xtb_gsolv calculation for CONF1562.
Running xtb_gsolv calculation for CONF1563.
Running xtb_gsolv calculation for CONF1572.
Running xtb_gsolv calculation for CONF1565.
Running xtb_gsolv calculation for CONF1564.
Running xtb_gsolv calculation for CONF1574.
Running xtb_gsolv calculation for CONF1573.
Running xtb_gsolv calculation for CONF1567.
Running xtb_gsolv calculation for CONF1569.
Running xtb_gsolv calculation for CONF1566.
Running xtb_gsolv calculation for CONF1568.
Running xtb_gsolv calculation for CONF1570.
Running xtb_gsolv calculation for CONF1575.
Running xtb_gsolv calculation for CONF1571.
Running xtb_gsolv calculation for CONF1576.
Running xtb_gsolv calculation for CONF1577.
Running xtb_gsolv calculation for CONF1578.
Running xtb_gsolv calculation for CONF1579.
Running xtb_gsolv calculation for CONF1580.
Running xtb_gsolv calculation for CONF1581.
Running xtb_gsolv calculation for CONF1582.
Running xtb_gsolv calculation for CONF1583.
Running xtb_gsolv calculation for CONF1587.
Running xtb_gsolv calculation for CONF1585.
Running xtb_gsolv calculation for CONF1586.
Running xtb_gsolv calculation for CONF1584.
Running xtb_gsolv calculation for CONF1590.
Running xtb_gsolv calculation for CONF1591.
Running xtb_gsolv calculation for CONF1588.
Running xtb_gsolv calculation for CONF1589.
Running xtb_gsolv calculation for CONF1592.
Running xtb_gsolv calculation for CONF1593.
Running xtb_gsolv calculation for CONF1594.
Running xtb_gsolv calculation for CONF1596.
Running xtb_gsolv calculation for CONF1598.
Running xtb_gsolv calculation for CONF1599.
Running xtb_gsolv calculation for CONF1603.
Running xtb_gsolv calculation for CONF1595.
Running xtb_gsolv calculation for CONF1597.
Running xtb_gsolv calculation for CONF1601.
Running xtb_gsolv calculation for CONF1602.
Running xtb_gsolv calculation for CONF1604.
Running xtb_gsolv calculation for CONF1600.
Running xtb_gsolv calculation for CONF1606.
Running xtb_gsolv calculation for CONF1610.
Running xtb_gsolv calculation for CONF1605.
Running xtb_gsolv calculation for CONF1607.
Running xtb_gsolv calculation for CONF1608.
Running xtb_gsolv calculation for CONF1609.
Running xtb_gsolv calculation for CONF1611.
Running xtb_gsolv calculation for CONF1612.
Running xtb_gsolv calculation for CONF1613.
Running xtb_gsolv calculation for CONF1614.
Running xtb_gsolv calculation for CONF1615.
Running xtb_gsolv calculation for CONF1616.
Running xtb_gsolv calculation for CONF1622.
Running xtb_gsolv calculation for CONF1617.
Running xtb_gsolv calculation for CONF1618.
Running xtb_gsolv calculation for CONF1628.
Running xtb_gsolv calculation for CONF1620.
Running xtb_gsolv calculation for CONF1619.
Running xtb_gsolv calculation for CONF1621.
Running xtb_gsolv calculation for CONF1623.
Running xtb_gsolv calculation for CONF1624.
Running xtb_gsolv calculation for CONF1625.
Running xtb_gsolv calculation for CONF1626.
Running xtb_gsolv calculation for CONF1633.
Running xtb_gsolv calculation for CONF1629.
Running xtb_gsolv calculation for CONF1627.
Running xtb_gsolv calculation for CONF1638.
Running xtb_gsolv calculation for CONF1630.
Running xtb_gsolv calculation for CONF1636.
Running xtb_gsolv calculation for CONF1631.
Running xtb_gsolv calculation for CONF1635.
Running xtb_gsolv calculation for CONF1632.
Running xtb_gsolv calculation for CONF1634.
Running xtb_gsolv calculation for CONF1639.
Running xtb_gsolv calculation for CONF1643.
Running xtb_gsolv calculation for CONF1641.
Running xtb_gsolv calculation for CONF1642.
Running xtb_gsolv calculation for CONF1637.
Running xtb_gsolv calculation for CONF1644.
Running xtb_gsolv calculation for CONF1645.
Running xtb_gsolv calculation for CONF1640.
Running xtb_gsolv calculation for CONF1646.
Running xtb_gsolv calculation for CONF1648.
Running xtb_gsolv calculation for CONF1647.
Running xtb_gsolv calculation for CONF1649.
Running xtb_gsolv calculation for CONF1651.
Running xtb_gsolv calculation for CONF1650.
Running xtb_gsolv calculation for CONF1652.
Running xtb_gsolv calculation for CONF1656.
Running xtb_gsolv calculation for CONF1655.
Running xtb_gsolv calculation for CONF1657.
Running xtb_gsolv calculation for CONF1660.
Running xtb_gsolv calculation for CONF1653.
Running xtb_gsolv calculation for CONF1654.
Running xtb_gsolv calculation for CONF1658.
Running xtb_gsolv calculation for CONF1659.
Running xtb_gsolv calculation for CONF1661.
Running xtb_gsolv calculation for CONF1662.
Running xtb_gsolv calculation for CONF1664.
Running xtb_gsolv calculation for CONF1663.
Running xtb_gsolv calculation for CONF1668.
Running xtb_gsolv calculation for CONF1665.
Running xtb_gsolv calculation for CONF1666.
Running xtb_gsolv calculation for CONF1671.
Running xtb_gsolv calculation for CONF1667.
Running xtb_gsolv calculation for CONF1669.
Running xtb_gsolv calculation for CONF1672.
Running xtb_gsolv calculation for CONF1673.
Running xtb_gsolv calculation for CONF1670.
Running xtb_gsolv calculation for CONF1674.
Running xtb_gsolv calculation for CONF1677.
Running xtb_gsolv calculation for CONF1679.
Running xtb_gsolv calculation for CONF1678.
Running xtb_gsolv calculation for CONF1676.
Running xtb_gsolv calculation for CONF1675.
Running xtb_gsolv calculation for CONF1711.
Running xtb_gsolv calculation for CONF1680.
Running xtb_gsolv calculation for CONF1681.
Running xtb_gsolv calculation for CONF1684.
Running xtb_gsolv calculation for CONF1686.
Running xtb_gsolv calculation for CONF1682.
Running xtb_gsolv calculation for CONF1683.
Running xtb_gsolv calculation for CONF1685.
Running xtb_gsolv calculation for CONF1687.
Running xtb_gsolv calculation for CONF1691.
Running xtb_gsolv calculation for CONF1690.
Running xtb_gsolv calculation for CONF1693.
Running xtb_gsolv calculation for CONF1689.
Running xtb_gsolv calculation for CONF1688.
Running xtb_gsolv calculation for CONF1692.
Running xtb_gsolv calculation for CONF1694.
Running xtb_gsolv calculation for CONF1695.
Running xtb_gsolv calculation for CONF1696.
Running xtb_gsolv calculation for CONF1697.
Running xtb_gsolv calculation for CONF1698.
Running xtb_gsolv calculation for CONF1705.
Running xtb_gsolv calculation for CONF1699.
Running xtb_gsolv calculation for CONF1703.
Running xtb_gsolv calculation for CONF1700.
Running xtb_gsolv calculation for CONF1701.
Running xtb_gsolv calculation for CONF1702.
Running xtb_gsolv calculation for CONF1704.
Running xtb_gsolv calculation for CONF1707.
Running xtb_gsolv calculation for CONF1706.
Running xtb_gsolv calculation for CONF1710.
Running xtb_gsolv calculation for CONF1709.
Running xtb_gsolv calculation for CONF1708.
Running xtb_gsolv calculation for CONF1712.
Running xtb_gsolv calculation for CONF1713.
Running xtb_gsolv calculation for CONF1714.
Running xtb_gsolv calculation for CONF1715.
Running xtb_gsolv calculation for CONF1727.
Running xtb_gsolv calculation for CONF1726.
Running xtb_gsolv calculation for CONF1716.
Running xtb_gsolv calculation for CONF1721.
Running xtb_gsolv calculation for CONF1720.
Running xtb_gsolv calculation for CONF1718.
Running xtb_gsolv calculation for CONF1719.
Running xtb_gsolv calculation for CONF1722.
Running xtb_gsolv calculation for CONF1724.
Running xtb_gsolv calculation for CONF1730.
Running xtb_gsolv calculation for CONF1749.
Running xtb_gsolv calculation for CONF1723.
Running xtb_gsolv calculation for CONF1717.
Running xtb_gsolv calculation for CONF1725.
Running xtb_gsolv calculation for CONF1728.
Running xtb_gsolv calculation for CONF1729.
Running xtb_gsolv calculation for CONF1733.
Running xtb_gsolv calculation for CONF1732.
Running xtb_gsolv calculation for CONF1736.
Running xtb_gsolv calculation for CONF1731.
Running xtb_gsolv calculation for CONF1734.
Running xtb_gsolv calculation for CONF1737.
Running xtb_gsolv calculation for CONF1739.
Running xtb_gsolv calculation for CONF1735.
Running xtb_gsolv calculation for CONF1738.
Running xtb_gsolv calculation for CONF1740.
Running xtb_gsolv calculation for CONF1743.
Running xtb_gsolv calculation for CONF1741.
Running xtb_gsolv calculation for CONF1750.
Running xtb_gsolv calculation for CONF1748.
Running xtb_gsolv calculation for CONF1742.
Running xtb_gsolv calculation for CONF1746.
Running xtb_gsolv calculation for CONF1745.
Running xtb_gsolv calculation for CONF1755.
Running xtb_gsolv calculation for CONF1758.
Running xtb_gsolv calculation for CONF1747.
Running xtb_gsolv calculation for CONF1756.
Running xtb_gsolv calculation for CONF1751.
Running xtb_gsolv calculation for CONF1752.
Running xtb_gsolv calculation for CONF1744.
Running xtb_gsolv calculation for CONF1754.
Running xtb_gsolv calculation for CONF1759.
Running xtb_gsolv calculation for CONF1753.
Running xtb_gsolv calculation for CONF1757.
Running xtb_gsolv calculation for CONF1760.
Running xtb_gsolv calculation for CONF1761.
Running xtb_gsolv calculation for CONF1762.
Running xtb_gsolv calculation for CONF1763.
Running xtb_gsolv calculation for CONF1765.
Running xtb_gsolv calculation for CONF1790.
Running xtb_gsolv calculation for CONF1764.
Running xtb_gsolv calculation for CONF1770.
Running xtb_gsolv calculation for CONF1767.
Running xtb_gsolv calculation for CONF1766.
Running xtb_gsolv calculation for CONF1768.
Running xtb_gsolv calculation for CONF1774.
Running xtb_gsolv calculation for CONF1776.
Running xtb_gsolv calculation for CONF1775.
Running xtb_gsolv calculation for CONF1773.
Running xtb_gsolv calculation for CONF1771.
Running xtb_gsolv calculation for CONF1772.
Running xtb_gsolv calculation for CONF1769.
Running xtb_gsolv calculation for CONF1777.
Running xtb_gsolv calculation for CONF1778.
Running xtb_gsolv calculation for CONF1781.
Running xtb_gsolv calculation for CONF1780.
Running xtb_gsolv calculation for CONF1779.
Running xtb_gsolv calculation for CONF1786.
Running xtb_gsolv calculation for CONF1782.
Running xtb_gsolv calculation for CONF1791.
Running xtb_gsolv calculation for CONF1784.
Running xtb_gsolv calculation for CONF1783.
Running xtb_gsolv calculation for CONF1795.
Running xtb_gsolv calculation for CONF1794.
Running xtb_gsolv calculation for CONF1789.
Running xtb_gsolv calculation for CONF1793.
Running xtb_gsolv calculation for CONF1785.
Running xtb_gsolv calculation for CONF1796.
Running xtb_gsolv calculation for CONF1787.
Running xtb_gsolv calculation for CONF1788.
Running xtb_gsolv calculation for CONF1798.
Running xtb_gsolv calculation for CONF1797.
Running xtb_gsolv calculation for CONF1792.
Running xtb_gsolv calculation for CONF1799.
Running xtb_gsolv calculation for CONF1800.
Running xtb_gsolv calculation for CONF1801.
Running xtb_gsolv calculation for CONF1815.
Running xtb_gsolv calculation for CONF1804.
Running xtb_gsolv calculation for CONF1803.
Running xtb_gsolv calculation for CONF1805.
Running xtb_gsolv calculation for CONF1802.
Running xtb_gsolv calculation for CONF1809.
Running xtb_gsolv calculation for CONF1812.
Running xtb_gsolv calculation for CONF1808.
Running xtb_gsolv calculation for CONF1813.
Running xtb_gsolv calculation for CONF1806.
Running xtb_gsolv calculation for CONF1811.
Running xtb_gsolv calculation for CONF1810.
Running xtb_gsolv calculation for CONF1807.
Running xtb_gsolv calculation for CONF1817.
Running xtb_gsolv calculation for CONF1816.
Running xtb_gsolv calculation for CONF1814.
Running xtb_gsolv calculation for CONF1819.
Running xtb_gsolv calculation for CONF1820.
Running xtb_gsolv calculation for CONF1818.
Running xtb_gsolv calculation for CONF1827.
Running xtb_gsolv calculation for CONF1821.
Running xtb_gsolv calculation for CONF1822.
Running xtb_gsolv calculation for CONF1823.
Running xtb_gsolv calculation for CONF1824.
Running xtb_gsolv calculation for CONF1825.
Running xtb_gsolv calculation for CONF1826.
Running xtb_gsolv calculation for CONF1828.
Running xtb_gsolv calculation for CONF1829.
Running xtb_gsolv calculation for CONF1830.
Running xtb_gsolv calculation for CONF1831.
Running xtb_gsolv calculation for CONF1832.
Running xtb_gsolv calculation for CONF1833.
Running xtb_gsolv calculation for CONF1834.
Running xtb_gsolv calculation for CONF1837.
Running xtb_gsolv calculation for CONF1836.
Running xtb_gsolv calculation for CONF1846.
Running xtb_gsolv calculation for CONF1838.
Running xtb_gsolv calculation for CONF1841.
Running xtb_gsolv calculation for CONF1839.
Running xtb_gsolv calculation for CONF1840.
Running xtb_gsolv calculation for CONF1843.
Running xtb_gsolv calculation for CONF1842.
Running xtb_gsolv calculation for CONF1844.
Running xtb_gsolv calculation for CONF1845.
Running xtb_gsolv calculation for CONF1847.
Running xtb_gsolv calculation for CONF1855.
Running xtb_gsolv calculation for CONF1848.
Running xtb_gsolv calculation for CONF1849.
Running xtb_gsolv calculation for CONF1851.
Running xtb_gsolv calculation for CONF1854.
Running xtb_gsolv calculation for CONF1835.
Running xtb_gsolv calculation for CONF1850.
Running xtb_gsolv calculation for CONF1852.
Running xtb_gsolv calculation for CONF1857.
Running xtb_gsolv calculation for CONF1861.
Running xtb_gsolv calculation for CONF1858.
Running xtb_gsolv calculation for CONF1853.
Running xtb_gsolv calculation for CONF1859.
Running xtb_gsolv calculation for CONF1863.
Running xtb_gsolv calculation for CONF1864.
Running xtb_gsolv calculation for CONF1866.
Running xtb_gsolv calculation for CONF1856.
Running xtb_gsolv calculation for CONF1860.
Running xtb_gsolv calculation for CONF1862.
Running xtb_gsolv calculation for CONF1870.
Running xtb_gsolv calculation for CONF1869.
Running xtb_gsolv calculation for CONF1868.
Running xtb_gsolv calculation for CONF1867.
Running xtb_gsolv calculation for CONF1872.
Running xtb_gsolv calculation for CONF1871.
Running xtb_gsolv calculation for CONF1875.
Running xtb_gsolv calculation for CONF1874.
Running xtb_gsolv calculation for CONF1876.
Running xtb_gsolv calculation for CONF1877.
Running xtb_gsolv calculation for CONF1878.
Running xtb_gsolv calculation for CONF1882.
Running xtb_gsolv calculation for CONF1879.
Running xtb_gsolv calculation for CONF1865.
Running xtb_gsolv calculation for CONF1880.
Running xtb_gsolv calculation for CONF1881.
Running xtb_gsolv calculation for CONF1873.
Running xtb_gsolv calculation for CONF1883.
Running xtb_gsolv calculation for CONF1886.
Running xtb_gsolv calculation for CONF1885.
Running xtb_gsolv calculation for CONF1887.
Running xtb_gsolv calculation for CONF1888.
Running xtb_gsolv calculation for CONF1890.
Running xtb_gsolv calculation for CONF1884.
Running xtb_gsolv calculation for CONF1891.
Running xtb_gsolv calculation for CONF1889.
Running xtb_gsolv calculation for CONF1908.
Running xtb_gsolv calculation for CONF1897.
Running xtb_gsolv calculation for CONF1899.
Running xtb_gsolv calculation for CONF1892.
Running xtb_gsolv calculation for CONF1895.
Running xtb_gsolv calculation for CONF1902.
Running xtb_gsolv calculation for CONF1901.
Running xtb_gsolv calculation for CONF1898.
Running xtb_gsolv calculation for CONF1903.
Running xtb_gsolv calculation for CONF1894.
Running xtb_gsolv calculation for CONF1893.
Running xtb_gsolv calculation for CONF1905.
Running xtb_gsolv calculation for CONF1896.
Running xtb_gsolv calculation for CONF1900.
Running xtb_gsolv calculation for CONF1904.
Running xtb_gsolv calculation for CONF1909.
Running xtb_gsolv calculation for CONF1906.
Running xtb_gsolv calculation for CONF1907.
Running xtb_gsolv calculation for CONF1913.
Running xtb_gsolv calculation for CONF1911.
Running xtb_gsolv calculation for CONF1915.
Running xtb_gsolv calculation for CONF1910.
Running xtb_gsolv calculation for CONF1914.
Running xtb_gsolv calculation for CONF1912.
Running xtb_gsolv calculation for CONF1917.
Running xtb_gsolv calculation for CONF1916.
Running xtb_gsolv calculation for CONF1919.
Running xtb_gsolv calculation for CONF1918.
Running xtb_gsolv calculation for CONF1924.
Running xtb_gsolv calculation for CONF1920.
Running xtb_gsolv calculation for CONF1921.
Running xtb_gsolv calculation for CONF1922.
Running xtb_gsolv calculation for CONF1923.
Running xtb_gsolv calculation for CONF1926.
Running xtb_gsolv calculation for CONF1927.
Running xtb_gsolv calculation for CONF1925.
Running xtb_gsolv calculation for CONF1928.
Running xtb_gsolv calculation for CONF1931.
Running xtb_gsolv calculation for CONF1930.
Running xtb_gsolv calculation for CONF1929.
Running xtb_gsolv calculation for CONF1933.
Running xtb_gsolv calculation for CONF1932.
Running xtb_gsolv calculation for CONF1934.
Running xtb_gsolv calculation for CONF1935.
Running xtb_gsolv calculation for CONF1940.
Running xtb_gsolv calculation for CONF1936.
Running xtb_gsolv calculation for CONF1939.
Running xtb_gsolv calculation for CONF1938.
Running xtb_gsolv calculation for CONF1937.
Running xtb_gsolv calculation for CONF1951.
Running xtb_gsolv calculation for CONF1954.
Running xtb_gsolv calculation for CONF1948.
Running xtb_gsolv calculation for CONF1944.
Running xtb_gsolv calculation for CONF1946.
Running xtb_gsolv calculation for CONF1949.
Running xtb_gsolv calculation for CONF1950.
Running xtb_gsolv calculation for CONF1941.
Running xtb_gsolv calculation for CONF1947.
Running xtb_gsolv calculation for CONF1942.
Running xtb_gsolv calculation for CONF1945.
Running xtb_gsolv calculation for CONF1957.
Running xtb_gsolv calculation for CONF1943.
Running xtb_gsolv calculation for CONF1952.
Running xtb_gsolv calculation for CONF1953.
Running xtb_gsolv calculation for CONF1955.
Running xtb_gsolv calculation for CONF1958.
Running xtb_gsolv calculation for CONF1963.
Running xtb_gsolv calculation for CONF1962.
Running xtb_gsolv calculation for CONF1956.
Running xtb_gsolv calculation for CONF1960.
Running xtb_gsolv calculation for CONF1959.
Running xtb_gsolv calculation for CONF1961.
Running xtb_gsolv calculation for CONF1964.
Running xtb_gsolv calculation for CONF1966.
Running xtb_gsolv calculation for CONF1967.
Running xtb_gsolv calculation for CONF1965.
Running xtb_gsolv calculation for CONF1968.
Running xtb_gsolv calculation for CONF1969.
Running xtb_gsolv calculation for CONF1970.
Running xtb_gsolv calculation for CONF1971.
Running xtb_gsolv calculation for CONF1972.
Running xtb_gsolv calculation for CONF1973.
Running xtb_gsolv calculation for CONF1976.
Running xtb_gsolv calculation for CONF1974.
Running xtb_gsolv calculation for CONF1975.
Running xtb_gsolv calculation for CONF1977.
Running xtb_gsolv calculation for CONF1978.
Running xtb_gsolv calculation for CONF1979.
Running xtb_gsolv calculation for CONF1980.
Running xtb_gsolv calculation for CONF1981.
Running xtb_gsolv calculation for CONF1983.
Running xtb_gsolv calculation for CONF1982.
Running xtb_gsolv calculation for CONF1987.
Running xtb_gsolv calculation for CONF1985.
Running xtb_gsolv calculation for CONF1984.
Running xtb_gsolv calculation for CONF1989.
Running xtb_gsolv calculation for CONF1988.
Running xtb_gsolv calculation for CONF1986.
Running xtb_gsolv calculation for CONF1991.
Running xtb_gsolv calculation for CONF1992.
Running xtb_gsolv calculation for CONF1993.
Running xtb_gsolv calculation for CONF1994.
Running xtb_gsolv calculation for CONF1990.
Running xtb_gsolv calculation for CONF1997.
Running xtb_gsolv calculation for CONF1995.
Running xtb_gsolv calculation for CONF1996.
Running xtb_gsolv calculation for CONF2000.
Running xtb_gsolv calculation for CONF1998.
Running xtb_gsolv calculation for CONF1999.
Running xtb_gsolv calculation for CONF2003.
Running xtb_gsolv calculation for CONF2001.
Running xtb_gsolv calculation for CONF2004.
Running xtb_gsolv calculation for CONF2002.
Running xtb_gsolv calculation for CONF2018.
Running xtb_gsolv calculation for CONF2005.
Running xtb_gsolv calculation for CONF2006.
Running xtb_gsolv calculation for CONF2007.
Running xtb_gsolv calculation for CONF2009.
Running xtb_gsolv calculation for CONF2010.
Running xtb_gsolv calculation for CONF2012.
Running xtb_gsolv calculation for CONF2011.
Running xtb_gsolv calculation for CONF2013.
Running xtb_gsolv calculation for CONF2008.
Running xtb_gsolv calculation for CONF2014.
Running xtb_gsolv calculation for CONF2016.
Running xtb_gsolv calculation for CONF2015.
Running xtb_gsolv calculation for CONF2017.
Running xtb_gsolv calculation for CONF2019.
Running xtb_gsolv calculation for CONF2034.
Running xtb_gsolv calculation for CONF2020.
Running xtb_gsolv calculation for CONF2021.
Running xtb_gsolv calculation for CONF2022.
Running xtb_gsolv calculation for CONF2025.
Running xtb_gsolv calculation for CONF2024.
Running xtb_gsolv calculation for CONF2023.
Running xtb_gsolv calculation for CONF2029.
Running xtb_gsolv calculation for CONF2027.
Running xtb_gsolv calculation for CONF2026.
Running xtb_gsolv calculation for CONF2028.
Running xtb_gsolv calculation for CONF2030.
Running xtb_gsolv calculation for CONF2031.
Running xtb_gsolv calculation for CONF2032.
Running xtb_gsolv calculation for CONF2033.
Running xtb_gsolv calculation for CONF2035.
Running xtb_gsolv calculation for CONF2036.
Running xtb_gsolv calculation for CONF2037.
Running xtb_gsolv calculation for CONF2038.
Running xtb_gsolv calculation for CONF2040.
Running xtb_gsolv calculation for CONF2039.
Running xtb_gsolv calculation for CONF2049.
Running xtb_gsolv calculation for CONF2041.
Running xtb_gsolv calculation for CONF2043.
Running xtb_gsolv calculation for CONF2042.
Running xtb_gsolv calculation for CONF2071.
Running xtb_gsolv calculation for CONF2045.
Running xtb_gsolv calculation for CONF2044.
Running xtb_gsolv calculation for CONF2047.
Running xtb_gsolv calculation for CONF2050.
Running xtb_gsolv calculation for CONF2046.
Running xtb_gsolv calculation for CONF2048.
Running xtb_gsolv calculation for CONF2051.
Running xtb_gsolv calculation for CONF2052.
Running xtb_gsolv calculation for CONF2058.
Running xtb_gsolv calculation for CONF2060.
Running xtb_gsolv calculation for CONF2054.
Running xtb_gsolv calculation for CONF2059.
Running xtb_gsolv calculation for CONF2061.
Running xtb_gsolv calculation for CONF2055.
Running xtb_gsolv calculation for CONF2056.
Running xtb_gsolv calculation for CONF2057.
Running xtb_gsolv calculation for CONF2062.
Running xtb_gsolv calculation for CONF2053.
Running xtb_gsolv calculation for CONF2065.
Running xtb_gsolv calculation for CONF2064.
Running xtb_gsolv calculation for CONF2063.
Running xtb_gsolv calculation for CONF2067.
Running xtb_gsolv calculation for CONF2066.
Running xtb_gsolv calculation for CONF2068.
Running xtb_gsolv calculation for CONF2069.
Running xtb_gsolv calculation for CONF2070.
Running xtb_gsolv calculation for CONF2072.
Running xtb_gsolv calculation for CONF2077.
Running xtb_gsolv calculation for CONF2078.
Running xtb_gsolv calculation for CONF2075.
Running xtb_gsolv calculation for CONF2076.
Running xtb_gsolv calculation for CONF2074.
Running xtb_gsolv calculation for CONF2079.
Running xtb_gsolv calculation for CONF2073.
Running xtb_gsolv calculation for CONF2080.
Running xtb_gsolv calculation for CONF2081.
Running xtb_gsolv calculation for CONF2083.
Running xtb_gsolv calculation for CONF2082.
Running xtb_gsolv calculation for CONF2092.
Running xtb_gsolv calculation for CONF2084.
Running xtb_gsolv calculation for CONF2086.
Running xtb_gsolv calculation for CONF2085.
Running xtb_gsolv calculation for CONF2090.
Running xtb_gsolv calculation for CONF2089.
Running xtb_gsolv calculation for CONF2088.
Running xtb_gsolv calculation for CONF2091.
Running xtb_gsolv calculation for CONF2094.
Running xtb_gsolv calculation for CONF2095.
Running xtb_gsolv calculation for CONF2097.
Running xtb_gsolv calculation for CONF2096.
Running xtb_gsolv calculation for CONF2098.
Running xtb_gsolv calculation for CONF2099.
Running xtb_gsolv calculation for CONF2087.
Running xtb_gsolv calculation for CONF2106.
Running xtb_gsolv calculation for CONF2101.
Running xtb_gsolv calculation for CONF2100.
Running xtb_gsolv calculation for CONF2093.
Running xtb_gsolv calculation for CONF2102.
Running xtb_gsolv calculation for CONF2103.
Running xtb_gsolv calculation for CONF2104.
Running xtb_gsolv calculation for CONF2107.
Running xtb_gsolv calculation for CONF2111.
Running xtb_gsolv calculation for CONF2109.
Running xtb_gsolv calculation for CONF2114.
Running xtb_gsolv calculation for CONF2120.
Running xtb_gsolv calculation for CONF2118.
Running xtb_gsolv calculation for CONF2113.
Running xtb_gsolv calculation for CONF2108.
Running xtb_gsolv calculation for CONF2112.
Running xtb_gsolv calculation for CONF2115.
Running xtb_gsolv calculation for CONF2110.
Running xtb_gsolv calculation for CONF2116.
Running xtb_gsolv calculation for CONF2105.
Running xtb_gsolv calculation for CONF2117.
Running xtb_gsolv calculation for CONF2125.
Running xtb_gsolv calculation for CONF2119.
Running xtb_gsolv calculation for CONF2155.
Running xtb_gsolv calculation for CONF2121.
Running xtb_gsolv calculation for CONF2122.
Running xtb_gsolv calculation for CONF2126.
Running xtb_gsolv calculation for CONF2124.
Running xtb_gsolv calculation for CONF2129.
Running xtb_gsolv calculation for CONF2123.
Running xtb_gsolv calculation for CONF2128.
Running xtb_gsolv calculation for CONF2127.
Running xtb_gsolv calculation for CONF2132.
Running xtb_gsolv calculation for CONF2131.
Running xtb_gsolv calculation for CONF2133.
Running xtb_gsolv calculation for CONF2135.
Running xtb_gsolv calculation for CONF2130.
Running xtb_gsolv calculation for CONF2134.
Running xtb_gsolv calculation for CONF2136.
Running xtb_gsolv calculation for CONF2139.
Running xtb_gsolv calculation for CONF2137.
Running xtb_gsolv calculation for CONF2138.
Running xtb_gsolv calculation for CONF2140.
Running xtb_gsolv calculation for CONF2141.
Running xtb_gsolv calculation for CONF2142.
Running xtb_gsolv calculation for CONF2143.
Running xtb_gsolv calculation for CONF2146.
Running xtb_gsolv calculation for CONF2145.
Running xtb_gsolv calculation for CONF2147.
Running xtb_gsolv calculation for CONF2149.
Running xtb_gsolv calculation for CONF2150.
Running xtb_gsolv calculation for CONF2151.
Running xtb_gsolv calculation for CONF2148.
Running xtb_gsolv calculation for CONF2152.
Running xtb_gsolv calculation for CONF2144.
Running xtb_gsolv calculation for CONF2153.
Running xtb_gsolv calculation for CONF2154.
Running xtb_gsolv calculation for CONF2158.
Running xtb_gsolv calculation for CONF2159.
Running xtb_gsolv calculation for CONF2163.
Running xtb_gsolv calculation for CONF2161.
Running xtb_gsolv calculation for CONF2164.
Running xtb_gsolv calculation for CONF2166.
Running xtb_gsolv calculation for CONF2157.
Running xtb_gsolv calculation for CONF2156.
Running xtb_gsolv calculation for CONF2165.
Running xtb_gsolv calculation for CONF2162.
Running xtb_gsolv calculation for CONF2167.
Running xtb_gsolv calculation for CONF2160.
Running xtb_gsolv calculation for CONF2168.
Running xtb_gsolv calculation for CONF2169.
Running xtb_gsolv calculation for CONF2175.
Running xtb_gsolv calculation for CONF2170.
Running xtb_gsolv calculation for CONF2171.
Running xtb_gsolv calculation for CONF2172.
Running xtb_gsolv calculation for CONF2173.
Running xtb_gsolv calculation for CONF2176.
Running xtb_gsolv calculation for CONF2178.
Running xtb_gsolv calculation for CONF2174.
Running xtb_gsolv calculation for CONF2181.
Running xtb_gsolv calculation for CONF2182.
Running xtb_gsolv calculation for CONF2179.
Running xtb_gsolv calculation for CONF2180.
Running xtb_gsolv calculation for CONF2177.
Running xtb_gsolv calculation for CONF2183.
Running xtb_gsolv calculation for CONF2185.
Running xtb_gsolv calculation for CONF2184.
Running xtb_gsolv calculation for CONF2186.
Running xtb_gsolv calculation for CONF2187.
Running xtb_gsolv calculation for CONF2188.
Running xtb_gsolv calculation for CONF2189.
Running xtb_gsolv calculation for CONF2190.
Running xtb_gsolv calculation for CONF2194.
Running xtb_gsolv calculation for CONF2191.
Running xtb_gsolv calculation for CONF2192.
Running xtb_gsolv calculation for CONF2219.
Running xtb_gsolv calculation for CONF2193.
Running xtb_gsolv calculation for CONF2196.
Running xtb_gsolv calculation for CONF2195.
Running xtb_gsolv calculation for CONF2197.
Running xtb_gsolv calculation for CONF2198.
Running xtb_gsolv calculation for CONF2200.
Running xtb_gsolv calculation for CONF2199.
Running xtb_gsolv calculation for CONF2201.
Running xtb_gsolv calculation for CONF2202.
Running xtb_gsolv calculation for CONF2204.
Running xtb_gsolv calculation for CONF2205.
Running xtb_gsolv calculation for CONF2206.
Running xtb_gsolv calculation for CONF2207.
Running xtb_gsolv calculation for CONF2210.
Running xtb_gsolv calculation for CONF2209.
Running xtb_gsolv calculation for CONF2208.
Running xtb_gsolv calculation for CONF2211.
Running xtb_gsolv calculation for CONF2213.
Running xtb_gsolv calculation for CONF2212.
Running xtb_gsolv calculation for CONF2203.
Running xtb_gsolv calculation for CONF2214.
Running xtb_gsolv calculation for CONF2215.
Running xtb_gsolv calculation for CONF2217.
Running xtb_gsolv calculation for CONF2216.
Running xtb_gsolv calculation for CONF2218.
Running xtb_gsolv calculation for CONF2222.
Running xtb_gsolv calculation for CONF2221.
Running xtb_gsolv calculation for CONF2220.
Running xtb_gsolv calculation for CONF2224.
Running xtb_gsolv calculation for CONF2223.
Running xtb_gsolv calculation for CONF2228.
Running xtb_gsolv calculation for CONF2229.
Running xtb_gsolv calculation for CONF2226.
Running xtb_gsolv calculation for CONF2227.
Running xtb_gsolv calculation for CONF2225.
Running xtb_gsolv calculation for CONF2230.
Running xtb_gsolv calculation for CONF2231.
Running xtb_gsolv calculation for CONF2232.
Running xtb_gsolv calculation for CONF2233.
Running xtb_gsolv calculation for CONF2234.
Running xtb_gsolv calculation for CONF2235.
Running xtb_gsolv calculation for CONF2237.
Running xtb_gsolv calculation for CONF2236.
Running xtb_gsolv calculation for CONF2238.
Running xtb_gsolv calculation for CONF2239.
Running xtb_gsolv calculation for CONF2243.
Running xtb_gsolv calculation for CONF2240.
Running xtb_gsolv calculation for CONF2242.
Running xtb_gsolv calculation for CONF2244.
Running xtb_gsolv calculation for CONF2246.
Running xtb_gsolv calculation for CONF2245.
Running xtb_gsolv calculation for CONF2248.
Running xtb_gsolv calculation for CONF2247.
Running xtb_gsolv calculation for CONF2249.
Running xtb_gsolv calculation for CONF2241.
Running xtb_gsolv calculation for CONF2250.
Running xtb_gsolv calculation for CONF2251.
Running xtb_gsolv calculation for CONF2252.
Running xtb_gsolv calculation for CONF2253.
Running xtb_gsolv calculation for CONF2254.
Running xtb_gsolv calculation for CONF2255.
Running xtb_gsolv calculation for CONF2256.
Running xtb_gsolv calculation for CONF2257.
Running xtb_gsolv calculation for CONF2258.
Running xtb_gsolv calculation for CONF2259.
Running xtb_gsolv calculation for CONF2260.
Running xtb_gsolv calculation for CONF2261.
Running xtb_gsolv calculation for CONF2262.
Running xtb_gsolv calculation for CONF2263.
Running xtb_gsolv calculation for CONF2267.
Running xtb_gsolv calculation for CONF2265.
Running xtb_gsolv calculation for CONF2264.
Running xtb_gsolv calculation for CONF2266.
Running xtb_gsolv calculation for CONF2268.
Running xtb_gsolv calculation for CONF2269.
Running xtb_gsolv calculation for CONF2270.
Running xtb_gsolv calculation for CONF2271.
Running xtb_gsolv calculation for CONF2272.
Running xtb_gsolv calculation for CONF2274.
Running xtb_gsolv calculation for CONF2273.
Running xtb_gsolv calculation for CONF2275.
Running xtb_gsolv calculation for CONF2276.
Running xtb_gsolv calculation for CONF2277.
Running xtb_gsolv calculation for CONF2278.
Running xtb_gsolv calculation for CONF2279.
Running xtb_gsolv calculation for CONF2280.
Running xtb_gsolv calculation for CONF2281.
Running xtb_gsolv calculation for CONF2282.
Running xtb_gsolv calculation for CONF2283.
Running xtb_gsolv calculation for CONF2284.
Running xtb_gsolv calculation for CONF2285.
Running xtb_gsolv calculation for CONF2286.
Running xtb_gsolv calculation for CONF2287.
Running xtb_gsolv calculation for CONF2289.
Running xtb_gsolv calculation for CONF2288.
Running xtb_gsolv calculation for CONF2290.
Running xtb_gsolv calculation for CONF2291.
Running xtb_gsolv calculation for CONF2294.
Running xtb_gsolv calculation for CONF2293.
Running xtb_gsolv calculation for CONF2295.
Running xtb_gsolv calculation for CONF2292.
Running xtb_gsolv calculation for CONF2297.
Running xtb_gsolv calculation for CONF2298.
Running xtb_gsolv calculation for CONF2299.
Running xtb_gsolv calculation for CONF2300.
Running xtb_gsolv calculation for CONF2301.
Running xtb_gsolv calculation for CONF2296.
Running xtb_gsolv calculation for CONF2302.
Running xtb_gsolv calculation for CONF2304.
Running xtb_gsolv calculation for CONF2303.
Running xtb_gsolv calculation for CONF2306.
Running xtb_gsolv calculation for CONF2307.
Running xtb_gsolv calculation for CONF2305.
Running xtb_gsolv calculation for CONF2308.
Running xtb_gsolv calculation for CONF2309.
Running xtb_gsolv calculation for CONF2310.
Running xtb_gsolv calculation for CONF2313.
Running xtb_gsolv calculation for CONF2314.
Running xtb_gsolv calculation for CONF2312.
Running xtb_gsolv calculation for CONF2311.
Running xtb_gsolv calculation for CONF2317.
Running xtb_gsolv calculation for CONF2315.
Running xtb_gsolv calculation for CONF2316.
Running xtb_gsolv calculation for CONF2319.
Running xtb_gsolv calculation for CONF2318.
Running xtb_gsolv calculation for CONF2325.
Running xtb_gsolv calculation for CONF2322.
Running xtb_gsolv calculation for CONF2320.
Running xtb_gsolv calculation for CONF2321.
Running xtb_gsolv calculation for CONF2323.
Running xtb_gsolv calculation for CONF2324.
Running xtb_gsolv calculation for CONF2326.
Running xtb_gsolv calculation for CONF2327.
Running xtb_gsolv calculation for CONF2328.
Running xtb_gsolv calculation for CONF2329.
Running xtb_gsolv calculation for CONF2330.
Running xtb_gsolv calculation for CONF2335.
Running xtb_gsolv calculation for CONF2331.
Running xtb_gsolv calculation for CONF2334.
Running xtb_gsolv calculation for CONF2333.
Running xtb_gsolv calculation for CONF2332.
Running xtb_gsolv calculation for CONF2337.
Running xtb_gsolv calculation for CONF2338.
Running xtb_gsolv calculation for CONF2340.
Running xtb_gsolv calculation for CONF2339.
Running xtb_gsolv calculation for CONF2336.
Running xtb_gsolv calculation for CONF2341.
Running xtb_gsolv calculation for CONF2342.
Running xtb_gsolv calculation for CONF2344.
Running xtb_gsolv calculation for CONF2345.
Running xtb_gsolv calculation for CONF2346.
Running xtb_gsolv calculation for CONF2343.
Running xtb_gsolv calculation for CONF2347.
Running xtb_gsolv calculation for CONF2348.
Running xtb_gsolv calculation for CONF2349.
Running xtb_gsolv calculation for CONF2350.
Running xtb_gsolv calculation for CONF2353.
Running xtb_gsolv calculation for CONF2351.
Running xtb_gsolv calculation for CONF2355.
Running xtb_gsolv calculation for CONF2352.
Running xtb_gsolv calculation for CONF2354.
Running xtb_gsolv calculation for CONF2356.
Running xtb_gsolv calculation for CONF2358.
Running xtb_gsolv calculation for CONF2357.
Running xtb_gsolv calculation for CONF2360.
Running xtb_gsolv calculation for CONF2359.
Running xtb_gsolv calculation for CONF2361.
Running xtb_gsolv calculation for CONF2362.
Running xtb_gsolv calculation for CONF2363.
Running xtb_gsolv calculation for CONF2366.
Running xtb_gsolv calculation for CONF2365.
Running xtb_gsolv calculation for CONF2364.
Running xtb_gsolv calculation for CONF2367.
Running xtb_gsolv calculation for CONF2368.
Running xtb_gsolv calculation for CONF2369.
Running xtb_gsolv calculation for CONF2370.
Running xtb_gsolv calculation for CONF2372.
Running xtb_gsolv calculation for CONF2371.
Running xtb_gsolv calculation for CONF2373.
Running xtb_gsolv calculation for CONF2374.
Running xtb_gsolv calculation for CONF2375.
Running xtb_gsolv calculation for CONF2376.
Running xtb_gsolv calculation for CONF2377.
Running xtb_gsolv calculation for CONF2378.
Running xtb_gsolv calculation for CONF2379.
Running xtb_gsolv calculation for CONF2380.
Running xtb_gsolv calculation for CONF2381.
Running xtb_gsolv calculation for CONF2382.
Running xtb_gsolv calculation for CONF2383.
Running xtb_gsolv calculation for CONF2384.
Running xtb_gsolv calculation for CONF2385.
Running xtb_gsolv calculation for CONF2386.
Running xtb_gsolv calculation for CONF2387.
Running xtb_gsolv calculation for CONF2390.
Running xtb_gsolv calculation for CONF2389.
Running xtb_gsolv calculation for CONF2388.
Running xtb_gsolv calculation for CONF2391.
Running xtb_gsolv calculation for CONF2394.
Running xtb_gsolv calculation for CONF2393.
Running xtb_gsolv calculation for CONF2392.
Running xtb_gsolv calculation for CONF2395.
Running xtb_gsolv calculation for CONF2396.
Running xtb_gsolv calculation for CONF2397.
Running xtb_gsolv calculation for CONF2398.
Running xtb_gsolv calculation for CONF2400.
Running xtb_gsolv calculation for CONF2399.
Running xtb_gsolv calculation for CONF2401.
Running xtb_gsolv calculation for CONF2402.
Running xtb_gsolv calculation for CONF2404.
Running xtb_gsolv calculation for CONF2405.
Running xtb_gsolv calculation for CONF2403.
Running xtb_gsolv calculation for CONF2406.
Running xtb_gsolv calculation for CONF2408.
Running xtb_gsolv calculation for CONF2407.
Running xtb_gsolv calculation for CONF2412.
Running xtb_gsolv calculation for CONF2410.
Running xtb_gsolv calculation for CONF2411.
Running xtb_gsolv calculation for CONF2414.
Running xtb_gsolv calculation for CONF2413.
Running xtb_gsolv calculation for CONF2409.
Running xtb_gsolv calculation for CONF2415.
Running xtb_gsolv calculation for CONF2417.
Running xtb_gsolv calculation for CONF2416.
Running xtb_gsolv calculation for CONF2418.
Running xtb_gsolv calculation for CONF2419.
Running xtb_gsolv calculation for CONF2420.
Running xtb_gsolv calculation for CONF2422.
Running xtb_gsolv calculation for CONF2421.
Running xtb_gsolv calculation for CONF2423.
Running xtb_gsolv calculation for CONF2424.
Running xtb_gsolv calculation for CONF2425.
Running xtb_gsolv calculation for CONF2426.
Running xtb_gsolv calculation for CONF2427.
Running xtb_gsolv calculation for CONF2428.
Running xtb_gsolv calculation for CONF2429.
Running xtb_gsolv calculation for CONF2430.
Running xtb_gsolv calculation for CONF2431.
Running xtb_gsolv calculation for CONF2432.
Running xtb_gsolv calculation for CONF2433.
Running xtb_gsolv calculation for CONF2434.
Running xtb_gsolv calculation for CONF2435.
Running xtb_gsolv calculation for CONF2438.
Running xtb_gsolv calculation for CONF2436.
Running xtb_gsolv calculation for CONF2442.
Running xtb_gsolv calculation for CONF2441.
Running xtb_gsolv calculation for CONF2440.
Running xtb_gsolv calculation for CONF2439.
Running xtb_gsolv calculation for CONF2437.
Running xtb_gsolv calculation for CONF2444.
Running xtb_gsolv calculation for CONF2446.
Running xtb_gsolv calculation for CONF2443.
Running xtb_gsolv calculation for CONF2447.
Running xtb_gsolv calculation for CONF2445.
Running xtb_gsolv calculation for CONF2448.
Running xtb_gsolv calculation for CONF2449.
Running xtb_gsolv calculation for CONF2450.
Running xtb_gsolv calculation for CONF2451.
Running xtb_gsolv calculation for CONF2452.
Running xtb_gsolv calculation for CONF2455.
Running xtb_gsolv calculation for CONF2454.
Running xtb_gsolv calculation for CONF2456.
Running xtb_gsolv calculation for CONF2459.
Running xtb_gsolv calculation for CONF2457.
Running xtb_gsolv calculation for CONF2458.
Running xtb_gsolv calculation for CONF2453.
Running xtb_gsolv calculation for CONF2463.
Running xtb_gsolv calculation for CONF2462.
Running xtb_gsolv calculation for CONF2461.
Running xtb_gsolv calculation for CONF2460.
Running xtb_gsolv calculation for CONF2464.
Running xtb_gsolv calculation for CONF2465.
Running xtb_gsolv calculation for CONF2466.
Running xtb_gsolv calculation for CONF2467.
Running xtb_gsolv calculation for CONF2468.
Running xtb_gsolv calculation for CONF2469.
Running xtb_gsolv calculation for CONF2470.
Running xtb_gsolv calculation for CONF2471.
Running xtb_gsolv calculation for CONF2472.
Running xtb_gsolv calculation for CONF2473.
Running xtb_gsolv calculation for CONF2475.
Running xtb_gsolv calculation for CONF2474.
Running xtb_gsolv calculation for CONF2476.
Running xtb_gsolv calculation for CONF2477.
Running xtb_gsolv calculation for CONF2478.
Running xtb_gsolv calculation for CONF2479.
Running xtb_gsolv calculation for CONF2480.
Running xtb_gsolv calculation for CONF2481.
Running xtb_gsolv calculation for CONF2482.
Running xtb_gsolv calculation for CONF2484.
Running xtb_gsolv calculation for CONF2483.
Running xtb_gsolv calculation for CONF2485.
Running xtb_gsolv calculation for CONF2486.
Running xtb_gsolv calculation for CONF2487.
Running xtb_gsolv calculation for CONF2488.
Running xtb_gsolv calculation for CONF2490.
Running xtb_gsolv calculation for CONF2489.
Running xtb_gsolv calculation for CONF2491.
Running xtb_gsolv calculation for CONF2492.
Running xtb_gsolv calculation for CONF2493.
Running xtb_gsolv calculation for CONF2494.
Running xtb_gsolv calculation for CONF2495.
Running xtb_gsolv calculation for CONF2496.
Running xtb_gsolv calculation for CONF2497.
Running xtb_gsolv calculation for CONF2499.
Running xtb_gsolv calculation for CONF2498.
Running xtb_gsolv calculation for CONF2500.
Running xtb_gsolv calculation for CONF2501.
Running xtb_gsolv calculation for CONF2502.
Running xtb_gsolv calculation for CONF2503.
Running xtb_gsolv calculation for CONF2505.
Running xtb_gsolv calculation for CONF2504.
Running xtb_gsolv calculation for CONF2506.
Running xtb_gsolv calculation for CONF2507.
Running xtb_gsolv calculation for CONF2508.
Running xtb_gsolv calculation for CONF2509.
Running xtb_gsolv calculation for CONF2511.
Running xtb_gsolv calculation for CONF2512.
Running xtb_gsolv calculation for CONF2513.
Running xtb_gsolv calculation for CONF2514.
Running xtb_gsolv calculation for CONF2515.
Running xtb_gsolv calculation for CONF2516.
Running xtb_gsolv calculation for CONF2517.
Running xtb_gsolv calculation for CONF2518.
Running xtb_gsolv calculation for CONF2510.
Running xtb_gsolv calculation for CONF2519.
Running xtb_gsolv calculation for CONF2520.
Running xtb_gsolv calculation for CONF2521.
Running xtb_gsolv calculation for CONF2522.
Running xtb_gsolv calculation for CONF2524.
Running xtb_gsolv calculation for CONF2523.
Running xtb_gsolv calculation for CONF2525.
Running xtb_gsolv calculation for CONF2527.
Running xtb_gsolv calculation for CONF2526.
Running xtb_gsolv calculation for CONF2528.
Running xtb_gsolv calculation for CONF2529.
Running xtb_gsolv calculation for CONF2531.
Running xtb_gsolv calculation for CONF2530.
Running xtb_gsolv calculation for CONF2532.
Running xtb_gsolv calculation for CONF2533.
Running xtb_gsolv calculation for CONF2535.
Running xtb_gsolv calculation for CONF2534.
Running xtb_gsolv calculation for CONF2536.
Running xtb_gsolv calculation for CONF2537.
Running xtb_gsolv calculation for CONF2538.
Running xtb_gsolv calculation for CONF2539.
Running xtb_gsolv calculation for CONF2540.
Running xtb_gsolv calculation for CONF2541.
Running xtb_gsolv calculation for CONF2542.
Running xtb_gsolv calculation for CONF2544.
Running xtb_gsolv calculation for CONF2543.
Running xtb_gsolv calculation for CONF2545.
Running xtb_gsolv calculation for CONF2547.
Running xtb_gsolv calculation for CONF2546.
Running xtb_gsolv calculation for CONF2548.
Running xtb_gsolv calculation for CONF2549.
Running xtb_gsolv calculation for CONF2551.
Running xtb_gsolv calculation for CONF2553.
Running xtb_gsolv calculation for CONF2550.
Running xtb_gsolv calculation for CONF2552.
Running xtb_gsolv calculation for CONF2555.
Running xtb_gsolv calculation for CONF2554.
Running xtb_gsolv calculation for CONF2556.
Running xtb_gsolv calculation for CONF2557.
Running xtb_gsolv calculation for CONF2558.
Running xtb_gsolv calculation for CONF2559.
Running xtb_gsolv calculation for CONF2560.
Running xtb_gsolv calculation for CONF2561.
Running xtb_gsolv calculation for CONF2562.
Running xtb_gsolv calculation for CONF2563.
Running xtb_gsolv calculation for CONF2564.
Running xtb_gsolv calculation for CONF2566.
Running xtb_gsolv calculation for CONF2565.
Running xtb_gsolv calculation for CONF2567.
Running xtb_gsolv calculation for CONF2568.
Running xtb_gsolv calculation for CONF2570.
Running xtb_gsolv calculation for CONF2569.
Running xtb_gsolv calculation for CONF2571.
Running xtb_gsolv calculation for CONF2572.
Running xtb_gsolv calculation for CONF2573.
Running xtb_gsolv calculation for CONF2574.
Running xtb_gsolv calculation for CONF2575.
Running xtb_gsolv calculation for CONF2577.
Running xtb_gsolv calculation for CONF2576.
Running xtb_gsolv calculation for CONF2578.
Running xtb_gsolv calculation for CONF2583.
Running xtb_gsolv calculation for CONF2585.
Running xtb_gsolv calculation for CONF2580.
Running xtb_gsolv calculation for CONF2582.
Running xtb_gsolv calculation for CONF2579.
Running xtb_gsolv calculation for CONF2581.
Running xtb_gsolv calculation for CONF2584.
Running xtb_gsolv calculation for CONF2586.
Running sp calculation for CONF2.
Running sp calculation for CONF3.
Running sp calculation for CONF4.
Running sp calculation for CONF5.
Running sp calculation for CONF9.
Running sp calculation for CONF11.
Running sp calculation for CONF12.
Running sp calculation for CONF13.
Running sp calculation for CONF14.
Running sp calculation for CONF15.
Running sp calculation for CONF16.
Running sp calculation for CONF10.
Running sp calculation for CONF1.
Running sp calculation for CONF6.
Running sp calculation for CONF8.
Running sp calculation for CONF7.
Running sp calculation for CONF17.
Running sp calculation for CONF18.
Running sp calculation for CONF19.
Running sp calculation for CONF20.
Running sp calculation for CONF21.
Running sp calculation for CONF22.
Running sp calculation for CONF24.
Running sp calculation for CONF23.
Running sp calculation for CONF32.
Running sp calculation for CONF27.
Running sp calculation for CONF28.
Running sp calculation for CONF26.
Running sp calculation for CONF25.
Running sp calculation for CONF30.
Running sp calculation for CONF31.
Running sp calculation for CONF29.
Running sp calculation for CONF33.
Running sp calculation for CONF34.
Running sp calculation for CONF35.
Running sp calculation for CONF36.
Running sp calculation for CONF37.
Running sp calculation for CONF38.
Running sp calculation for CONF39.
Running sp calculation for CONF40.
Running sp calculation for CONF42.
Running sp calculation for CONF41.
Running sp calculation for CONF43.
Running sp calculation for CONF44.
Running sp calculation for CONF46.
Running sp calculation for CONF47.
Running sp calculation for CONF45.
Running sp calculation for CONF49.
Running sp calculation for CONF48.
Running sp calculation for CONF50.
Running sp calculation for CONF51.
Running sp calculation for CONF52.
Running sp calculation for CONF53.
Running sp calculation for CONF54.
Running sp calculation for CONF55.
Running sp calculation for CONF56.
Running sp calculation for CONF58.
Running sp calculation for CONF57.
Running sp calculation for CONF60.
Running sp calculation for CONF59.
Running sp calculation for CONF62.
Running sp calculation for CONF61.
Running sp calculation for CONF63.
Running sp calculation for CONF64.
Running sp calculation for CONF65.
Running sp calculation for CONF66.
Running sp calculation for CONF68.
Running sp calculation for CONF67.
Running sp calculation for CONF70.
Running sp calculation for CONF69.
Running sp calculation for CONF71.
Running sp calculation for CONF73.
Running sp calculation for CONF72.
Running sp calculation for CONF74.
Running sp calculation for CONF75.
Running sp calculation for CONF82.
Running sp calculation for CONF76.
Running sp calculation for CONF78.
Running sp calculation for CONF77.
Running sp calculation for CONF79.
Running sp calculation for CONF83.
Running sp calculation for CONF80.
Running sp calculation for CONF81.
Running sp calculation for CONF84.
Running sp calculation for CONF85.
Running sp calculation for CONF86.
Running sp calculation for CONF87.
Running sp calculation for CONF95.
Running sp calculation for CONF89.
Running sp calculation for CONF94.
Running sp calculation for CONF88.
Running sp calculation for CONF93.
Running sp calculation for CONF92.
Running sp calculation for CONF90.
Running sp calculation for CONF91.
Running sp calculation for CONF98.
Running sp calculation for CONF96.
Running sp calculation for CONF99.
Running sp calculation for CONF100.
Running sp calculation for CONF97.
Running sp calculation for CONF101.
Running sp calculation for CONF102.
Running sp calculation for CONF103.
Running sp calculation for CONF106.
Running sp calculation for CONF104.
Running sp calculation for CONF105.
Running sp calculation for CONF113.
Running sp calculation for CONF107.
Running sp calculation for CONF108.
Running sp calculation for CONF128.
Running sp calculation for CONF109.
Running sp calculation for CONF129.
Running sp calculation for CONF130.
Running sp calculation for CONF131.
Running sp calculation for CONF112.
Running sp calculation for CONF111.
Running sp calculation for CONF110.
Running sp calculation for CONF114.
Running sp calculation for CONF115.
Running sp calculation for CONF116.
Running sp calculation for CONF117.
Running sp calculation for CONF122.
Running sp calculation for CONF120.
Running sp calculation for CONF118.
Running sp calculation for CONF119.
Running sp calculation for CONF121.
Running sp calculation for CONF123.
Running sp calculation for CONF124.
Running sp calculation for CONF125.
Running sp calculation for CONF126.
Running sp calculation for CONF127.
Running sp calculation for CONF132.
Running sp calculation for CONF133.
Running sp calculation for CONF134.
Running sp calculation for CONF135.
Running sp calculation for CONF136.
Running sp calculation for CONF143.
Running sp calculation for CONF137.
Running sp calculation for CONF138.
Running sp calculation for CONF139.
Running sp calculation for CONF146.
Running sp calculation for CONF140.
Running sp calculation for CONF141.
Running sp calculation for CONF142.
Running sp calculation for CONF168.
Running sp calculation for CONF145.
Running sp calculation for CONF164.
Running sp calculation for CONF144.
Running sp calculation for CONF152.
Running sp calculation for CONF148.
Running sp calculation for CONF147.
Running sp calculation for CONF149.
Running sp calculation for CONF153.
Running sp calculation for CONF151.
Running sp calculation for CONF154.
Running sp calculation for CONF150.
Running sp calculation for CONF155.
Running sp calculation for CONF156.
Running sp calculation for CONF157.
Running sp calculation for CONF160.
Running sp calculation for CONF158.
Running sp calculation for CONF159.
Running sp calculation for CONF161.
Running sp calculation for CONF162.
Running sp calculation for CONF165.
Running sp calculation for CONF163.
Running sp calculation for CONF170.
Running sp calculation for CONF169.
Running sp calculation for CONF166.
Running sp calculation for CONF167.
Running sp calculation for CONF171.
Running sp calculation for CONF172.
Running sp calculation for CONF173.
Running sp calculation for CONF176.
Running sp calculation for CONF174.
Running sp calculation for CONF178.
Running sp calculation for CONF175.
Running sp calculation for CONF177.
Running sp calculation for CONF179.
Running sp calculation for CONF180.
Running sp calculation for CONF181.
Running sp calculation for CONF182.
Running sp calculation for CONF183.
Running sp calculation for CONF184.
Running sp calculation for CONF186.
Running sp calculation for CONF185.
Running sp calculation for CONF187.
Running sp calculation for CONF188.
Running sp calculation for CONF189.
Running sp calculation for CONF190.
Running sp calculation for CONF191.
Running sp calculation for CONF193.
Running sp calculation for CONF194.
Running sp calculation for CONF192.
Running sp calculation for CONF195.
Running sp calculation for CONF196.
Running sp calculation for CONF197.
Running sp calculation for CONF213.
Running sp calculation for CONF198.
Running sp calculation for CONF199.
Running sp calculation for CONF200.
Running sp calculation for CONF201.
Running sp calculation for CONF202.
Running sp calculation for CONF203.
Running sp calculation for CONF204.
Running sp calculation for CONF207.
Running sp calculation for CONF205.
Running sp calculation for CONF206.
Running sp calculation for CONF208.
Running sp calculation for CONF209.
Running sp calculation for CONF210.
Running sp calculation for CONF211.
Running sp calculation for CONF214.
Running sp calculation for CONF212.
Running sp calculation for CONF220.
Running sp calculation for CONF215.
Running sp calculation for CONF216.
Running sp calculation for CONF217.
Running sp calculation for CONF218.
Running sp calculation for CONF219.
Running sp calculation for CONF222.
Running sp calculation for CONF221.
Running sp calculation for CONF224.
Running sp calculation for CONF223.
Running sp calculation for CONF225.
Running sp calculation for CONF231.
Running sp calculation for CONF226.
Running sp calculation for CONF227.
Running sp calculation for CONF228.
Running sp calculation for CONF230.
Running sp calculation for CONF229.
Running sp calculation for CONF233.
Running sp calculation for CONF232.
Running sp calculation for CONF234.
Running sp calculation for CONF237.
Running sp calculation for CONF236.
Running sp calculation for CONF235.
Running sp calculation for CONF239.
Running sp calculation for CONF238.
Running sp calculation for CONF241.
Running sp calculation for CONF240.
Running sp calculation for CONF244.
Running sp calculation for CONF242.
Running sp calculation for CONF247.
Running sp calculation for CONF243.
Running sp calculation for CONF245.
Running sp calculation for CONF246.
Running sp calculation for CONF248.
Running sp calculation for CONF250.
Running sp calculation for CONF249.
Running sp calculation for CONF251.
Running sp calculation for CONF252.
Running sp calculation for CONF253.
Running sp calculation for CONF254.
Running sp calculation for CONF275.
Running sp calculation for CONF255.
Running sp calculation for CONF256.
Running sp calculation for CONF257.
Running sp calculation for CONF258.
Running sp calculation for CONF259.
Running sp calculation for CONF260.
Running sp calculation for CONF261.
Running sp calculation for CONF262.
Running sp calculation for CONF263.
Running sp calculation for CONF265.
Running sp calculation for CONF264.
Running sp calculation for CONF266.
Running sp calculation for CONF267.
Running sp calculation for CONF268.
Running sp calculation for CONF270.
Running sp calculation for CONF269.
Running sp calculation for CONF272.
Running sp calculation for CONF271.
Running sp calculation for CONF274.
Running sp calculation for CONF273.
Running sp calculation for CONF276.
Running sp calculation for CONF277.
Running sp calculation for CONF278.
Running sp calculation for CONF280.
Running sp calculation for CONF279.
Running sp calculation for CONF281.
Running sp calculation for CONF282.
Running sp calculation for CONF285.
Running sp calculation for CONF283.
Running sp calculation for CONF284.
Running sp calculation for CONF286.
Running sp calculation for CONF287.
Running sp calculation for CONF288.
Running sp calculation for CONF289.
Running sp calculation for CONF290.
Running sp calculation for CONF291.
Running sp calculation for CONF293.
Running sp calculation for CONF294.
Running sp calculation for CONF292.
Running sp calculation for CONF296.
Running sp calculation for CONF295.
Running sp calculation for CONF297.
Running sp calculation for CONF299.
Running sp calculation for CONF298.
Running sp calculation for CONF300.
Running sp calculation for CONF301.
Running sp calculation for CONF304.
Running sp calculation for CONF302.
Running sp calculation for CONF303.
Running sp calculation for CONF305.
Running sp calculation for CONF306.
Running sp calculation for CONF310.
Running sp calculation for CONF307.
Running sp calculation for CONF308.
Running sp calculation for CONF309.
Running sp calculation for CONF311.
Running sp calculation for CONF312.
Running sp calculation for CONF313.
Running sp calculation for CONF314.
Running sp calculation for CONF315.
Running sp calculation for CONF323.
Running sp calculation for CONF316.
Running sp calculation for CONF321.
Running sp calculation for CONF326.
Running sp calculation for CONF317.
Running sp calculation for CONF318.
Running sp calculation for CONF319.
Running sp calculation for CONF322.
Running sp calculation for CONF320.
Running sp calculation for CONF324.
Running sp calculation for CONF325.
Running sp calculation for CONF327.
Running sp calculation for CONF329.
Running sp calculation for CONF328.
Running sp calculation for CONF330.
Running sp calculation for CONF331.
Running sp calculation for CONF337.
Running sp calculation for CONF332.
Running sp calculation for CONF333.
Running sp calculation for CONF335.
Running sp calculation for CONF334.
Running sp calculation for CONF336.
Running sp calculation for CONF341.
Running sp calculation for CONF346.
Running sp calculation for CONF338.
Running sp calculation for CONF339.
Running sp calculation for CONF340.
Running sp calculation for CONF359.
Running sp calculation for CONF342.
Running sp calculation for CONF343.
Running sp calculation for CONF344.
Running sp calculation for CONF345.
Running sp calculation for CONF349.
Running sp calculation for CONF347.
Running sp calculation for CONF348.
Running sp calculation for CONF350.
Running sp calculation for CONF351.
Running sp calculation for CONF352.
Running sp calculation for CONF356.
Running sp calculation for CONF355.
Running sp calculation for CONF353.
Running sp calculation for CONF354.
Running sp calculation for CONF357.
Running sp calculation for CONF358.
Running sp calculation for CONF360.
Running sp calculation for CONF362.
Running sp calculation for CONF361.
Running sp calculation for CONF382.
Running sp calculation for CONF364.
Running sp calculation for CONF363.
Running sp calculation for CONF365.
Running sp calculation for CONF366.
Running sp calculation for CONF367.
Running sp calculation for CONF368.
Running sp calculation for CONF369.
Running sp calculation for CONF370.
Running sp calculation for CONF371.
Running sp calculation for CONF374.
Running sp calculation for CONF372.
Running sp calculation for CONF373.
Running sp calculation for CONF383.
Running sp calculation for CONF376.
Running sp calculation for CONF377.
Running sp calculation for CONF379.
Running sp calculation for CONF375.
Running sp calculation for CONF405.
Running sp calculation for CONF380.
Running sp calculation for CONF381.
Running sp calculation for CONF378.
Running sp calculation for CONF394.
Running sp calculation for CONF401.
Running sp calculation for CONF396.
Running sp calculation for CONF384.
Running sp calculation for CONF385.
Running sp calculation for CONF386.
Running sp calculation for CONF389.
Running sp calculation for CONF388.
Running sp calculation for CONF404.
Running sp calculation for CONF406.
Running sp calculation for CONF387.
Running sp calculation for CONF393.
Running sp calculation for CONF395.
Running sp calculation for CONF390.
Running sp calculation for CONF391.
Running sp calculation for CONF392.
Running sp calculation for CONF397.
Running sp calculation for CONF398.
Running sp calculation for CONF399.
Running sp calculation for CONF400.
Running sp calculation for CONF402.
Running sp calculation for CONF413.
Running sp calculation for CONF403.
Running sp calculation for CONF409.
Running sp calculation for CONF407.
Running sp calculation for CONF408.
Running sp calculation for CONF410.
Running sp calculation for CONF411.
Running sp calculation for CONF412.
Running sp calculation for CONF414.
Running sp calculation for CONF415.
Running sp calculation for CONF416.
Running sp calculation for CONF418.
Running sp calculation for CONF417.
Running sp calculation for CONF428.
Running sp calculation for CONF419.
Running sp calculation for CONF420.
Running sp calculation for CONF423.
Running sp calculation for CONF421.
Running sp calculation for CONF422.
Running sp calculation for CONF424.
Running sp calculation for CONF425.
Running sp calculation for CONF426.
Running sp calculation for CONF427.
Running sp calculation for CONF439.
Running sp calculation for CONF441.
Running sp calculation for CONF442.
Running sp calculation for CONF429.
Running sp calculation for CONF440.
Running sp calculation for CONF431.
Running sp calculation for CONF436.
Running sp calculation for CONF437.
Running sp calculation for CONF438.
Running sp calculation for CONF444.
Running sp calculation for CONF430.
Running sp calculation for CONF432.
Running sp calculation for CONF433.
Running sp calculation for CONF434.
Running sp calculation for CONF446.
Running sp calculation for CONF445.
Running sp calculation for CONF435.
Running sp calculation for CONF447.
Running sp calculation for CONF443.
Running sp calculation for CONF448.
Running sp calculation for CONF476.
Running sp calculation for CONF450.
Running sp calculation for CONF451.
Running sp calculation for CONF449.
Running sp calculation for CONF452.
Running sp calculation for CONF453.
Running sp calculation for CONF454.
Running sp calculation for CONF456.
Running sp calculation for CONF455.
Running sp calculation for CONF468.
Running sp calculation for CONF457.
Running sp calculation for CONF463.
Running sp calculation for CONF458.
Running sp calculation for CONF459.
Running sp calculation for CONF473.
Running sp calculation for CONF474.
Running sp calculation for CONF480.
Running sp calculation for CONF485.
Running sp calculation for CONF460.
Running sp calculation for CONF461.
Running sp calculation for CONF462.
Running sp calculation for CONF466.
Running sp calculation for CONF467.
Running sp calculation for CONF464.
Running sp calculation for CONF465.
Running sp calculation for CONF470.
Running sp calculation for CONF471.
Running sp calculation for CONF469.
Running sp calculation for CONF478.
Running sp calculation for CONF479.
Running sp calculation for CONF472.
Running sp calculation for CONF475.
Running sp calculation for CONF477.
Running sp calculation for CONF481.
Running sp calculation for CONF482.
Running sp calculation for CONF483.
Running sp calculation for CONF484.
Running sp calculation for CONF486.
Running sp calculation for CONF495.
Running sp calculation for CONF489.
Running sp calculation for CONF491.
Running sp calculation for CONF493.
Running sp calculation for CONF487.
Running sp calculation for CONF488.
Running sp calculation for CONF490.
Running sp calculation for CONF492.
Running sp calculation for CONF494.
Running sp calculation for CONF496.
Running sp calculation for CONF497.
Running sp calculation for CONF498.
Running sp calculation for CONF499.
Running sp calculation for CONF500.
Running sp calculation for CONF501.
Running sp calculation for CONF503.
Running sp calculation for CONF502.
Running sp calculation for CONF504.
Running sp calculation for CONF505.
Running sp calculation for CONF506.
Running sp calculation for CONF507.
Running sp calculation for CONF508.
Running sp calculation for CONF509.
Running sp calculation for CONF510.
Running sp calculation for CONF511.
Running sp calculation for CONF512.
Running sp calculation for CONF513.
Running sp calculation for CONF514.
Running sp calculation for CONF515.
Running sp calculation for CONF516.
Running sp calculation for CONF517.
Running sp calculation for CONF518.
Running sp calculation for CONF519.
Running sp calculation for CONF520.
Running sp calculation for CONF521.
Running sp calculation for CONF522.
Running sp calculation for CONF524.
Running sp calculation for CONF530.
Running sp calculation for CONF523.
Running sp calculation for CONF533.
Running sp calculation for CONF537.
Running sp calculation for CONF528.
Running sp calculation for CONF544.
Running sp calculation for CONF525.
Running sp calculation for CONF526.
Running sp calculation for CONF527.
Running sp calculation for CONF531.
Running sp calculation for CONF532.
Running sp calculation for CONF529.
Running sp calculation for CONF535.
Running sp calculation for CONF534.
Running sp calculation for CONF536.
Running sp calculation for CONF556.
Running sp calculation for CONF557.
Running sp calculation for CONF547.
Running sp calculation for CONF542.
Running sp calculation for CONF538.
Running sp calculation for CONF540.
Running sp calculation for CONF539.
Running sp calculation for CONF541.
Running sp calculation for CONF543.
Running sp calculation for CONF546.
Running sp calculation for CONF548.
Running sp calculation for CONF545.
Running sp calculation for CONF549.
Running sp calculation for CONF551.
Running sp calculation for CONF553.
Running sp calculation for CONF550.
Running sp calculation for CONF552.
Running sp calculation for CONF554.
Running sp calculation for CONF579.
Running sp calculation for CONF555.
Running sp calculation for CONF558.
Running sp calculation for CONF566.
Running sp calculation for CONF562.
Running sp calculation for CONF565.
Running sp calculation for CONF559.
Running sp calculation for CONF581.
Running sp calculation for CONF587.
Running sp calculation for CONF560.
Running sp calculation for CONF561.
Running sp calculation for CONF568.
Running sp calculation for CONF595.
Running sp calculation for CONF621.
Running sp calculation for CONF603.
Running sp calculation for CONF563.
Running sp calculation for CONF564.
Running sp calculation for CONF567.
Running sp calculation for CONF598.
Running sp calculation for CONF569.
Running sp calculation for CONF596.
Running sp calculation for CONF571.
Running sp calculation for CONF570.
Running sp calculation for CONF572.
Running sp calculation for CONF573.
Running sp calculation for CONF575.
Running sp calculation for CONF576.
Running sp calculation for CONF574.
Running sp calculation for CONF577.
Running sp calculation for CONF578.
Running sp calculation for CONF580.
Running sp calculation for CONF582.
Running sp calculation for CONF586.
Running sp calculation for CONF590.
Running sp calculation for CONF583.
Running sp calculation for CONF584.
Running sp calculation for CONF585.
Running sp calculation for CONF592.
Running sp calculation for CONF594.
Running sp calculation for CONF588.
Running sp calculation for CONF591.
Running sp calculation for CONF589.
Running sp calculation for CONF593.
Running sp calculation for CONF597.
Running sp calculation for CONF601.
Running sp calculation for CONF599.
Running sp calculation for CONF600.
Running sp calculation for CONF602.
Running sp calculation for CONF604.
Running sp calculation for CONF606.
Running sp calculation for CONF605.
Running sp calculation for CONF607.
Running sp calculation for CONF608.
Running sp calculation for CONF609.
Running sp calculation for CONF616.
Running sp calculation for CONF611.
Running sp calculation for CONF612.
Running sp calculation for CONF610.
Running sp calculation for CONF620.
Running sp calculation for CONF614.
Running sp calculation for CONF613.
Running sp calculation for CONF615.
Running sp calculation for CONF618.
Running sp calculation for CONF617.
Running sp calculation for CONF619.
Running sp calculation for CONF636.
Running sp calculation for CONF622.
Running sp calculation for CONF623.
Running sp calculation for CONF625.
Running sp calculation for CONF624.
Running sp calculation for CONF626.
Running sp calculation for CONF627.
Running sp calculation for CONF628.
Running sp calculation for CONF630.
Running sp calculation for CONF631.
Running sp calculation for CONF629.
Running sp calculation for CONF632.
Running sp calculation for CONF633.
Running sp calculation for CONF634.
Running sp calculation for CONF637.
Running sp calculation for CONF638.
Running sp calculation for CONF635.
Running sp calculation for CONF639.
Running sp calculation for CONF640.
Running sp calculation for CONF641.
Running sp calculation for CONF642.
Running sp calculation for CONF643.
Running sp calculation for CONF644.
Running sp calculation for CONF645.
Running sp calculation for CONF646.
Running sp calculation for CONF647.
Running sp calculation for CONF648.
Running sp calculation for CONF649.
Running sp calculation for CONF650.
Running sp calculation for CONF651.
Running sp calculation for CONF652.
Running sp calculation for CONF653.
Running sp calculation for CONF655.
Running sp calculation for CONF654.
Running sp calculation for CONF656.
Running sp calculation for CONF657.
Running sp calculation for CONF658.
Running sp calculation for CONF672.
Running sp calculation for CONF659.
Running sp calculation for CONF660.
Running sp calculation for CONF662.
Running sp calculation for CONF663.
Running sp calculation for CONF661.
Running sp calculation for CONF664.
Running sp calculation for CONF692.
Running sp calculation for CONF665.
Running sp calculation for CONF666.
Running sp calculation for CONF667.
Running sp calculation for CONF669.
Running sp calculation for CONF668.
Running sp calculation for CONF671.
Running sp calculation for CONF676.
Running sp calculation for CONF670.
Running sp calculation for CONF673.
Running sp calculation for CONF674.
Running sp calculation for CONF675.
Running sp calculation for CONF677.
Running sp calculation for CONF678.
Running sp calculation for CONF685.
Running sp calculation for CONF687.
Running sp calculation for CONF708.
Running sp calculation for CONF679.
Running sp calculation for CONF686.
Running sp calculation for CONF680.
Running sp calculation for CONF682.
Running sp calculation for CONF681.
Running sp calculation for CONF683.
Running sp calculation for CONF684.
Running sp calculation for CONF688.
Running sp calculation for CONF689.
Running sp calculation for CONF698.
Running sp calculation for CONF690.
Running sp calculation for CONF693.
Running sp calculation for CONF691.
Running sp calculation for CONF694.
Running sp calculation for CONF695.
Running sp calculation for CONF697.
Running sp calculation for CONF696.
Running sp calculation for CONF699.
Running sp calculation for CONF700.
Running sp calculation for CONF701.
Running sp calculation for CONF702.
Running sp calculation for CONF703.
Running sp calculation for CONF707.
Running sp calculation for CONF706.
Running sp calculation for CONF704.
Running sp calculation for CONF705.
Running sp calculation for CONF743.
Running sp calculation for CONF742.
Running sp calculation for CONF709.
Running sp calculation for CONF710.
Running sp calculation for CONF713.
Running sp calculation for CONF711.
Running sp calculation for CONF712.
Running sp calculation for CONF714.
Running sp calculation for CONF719.
Running sp calculation for CONF715.
Running sp calculation for CONF716.
Running sp calculation for CONF717.
Running sp calculation for CONF718.
Running sp calculation for CONF721.
Running sp calculation for CONF720.
Running sp calculation for CONF722.
Running sp calculation for CONF723.
Running sp calculation for CONF724.
Running sp calculation for CONF756.
Running sp calculation for CONF725.
Running sp calculation for CONF726.
Running sp calculation for CONF727.
Running sp calculation for CONF728.
Running sp calculation for CONF729.
Running sp calculation for CONF730.
Running sp calculation for CONF731.
Running sp calculation for CONF732.
Running sp calculation for CONF751.
Running sp calculation for CONF733.
Running sp calculation for CONF734.
Running sp calculation for CONF735.
Running sp calculation for CONF736.
Running sp calculation for CONF739.
Running sp calculation for CONF737.
Running sp calculation for CONF738.
Running sp calculation for CONF750.
Running sp calculation for CONF740.
Running sp calculation for CONF741.
Running sp calculation for CONF745.
Running sp calculation for CONF747.
Running sp calculation for CONF744.
Running sp calculation for CONF746.
Running sp calculation for CONF748.
Running sp calculation for CONF752.
Running sp calculation for CONF754.
Running sp calculation for CONF759.
Running sp calculation for CONF749.
Running sp calculation for CONF757.
Running sp calculation for CONF753.
Running sp calculation for CONF755.
Running sp calculation for CONF758.
Running sp calculation for CONF760.
Running sp calculation for CONF769.
Running sp calculation for CONF762.
Running sp calculation for CONF761.
Running sp calculation for CONF774.
Running sp calculation for CONF768.
Running sp calculation for CONF763.
Running sp calculation for CONF770.
Running sp calculation for CONF771.
Running sp calculation for CONF764.
Running sp calculation for CONF765.
Running sp calculation for CONF767.
Running sp calculation for CONF766.
Running sp calculation for CONF772.
Running sp calculation for CONF773.
Running sp calculation for CONF775.
Running sp calculation for CONF778.
Running sp calculation for CONF779.
Running sp calculation for CONF776.
Running sp calculation for CONF777.
Running sp calculation for CONF808.
Running sp calculation for CONF780.
Running sp calculation for CONF781.
Running sp calculation for CONF782.
Running sp calculation for CONF783.
Running sp calculation for CONF786.
Running sp calculation for CONF784.
Running sp calculation for CONF785.
Running sp calculation for CONF787.
Running sp calculation for CONF788.
Running sp calculation for CONF789.
Running sp calculation for CONF790.
Running sp calculation for CONF791.
Running sp calculation for CONF792.
Running sp calculation for CONF793.
Running sp calculation for CONF794.
Running sp calculation for CONF795.
Running sp calculation for CONF799.
Running sp calculation for CONF803.
Running sp calculation for CONF804.
Running sp calculation for CONF796.
Running sp calculation for CONF806.
Running sp calculation for CONF838.
Running sp calculation for CONF840.
Running sp calculation for CONF843.
Running sp calculation for CONF798.
Running sp calculation for CONF797.
Running sp calculation for CONF800.
Running sp calculation for CONF801.
Running sp calculation for CONF807.
Running sp calculation for CONF802.
Running sp calculation for CONF805.
Running sp calculation for CONF810.
Running sp calculation for CONF809.
Running sp calculation for CONF811.
Running sp calculation for CONF812.
Running sp calculation for CONF813.
Running sp calculation for CONF814.
Running sp calculation for CONF815.
Running sp calculation for CONF816.
Running sp calculation for CONF817.
Running sp calculation for CONF818.
Running sp calculation for CONF819.
Running sp calculation for CONF820.
Running sp calculation for CONF833.
Running sp calculation for CONF821.
Running sp calculation for CONF822.
Running sp calculation for CONF823.
Running sp calculation for CONF834.
Running sp calculation for CONF824.
Running sp calculation for CONF836.
Running sp calculation for CONF825.
Running sp calculation for CONF826.
Running sp calculation for CONF828.
Running sp calculation for CONF827.
Running sp calculation for CONF830.
Running sp calculation for CONF831.
Running sp calculation for CONF832.
Running sp calculation for CONF829.
Running sp calculation for CONF835.
Running sp calculation for CONF837.
Running sp calculation for CONF839.
Running sp calculation for CONF841.
Running sp calculation for CONF842.
Running sp calculation for CONF849.
Running sp calculation for CONF844.
Running sp calculation for CONF845.
Running sp calculation for CONF846.
Running sp calculation for CONF847.
Running sp calculation for CONF848.
Running sp calculation for CONF854.
Running sp calculation for CONF850.
Running sp calculation for CONF851.
Running sp calculation for CONF852.
Running sp calculation for CONF853.
Running sp calculation for CONF855.
Running sp calculation for CONF856.
Running sp calculation for CONF857.
Running sp calculation for CONF858.
Running sp calculation for CONF859.
Running sp calculation for CONF860.
Running sp calculation for CONF861.
Running sp calculation for CONF862.
Running sp calculation for CONF875.
Running sp calculation for CONF864.
Running sp calculation for CONF865.
Running sp calculation for CONF863.
Running sp calculation for CONF871.
Running sp calculation for CONF867.
Running sp calculation for CONF866.
Running sp calculation for CONF868.
Running sp calculation for CONF870.
Running sp calculation for CONF869.
Running sp calculation for CONF872.
Running sp calculation for CONF874.
Running sp calculation for CONF881.
Running sp calculation for CONF873.
Running sp calculation for CONF883.
Running sp calculation for CONF876.
Running sp calculation for CONF877.
Running sp calculation for CONF878.
Running sp calculation for CONF879.
Running sp calculation for CONF887.
Running sp calculation for CONF880.
Running sp calculation for CONF882.
Running sp calculation for CONF917.
Running sp calculation for CONF918.
Running sp calculation for CONF884.
Running sp calculation for CONF885.
Running sp calculation for CONF888.
Running sp calculation for CONF886.
Running sp calculation for CONF889.
Running sp calculation for CONF891.
Running sp calculation for CONF890.
Running sp calculation for CONF902.
Running sp calculation for CONF892.
Running sp calculation for CONF894.
Running sp calculation for CONF893.
Running sp calculation for CONF895.
Running sp calculation for CONF913.
Running sp calculation for CONF904.
Running sp calculation for CONF896.
Running sp calculation for CONF897.
Running sp calculation for CONF898.
Running sp calculation for CONF899.
Running sp calculation for CONF900.
Running sp calculation for CONF901.
Running sp calculation for CONF903.
Running sp calculation for CONF915.
Running sp calculation for CONF906.
Running sp calculation for CONF905.
Running sp calculation for CONF910.
Running sp calculation for CONF912.
Running sp calculation for CONF907.
Running sp calculation for CONF908.
Running sp calculation for CONF911.
Running sp calculation for CONF909.
Running sp calculation for CONF914.
Running sp calculation for CONF916.
Running sp calculation for CONF919.
Running sp calculation for CONF920.
Running sp calculation for CONF924.
Running sp calculation for CONF921.
Running sp calculation for CONF923.
Running sp calculation for CONF932.
Running sp calculation for CONF934.
Running sp calculation for CONF922.
Running sp calculation for CONF925.
Running sp calculation for CONF926.
Running sp calculation for CONF927.
Running sp calculation for CONF928.
Running sp calculation for CONF929.
Running sp calculation for CONF935.
Running sp calculation for CONF973.
Running sp calculation for CONF930.
Running sp calculation for CONF931.
Running sp calculation for CONF933.
Running sp calculation for CONF938.
Running sp calculation for CONF936.
Running sp calculation for CONF937.
Running sp calculation for CONF939.
Running sp calculation for CONF941.
Running sp calculation for CONF940.
Running sp calculation for CONF942.
Running sp calculation for CONF943.
Running sp calculation for CONF945.
Running sp calculation for CONF944.
Running sp calculation for CONF946.
Running sp calculation for CONF947.
Running sp calculation for CONF949.
Running sp calculation for CONF948.
Running sp calculation for CONF950.
Running sp calculation for CONF952.
Running sp calculation for CONF951.
Running sp calculation for CONF954.
Running sp calculation for CONF953.
Running sp calculation for CONF955.
Running sp calculation for CONF958.
Running sp calculation for CONF956.
Running sp calculation for CONF957.
Running sp calculation for CONF959.
Running sp calculation for CONF960.
Running sp calculation for CONF970.
Running sp calculation for CONF961.
Running sp calculation for CONF964.
Running sp calculation for CONF962.
Running sp calculation for CONF965.
Running sp calculation for CONF963.
Running sp calculation for CONF966.
Running sp calculation for CONF967.
Running sp calculation for CONF969.
Running sp calculation for CONF968.
Running sp calculation for CONF971.
Running sp calculation for CONF972.
Running sp calculation for CONF974.
Running sp calculation for CONF978.
Running sp calculation for CONF976.
Running sp calculation for CONF977.
Running sp calculation for CONF975.
Running sp calculation for CONF992.
Running sp calculation for CONF985.
Running sp calculation for CONF993.
Running sp calculation for CONF980.
Running sp calculation for CONF979.
Running sp calculation for CONF981.
Running sp calculation for CONF986.
Running sp calculation for CONF982.
Running sp calculation for CONF983.
Running sp calculation for CONF984.
Running sp calculation for CONF987.
Running sp calculation for CONF988.
Running sp calculation for CONF997.
Running sp calculation for CONF989.
Running sp calculation for CONF991.
Running sp calculation for CONF990.
Running sp calculation for CONF994.
Running sp calculation for CONF995.
Running sp calculation for CONF996.
Running sp calculation for CONF998.
Running sp calculation for CONF999.
Running sp calculation for CONF1000.
Running sp calculation for CONF1001.
Running sp calculation for CONF1002.
Running sp calculation for CONF1003.
Running sp calculation for CONF1004.
Running sp calculation for CONF1005.
Running sp calculation for CONF1006.
Running sp calculation for CONF1008.
Running sp calculation for CONF1007.
Running sp calculation for CONF1009.
Running sp calculation for CONF1012.
Running sp calculation for CONF1013.
Running sp calculation for CONF1010.
Running sp calculation for CONF1011.
Running sp calculation for CONF1014.
Running sp calculation for CONF1015.
Running sp calculation for CONF1016.
Running sp calculation for CONF1017.
Running sp calculation for CONF1019.
Running sp calculation for CONF1018.
Running sp calculation for CONF1020.
Running sp calculation for CONF1021.
Running sp calculation for CONF1022.
Running sp calculation for CONF1024.
Running sp calculation for CONF1025.
Running sp calculation for CONF1023.
Running sp calculation for CONF1026.
Running sp calculation for CONF1027.
Running sp calculation for CONF1031.
Running sp calculation for CONF1028.
Running sp calculation for CONF1029.
Running sp calculation for CONF1030.
Running sp calculation for CONF1032.
Running sp calculation for CONF1035.
Running sp calculation for CONF1033.
Running sp calculation for CONF1034.
Running sp calculation for CONF1036.
Running sp calculation for CONF1037.
Running sp calculation for CONF1038.
Running sp calculation for CONF1039.
Running sp calculation for CONF1040.
Running sp calculation for CONF1041.
Running sp calculation for CONF1046.
Running sp calculation for CONF1042.
Running sp calculation for CONF1043.
Running sp calculation for CONF1044.
Running sp calculation for CONF1045.
Running sp calculation for CONF1047.
Running sp calculation for CONF1048.
Running sp calculation for CONF1051.
Running sp calculation for CONF1049.
Running sp calculation for CONF1050.
Running sp calculation for CONF1053.
Running sp calculation for CONF1052.
Running sp calculation for CONF1054.
Running sp calculation for CONF1055.
Running sp calculation for CONF1058.
Running sp calculation for CONF1056.
Running sp calculation for CONF1057.
Running sp calculation for CONF1059.
Running sp calculation for CONF1066.
Running sp calculation for CONF1060.
Running sp calculation for CONF1061.
Running sp calculation for CONF1062.
Running sp calculation for CONF1063.
Running sp calculation for CONF1064.
Running sp calculation for CONF1065.
Running sp calculation for CONF1068.
Running sp calculation for CONF1070.
Running sp calculation for CONF1067.
Running sp calculation for CONF1069.
Running sp calculation for CONF1071.
Running sp calculation for CONF1072.
Running sp calculation for CONF1073.
Running sp calculation for CONF1074.
Running sp calculation for CONF1075.
Running sp calculation for CONF1076.
Running sp calculation for CONF1077.
Running sp calculation for CONF1078.
Running sp calculation for CONF1079.
Running sp calculation for CONF1080.
Running sp calculation for CONF1083.
Running sp calculation for CONF1084.
Running sp calculation for CONF1082.
Running sp calculation for CONF1081.
Running sp calculation for CONF1085.
Running sp calculation for CONF1086.
Running sp calculation for CONF1125.
Running sp calculation for CONF1087.
Running sp calculation for CONF1088.
Running sp calculation for CONF1090.
Running sp calculation for CONF1101.
Running sp calculation for CONF1089.
Running sp calculation for CONF1096.
Running sp calculation for CONF1092.
Running sp calculation for CONF1091.
Running sp calculation for CONF1093.
Running sp calculation for CONF1094.
Running sp calculation for CONF1100.
Running sp calculation for CONF1095.
Running sp calculation for CONF1103.
Running sp calculation for CONF1097.
Running sp calculation for CONF1098.
Running sp calculation for CONF1099.
Running sp calculation for CONF1109.
Running sp calculation for CONF1102.
Running sp calculation for CONF1104.
Running sp calculation for CONF1113.
Running sp calculation for CONF1105.
Running sp calculation for CONF1106.
Running sp calculation for CONF1107.
Running sp calculation for CONF1108.
Running sp calculation for CONF1110.
Running sp calculation for CONF1111.
Running sp calculation for CONF1112.
Running sp calculation for CONF1114.
Running sp calculation for CONF1115.
Running sp calculation for CONF1116.
Running sp calculation for CONF1117.
Running sp calculation for CONF1127.
Running sp calculation for CONF1142.
Running sp calculation for CONF1119.
Running sp calculation for CONF1118.
Running sp calculation for CONF1120.
Running sp calculation for CONF1121.
Running sp calculation for CONF1124.
Running sp calculation for CONF1122.
Running sp calculation for CONF1123.
Running sp calculation for CONF1141.
Running sp calculation for CONF1126.
Running sp calculation for CONF1128.
Running sp calculation for CONF1129.
Running sp calculation for CONF1130.
Running sp calculation for CONF1132.
Running sp calculation for CONF1131.
Running sp calculation for CONF1134.
Running sp calculation for CONF1133.
Running sp calculation for CONF1135.
Running sp calculation for CONF1136.
Running sp calculation for CONF1137.
Running sp calculation for CONF1138.
Running sp calculation for CONF1139.
Running sp calculation for CONF1140.
Running sp calculation for CONF1143.
Running sp calculation for CONF1144.
Running sp calculation for CONF1145.
Running sp calculation for CONF1147.
Running sp calculation for CONF1146.
Running sp calculation for CONF1150.
Running sp calculation for CONF1148.
Running sp calculation for CONF1149.
Running sp calculation for CONF1151.
Running sp calculation for CONF1152.
Running sp calculation for CONF1155.
Running sp calculation for CONF1153.
Running sp calculation for CONF1154.
Running sp calculation for CONF1156.
Running sp calculation for CONF1157.
Running sp calculation for CONF1158.
Running sp calculation for CONF1159.
Running sp calculation for CONF1160.
Running sp calculation for CONF1161.
Running sp calculation for CONF1162.
Running sp calculation for CONF1163.
Running sp calculation for CONF1164.
Running sp calculation for CONF1165.
Running sp calculation for CONF1169.
Running sp calculation for CONF1166.
Running sp calculation for CONF1167.
Running sp calculation for CONF1168.
Running sp calculation for CONF1170.
Running sp calculation for CONF1171.
Running sp calculation for CONF1172.
Running sp calculation for CONF1173.
Running sp calculation for CONF1176.
Running sp calculation for CONF1174.
Running sp calculation for CONF1175.
Running sp calculation for CONF1177.
Running sp calculation for CONF1178.
Running sp calculation for CONF1182.
Running sp calculation for CONF1179.
Running sp calculation for CONF1181.
Running sp calculation for CONF1180.
Running sp calculation for CONF1183.
Running sp calculation for CONF1184.
Running sp calculation for CONF1185.
Running sp calculation for CONF1186.
Running sp calculation for CONF1187.
Running sp calculation for CONF1188.
Running sp calculation for CONF1189.
Running sp calculation for CONF1190.
Running sp calculation for CONF1191.
Running sp calculation for CONF1192.
Running sp calculation for CONF1193.
Running sp calculation for CONF1216.
Running sp calculation for CONF1194.
Running sp calculation for CONF1196.
Running sp calculation for CONF1195.
Running sp calculation for CONF1197.
Running sp calculation for CONF1213.
Running sp calculation for CONF1198.
Running sp calculation for CONF1199.
Running sp calculation for CONF1200.
Running sp calculation for CONF1201.
Running sp calculation for CONF1202.
Running sp calculation for CONF1203.
Running sp calculation for CONF1204.
Running sp calculation for CONF1205.
Running sp calculation for CONF1206.
Running sp calculation for CONF1207.
Running sp calculation for CONF1208.
Running sp calculation for CONF1209.
Running sp calculation for CONF1210.
Running sp calculation for CONF1211.
Running sp calculation for CONF1212.
Running sp calculation for CONF1214.
Running sp calculation for CONF1221.
Running sp calculation for CONF1215.
Running sp calculation for CONF1217.
Running sp calculation for CONF1218.
Running sp calculation for CONF1219.
Running sp calculation for CONF1222.
Running sp calculation for CONF1220.
Running sp calculation for CONF1223.
Running sp calculation for CONF1224.
Running sp calculation for CONF1225.
Running sp calculation for CONF1226.
Running sp calculation for CONF1227.
Running sp calculation for CONF1228.
Running sp calculation for CONF1229.
Running sp calculation for CONF1230.
Running sp calculation for CONF1238.
Running sp calculation for CONF1234.
Running sp calculation for CONF1231.
Running sp calculation for CONF1232.
Running sp calculation for CONF1236.
Running sp calculation for CONF1233.
Running sp calculation for CONF1235.
Running sp calculation for CONF1237.
Running sp calculation for CONF1239.
Running sp calculation for CONF1247.
Running sp calculation for CONF1240.
Running sp calculation for CONF1244.
Running sp calculation for CONF1242.
Running sp calculation for CONF1243.
Running sp calculation for CONF1241.
Running sp calculation for CONF1245.
Running sp calculation for CONF1246.
Running sp calculation for CONF1248.
Running sp calculation for CONF1250.
Running sp calculation for CONF1249.
Running sp calculation for CONF1278.
Running sp calculation for CONF1251.
Running sp calculation for CONF1252.
Running sp calculation for CONF1253.
Running sp calculation for CONF1254.
Running sp calculation for CONF1255.
Running sp calculation for CONF1256.
Running sp calculation for CONF1257.
Running sp calculation for CONF1258.
Running sp calculation for CONF1262.
Running sp calculation for CONF1259.
Running sp calculation for CONF1260.
Running sp calculation for CONF1261.
Running sp calculation for CONF1265.
Running sp calculation for CONF1263.
Running sp calculation for CONF1264.
Running sp calculation for CONF1266.
Running sp calculation for CONF1267.
Running sp calculation for CONF1268.
Running sp calculation for CONF1269.
Running sp calculation for CONF1270.
Running sp calculation for CONF1286.
Running sp calculation for CONF1271.
Running sp calculation for CONF1272.
Running sp calculation for CONF1292.
Running sp calculation for CONF1273.
Running sp calculation for CONF1276.
Running sp calculation for CONF1279.
Running sp calculation for CONF1275.
Running sp calculation for CONF1274.
Running sp calculation for CONF1277.
Running sp calculation for CONF1280.
Running sp calculation for CONF1281.
Running sp calculation for CONF1284.
Running sp calculation for CONF1285.
Running sp calculation for CONF1282.
Running sp calculation for CONF1283.
Running sp calculation for CONF1287.
Running sp calculation for CONF1290.
Running sp calculation for CONF1288.
Running sp calculation for CONF1289.
Running sp calculation for CONF1291.
Running sp calculation for CONF1293.
Running sp calculation for CONF1294.
Running sp calculation for CONF1295.
Running sp calculation for CONF1297.
Running sp calculation for CONF1299.
Running sp calculation for CONF1296.
Running sp calculation for CONF1298.
Running sp calculation for CONF1300.
Running sp calculation for CONF1301.
Running sp calculation for CONF1302.
Running sp calculation for CONF1304.
Running sp calculation for CONF1303.
Running sp calculation for CONF1311.
Running sp calculation for CONF1305.
Running sp calculation for CONF1306.
Running sp calculation for CONF1309.
Running sp calculation for CONF1307.
Running sp calculation for CONF1308.
Running sp calculation for CONF1310.
Running sp calculation for CONF1312.
Running sp calculation for CONF1313.
Running sp calculation for CONF1314.
Running sp calculation for CONF1315.
Running sp calculation for CONF1316.
Running sp calculation for CONF1317.
Running sp calculation for CONF1318.
Running sp calculation for CONF1319.
Running sp calculation for CONF1320.
Running sp calculation for CONF1336.
Running sp calculation for CONF1340.
Running sp calculation for CONF1321.
Running sp calculation for CONF1322.
Running sp calculation for CONF1323.
Running sp calculation for CONF1328.
Running sp calculation for CONF1324.
Running sp calculation for CONF1325.
Running sp calculation for CONF1329.
Running sp calculation for CONF1326.
Running sp calculation for CONF1327.
Running sp calculation for CONF1330.
Running sp calculation for CONF1332.
Running sp calculation for CONF1331.
Running sp calculation for CONF1333.
Running sp calculation for CONF1352.
Running sp calculation for CONF1334.
Running sp calculation for CONF1335.
Running sp calculation for CONF1338.
Running sp calculation for CONF1342.
Running sp calculation for CONF1337.
Running sp calculation for CONF1339.
Running sp calculation for CONF1341.
Running sp calculation for CONF1343.
Running sp calculation for CONF1344.
Running sp calculation for CONF1345.
Running sp calculation for CONF1346.
Running sp calculation for CONF1370.
Running sp calculation for CONF1347.
Running sp calculation for CONF1348.
Running sp calculation for CONF1357.
Running sp calculation for CONF1363.
Running sp calculation for CONF1349.
Running sp calculation for CONF1350.
Running sp calculation for CONF1351.
Running sp calculation for CONF1360.
Running sp calculation for CONF1364.
Running sp calculation for CONF1358.
Running sp calculation for CONF1353.
Running sp calculation for CONF1354.
Running sp calculation for CONF1355.
Running sp calculation for CONF1356.
Running sp calculation for CONF1359.
Running sp calculation for CONF1361.
Running sp calculation for CONF1362.
Running sp calculation for CONF1365.
Running sp calculation for CONF1366.
Running sp calculation for CONF1367.
Running sp calculation for CONF1368.
Running sp calculation for CONF1369.
Running sp calculation for CONF1371.
Running sp calculation for CONF1372.
Running sp calculation for CONF1373.
Running sp calculation for CONF1374.
Running sp calculation for CONF1375.
Running sp calculation for CONF1376.
Running sp calculation for CONF1377.
Running sp calculation for CONF1378.
Running sp calculation for CONF1379.
Running sp calculation for CONF1381.
Running sp calculation for CONF1380.
Running sp calculation for CONF1382.
Running sp calculation for CONF1383.
Running sp calculation for CONF1386.
Running sp calculation for CONF1384.
Running sp calculation for CONF1385.
Running sp calculation for CONF1387.
Running sp calculation for CONF1388.
Running sp calculation for CONF1389.
Running sp calculation for CONF1390.
Running sp calculation for CONF1391.
Running sp calculation for CONF1393.
Running sp calculation for CONF1392.
Running sp calculation for CONF1394.
Running sp calculation for CONF1395.
Running sp calculation for CONF1409.
Running sp calculation for CONF1396.
Running sp calculation for CONF1397.
Running sp calculation for CONF1398.
Running sp calculation for CONF1402.
Running sp calculation for CONF1399.
Running sp calculation for CONF1400.
Running sp calculation for CONF1410.
Running sp calculation for CONF1411.
Running sp calculation for CONF1401.
Running sp calculation for CONF1424.
Running sp calculation for CONF1413.
Running sp calculation for CONF1403.
Running sp calculation for CONF1430.
Running sp calculation for CONF1404.
Running sp calculation for CONF1433.
Running sp calculation for CONF1405.
Running sp calculation for CONF1407.
Running sp calculation for CONF1406.
Running sp calculation for CONF1408.
Running sp calculation for CONF1412.
Running sp calculation for CONF1447.
Running sp calculation for CONF1414.
Running sp calculation for CONF1415.
Running sp calculation for CONF1419.
Running sp calculation for CONF1416.
Running sp calculation for CONF1417.
Running sp calculation for CONF1418.
Running sp calculation for CONF1422.
Running sp calculation for CONF1420.
Running sp calculation for CONF1421.
Running sp calculation for CONF1426.
Running sp calculation for CONF1423.
Running sp calculation for CONF1425.
Running sp calculation for CONF1427.
Running sp calculation for CONF1435.
Running sp calculation for CONF1428.
Running sp calculation for CONF1429.
Running sp calculation for CONF1431.
Running sp calculation for CONF1432.
Running sp calculation for CONF1434.
Running sp calculation for CONF1436.
Running sp calculation for CONF1437.
Running sp calculation for CONF1440.
Running sp calculation for CONF1439.
Running sp calculation for CONF1438.
Running sp calculation for CONF1441.
Running sp calculation for CONF1442.
Running sp calculation for CONF1443.
Running sp calculation for CONF1444.
Running sp calculation for CONF1445.
Running sp calculation for CONF1446.
Running sp calculation for CONF1448.
Running sp calculation for CONF1450.
Running sp calculation for CONF1449.
Running sp calculation for CONF1451.
Running sp calculation for CONF1452.
Running sp calculation for CONF1453.
Running sp calculation for CONF1454.
Running sp calculation for CONF1455.
Running sp calculation for CONF1456.
Running sp calculation for CONF1458.
Running sp calculation for CONF1457.
Running sp calculation for CONF1459.
Running sp calculation for CONF1460.
Running sp calculation for CONF1461.
Running sp calculation for CONF1489.
Running sp calculation for CONF1462.
Running sp calculation for CONF1468.
Running sp calculation for CONF1463.
Running sp calculation for CONF1464.
Running sp calculation for CONF1465.
Running sp calculation for CONF1466.
Running sp calculation for CONF1467.
Running sp calculation for CONF1469.
Running sp calculation for CONF1471.
Running sp calculation for CONF1470.
Running sp calculation for CONF1472.
Running sp calculation for CONF1473.
Running sp calculation for CONF1474.
Running sp calculation for CONF1475.
Running sp calculation for CONF1477.
Running sp calculation for CONF1476.
Running sp calculation for CONF1478.
Running sp calculation for CONF1483.
Running sp calculation for CONF1479.
Running sp calculation for CONF1480.
Running sp calculation for CONF1485.
Running sp calculation for CONF1481.
Running sp calculation for CONF1482.
Running sp calculation for CONF1484.
Running sp calculation for CONF1486.
Running sp calculation for CONF1488.
Running sp calculation for CONF1487.
Running sp calculation for CONF1490.
Running sp calculation for CONF1491.
Running sp calculation for CONF1492.
Running sp calculation for CONF1506.
Running sp calculation for CONF1493.
Running sp calculation for CONF1494.
Running sp calculation for CONF1495.
Running sp calculation for CONF1496.
Running sp calculation for CONF1497.
Running sp calculation for CONF1498.
Running sp calculation for CONF1499.
Running sp calculation for CONF1500.
Running sp calculation for CONF1502.
Running sp calculation for CONF1501.
Running sp calculation for CONF1503.
Running sp calculation for CONF1505.
Running sp calculation for CONF1508.
Running sp calculation for CONF1504.
Running sp calculation for CONF1509.
Running sp calculation for CONF1507.
Running sp calculation for CONF1510.
Running sp calculation for CONF1513.
Running sp calculation for CONF1526.
Running sp calculation for CONF1512.
Running sp calculation for CONF1511.
Running sp calculation for CONF1514.
Running sp calculation for CONF1517.
Running sp calculation for CONF1518.
Running sp calculation for CONF1515.
Running sp calculation for CONF1516.
Running sp calculation for CONF1520.
Running sp calculation for CONF1519.
Running sp calculation for CONF1521.
Running sp calculation for CONF1522.
Running sp calculation for CONF1523.
Running sp calculation for CONF1525.
Running sp calculation for CONF1524.
Running sp calculation for CONF1527.
Running sp calculation for CONF1528.
Running sp calculation for CONF1534.
Running sp calculation for CONF1529.
Running sp calculation for CONF1530.
Running sp calculation for CONF1531.
Running sp calculation for CONF1532.
Running sp calculation for CONF1533.
Running sp calculation for CONF1535.
Running sp calculation for CONF1536.
Running sp calculation for CONF1537.
Running sp calculation for CONF1539.
Running sp calculation for CONF1538.
Running sp calculation for CONF1540.
Running sp calculation for CONF1541.
Running sp calculation for CONF1542.
Running sp calculation for CONF1543.
Running sp calculation for CONF1544.
Running sp calculation for CONF1545.
Running sp calculation for CONF1546.
Running sp calculation for CONF1547.
Running sp calculation for CONF1548.
Running sp calculation for CONF1549.
Running sp calculation for CONF1550.
Running sp calculation for CONF1551.
Running sp calculation for CONF1552.
Running sp calculation for CONF1553.
Running sp calculation for CONF1554.
Running sp calculation for CONF1555.
Running sp calculation for CONF1556.
Running sp calculation for CONF1557.
Running sp calculation for CONF1559.
Running sp calculation for CONF1558.
Running sp calculation for CONF1560.
Running sp calculation for CONF1561.
Running sp calculation for CONF1562.
Running sp calculation for CONF1563.
Running sp calculation for CONF1564.
Running sp calculation for CONF1565.
Running sp calculation for CONF1572.
Running sp calculation for CONF1574.
Running sp calculation for CONF1566.
Running sp calculation for CONF1573.
Running sp calculation for CONF1568.
Running sp calculation for CONF1567.
Running sp calculation for CONF1569.
Running sp calculation for CONF1570.
Running sp calculation for CONF1571.
Running sp calculation for CONF1575.
Running sp calculation for CONF1576.
Running sp calculation for CONF1577.
Running sp calculation for CONF1578.
Running sp calculation for CONF1579.
Running sp calculation for CONF1580.
Running sp calculation for CONF1581.
Running sp calculation for CONF1582.
Running sp calculation for CONF1583.
Running sp calculation for CONF1584.
Running sp calculation for CONF1585.
Running sp calculation for CONF1586.
Running sp calculation for CONF1587.
Running sp calculation for CONF1590.
Running sp calculation for CONF1591.
Running sp calculation for CONF1588.
Running sp calculation for CONF1589.
Running sp calculation for CONF1592.
Running sp calculation for CONF1593.
Running sp calculation for CONF1594.
Running sp calculation for CONF1595.
Running sp calculation for CONF1603.
Running sp calculation for CONF1598.
Running sp calculation for CONF1596.
Running sp calculation for CONF1599.
Running sp calculation for CONF1597.
Running sp calculation for CONF1600.
Running sp calculation for CONF1601.
Running sp calculation for CONF1602.
Running sp calculation for CONF1604.
Running sp calculation for CONF1605.
Running sp calculation for CONF1606.
Running sp calculation for CONF1607.
Running sp calculation for CONF1608.
Running sp calculation for CONF1609.
Running sp calculation for CONF1610.
Running sp calculation for CONF1611.
Running sp calculation for CONF1612.
Running sp calculation for CONF1613.
Running sp calculation for CONF1614.
Running sp calculation for CONF1615.
Running sp calculation for CONF1616.
Running sp calculation for CONF1617.
Running sp calculation for CONF1618.
Running sp calculation for CONF1622.
Running sp calculation for CONF1628.
Running sp calculation for CONF1619.
Running sp calculation for CONF1620.
Running sp calculation for CONF1621.
Running sp calculation for CONF1623.
Running sp calculation for CONF1624.
Running sp calculation for CONF1625.
Running sp calculation for CONF1626.
Running sp calculation for CONF1627.
Running sp calculation for CONF1629.
Running sp calculation for CONF1633.
Running sp calculation for CONF1638.
Running sp calculation for CONF1630.
Running sp calculation for CONF1636.
Running sp calculation for CONF1631.
Running sp calculation for CONF1632.
Running sp calculation for CONF1634.
Running sp calculation for CONF1635.
Running sp calculation for CONF1637.
Running sp calculation for CONF1640.
Running sp calculation for CONF1639.
Running sp calculation for CONF1641.
Running sp calculation for CONF1642.
Running sp calculation for CONF1643.
Running sp calculation for CONF1644.
Running sp calculation for CONF1645.
Running sp calculation for CONF1646.
Running sp calculation for CONF1647.
Running sp calculation for CONF1648.
Running sp calculation for CONF1649.
Running sp calculation for CONF1650.
Running sp calculation for CONF1651.
Running sp calculation for CONF1652.
Running sp calculation for CONF1653.
Running sp calculation for CONF1654.
Running sp calculation for CONF1655.
Running sp calculation for CONF1656.
Running sp calculation for CONF1657.
Running sp calculation for CONF1658.
Running sp calculation for CONF1659.
Running sp calculation for CONF1661.
Running sp calculation for CONF1660.
Running sp calculation for CONF1662.
Running sp calculation for CONF1663.
Running sp calculation for CONF1664.
Running sp calculation for CONF1668.
Running sp calculation for CONF1665.
Running sp calculation for CONF1667.
Running sp calculation for CONF1666.
Running sp calculation for CONF1671.
Running sp calculation for CONF1670.
Running sp calculation for CONF1669.
Running sp calculation for CONF1674.
Running sp calculation for CONF1672.
Running sp calculation for CONF1673.
Running sp calculation for CONF1675.
Running sp calculation for CONF1677.
Running sp calculation for CONF1676.
Running sp calculation for CONF1711.
Running sp calculation for CONF1678.
Running sp calculation for CONF1679.
Running sp calculation for CONF1680.
Running sp calculation for CONF1681.
Running sp calculation for CONF1682.
Running sp calculation for CONF1683.
Running sp calculation for CONF1684.
Running sp calculation for CONF1685.
Running sp calculation for CONF1686.
Running sp calculation for CONF1687.
Running sp calculation for CONF1688.
Running sp calculation for CONF1689.
Running sp calculation for CONF1690.
Running sp calculation for CONF1691.
Running sp calculation for CONF1692.
Running sp calculation for CONF1693.
Running sp calculation for CONF1694.
Running sp calculation for CONF1696.
Running sp calculation for CONF1695.
Running sp calculation for CONF1697.
Running sp calculation for CONF1698.
Running sp calculation for CONF1705.
Running sp calculation for CONF1699.
Running sp calculation for CONF1700.
Running sp calculation for CONF1701.
Running sp calculation for CONF1702.
Running sp calculation for CONF1703.
Running sp calculation for CONF1704.
Running sp calculation for CONF1706.
Running sp calculation for CONF1707.
Running sp calculation for CONF1709.
Running sp calculation for CONF1708.
Running sp calculation for CONF1710.
Running sp calculation for CONF1712.
Running sp calculation for CONF1713.
Running sp calculation for CONF1714.
Running sp calculation for CONF1715.
Running sp calculation for CONF1726.
Running sp calculation for CONF1727.
Running sp calculation for CONF1716.
Running sp calculation for CONF1721.
Running sp calculation for CONF1717.
Running sp calculation for CONF1718.
Running sp calculation for CONF1719.
Running sp calculation for CONF1720.
Running sp calculation for CONF1724.
Running sp calculation for CONF1730.
Running sp calculation for CONF1722.
Running sp calculation for CONF1749.
Running sp calculation for CONF1723.
Running sp calculation for CONF1725.
Running sp calculation for CONF1728.
Running sp calculation for CONF1729.
Running sp calculation for CONF1731.
Running sp calculation for CONF1733.
Running sp calculation for CONF1732.
Running sp calculation for CONF1734.
Running sp calculation for CONF1735.
Running sp calculation for CONF1736.
Running sp calculation for CONF1737.
Running sp calculation for CONF1738.
Running sp calculation for CONF1740.
Running sp calculation for CONF1739.
Running sp calculation for CONF1741.
Running sp calculation for CONF1750.
Running sp calculation for CONF1742.
Running sp calculation for CONF1743.
Running sp calculation for CONF1748.
Running sp calculation for CONF1744.
Running sp calculation for CONF1747.
Running sp calculation for CONF1745.
Running sp calculation for CONF1746.
Running sp calculation for CONF1751.
Running sp calculation for CONF1752.
Running sp calculation for CONF1753.
Running sp calculation for CONF1755.
Running sp calculation for CONF1754.
Running sp calculation for CONF1756.
Running sp calculation for CONF1757.
Running sp calculation for CONF1758.
Running sp calculation for CONF1759.
Running sp calculation for CONF1760.
Running sp calculation for CONF1761.
Running sp calculation for CONF1762.
Running sp calculation for CONF1763.
Running sp calculation for CONF1764.
Running sp calculation for CONF1790.
Running sp calculation for CONF1765.
Running sp calculation for CONF1766.
Running sp calculation for CONF1767.
Running sp calculation for CONF1768.
Running sp calculation for CONF1769.
Running sp calculation for CONF1770.
Running sp calculation for CONF1771.
Running sp calculation for CONF1772.
Running sp calculation for CONF1775.
Running sp calculation for CONF1776.
Running sp calculation for CONF1773.
Running sp calculation for CONF1774.
Running sp calculation for CONF1777.
Running sp calculation for CONF1780.
Running sp calculation for CONF1779.
Running sp calculation for CONF1778.
Running sp calculation for CONF1781.
Running sp calculation for CONF1782.
Running sp calculation for CONF1786.
Running sp calculation for CONF1783.
Running sp calculation for CONF1784.
Running sp calculation for CONF1785.
Running sp calculation for CONF1787.
Running sp calculation for CONF1791.
Running sp calculation for CONF1792.
Running sp calculation for CONF1788.
Running sp calculation for CONF1789.
Running sp calculation for CONF1793.
Running sp calculation for CONF1794.
Running sp calculation for CONF1795.
Running sp calculation for CONF1796.
Running sp calculation for CONF1797.
Running sp calculation for CONF1798.
Running sp calculation for CONF1799.
Running sp calculation for CONF1800.
Running sp calculation for CONF1801.
Running sp calculation for CONF1802.
Running sp calculation for CONF1803.
Running sp calculation for CONF1804.
Running sp calculation for CONF1805.
Running sp calculation for CONF1815.
Running sp calculation for CONF1806.
Running sp calculation for CONF1809.
Running sp calculation for CONF1808.
Running sp calculation for CONF1807.
Running sp calculation for CONF1810.
Running sp calculation for CONF1811.
Running sp calculation for CONF1812.
Running sp calculation for CONF1813.
Running sp calculation for CONF1814.
Running sp calculation for CONF1816.
Running sp calculation for CONF1818.
Running sp calculation for CONF1817.
Running sp calculation for CONF1819.
Running sp calculation for CONF1820.
Running sp calculation for CONF1821.
Running sp calculation for CONF1827.
Running sp calculation for CONF1822.
Running sp calculation for CONF1823.
Running sp calculation for CONF1824.
Running sp calculation for CONF1825.
Running sp calculation for CONF1826.
Running sp calculation for CONF1828.
Running sp calculation for CONF1829.
Running sp calculation for CONF1830.
Running sp calculation for CONF1831.
Running sp calculation for CONF1832.
Running sp calculation for CONF1833.
Running sp calculation for CONF1834.
Running sp calculation for CONF1835.
Running sp calculation for CONF1836.
Running sp calculation for CONF1837.
Running sp calculation for CONF1846.
Running sp calculation for CONF1838.
Running sp calculation for CONF1839.
Running sp calculation for CONF1840.
Running sp calculation for CONF1842.
Running sp calculation for CONF1841.
Running sp calculation for CONF1843.
Running sp calculation for CONF1845.
Running sp calculation for CONF1844.
Running sp calculation for CONF1847.
Running sp calculation for CONF1855.
Running sp calculation for CONF1848.
Running sp calculation for CONF1849.
Running sp calculation for CONF1850.
Running sp calculation for CONF1851.
Running sp calculation for CONF1852.
Running sp calculation for CONF1853.
Running sp calculation for CONF1854.
Running sp calculation for CONF1856.
Running sp calculation for CONF1857.
Running sp calculation for CONF1864.
Running sp calculation for CONF1858.
Running sp calculation for CONF1859.
Running sp calculation for CONF1860.
Running sp calculation for CONF1862.
Running sp calculation for CONF1861.
Running sp calculation for CONF1863.
Running sp calculation for CONF1865.
Running sp calculation for CONF1866.
Running sp calculation for CONF1867.
Running sp calculation for CONF1868.
Running sp calculation for CONF1869.
Running sp calculation for CONF1870.
Running sp calculation for CONF1871.
Running sp calculation for CONF1872.
Running sp calculation for CONF1873.
Running sp calculation for CONF1874.
Running sp calculation for CONF1875.
Running sp calculation for CONF1876.
Running sp calculation for CONF1878.
Running sp calculation for CONF1877.
Running sp calculation for CONF1879.
Running sp calculation for CONF1882.
Running sp calculation for CONF1880.
Running sp calculation for CONF1881.
Running sp calculation for CONF1883.
Running sp calculation for CONF1884.
Running sp calculation for CONF1885.
Running sp calculation for CONF1887.
Running sp calculation for CONF1886.
Running sp calculation for CONF1888.
Running sp calculation for CONF1890.
Running sp calculation for CONF1889.
Running sp calculation for CONF1891.
Running sp calculation for CONF1892.
Running sp calculation for CONF1893.
Running sp calculation for CONF1895.
Running sp calculation for CONF1894.
Running sp calculation for CONF1896.
Running sp calculation for CONF1897.
Running sp calculation for CONF1898.
Running sp calculation for CONF1899.
Running sp calculation for CONF1900.
Running sp calculation for CONF1905.
Running sp calculation for CONF1908.
Running sp calculation for CONF1901.
Running sp calculation for CONF1902.
Running sp calculation for CONF1903.
Running sp calculation for CONF1904.
Running sp calculation for CONF1909.
Running sp calculation for CONF1906.
Running sp calculation for CONF1907.
Running sp calculation for CONF1910.
Running sp calculation for CONF1911.
Running sp calculation for CONF1912.
Running sp calculation for CONF1913.
Running sp calculation for CONF1914.
Running sp calculation for CONF1916.
Running sp calculation for CONF1915.
Running sp calculation for CONF1917.
Running sp calculation for CONF1918.
Running sp calculation for CONF1919.
Running sp calculation for CONF1920.
Running sp calculation for CONF1924.
Running sp calculation for CONF1921.
Running sp calculation for CONF1922.
Running sp calculation for CONF1923.
Running sp calculation for CONF1926.
Running sp calculation for CONF1925.
Running sp calculation for CONF1931.
Running sp calculation for CONF1928.
Running sp calculation for CONF1927.
Running sp calculation for CONF1929.
Running sp calculation for CONF1930.
Running sp calculation for CONF1932.
Running sp calculation for CONF1933.
Running sp calculation for CONF1934.
Running sp calculation for CONF1935.
Running sp calculation for CONF1940.
Running sp calculation for CONF1936.
Running sp calculation for CONF1937.
Running sp calculation for CONF1938.
Running sp calculation for CONF1939.
Running sp calculation for CONF1943.
Running sp calculation for CONF1941.
Running sp calculation for CONF1942.
Running sp calculation for CONF1944.
Running sp calculation for CONF1946.
Running sp calculation for CONF1945.
Running sp calculation for CONF1947.
Running sp calculation for CONF1948.
Running sp calculation for CONF1949.
Running sp calculation for CONF1950.
Running sp calculation for CONF1951.
Running sp calculation for CONF1954.
Running sp calculation for CONF1957.
Running sp calculation for CONF1953.
Running sp calculation for CONF1955.
Running sp calculation for CONF1952.
Running sp calculation for CONF1956.
Running sp calculation for CONF1958.
Running sp calculation for CONF1963.
Running sp calculation for CONF1959.
Running sp calculation for CONF1960.
Running sp calculation for CONF1962.
Running sp calculation for CONF1961.
Running sp calculation for CONF1964.
Running sp calculation for CONF1965.
Running sp calculation for CONF1966.
Running sp calculation for CONF1967.
Running sp calculation for CONF1968.
Running sp calculation for CONF1969.
Running sp calculation for CONF1971.
Running sp calculation for CONF1970.
Running sp calculation for CONF1972.
Running sp calculation for CONF1973.
Running sp calculation for CONF1974.
Running sp calculation for CONF1975.
Running sp calculation for CONF1976.
Running sp calculation for CONF1977.
Running sp calculation for CONF1978.
Running sp calculation for CONF1979.
Running sp calculation for CONF1980.
Running sp calculation for CONF1981.
Running sp calculation for CONF1982.
Running sp calculation for CONF1983.
Running sp calculation for CONF1984.
Running sp calculation for CONF1985.
Running sp calculation for CONF1986.
Running sp calculation for CONF1987.
Running sp calculation for CONF1988.
Running sp calculation for CONF1989.
Running sp calculation for CONF1990.
Running sp calculation for CONF1991.
Running sp calculation for CONF1992.
Running sp calculation for CONF1997.
Running sp calculation for CONF1993.
Running sp calculation for CONF1994.
Running sp calculation for CONF1995.
Running sp calculation for CONF1996.
Running sp calculation for CONF1998.
Running sp calculation for CONF1999.
Running sp calculation for CONF2000.
Running sp calculation for CONF2001.
Running sp calculation for CONF2002.
Running sp calculation for CONF2003.
Running sp calculation for CONF2004.
Running sp calculation for CONF2018.
Running sp calculation for CONF2005.
Running sp calculation for CONF2006.
Running sp calculation for CONF2007.
Running sp calculation for CONF2009.
Running sp calculation for CONF2008.
Running sp calculation for CONF2011.
Running sp calculation for CONF2010.
Running sp calculation for CONF2013.
Running sp calculation for CONF2012.
Running sp calculation for CONF2014.
Running sp calculation for CONF2015.
Running sp calculation for CONF2016.
Running sp calculation for CONF2017.
Running sp calculation for CONF2019.
Running sp calculation for CONF2034.
Running sp calculation for CONF2020.
Running sp calculation for CONF2023.
Running sp calculation for CONF2021.
Running sp calculation for CONF2022.
Running sp calculation for CONF2024.
Running sp calculation for CONF2025.
Running sp calculation for CONF2026.
Running sp calculation for CONF2028.
Running sp calculation for CONF2027.
Running sp calculation for CONF2029.
Running sp calculation for CONF2030.
Running sp calculation for CONF2031.
Running sp calculation for CONF2032.
Running sp calculation for CONF2033.
Running sp calculation for CONF2035.
Running sp calculation for CONF2036.
Running sp calculation for CONF2037.
Running sp calculation for CONF2038.
Running sp calculation for CONF2039.
Running sp calculation for CONF2040.
Running sp calculation for CONF2049.
Running sp calculation for CONF2041.
Running sp calculation for CONF2042.
Running sp calculation for CONF2043.
Running sp calculation for CONF2071.
Running sp calculation for CONF2045.
Running sp calculation for CONF2044.
Running sp calculation for CONF2046.
Running sp calculation for CONF2047.
Running sp calculation for CONF2048.
Running sp calculation for CONF2051.
Running sp calculation for CONF2050.
Running sp calculation for CONF2052.
Running sp calculation for CONF2053.
Running sp calculation for CONF2055.
Running sp calculation for CONF2054.
Running sp calculation for CONF2056.
Running sp calculation for CONF2057.
Running sp calculation for CONF2059.
Running sp calculation for CONF2058.
Running sp calculation for CONF2060.
Running sp calculation for CONF2061.
Running sp calculation for CONF2062.
Running sp calculation for CONF2065.
Running sp calculation for CONF2064.
Running sp calculation for CONF2063.
Running sp calculation for CONF2066.
Running sp calculation for CONF2067.
Running sp calculation for CONF2069.
Running sp calculation for CONF2068.
Running sp calculation for CONF2070.
Running sp calculation for CONF2072.
Running sp calculation for CONF2073.
Running sp calculation for CONF2074.
Running sp calculation for CONF2078.
Running sp calculation for CONF2076.
Running sp calculation for CONF2079.
Running sp calculation for CONF2077.
Running sp calculation for CONF2075.
Running sp calculation for CONF2080.
Running sp calculation for CONF2081.
Running sp calculation for CONF2082.
Running sp calculation for CONF2092.
Running sp calculation for CONF2083.
Running sp calculation for CONF2084.
Running sp calculation for CONF2085.
Running sp calculation for CONF2086.
Running sp calculation for CONF2087.
Running sp calculation for CONF2088.
Running sp calculation for CONF2089.
Running sp calculation for CONF2090.
Running sp calculation for CONF2093.
Running sp calculation for CONF2091.
Running sp calculation for CONF2094.
Running sp calculation for CONF2095.
Running sp calculation for CONF2096.
Running sp calculation for CONF2097.
Running sp calculation for CONF2098.
Running sp calculation for CONF2099.
Running sp calculation for CONF2106.
Running sp calculation for CONF2101.
Running sp calculation for CONF2102.
Running sp calculation for CONF2100.
Running sp calculation for CONF2103.
Running sp calculation for CONF2104.
Running sp calculation for CONF2107.
Running sp calculation for CONF2105.
Running sp calculation for CONF2108.
Running sp calculation for CONF2109.
Running sp calculation for CONF2110.
Running sp calculation for CONF2111.
Running sp calculation for CONF2112.
Running sp calculation for CONF2120.
Running sp calculation for CONF2113.
Running sp calculation for CONF2118.
Running sp calculation for CONF2114.
Running sp calculation for CONF2115.
Running sp calculation for CONF2116.
Running sp calculation for CONF2117.
Running sp calculation for CONF2125.
Running sp calculation for CONF2119.
Running sp calculation for CONF2155.
Running sp calculation for CONF2121.
Running sp calculation for CONF2122.
Running sp calculation for CONF2124.
Running sp calculation for CONF2123.
Running sp calculation for CONF2126.
Running sp calculation for CONF2129.
Running sp calculation for CONF2127.
Running sp calculation for CONF2128.
Running sp calculation for CONF2130.
Running sp calculation for CONF2131.
Running sp calculation for CONF2132.
Running sp calculation for CONF2133.
Running sp calculation for CONF2135.
Running sp calculation for CONF2134.
Running sp calculation for CONF2136.
Running sp calculation for CONF2139.
Running sp calculation for CONF2137.
Running sp calculation for CONF2138.
Running sp calculation for CONF2140.
Running sp calculation for CONF2141.
Running sp calculation for CONF2142.
Running sp calculation for CONF2144.
Running sp calculation for CONF2143.
Running sp calculation for CONF2145.
Running sp calculation for CONF2146.
Running sp calculation for CONF2147.
Running sp calculation for CONF2149.
Running sp calculation for CONF2148.
Running sp calculation for CONF2150.
Running sp calculation for CONF2151.
Running sp calculation for CONF2152.
Running sp calculation for CONF2153.
Running sp calculation for CONF2154.
Running sp calculation for CONF2156.
Running sp calculation for CONF2164.
 WARNING  - Job for CONF2140 failed. Stderr output:
[file orca_tools/Tool-GTO-Bases/basissets.cpp, line 513]: Unable to write data in TBasis::WriteElement!

Running sp calculation for CONF2158.
Running sp calculation for CONF2160.
Running sp calculation for CONF2157.
Running sp calculation for CONF2159.
Running sp calculation for CONF2161.
Running sp calculation for CONF2162.
 WARNING  - Job for CONF2158 failed. Stderr output:
[file orca_tools/Tool-GTO-Bases/basissets.cpp, line 820]: TBasisList: Unable to read number of basis sets!

[file orca_tools/Tool-GTO-Bases/basissets.cpp, line 820]: TBasisList: Unable to read number of basis sets!

[file orca_tools/Tool-GTO-Bases/basissets.cpp, line 820]: TBasisList: Unable to read number of basis sets!


Running sp calculation for CONF2165.
Running sp calculation for CONF2163.
 WARNING  - Job for CONF2160 failed. Stderr output:
[file orca_tools/Tool-GTO-Bases/basissets.cpp, line 820]: TBasisList: Unable to read number of basis sets!

[file orca_tools/Tool-GTO-Bases/basissets.cpp, line 820]: TBasisList: Unable to read number of basis sets!

[file orca_tools/Tool-GTO-Bases/basissets.cpp, line 820]: TBasisList: Unable to read number of basis sets!


 WARNING  - Job for CONF2157 failed. Stderr output:
[file orca_tools/Tool-GTO-Bases/basissets.cpp, line 820]: TBasisList: Unable to read number of basis sets!

[file orca_tools/Tool-GTO-Bases/basissets.cpp, line 820]: TBasisList: Unable to read number of basis sets!

[file orca_tools/Tool-GTO-Bases/basissets.cpp, line 820]: TBasisList: Unable to read number of basis sets!


Running sp calculation for CONF2168.
Running sp calculation for CONF2169.
Running sp calculation for CONF2174.
Running sp calculation for CONF2167.
Running sp calculation for CONF2173.
 WARNING  - Job for CONF2165 failed. Stderr output:
[file orca_tools/Tool-GTO-Bases/basissets.cpp, line 820]: TBasisList: Unable to read number of basis sets!

[file orca_tools/Tool-GTO-Bases/basissets.cpp, line 820]: TBasisList: Unable to read number of basis sets!

[file orca_tools/Tool-GTO-Bases/basissets.cpp, line 820]: TBasisList: Unable to read number of basis sets!


Running sp calculation for CONF2172.
Running sp calculation for CONF2175.
Running sp calculation for CONF2177.
Running sp calculation for CONF2171.
 WARNING  - Job for CONF2163 failed. Stderr output:
[file orca_tools/Tool-GTO-Bases/basissets.cpp, line 820]: TBasisList: Unable to read number of basis sets!

[file orca_tools/Tool-GTO-Bases/basissets.cpp, line 820]: TBasisList: Unable to read number of basis sets!

[file orca_tools/Tool-GTO-Bases/basissets.cpp, line 820]: TBasisList: Unable to read number of basis sets!


Running sp calculation for CONF2166.
Running sp calculation for CONF2170.
Running sp calculation for CONF2178.
Running sp calculation for CONF2179.
 WARNING  - Job for CONF2168 failed. Stderr output:
[file orca_tools/Tool-GTO-Bases/basissets.cpp, line 584]: Unable to read data in TBasis::ReadElement!
[file orca_tools/Tool-GTO-Bases/basissets.cpp, line 584]: Unable to read data in TBasis::ReadElement!
[file orca_tools/Tool-GTO-Bases/basissets.cpp, line 584]: Unable to read data in TBasis::ReadElement!
[file orca_tools/Tool-Properties/qcpropertyfile.cpp, line 2221]: Runtime error updating the property file

 WARNING  - Job for CONF2175 failed. Stderr output:
[file orca_tools/Tool-GTO-Bases/basissets.cpp, line 820]: TBasisList: Unable to read number of basis sets!

[file orca_tools/Tool-GTO-Bases/basissets.cpp, line 820]: TBasisList: Unable to read number of basis sets!

[file orca_tools/Tool-GTO-Bases/basissets.cpp, line 820]: TBasisList: Unable to read number of basis sets!


Running sp calculation for CONF2183.
Running sp calculation for CONF2184.
Running sp calculation for CONF2176.
Running sp calculation for CONF2188.
Running sp calculation for CONF2180.
Running sp calculation for CONF2181.
 WARNING  - Job for CONF2177 failed. Stderr output:
[file orca_tools/Tool-GTO-Bases/basissets.cpp, line 820]: TBasisList: Unable to read number of basis sets!

[file orca_tools/Tool-GTO-Bases/basissets.cpp, line 820]: TBasisList: Unable to read number of basis sets!

[file orca_tools/Tool-GTO-Bases/basissets.cpp, line 820]: TBasisList: Unable to read number of basis sets!


Running sp calculation for CONF2187.
Running sp calculation for CONF2189.
Running sp calculation for CONF2185.
Running sp calculation for CONF2190.
Running sp calculation for CONF2194.
Running sp calculation for CONF2186.
Running sp calculation for CONF2191.
 WARNING  - Job for CONF2188 failed. Stderr output:
[file orca_tools/Tool-GTO-Bases/basissets.cpp, line 820]: TBasisList: Unable to read number of basis sets!

[file orca_tools/Tool-GTO-Bases/basissets.cpp, line 820]: TBasisList: Unable to read number of basis sets!

[file orca_tools/Tool-GTO-Bases/basissets.cpp, line 820]: TBasisList: Unable to read number of basis sets!


 WARNING  - Job for CONF2180 failed. Stderr output:
[file orca_tools/Tool-GTO-Bases/basissets.cpp, line 820]: TBasisList: Unable to read number of basis sets!

[file orca_tools/Tool-GTO-Bases/basissets.cpp, line 820]: TBasisList: Unable to read number of basis sets!

[file orca_tools/Tool-GTO-Bases/basissets.cpp, line 820]: TBasisList: Unable to read number of basis sets!


Running sp calculation for CONF2193.
Running sp calculation for CONF2219.
Running sp calculation for CONF2192.
 WARNING  - Job for CONF2194 failed. Stderr output:

!!!!!!!!!!!!!!!!!!!!!!!!!!!!!!!!!!!!!!!!!!!!!!!!!!!!!!!!!!!!!!!!!!!!
!!!                        FATAL ERROR ENCOUNTERED               !!!
!!!                        -----------------------               !!!
!!!                          I/O OPERATION FAILED                !!!
!!!!!!!!!!!!!!!!!!!!!!!!!!!!!!!!!!!!!!!!!!!!!!!!!!!!!!!!!!!!!!!!!!!!

 WARNING  - Job for CONF2191 failed. Stderr output:

!!!!!!!!!!!!!!!!!!!!!!!!!!!!!!!!!!!!!!!!!!!!!!!!!!!!!!!!!!!!!!!!!!!!
!!!                        FATAL ERROR ENCOUNTERED               !!!
!!!                        -----------------------               !!!
!!!                          I/O OPERATION FAILED                !!!
!!!!!!!!!!!!!!!!!!!!!!!!!!!!!!!!!!!!!!!!!!!!!!!!!!!!!!!!!!!!!!!!!!!!

Running sp calculation for CONF2182.
Running sp calculation for CONF2201.
Running sp calculation for CONF2200.
Running sp calculation for CONF2199.
Running sp calculation for CONF2197.
Running sp calculation for CONF2202.
Running sp calculation for CONF2198.
Running sp calculation for CONF2209.
Running sp calculation for CONF2206.
Running sp calculation for CONF2208.
Running sp calculation for CONF2207.
Running sp calculation for CONF2204.
Running sp calculation for CONF2210.
Running sp calculation for CONF2196.
Running sp calculation for CONF2203.
Running sp calculation for CONF2205.
Running sp calculation for CONF2211.
 WARNING  - Job for CONF2202 failed. Stderr output:
[file orca_tools/Tool-GTO-Bases/basissets.cpp, line 820]: TBasisList: Unable to read number of basis sets!

[file orca_tools/Tool-GTO-Bases/basissets.cpp, line 820]: TBasisList: Unable to read number of basis sets!

[file orca_tools/Tool-GTO-Bases/basissets.cpp, line 820]: TBasisList: Unable to read number of basis sets!

STOP no atoms

Running sp calculation for CONF2195.
 WARNING  - Job for CONF2198 failed. Stderr output:
[file orca_tools/Tool-GTO-Bases/basissets.cpp, line 820]: TBasisList: Unable to read number of basis sets!

[file orca_tools/Tool-GTO-Bases/basissets.cpp, line 820]: TBasisList: Unable to read number of basis sets!

[file orca_tools/Tool-GTO-Bases/basissets.cpp, line 820]: TBasisList: Unable to read number of basis sets!


Running sp calculation for CONF2214.
Running sp calculation for CONF2212.
Running sp calculation for CONF2213.
                                                                                                                                                    Running sp calculation for CONF2221.
                                                                                                                                                                                                                                                                                                                                                                                                                                                                                                                                                                                                                                                                                                                                                                                                                                                                                                                                                                                                                                                                                                                                                                                                                                                                                                                                                                                                                                                                                                                                                                                                                                                                                                                                                                                                                                                                                                                                                                                                                                                                                                                                                                                                                                                                                                                                                                                                                                                                                                                                                                                                                                                                                                                                                                                                                                                                                                                                                                                                                                                                                                                                                                                                                                                                                                                                                                                                                                                                                                                                                                                                                                                                                                Running sp calculation for CONF2325.
Running sp calculation for CONF2286.
Running sp calculation for CONF2324.
Running sp calculation for CONF2314.
Running sp calculation for CONF2295.
Running sp calculation for CONF2299.
Running sp calculation for CONF2257.
Running sp calculation for CONF2326.
Running sp calculation for CONF2303.
Running sp calculation for CONF2320.
Running sp calculation for CONF2327.
Running sp calculation for CONF2330.
Running sp calculation for CONF2334.
Running sp calculation for CONF2328.
Running sp calculation for CONF2329.
Running sp calculation for CONF2333.
Running sp calculation for CONF2339.
Running sp calculation for CONF2336.
Running sp calculation for CONF2342.
Running sp calculation for CONF2332.
Running sp calculation for CONF2331.
Running sp calculation for CONF2337.
Running sp calculation for CONF2343.
Running sp calculation for CONF2345.
Running sp calculation for CONF2335.
Running sp calculation for CONF2340.
Running sp calculation for CONF2353.
Running sp calculation for CONF2347.
Running sp calculation for CONF2341.
Running sp calculation for CONF2344.
Running sp calculation for CONF2349.
Running sp calculation for CONF2348.
Running sp calculation for CONF2356.
Running sp calculation for CONF2354.
Running sp calculation for CONF2351.
Running sp calculation for CONF2352.
Running sp calculation for CONF2346.
Running sp calculation for CONF2350.
Running sp calculation for CONF2357.
Running sp calculation for CONF2358.
Running sp calculation for CONF2366.
Running sp calculation for CONF2363.
Running sp calculation for CONF2359.
Running sp calculation for CONF2370.
Running sp calculation for CONF2369.
Running sp calculation for CONF2368.
Running sp calculation for CONF2371.
Running sp calculation for CONF2373.
Running sp calculation for CONF2360.
Running sp calculation for CONF2372.
Running sp calculation for CONF2376.
Running sp calculation for CONF2378.
Running sp calculation for CONF2377.
Running sp calculation for CONF2375.
Running sp calculation for CONF2355.
Running sp calculation for CONF2379.
Running sp calculation for CONF2381.
Running sp calculation for CONF2380.
Running sp calculation for CONF2362.
Running sp calculation for CONF2338.
Running sp calculation for CONF2383.
Running sp calculation for CONF2386.
Running sp calculation for CONF2389.
Running sp calculation for CONF2364.
Running sp calculation for CONF2365.
Running sp calculation for CONF2388.
Running sp calculation for CONF2382.
Running sp calculation for CONF2361.
Running sp calculation for CONF2394.
Running sp calculation for CONF2395.
Running sp calculation for CONF2397.
Running sp calculation for CONF2390.
Running sp calculation for CONF2393.
Running sp calculation for CONF2398.
Running sp calculation for CONF2391.
Running sp calculation for CONF2396.
Running sp calculation for CONF2404.
Running sp calculation for CONF2402.
Running sp calculation for CONF2401.
Running sp calculation for CONF2400.
Running sp calculation for CONF2399.
Running sp calculation for CONF2410.
Running sp calculation for CONF2411.
Running sp calculation for CONF2412.
Running sp calculation for CONF2408.
Running sp calculation for CONF2407.
Running sp calculation for CONF2409.
Running sp calculation for CONF2406.
Running sp calculation for CONF2415.
Running sp calculation for CONF2413.
Running sp calculation for CONF2418.
Running sp calculation for CONF2416.
Running sp calculation for CONF2419.
Running sp calculation for CONF2421.
Running sp calculation for CONF2422.
Running sp calculation for CONF2420.
Running sp calculation for CONF2405.
Running sp calculation for CONF2426.
Running sp calculation for CONF2424.
Running sp calculation for CONF2425.
Running sp calculation for CONF2374.
Running sp calculation for CONF2427.
Running sp calculation for CONF2430.
Running sp calculation for CONF2428.
Running sp calculation for CONF2431.
Running sp calculation for CONF2417.
Running sp calculation for CONF2414.
Running sp calculation for CONF2384.
Running sp calculation for CONF2385.
Running sp calculation for CONF2433.
Running sp calculation for CONF2429.
Running sp calculation for CONF2435.
Running sp calculation for CONF2434.
Running sp calculation for CONF2436.
Running sp calculation for CONF2437.
Running sp calculation for CONF2441.
Running sp calculation for CONF2439.
Running sp calculation for CONF2387.
Running sp calculation for CONF2442.
Running sp calculation for CONF2445.
Running sp calculation for CONF2440.
Running sp calculation for CONF2444.
Running sp calculation for CONF2447.
Running sp calculation for CONF2450.
Running sp calculation for CONF2448.
Running sp calculation for CONF2451.
Running sp calculation for CONF2432.
Running sp calculation for CONF2453.
Running sp calculation for CONF2456.
Running sp calculation for CONF2443.
Running sp calculation for CONF2455.
Running sp calculation for CONF2457.
Running sp calculation for CONF2459.
Running sp calculation for CONF2463.
Running sp calculation for CONF2367.
Running sp calculation for CONF2423.
Running sp calculation for CONF2462.
Running sp calculation for CONF2461.
Running sp calculation for CONF2464.
Running sp calculation for CONF2469.
Running sp calculation for CONF2465.
Running sp calculation for CONF2470.
Running sp calculation for CONF2466.
Running sp calculation for CONF2452.
Running sp calculation for CONF2471.
Running sp calculation for CONF2472.
Running sp calculation for CONF2476.
Running sp calculation for CONF2478.
Running sp calculation for CONF2474.
Running sp calculation for CONF2477.
Running sp calculation for CONF2449.
Running sp calculation for CONF2392.
Running sp calculation for CONF2473.
Running sp calculation for CONF2446.
Running sp calculation for CONF2460.
Running sp calculation for CONF2467.
Running sp calculation for CONF2438.
Running sp calculation for CONF2481.
Running sp calculation for CONF2482.
Running sp calculation for CONF2475.
Running sp calculation for CONF2488.
Running sp calculation for CONF2486.
Running sp calculation for CONF2490.
Running sp calculation for CONF2489.
Running sp calculation for CONF2485.
Running sp calculation for CONF2493.
Running sp calculation for CONF2492.
Running sp calculation for CONF2487.
Running sp calculation for CONF2496.
Running sp calculation for CONF2494.
Running sp calculation for CONF2495.
Running sp calculation for CONF2497.
Running sp calculation for CONF2483.
Running sp calculation for CONF2499.
Running sp calculation for CONF2501.
Running sp calculation for CONF2503.
Running sp calculation for CONF2504.
Running sp calculation for CONF2454.
Running sp calculation for CONF2502.
Running sp calculation for CONF2500.
