Charm++: standalone mode (not using charmrun)
Charm++> Running in Multicore mode: 12 threads (PEs)
Charm++> Using recursive bisection (scheme 3) for topology aware partitions
Converse/Charm++ Commit ID: 
CharmLB> Load balancer assumes all CPUs are same.
Charm++> Running on 1 hosts (2 sockets x 6 cores x 1 PUs = 12-way SMP)
Charm++> cpu topology info is gathered in 0.001 seconds.
Info: Built with CUDA version 11080
Did not find +devices i,j,k,... argument, using all
Pe 4 physical rank 4 will use CUDA device of pe 8
Pe 3 physical rank 3 will use CUDA device of pe 8
Pe 1 physical rank 1 will use CUDA device of pe 8
Pe 5 physical rank 5 will use CUDA device of pe 8
Pe 0 physical rank 0 will use CUDA device of pe 8
Pe 10 physical rank 10 will use CUDA device of pe 8
Pe 9 physical rank 9 will use CUDA device of pe 8
Pe 6 physical rank 6 will use CUDA device of pe 8
Pe 2 physical rank 2 will use CUDA device of pe 8
Pe 11 physical rank 11 will use CUDA device of pe 8
Pe 8 physical rank 8 binding to CUDA device 0 on k092: 'NVIDIA A100-PCIE-40GB'  Mem: 40626MB  Rev: 8.0  PCI: 0:cc:0
Pe 7 physical rank 7 will use CUDA device of pe 8
CharmLB> Load balancing instrumentation for communication is off.
Info: NAMD 3.0.1 for Linux-x86_64-multicore-CUDA
Info: 
Info: Please visit http://www.ks.uiuc.edu/Research/namd/
Info: for updates, documentation, and support information.
Info: 
Info: Please cite Phillips et al., J. Chem. Phys. 153:044130 (2020) doi:10.1063/5.0014475
Info: in all publications reporting results obtained with NAMD.
Info: 
Info: Based on Charm++/Converse 80000 for multicore-linux-x86_64-gcc
Info: Built Mon Oct 14 10:33:44 CDT 2024 by dhardy on athine.ks.uiuc.edu
Info: 1 NAMD  3.0.1  Linux-x86_64-multicore-CUDA  12    k092  z5358697
Info: Running on 12 processors, 1 nodes, 1 physical nodes.
Info: CPU topology information available.
Info: Charm++/Converse parallel runtime startup completed at 0.120446 s
CkLoopLib is used in SMP with simple dynamic scheduling (converse-level notification)
Info: 0 MB of memory in use based on /proc/self/stat
Info: Configuration file is prod.namd
Info: Working in the current directory /srv/scratch/z5358697/.automated/3773
TCL: Running FEP window   1: Lambda1 0.00   Lambda2 0.05   [dLambda 0.05  ]
TCL: Suspending until startup complete.
Warning: The following variables were set in the
Warning: configuration file but will be ignored:
Warning:    switchdist (switching)
Warning: Option "1-4scaling" has been deprecated. Instead use "oneFourScaling".
Info: EXTENDED SYSTEM FILE   mobley_7378987_equil.xsc
Info: Tuning parameters to improve GPU-resident performance
Warning: Keeping margin at user-specified value 2
Warning: Performance might be improved by increasing margin size to >= 4
Warning: Disabling lonepair support due to incompatability with GPU-resident.
Info: Running with GPU-resident mode
Warning: Always using force tables for GPU nonbonded kernel due to unsupported config parameters.
Info: SIMULATION PARAMETERS:
Info: TIMESTEP               2
Info: NUMBER OF STEPS        0
Info: STEPS PER CYCLE        10
Info: PERIODIC CELL BASIS 1  32.7568 0 0
Info: PERIODIC CELL BASIS 2  0 31.4134 0
Info: PERIODIC CELL BASIS 3  0 0 28.9956
Info: PERIODIC CELL CENTER   0 0 0
Info: WRAPPING WATERS AROUND PERIODIC BOUNDARIES ON OUTPUT.
Info: WRAPPING ALL CLUSTERS AROUND PERIODIC BOUNDARIES ON OUTPUT.
Info: LOAD BALANCER  Centralized
Info: LOAD BALANCING STRATEGY  New Load Balancers -- DEFAULT
Info: LDB PERIOD             2000 steps
Info: FIRST LDB TIMESTEP     50
Info: LAST LDB TIMESTEP     -1
Info: LDB BACKGROUND SCALING 1
Info: HOM BACKGROUND SCALING 1
Info: PME BACKGROUND SCALING 1
Info: MIN ATOMS PER PATCH    40
Info: EMPTY PATCH LOAD       40 ATOMS
Info: VELOCITY FILE          mobley_7378987_equil.vel
Info: CENTER OF MASS MOVING INITIALLY? NO
Info: DIELECTRIC             1
Info: EXCLUDE                SCALED ONE-FOUR
Info: 1-4 ELECTROSTATICS SCALED BY 0.833333
Info: MODIFIED 1-4 VDW PARAMETERS WILL BE USED
Info: DCD FILENAME           mobley_7378987_prod.dcd
Info: DCD FREQUENCY          100000
Info: DCD FIRST STEP         100000
Info: DCD FILE WILL CONTAIN UNIT CELL DATA
Info: XST FILENAME           mobley_7378987_prod.xst
Info: XST FREQUENCY          100000
Info: NO VELOCITY DCD OUTPUT
Info: NO FORCE DCD OUTPUT
Info: OUTPUT FILENAME        mobley_7378987_prod
Info: BINARY OUTPUT FILES WILL BE USED
Info: RESTART FILENAME       mobley_7378987_prod.restart
Info: RESTART FREQUENCY      100000
Info: BINARY RESTART FILES WILL BE USED
Info: CUTOFF                 9
Info: PAIRLIST DISTANCE      11
Info: PAIRLIST SHRINK RATE   0.01
Info: PAIRLIST GROW RATE     0.01
Info: PAIRLIST TRIGGER       0.3
Info: PAIRLISTS PER CYCLE    2
Info: PAIRLISTS ENABLED
Info: MARGIN                 2
Info: HYDROGEN GROUP CUTOFF  2.5
Info: PATCH DIMENSION        15.5
Info: ENERGY OUTPUT STEPS    100000
Warning: The period of outputting energies relating to alchemical transformations (alchOutFreq = 50) is not a multiple of the period of computing energies (computeEnergies = 100000). If alchOutFreq is smaller than outputEnergies and computeEnergies is not defined, a better solution is to set computeEnergies explicitly and keep it the same as alchOutFreq. The simulation will use the greatest common divisor of computeEnergies and alchOutFreq as the period of energy evaluation.
Info: ENERGY EVALUATION STEPS    100000
Info: OUTPUT ENERGY PRECISION 4
Info: CROSSTERM ENERGY INCLUDED IN DIHEDRAL
Info: TIMING OUTPUT STEPS    1000000
Info: PRESSURE OUTPUT STEPS  100000
Info: ALCHEMICAL FEP ON
Info: FEP CURRENT LAMBDA VALUE     0
Info: FEP COMPARISON LAMBDA VALUE  0.05
Info: FEP INTRA-ALCHEMICAL NON-BONDED INTERACTIONS WILL BE RETAINED
Info: FEP INTRA-ALCHEMICAL BONDED INTERACTIONS WILL BE RETAINED
Info: FEP VDW SHIFTING COEFFICIENT 5
Info: FEP ELEC. ACTIVE FOR ANNIHILATED PARTICLES BETWEEN LAMBDA = 0 AND LAMBDA = 0.5
Info: FEP ELEC. ACTIVE FOR EXNIHILATED PARTICLES BETWEEN LAMBDA = 0.5 AND LAMBDA = 1
Info: FEP VDW ACTIVE FOR ANNIHILATED PARTICLES BETWEEN LAMBDA = 0 AND LAMBDA = 1
Info: FEP VDW ACTIVE FOR EXNIHILATED PARTICLES BETWEEN LAMBDA = 0 AND LAMBDA = 1
Info: FEP BOND ACTIVE FOR ANNIHILATED PARTICLES BETWEEN LAMBDA = 1 AND LAMBDA = 1
Info: FEP BOND ACTIVE FOR EXNIHILATED PARTICLES BETWEEN LAMBDA = 0 AND LAMBDA = 0
Info: LANGEVIN DYNAMICS ACTIVE
Info: LANGEVIN TEMPERATURE   300
Info: LANGEVIN USING BBK INTEGRATOR
Info: LANGEVIN DAMPING COEFFICIENT IS 1 INVERSE PS
Info: LANGEVIN DYNAMICS APPLIED TO HYDROGENS
Info: LANGEVIN PISTON PRESSURE CONTROL ACTIVE
Info:        TARGET PRESSURE IS 1.01325 BAR
Info:     OSCILLATION PERIOD IS 50 FS
Info:             DECAY TIME IS 25 FS
Info:     PISTON TEMPERATURE IS 300 K
Info:       PRESSURE CONTROL IS GROUP-BASED
Info:    INITIAL STRAIN RATE IS -0.000185957 -0.000185957 -0.000185957
Info:       CELL FLUCTUATION IS ISOTROPIC
Info: PARTICLE MESH EWALD (PME) ACTIVE
Info: PME TOLERANCE               1e-06
Info: PME EWALD COEFFICIENT       0.348832
Info: PME INTERPOLATION ORDER     4
Info: PME GRID DIMENSIONS         36 32 32
Info: PME MAXIMUM GRID SPACING    1
Info: PME CALCULATION WILL BE PERFORMED ON GPU
Info: FULL ELECTROSTATIC EVALUATION FREQUENCY      2
Info: USING VERLET I (r-RESPA) MTS SCHEME.
Info: C1 SPLITTING OF LONG RANGE ELECTROSTATICS
Info: PLACING ATOMS IN PATCHES BY HYDROGEN GROUPS
Info: RIGID BONDS TO HYDROGEN : ALL
Info:         ERROR TOLERANCE : 1e-08
Info:          MAX ITERATIONS : 100
Info: RIGID WATER USING SETTLE ALGORITHM
Info: RANDOM NUMBER SEED     1743658150
Info: USE HYDROGEN BONDS?    NO
Info: Using AMBER format force field!
Info: AMBER PARM FILE        mobley_7378987.prmtop
Info: COORDINATE PDB         mobley_7378987.pdb
Info: Exclusions will be read from PARM file!
Info: SCNB (VDW SCALING)     2
Info: USING ARITHMETIC MEAN TO COMBINE L-J SIGMA PARAMETERS
Info: BINARY COORDINATES     mobley_7378987_equil.coor
Info: === Start reading AMBER parm7 format file mobley_7378987.prmtop ===
Info: Complete reading ATOM_NAME with 2937 fields.
Info: Complete reading CHARGE with 2937 fields.
Info: Complete reading ATOMIC_NUMBER with 2937 fields.
Info: Complete reading MASS with 2937 fields.
Info: Complete reading ATOM_TYPE_INDEX with 2937 fields.
Info: Complete reading NUMBER_EXCLUDED_ATOMS with 2937 fields.
Info: Complete reading NONBONDED_PARM_INDEX with 64 fields.
Info: Complete reading RESIDUE_LABEL with 972 fields.
Info: Complete reading RESIDUE_POINTER with 972 fields.
Info: Complete reading BOND_FORCE_CONSTANT with 14 fields.
Info: Complete reading BOND_EQUIL_VALUE with 14 fields.
Info: Complete reading ANGLE_FORCE_CONSTANT with 23 fields.
Info: Complete reading ANGLE_EQUIL_VALUE with 23 fields.
Info: Complete reading DIHEDRAL_FORCE_CONSTANT with 9 fields.
Info: Complete reading DIHEDRAL_PERIODICITY with 9 fields.
Info: Complete reading DIHEDRAL_PHASE with 9 fields.
Info: Complete reading SCEE_SCALE_FACTOR with 9 fields.
Info: Complete reading SCNB_SCALE_FACTOR with 9 fields.
Info: Complete reading LENNARD_JONES_ACOEF with 36 fields.
Info: Complete reading LENNARD_JONES_BCOEF with 36 fields.
Info: Complete reading BONDS_INC_HYDROGEN with 8769 fields.
Info: Complete reading BONDS_WITHOUT_HYDROGEN with 45 fields.
Info: Complete reading ANGLES_INC_HYDROGEN with 80 fields.
Info: Complete reading ANGLES_WITHOUT_HYDROGEN with 92 fields.
Info: Complete reading DIHEDRALS_INC_HYDROGEN with 110 fields.
Info: Complete reading DIHEDRALS_WITHOUT_HYDROGEN with 200 fields.
Info: Complete reading EXCLUDED_ATOMS_LIST with 4002 fields.
Info: Complete reading HBOND_ACOEF with 0 fields.
Info: Complete reading HBOND_BCOEF with 0 fields.
Info: Complete reading AMBER_ATOM_TYPE with 2937 fields.
Info: Complete reading TREE_CHAIN_CLASSIFICATION with 2937 fields.
Info: Complete reading ATOMS_PER_MOLECULE with 972 fields.
Info: Complete reading BOX_DIMENSIONS with 4 fields.
Info: Complete reading RADIUS_SET with 1 fields.
Info: Complete reading RADII with 2937 fields.
Info: Complete reading SCREEN with 2937 fields.
Info: === Finish reading AMBER parm7 format file. ===
Warning: Found 971 H-H bonds.
Info: SUMMARY OF PARAMETERS:
Info: 14 BONDS
Info: 23 ANGLES
Info:   23 HARMONIC
Info:   0 COSINE-BASED
Info: 9 DIHEDRAL
Info: 0 IMPROPER
Info: 0 CROSSTERM
Info: 0 VDW
Info: 36 VDW_PAIRS
Info: 0 NBTHOLE_PAIRS
Info: Reading pdb file mobley_7378987.pdb
Info: TIME FOR READING PDB FILE: 0.0175556
Info: 
Info: To read alchdata from file: mobley_7378987.pdb
Info: To read alchflag data from column: 5
Info: ****************************
Info: STRUCTURE SUMMARY:
Info: 2937 ATOMS
Info: 2938 BONDS
Info: 43 ANGLES
Info: 62 DIHEDRALS
Info: 0 IMPROPERS
Info: 0 CROSSTERMS
Info: 3027 EXCLUSIONS
Info: 2923 RIGID BONDS
Info: ALCH: 0 ATOMS TO DISAPPEAR IN FINAL STATE
Info: ALCH: 24 ATOMS TO APPEAR IN FINAL STATE
Info: 5888 DEGREES OF FREEDOM
Info: 985 HYDROGEN GROUPS
Info: 4 ATOMS IN LARGEST HYDROGEN GROUP
Info: 985 MIGRATION GROUPS
Info: 4 ATOMS IN LARGEST MIGRATION GROUP
Info: TOTAL MASS = 17687.7 amu
Info: TOTAL CHARGE = -0.000199961 e
Info: MASS DENSITY = 0.984427 g/cm^3
Info: ATOM DENSITY = 0.0984364 atoms/A^3
Info: *****************************
Info: Reading from binary file mobley_7378987_equil.coor
Info: 
Info: Entering startup at 0.985579 s, 0 MB of memory in use
Info: Startup phase 0 took 8.0325e-05 s, 0 MB of memory in use
Info: ADDED 0 IMPLICIT EXCLUSIONS
Info: Startup phase 1 took 0.00158316 s, 0 MB of memory in use
Info: NONBONDED TABLE R-SQUARED SPACING: 0.0625
Info: NONBONDED TABLE SIZE: 705 POINTS
Info: INCONSISTENCY IN FAST TABLE ENERGY VS FORCE: 0.000290481 AT 0.251946
Info: INCONSISTENCY IN SCOR TABLE ENERGY VS FORCE: 0.000238233 AT 8.9687
Info: ABSOLUTE IMPRECISION IN VDWA TABLE ENERGY: 1.21169e-27 AT 8.99653
Info: ABSOLUTE IMPRECISION IN VDWA TABLE FORCE: 2.57484e-27 AT 8.99653
Info: INCONSISTENCY IN VDWA TABLE ENERGY VS FORCE: 0.0040507 AT 0.251946
Info: INCONSISTENCY IN VDWB TABLE ENERGY VS FORCE: 0.00150189 AT 0.251946
Info: Startup phase 2 took 0.00023621 s, 0 MB of memory in use
Info: Startup phase 3 took 6.6516e-05 s, 0 MB of memory in use
Info: Startup phase 4 took 0.000131109 s, 0 MB of memory in use
Info: Startup phase 5 took 6.9673e-05 s, 0 MB of memory in use
Info: REDUCING NUMBER OF PATCHES TO IMPROVE LOAD BALANCE
Info: PATCH GRID IS 4 (PERIODIC) BY 3 (PERIODIC) BY 1 (PERIODIC)
Info: PATCH GRID IS 2-AWAY BY 2-AWAY BY 1-AWAY
Info: Reading from binary file mobley_7378987_equil.vel
Info: REMOVING COM VELOCITY 0.0108956 0.0599921 -0.0525017
Info: LARGEST PATCH (8) HAS 253 ATOMS
Info: TORUS A SIZE 1 USING 0
Info: TORUS B SIZE 1 USING 0
Info: TORUS C SIZE 1 USING 0
Info: TORUS MINIMAL MESH SIZE IS 1 BY 1 BY 1
Info: Placed 100% of base nodes on same physical node as patch
Info: Startup phase 6 took 0.00877816 s, 0 MB of memory in use
Info: Use 3D box decompostion in PME FFT.
Info: PME using 1 x 1 x 1 pencil grid for FFT and reciprocal sum.
Info: Startup phase 7 took 0.00017378 s, 0 MB of memory in use
Info: Updated CUDA force table with 4096 elements.
Info: Updated CUDA LJ table with 8 x 8 elements.
Info: Startup phase 8 took 0.00082598 s, 0 MB of memory in use
Info: Startup phase 9 took 8.7732e-05 s, 0 MB of memory in use
Info: Startup phase 10 took 6.106e-05 s, 0 MB of memory in use
Info: Startup phase 11 took 0.00171902 s, 0 MB of memory in use
LDB: Central LB being created...
Info: Startup phase 12 took 0.00528875 s, 0 MB of memory in use
Info: CREATING 636 COMPUTE OBJECTS
Info: Found 26 unique exclusion lists needing 72 bytes
Info: useSync: 0 useProxySync: 0
Info: Startup phase 13 took 0.0151496 s, 0 MB of memory in use
Info: Startup phase 14 took 0.000110506 s, 0 MB of memory in use
Info: Startup phase 15 took 7.9089e-05 s, 0 MB of memory in use
Info: Finished startup at 1.02002 s, 0 MB of memory in use

TCL: Running for 1500000 steps
FEP: RESETTING FOR NEW FEP WINDOW LAMBDA SET TO 0 LAMBDA2 0.05
FEP: WINDOW TO HAVE 100000 STEPS OF EQUILIBRATION PRIOR TO FEP DATA COLLECTION.
FEP: USING CONSTANT TEMPERATURE OF 300 K FOR FEP CALCULATION
PRESSURE: 0 934.817 56.4129 -445.311 56.414 1030.71 -33.3285 -445.307 -33.3284 793.521
GPRESSURE: 0 1050.76 222.741 -640.984 -146.583 1004.08 -208.365 -231.205 162.062 948.052
ETITLE:      TS           BOND          ANGLE          DIHED          IMPRP               ELECT            VDW       BOUNDARY           MISC        KINETIC               TOTAL           TEMP      POTENTIAL       TOTALAVG        TEMPAVG            PRESSURE      GPRESSURE         VOLUME       PRESSAVG      GPRESSAVG
FEPTITLE:    TS          BOND2         ELECT2           VDW2

ENERGY:       0         4.6984        13.7106         3.8509         0.0000         -10884.6820      1534.3382         0.0000         0.0000      1755.8256          -7572.2583       300.1262     -9328.0839     -7572.2583       300.1262            919.6820      1000.9652     29836.5205       919.6820      1000.9652
FEP:          0        22.2599    -10884.6820      1533.5722

OPENING FEP ENERGY OUTPUT FILE
OPENING EXTENDED SYSTEM TRAJECTORY FILE
Info: Initial time: 12 CPUs 0.00146139 s/step 118.244 ns/day 0 MB memory
Info: Initial time: 12 CPUs 0.000672673 s/step 256.886 ns/day 0 MB memory
Info: Initial time: 12 CPUs 0.000779877 s/step 221.573 ns/day 0 MB memory
Info: Benchmark time: 12 CPUs 0.000673858 s/step 256.434 ns/day 0 MB memory
Info: Benchmark time: 12 CPUs 0.000665745 s/step 259.559 ns/day 0 MB memory
Info: Benchmark time: 12 CPUs 0.000679422 s/step 254.334 ns/day 0 MB memory
Info: Benchmark time: 12 CPUs 0.00052863 s/step 326.883 ns/day 0 MB memory
Info: Benchmark time: 12 CPUs 0.00041252 s/step 418.889 ns/day 0 MB memory
Info: Benchmark time: 12 CPUs 0.000415075 s/step 416.31 ns/day 0 MB memory
PRESSURE: 100000 448.373 -412.905 -127.533 -412.906 -311.923 78.9251 -127.535 78.9255 1036.54
GPRESSURE: 100000 598.217 -686.109 -342.87 -467.576 -169.299 -129.16 312.333 501.623 1015.24
PRESSAVG: 100000 691.595 -178.246 -286.421 -178.246 359.393 22.7986 -286.421 22.7986 915.03
GPRESSAVG: 100000 824.488 -231.684 -491.927 -307.079 417.392 -168.763 40.5639 331.843 981.647
ENERGY:  100000         5.4083        10.9593         4.4005         0.0000         -10874.9649      1485.7357         0.0000         0.0000      1757.4059          -7611.0551       300.3964     -9368.4610     -7591.6567       300.2613            390.9966       481.3868     29646.0359       655.3393       741.1760
FEP:     100000        20.7682    -10874.9649      1490.9740

WRITING EXTENDED SYSTEM TO RESTART FILE AT STEP 100000
OPENING COORDINATE DCD FILE
WRITING COORDINATES TO DCD FILE mobley_7378987_prod.dcd AT STEP 100000
WRITING COORDINATES TO RESTART FILE AT STEP 100000
FINISHED WRITING RESTART COORDINATES
The last position output (seq=100000) takes 0.024 seconds, 0.000 MB of memory in use
WRITING VELOCITIES TO RESTART FILE AT STEP 100000
FINISHED WRITING RESTART VELOCITIES
The last velocity output (seq=100000) takes 0.008 seconds, 0.000 MB of memory in use
PRESSURE: 200000 -754.262 102.382 -2.46179 102.383 -846.473 -266.161 -2.46136 -266.16 -739.514
GPRESSURE: 200000 -750.713 210.023 34.8296 -242.935 -863.837 142.911 -230.393 -454.454 -674.417
PRESSAVG: 200000 209.643 -84.703 -191.768 -84.703 -42.5626 -73.5209 -191.768 -73.5209 363.516
GPRESSAVG: 200000 299.421 -84.4484 -316.341 -285.698 -9.68425 -64.8714 -49.755 69.7439 429.626
ENERGY:  200000         4.1411        12.3988         8.5215         0.0000         -10860.3815      1393.2747         0.0000         0.0000      1683.7488          -7758.2966       287.8060     -9442.0454     -7647.2033       296.1095           -780.0830      -762.9891     30450.5986       176.8652       239.7876
FEP:     200000        25.0614    -10860.3815      1400.5113

WRITING EXTENDED SYSTEM TO RESTART FILE AT STEP 200000
WRITING COORDINATES TO DCD FILE mobley_7378987_prod.dcd AT STEP 200000
WRITING COORDINATES TO RESTART FILE AT STEP 200000
FINISHED WRITING RESTART COORDINATES
The last position output (seq=200000) takes 0.017 seconds, 0.000 MB of memory in use
WRITING VELOCITIES TO RESTART FILE AT STEP 200000
FINISHED WRITING RESTART VELOCITIES
The last velocity output (seq=200000) takes 0.013 seconds, 0.000 MB of memory in use
PRESSURE: 300000 -294.544 564.949 -565.875 564.951 -660.375 -10.6273 -565.879 -10.6263 -366.932
GPRESSURE: 300000 -310.761 474.873 -363.323 1073.17 -697.088 -268.083 -685.431 23.755 -257.945
PRESSAVG: 300000 83.5961 77.7104 -285.296 77.7104 -197.016 -57.7973 -285.296 -57.7973 180.904
GPRESSAVG: 300000 146.876 55.3818 -328.087 54.0199 -181.535 -115.674 -208.674 58.2467 257.733
ENERGY:  300000         5.3727        17.5649         3.0889         0.0000         -10663.2421      1350.2079         0.0000         0.0000      1728.6052          -7558.4026       295.4734     -9287.0078     -7625.0031       295.9505           -440.6172      -421.9317     29967.0436        22.4946        74.3578
FEP:     300000        26.0265    -10663.2421      1355.0407

WRITING EXTENDED SYSTEM TO RESTART FILE AT STEP 300000
WRITING COORDINATES TO DCD FILE mobley_7378987_prod.dcd AT STEP 300000
WRITING COORDINATES TO RESTART FILE AT STEP 300000
FINISHED WRITING RESTART COORDINATES
The last position output (seq=300000) takes 0.018 seconds, 0.000 MB of memory in use
WRITING VELOCITIES TO RESTART FILE AT STEP 300000
FINISHED WRITING RESTART VELOCITIES
The last velocity output (seq=300000) takes 0.017 seconds, 0.000 MB of memory in use
PRESSURE: 400000 -1022.37 45.424 270.678 45.4251 -886.88 -633.242 270.679 -633.238 -749.25
GPRESSURE: 400000 -833.943 134.557 302.054 -92.9599 -760.953 -711.775 -249.863 -608.247 -801.971
PRESSAVG: 400000 -137.597 71.2533 -174.101 71.2533 -334.989 -172.885 -174.101 -172.885 -5.12717
GPRESSAVG: 400000 -49.2881 71.2169 -202.059 24.624 -297.419 -234.894 -216.912 -75.052 45.7921
ENERGY:  400000         3.4792        13.5653         3.0554         0.0000         -10752.8710      1368.0332         0.0000         0.0000      1738.7310          -7626.0069       297.2042     -9364.7379     -7625.2039       296.2013           -886.1667      -798.9558     30298.9483      -159.2377      -100.3049
FEP:     400000        20.0999    -10752.8710      1371.8555

WRITING EXTENDED SYSTEM TO RESTART FILE AT STEP 400000
WRITING COORDINATES TO DCD FILE mobley_7378987_prod.dcd AT STEP 400000
WRITING COORDINATES TO RESTART FILE AT STEP 400000
FINISHED WRITING RESTART COORDINATES
The last position output (seq=400000) takes 0.023 seconds, 0.000 MB of memory in use
WRITING VELOCITIES TO RESTART FILE AT STEP 400000
FINISHED WRITING RESTART VELOCITIES
The last velocity output (seq=400000) takes 0.018 seconds, 0.000 MB of memory in use
PRESSURE: 500000 313.124 75.564 -60.1053 75.5655 -169.3 -582.169 -60.1071 -582.171 -817.643
GPRESSURE: 500000 385.093 210.207 247.077 -385.284 -308.302 -89.5119 -262.64 -661.684 -555.628
PRESSAVG: 500000 -62.4769 71.972 -155.102 71.972 -307.374 -241.1 -155.102 -241.1 -140.546
GPRESSAVG: 500000 23.1088 94.382 -127.203 -43.694 -299.233 -210.664 -224.533 -172.824 -54.4446
ENERGY:  500000         5.2563        10.9930         5.7483         0.0000         -10764.4342      1409.4963         0.0000         0.0000      1747.4119          -7585.5285       298.6881     -9332.9404     -7618.5913       296.6157           -224.6064      -159.6121     29826.1683      -170.1324      -110.1895
FEP:     500000        21.9976    -10764.4342      1414.9983

WRITING EXTENDED SYSTEM TO RESTART FILE AT STEP 500000
WRITING COORDINATES TO DCD FILE mobley_7378987_prod.dcd AT STEP 500000
WRITING COORDINATES TO RESTART FILE AT STEP 500000
FINISHED WRITING RESTART COORDINATES
The last position output (seq=500000) takes 0.023 seconds, 0.000 MB of memory in use
WRITING VELOCITIES TO RESTART FILE AT STEP 500000
FINISHED WRITING RESTART VELOCITIES
The last velocity output (seq=500000) takes 0.025 seconds, 0.000 MB of memory in use
PRESSURE: 600000 893.73 75.3537 178.332 75.3539 981.332 256.934 178.325 256.933 137.832
GPRESSURE: 600000 947.679 -51.554 -27.4008 -151.993 945.631 517.587 217.242 113.084 234.733
PRESSAVG: 600000 74.124 72.4552 -107.469 72.4552 -123.273 -169.952 -107.469 -169.952 -100.778
GPRESSAVG: 600000 155.19 73.534 -112.945 -59.1653 -121.395 -106.628 -161.423 -131.98 -13.1335
ENERGY:  600000         3.6447        12.3447         3.4943         0.0000         -10893.2965      1493.7587         0.0000         0.0000      1807.0182          -7573.0359       308.8767     -9380.0541     -7612.0834       298.3673            670.9646       709.3477     29291.3568       -49.9757         6.8873
FEP:     600000        19.4837    -10893.2965      1499.1359

WRITING EXTENDED SYSTEM TO RESTART FILE AT STEP 600000
WRITING COORDINATES TO DCD FILE mobley_7378987_prod.dcd AT STEP 600000
WRITING COORDINATES TO RESTART FILE AT STEP 600000
FINISHED WRITING RESTART COORDINATES
The last position output (seq=600000) takes 0.018 seconds, 0.000 MB of memory in use
WRITING VELOCITIES TO RESTART FILE AT STEP 600000
FINISHED WRITING RESTART VELOCITIES
PRESSURE: 700000 -601.523 221.219 198.105 221.22 -391.099 -56.8454 198.109 -56.8394 -964.425
GPRESSURE: 700000 -379.341 93.4438 193.291 275.185 -448.323 -104.488 300.924 225.692 -864.713
PRESSAVG: 700000 -10.3318 91.0507 -69.2722 91.0507 -156.751 -155.813 -69.2722 -155.813 -208.734
GPRESSAVG: 700000 88.3739 76.0227 -74.6659 -17.3715 -162.261 -106.361 -103.629 -87.271 -119.581
ENERGY:  700000         3.6365        16.2070         3.6729         0.0000         -10773.1399      1375.7041         0.0000         0.0000      1800.5438          -7573.3757       307.7700     -9373.9195     -7607.2449       299.5426           -652.3489      -564.1254     29962.9396      -125.2724       -64.4893
FEP:     700000        23.5164    -10773.1399      1377.7330

WRITING EXTENDED SYSTEM TO RESTART FILE AT STEP 700000
WRITING COORDINATES TO DCD FILE mobley_7378987_prod.dcd AT STEP 700000
WRITING COORDINATES TO RESTART FILE AT STEP 700000
FINISHED WRITING RESTART COORDINATES
The last position output (seq=700000) takes 0.015 seconds, 0.000 MB of memory in use
WRITING VELOCITIES TO RESTART FILE AT STEP 700000
FINISHED WRITING RESTART VELOCITIES
PRESSURE: 800000 -659.442 611.638 -80.2944 611.639 -324.53 -206.875 -80.292 -206.869 -220.961
GPRESSURE: 800000 -721.983 440.913 -160.897 864.004 -204.664 -423.069 149.35 -182.321 -70.9754
PRESSAVG: 800000 -82.4552 148.894 -70.4966 148.894 -175.393 -161.486 -70.4966 -161.486 -210.092
GPRESSAVG: 800000 -1.66579 116.566 -84.2471 80.5591 -166.972 -141.55 -75.5204 -97.8321 -114.18
ENERGY:  800000         3.8340        13.2855         3.9918         0.0000         -10812.7886      1401.6614         0.0000         0.0000      1706.8546          -7683.1614       291.7555     -9390.0160     -7615.6801       298.6774           -401.6441      -332.5407     29797.5783      -155.9803       -94.2728
FEP:     800000        21.1112    -10812.7886      1408.2175

WRITING EXTENDED SYSTEM TO RESTART FILE AT STEP 800000
WRITING COORDINATES TO DCD FILE mobley_7378987_prod.dcd AT STEP 800000
WRITING COORDINATES TO RESTART FILE AT STEP 800000
FINISHED WRITING RESTART COORDINATES
The last position output (seq=800000) takes 0.023 seconds, 0.000 MB of memory in use
WRITING VELOCITIES TO RESTART FILE AT STEP 800000
FINISHED WRITING RESTART VELOCITIES
PRESSURE: 900000 474.53 682.288 -322.705 682.289 75.1908 -634.085 -322.709 -634.089 -665.188
GPRESSURE: 900000 590.847 994.706 -9.36741 593.114 54.644 -301.191 -297.541 -724.605 -572.649
PRESSAVG: 900000 -26.7567 202.233 -95.7178 202.233 -150.335 -208.746 -95.7178 -208.746 -255.602
GPRESSAVG: 900000 57.5854 204.38 -76.7591 131.815 -144.811 -157.515 -97.7225 -160.509 -160.027
ENERGY:  900000         3.8735        14.3481         3.2225         0.0000         -10722.0362      1410.0393         0.0000         0.0000      1815.8450          -7474.7077       310.3854     -9290.5527     -7601.5829       299.8482            -38.4892        24.2805     29890.6948      -144.2312       -82.4175
FEP:     900000        21.4442    -10722.0362      1417.6938

WRITING EXTENDED SYSTEM TO RESTART FILE AT STEP 900000
WRITING COORDINATES TO DCD FILE mobley_7378987_prod.dcd AT STEP 900000
WRITING COORDINATES TO RESTART FILE AT STEP 900000
FINISHED WRITING RESTART COORDINATES
The last position output (seq=900000) takes 0.017 seconds, 0.000 MB of memory in use
WRITING VELOCITIES TO RESTART FILE AT STEP 900000
FINISHED WRITING RESTART VELOCITIES
PRESSURE: 1000000 464.651 100.777 -368.176 100.779 -390.411 -717.143 -368.177 -717.151 -208.594
GPRESSURE: 1000000 390.976 103.761 -545.688 50.4413 -232.444 -735.957 -281.319 -981.076 71.0184
PRESSAVG: 1000000 17.9167 193.01 -120.487 193.01 -172.16 -254.965 -120.487 -254.965 -251.329
GPRESSAVG: 1000000 87.8937 195.233 -119.389 124.417 -152.777 -210.1 -114.413 -235.106 -139.023
TIMING: 1000000  CPU: 439.003, 0.000438096/step  Wall: 443.357, 0.000443324/step, 389.782 ns/days, 0.0615728 hours remaining, 0.000000 MB of memory in use.
PERFORMANCE: 1000000  averaging 389.782 ns/day, 0.000443324 sec/step with standard deviation 0
ETITLE:      TS           BOND          ANGLE          DIHED          IMPRP               ELECT            VDW       BOUNDARY           MISC        KINETIC               TOTAL           TEMP      POTENTIAL       TOTALAVG        TEMPAVG            PRESSURE      GPRESSURE         VOLUME       PRESSAVG      GPRESSAVG
FEPTITLE:    TS          BOND2         ELECT2           VDW2

ENERGY: 1000000         7.2233        12.0760         2.4625         0.0000         -10728.7805      1427.0165         0.0000         0.0000      1690.3946          -7589.6076       288.9420     -9280.0022     -7600.4942       298.8567            -44.7846        76.5170     29918.9542      -135.1906       -67.9689
FEP:    1000000        21.7618    -10728.7805      1431.8927

WRITING EXTENDED SYSTEM TO RESTART FILE AT STEP 1000000
WRITING COORDINATES TO DCD FILE mobley_7378987_prod.dcd AT STEP 1000000
WRITING COORDINATES TO RESTART FILE AT STEP 1000000
FINISHED WRITING RESTART COORDINATES
The last position output (seq=1000000) takes 0.021 seconds, 0.000 MB of memory in use
WRITING VELOCITIES TO RESTART FILE AT STEP 1000000
FINISHED WRITING RESTART VELOCITIES
PRESSURE: 1100000 -824.563 -518.787 -274.094 -518.786 -280.061 -415.867 -274.091 -415.867 -164.705
GPRESSURE: 1100000 -723.472 -450.938 -227.895 -500.403 -199.901 -464.199 -211.043 -276.23 4.39737
PRESSAVG: 1100000 -52.2899 133.694 -133.287 133.694 -181.152 -268.373 -133.287 -268.373 -244.11
GPRESSAVG: 1100000 20.2799 141.385 -128.431 72.3486 -156.704 -231.275 -122.466 -238.533 -127.071
ENERGY: 1100000         4.2409        12.5940         4.9330         0.0000         -10841.8815      1426.6295         0.0000         0.0000      1780.8334          -7612.6508       304.4009     -9393.4842     -7601.5072       299.3187           -423.1098      -306.3254     29898.7543      -159.1839       -87.8319
FEP:    1100000        21.7679    -10841.8815      1430.3400

WRITING EXTENDED SYSTEM TO RESTART FILE AT STEP 1100000
WRITING COORDINATES TO DCD FILE mobley_7378987_prod.dcd AT STEP 1100000
WRITING COORDINATES TO RESTART FILE AT STEP 1100000
FINISHED WRITING RESTART COORDINATES
WRITING VELOCITIES TO RESTART FILE AT STEP 1100000
FINISHED WRITING RESTART VELOCITIES
PRESSURE: 1200000 -569.616 398.978 -137.693 398.976 -1225.21 -449.467 -137.697 -449.462 -402.245
GPRESSURE: 1200000 -297.838 649.007 -131.719 -73.1252 -1028.43 -444.476 -398.891 -499.714 -446.997
PRESSAVG: 1200000 -92.0842 154.1 -133.626 154.1 -261.464 -282.303 -133.626 -282.303 -256.274
GPRESSAVG: 1200000 -4.19072 180.433 -128.684 61.1583 -223.761 -247.675 -143.729 -258.624 -151.681
ENERGY: 1200000         6.1310         8.2180         0.9454         0.0000         -10706.1063      1346.4205         0.0000         0.0000      1687.2693          -7657.1221       288.4078     -9344.3914     -7605.7853       298.4794           -732.3579      -591.0899     29731.9857      -203.2742      -126.5441
FEP:    1200000        15.2944    -10706.1063      1348.9361

WRITING EXTENDED SYSTEM TO RESTART FILE AT STEP 1200000
WRITING COORDINATES TO DCD FILE mobley_7378987_prod.dcd AT STEP 1200000
WRITING COORDINATES TO RESTART FILE AT STEP 1200000
FINISHED WRITING RESTART COORDINATES
WRITING VELOCITIES TO RESTART FILE AT STEP 1200000
FINISHED WRITING RESTART VELOCITIES
PRESSURE: 1300000 -354.858 -89.579 575.41 -89.5772 -141.936 -169.24 575.413 -169.242 -1144.17
GPRESSURE: 1300000 -284.52 -323.94 454.465 28.7509 71.7724 -9.85384 700.179 -155.505 -1069.13
PRESSAVG: 1300000 -110.854 136.695 -82.9807 136.695 -252.926 -274.228 -82.9807 -274.228 -319.695
GPRESSAVG: 1300000 -24.2142 144.407 -87.0306 58.8435 -202.651 -230.688 -83.4499 -251.258 -217.213
ENERGY: 1300000         6.9424        13.9694         5.0070         0.0000         -10770.7060      1431.5376         0.0000         0.0000      1748.8301          -7564.4196       298.9305     -9313.2497     -7602.8306       298.5117           -546.9865      -427.2936     30432.4026      -227.8251      -148.0262
FEP:    1300000        25.9188    -10770.7060      1434.0945

WRITING EXTENDED SYSTEM TO RESTART FILE AT STEP 1300000
WRITING COORDINATES TO DCD FILE mobley_7378987_prod.dcd AT STEP 1300000
WRITING COORDINATES TO RESTART FILE AT STEP 1300000
FINISHED WRITING RESTART COORDINATES
WRITING VELOCITIES TO RESTART FILE AT STEP 1300000
FINISHED WRITING RESTART VELOCITIES
PRESSURE: 1400000 -164.202 -269.298 13.7311 -269.3 414.892 -391.916 13.7302 -391.914 671.396
GPRESSURE: 1400000 -82.0207 -208.11 171.317 -39.6828 473.83 -368.203 -230.152 -58.4949 705.647
PRESSAVG: 1400000 -114.41 109.628 -76.5333 109.628 -208.405 -282.073 -76.5333 -282.073 -253.622
GPRESSAVG: 1400000 -28.068 120.905 -69.8074 52.2751 -157.552 -239.856 -93.2301 -238.408 -155.689
ENERGY: 1400000        13.7185        11.7270         1.2301         0.0000         -10810.9727      1469.0485         0.0000         0.0000      1696.4701          -7618.7785       289.9805     -9315.2486     -7603.8938       297.9429            307.3617       365.8188     29665.4308      -192.1460      -113.7699
FEP:    1400000        26.6756    -10810.9727      1472.1700

WRITING EXTENDED SYSTEM TO RESTART FILE AT STEP 1400000
WRITING COORDINATES TO DCD FILE mobley_7378987_prod.dcd AT STEP 1400000
WRITING COORDINATES TO RESTART FILE AT STEP 1400000
FINISHED WRITING RESTART COORDINATES
WRITING VELOCITIES TO RESTART FILE AT STEP 1400000
FINISHED WRITING RESTART VELOCITIES
PRESSURE: 1500000 -416.034 -490.043 -57.995 -490.043 -1500 -162.289 -57.9899 -162.286 -787.372
GPRESSURE: 1500000 -288.208 -477.808 -143.165 -493.204 -1483.87 -37.3674 73.2136 -88.0357 -816.993
PRESSAVG: 1500000 -133.262 72.149 -75.3743 72.149 -289.13 -274.587 -75.3743 -274.587 -286.982
GPRESSAVG: 1500000 -44.3267 83.4858 -74.3923 18.1826 -240.447 -227.2 -82.8274 -229.009 -197.021
ENERGY: 1500000         3.6400        14.3989         3.3518         0.0000         -10609.9481      1311.7875         0.0000         0.0000      1768.1779          -7508.5922       302.2376     -9276.7701     -7597.9375       298.2113           -901.1340      -863.0233     30558.0789      -236.4577      -160.5982
FEP:    1500000        21.3906    -10609.9481      1315.1526

WRITING EXTENDED SYSTEM TO RESTART FILE AT STEP 1500000
WRITING COORDINATES TO DCD FILE mobley_7378987_prod.dcd AT STEP 1500000
WRITING COORDINATES TO RESTART FILE AT STEP 1500000
FINISHED WRITING RESTART COORDINATES
WRITING VELOCITIES TO RESTART FILE AT STEP 1500000
FINISHED WRITING RESTART VELOCITIES
TCL: Running FEP window   2: Lambda1 0.05   Lambda2 0.1    [dLambda 0.05  ]
TCL: Setting parameter firsttimestep to 0
TCL: Setting parameter alchLambda to 0.05
Info: NONBONDED TABLE R-SQUARED SPACING: 0.0625
Info: NONBONDED TABLE SIZE: 705 POINTS
Info: INCONSISTENCY IN FAST TABLE ENERGY VS FORCE: 0.000290481 AT 0.251946
Info: INCONSISTENCY IN SCOR TABLE ENERGY VS FORCE: 0.000238233 AT 8.9687
Info: ABSOLUTE IMPRECISION IN VDWA TABLE ENERGY: 1.21169e-27 AT 8.99653
Info: ABSOLUTE IMPRECISION IN VDWA TABLE FORCE: 2.57484e-27 AT 8.99653
Info: INCONSISTENCY IN VDWA TABLE ENERGY VS FORCE: 0.0040507 AT 0.251946
Info: INCONSISTENCY IN VDWB TABLE ENERGY VS FORCE: 0.00150189 AT 0.251946
TCL: Setting parameter alchLambda2 to 0.1
Info: NONBONDED TABLE R-SQUARED SPACING: 0.0625
Info: NONBONDED TABLE SIZE: 705 POINTS
Info: INCONSISTENCY IN FAST TABLE ENERGY VS FORCE: 0.000290481 AT 0.251946
Info: INCONSISTENCY IN SCOR TABLE ENERGY VS FORCE: 0.000238233 AT 8.9687
Info: ABSOLUTE IMPRECISION IN VDWA TABLE ENERGY: 1.21169e-27 AT 8.99653
Info: ABSOLUTE IMPRECISION IN VDWA TABLE FORCE: 2.57484e-27 AT 8.99653
Info: INCONSISTENCY IN VDWA TABLE ENERGY VS FORCE: 0.0040507 AT 0.251946
Info: INCONSISTENCY IN VDWB TABLE ENERGY VS FORCE: 0.00150189 AT 0.251946
TCL: Running for 1500000 steps
FEP: RESETTING FOR NEW FEP WINDOW LAMBDA SET TO 0.05 LAMBDA2 0.1
FEP: WINDOW TO HAVE 100000 STEPS OF EQUILIBRATION PRIOR TO FEP DATA COLLECTION.
FEP: USING CONSTANT TEMPERATURE OF 300 K FOR FEP CALCULATION
PRESSURE: 0 -500.983 -468.735 -17.5724 -468.738 -1595.2 -192.596 -17.5746 -192.595 -768.93
GPRESSURE: 0 -273.954 -478.265 -143.922 -494.17 -1484.94 -36.8086 71.6598 -87.8612 -807.944
ETITLE:      TS           BOND          ANGLE          DIHED          IMPRP               ELECT            VDW       BOUNDARY           MISC        KINETIC               TOTAL           TEMP      POTENTIAL       TOTALAVG        TEMPAVG            PRESSURE      GPRESSURE         VOLUME       PRESSAVG      GPRESSAVG
FEPTITLE:    TS          BOND2         ELECT2           VDW2

ENERGY:       0         3.6400        14.3989         3.3518         0.0000         -10609.9465      1315.1527         0.0000         0.0000      1767.3221          -7506.0811       302.0914     -9273.4032     -7506.0811       302.0914           -955.0375      -855.6119     30558.0789      -955.0375      -855.6119
FEP:          0        21.3906    -10609.9465      1321.4778

PRESSURE: 100000 -554.625 21.9113 93.5554 21.9123 -263.931 352.852 93.5596 352.859 -311.482
GPRESSURE: 100000 -289.672 34.7158 39.6763 -30.753 31.7779 -190.612 -20.3323 481.623 -492.971
PRESSAVG: 100000 -177.1 39.3087 -62.778 39.3087 -360.289 -235.173 -62.778 -235.173 -315.118
GPRESSAVG: 100000 -70.7141 49.568 -71.9179 -13.0001 -294.462 -214.59 -70.7728 -181.688 -247.403
ENERGY:  100000         4.7856        18.2067         3.9783         0.0000         -10619.7388      1354.1005         0.0000         0.0000      1758.3939          -7480.2737       300.5652     -9238.6676     -7493.1774       301.3283           -376.6793      -250.2885     30166.9396      -665.8584      -552.9502
FEP:     100000        26.9707    -10619.7388      1354.8661

WRITING EXTENDED SYSTEM TO RESTART FILE AT STEP 100000
WRITING COORDINATES TO DCD FILE mobley_7378987_prod.dcd AT STEP 100000
WRITING COORDINATES TO RESTART FILE AT STEP 100000
FINISHED WRITING RESTART COORDINATES
WRITING VELOCITIES TO RESTART FILE AT STEP 100000
FINISHED WRITING RESTART VELOCITIES
PRESSURE: 200000 -385.496 611.391 200.525 611.392 -340.717 139.264 200.528 139.266 597.844
GPRESSURE: 200000 -503.881 258.05 241.936 592.175 -152.384 -100.413 118.474 231.723 848.523
PRESSAVG: 200000 -188.068 69.4184 -48.9198 69.4184 -359.259 -215.466 -48.9198 -215.466 -267.067
GPRESSAVG: 200000 -93.5124 60.5408 -55.3993 18.8513 -286.984 -208.581 -60.8124 -159.93 -189.722
ENERGY:  200000         2.2439        10.6344         2.3790         0.0000         -10823.5437      1445.9604         0.0000         0.0000      1738.0374          -7624.2885       297.0857     -9362.3258     -7536.8811       299.9141            -42.7897        64.0862     29933.4635      -458.1688      -347.2714
FEP:     200000        15.2574    -10823.5437      1448.1945

WRITING EXTENDED SYSTEM TO RESTART FILE AT STEP 200000
WRITING COORDINATES TO DCD FILE mobley_7378987_prod.dcd AT STEP 200000
WRITING COORDINATES TO RESTART FILE AT STEP 200000
FINISHED WRITING RESTART COORDINATES
WRITING VELOCITIES TO RESTART FILE AT STEP 200000
FINISHED WRITING RESTART VELOCITIES
PRESSURE: 300000 -624.469 -431.573 -246.065 -431.579 -715.517 424.899 -246.064 424.904 -641.13
GPRESSURE: 300000 -535.532 -632.387 -544.58 -31.8791 -481.037 206.022 -111.182 277.449 -697.842
PRESSAVG: 300000 -209.888 44.3685 -58.777 44.3685 -377.072 -183.448 -58.777 -183.448 -285.77
GPRESSAVG: 300000 -115.613 25.8944 -79.8583 16.3147 -296.687 -187.851 -63.3309 -138.061 -215.128
ENERGY:  300000         6.1633        18.9590         2.4430         0.0000         -10641.2419      1356.9985         0.0000         0.0000      1747.3875          -7509.2906       298.6839     -9256.6781     -7529.9835       299.6065           -660.3719      -571.4704     30298.0568      -508.7196      -403.3211
FEP:     300000        27.5652    -10641.2419      1359.9973

WRITING EXTENDED SYSTEM TO RESTART FILE AT STEP 300000
WRITING COORDINATES TO DCD FILE mobley_7378987_prod.dcd AT STEP 300000
WRITING COORDINATES TO RESTART FILE AT STEP 300000
FINISHED WRITING RESTART COORDINATES
WRITING VELOCITIES TO RESTART FILE AT STEP 300000
FINISHED WRITING RESTART VELOCITIES
PRESSURE: 400000 94.2874 -110.224 510.933 -110.222 -406.589 654.153 510.928 654.16 574.327
GPRESSURE: 400000 147.777 21.4042 222.361 -443.617 -109.269 355.717 336.257 587.72 489.536
PRESSAVG: 400000 -251.915 36.0367 -10.9652 36.0367 -448.937 -149.073 -10.9652 -149.073 -296.73
GPRESSAVG: 400000 -160.762 15.8276 -36.6911 1.46303 -352.354 -159.647 -34.9578 -116.778 -238.054
ENERGY:  400000         3.4840        10.9161         2.1637         0.0000         -10796.8469      1423.2217         0.0000         0.0000      1798.8761          -7558.1854       307.4849     -9357.0614     -7535.6239       301.1822             87.3418       176.0148     29524.2343      -389.5073      -287.4540
FEP:     400000        16.5638    -10796.8469      1427.4806

WRITING EXTENDED SYSTEM TO RESTART FILE AT STEP 400000
WRITING COORDINATES TO DCD FILE mobley_7378987_prod.dcd AT STEP 400000
WRITING COORDINATES TO RESTART FILE AT STEP 400000
FINISHED WRITING RESTART COORDINATES
WRITING VELOCITIES TO RESTART FILE AT STEP 400000
FINISHED WRITING RESTART VELOCITIES
PRESSURE: 500000 -139.75 -97.2062 -662.135 -97.2084 -118.433 -459.996 -662.13 -459.996 664.274
GPRESSURE: 500000 -89.4421 89.3846 -851.923 -70.1866 -130.093 -556.784 -413.573 -361.809 522.367
PRESSAVG: 500000 -281.321 51.8216 -37.695 51.8216 -439.262 -176.019 -37.695 -176.019 -315.343
GPRESSAVG: 500000 -195.145 54.6023 -62.1437 21.3325 -350.394 -181.028 -71.2531 -159.95 -262.698
ENERGY:  500000         3.3060        16.7694         5.0356         0.0000         -10811.5293      1448.3809         0.0000         0.0000      1766.8734          -7571.1640       302.0147     -9338.0375     -7541.5472       301.3210            135.3636       100.9438     30053.1215      -302.0288      -222.7210
FEP:     500000        25.1110    -10811.5293      1451.4205

WRITING EXTENDED SYSTEM TO RESTART FILE AT STEP 500000
WRITING COORDINATES TO DCD FILE mobley_7378987_prod.dcd AT STEP 500000
WRITING COORDINATES TO RESTART FILE AT STEP 500000
FINISHED WRITING RESTART COORDINATES
WRITING VELOCITIES TO RESTART FILE AT STEP 500000
FINISHED WRITING RESTART VELOCITIES
PRESSURE: 600000 -390.127 5.92601 -43.6645 5.92752 -956.028 -760.746 -43.6638 -760.75 706.522
GPRESSURE: 600000 -213.441 311.071 -22.5689 -56.3725 -893.503 -648.727 92.5191 -480.449 730.225
PRESSAVG: 600000 -263.114 46.9988 -39.7551 46.9988 -444.74 -200.749 -39.7551 -200.749 -243.041
GPRESSAVG: 600000 -168.282 59.6546 -65.0137 30.6606 -351.877 -220.61 -55.1075 -161.249 -192.466
ENERGY:  600000         5.6938        11.7335         3.4149         0.0000         -10756.6142      1415.3319         0.0000         0.0000      1785.4659          -7534.9742       305.1927     -9320.4401     -7540.6082       301.8741           -213.2110      -125.5733     29834.6050      -289.3406      -208.8427
FEP:     600000        20.8422    -10756.6142      1418.3187

WRITING EXTENDED SYSTEM TO RESTART FILE AT STEP 600000
WRITING COORDINATES TO DCD FILE mobley_7378987_prod.dcd AT STEP 600000
WRITING COORDINATES TO RESTART FILE AT STEP 600000
FINISHED WRITING RESTART COORDINATES
WRITING VELOCITIES TO RESTART FILE AT STEP 600000
FINISHED WRITING RESTART VELOCITIES
PRESSURE: 700000 218.244 535.961 1.65007 535.962 455.93 178.145 1.65095 178.146 1256.1
GPRESSURE: 700000 370.906 662.977 18.78 553.561 312.649 213.374 198.168 169.258 1227.14
PRESSAVG: 700000 -237.475 45.5494 -11.3786 45.5494 -388.925 -191.31 -11.3786 -191.31 -161.89
GPRESSAVG: 700000 -134.198 69.0599 -45.9085 4.68004 -301.391 -196.537 -10.9276 -153.974 -118.212
ENERGY:  700000         4.9903        13.2782         3.5138         0.0000         -10866.1238      1495.1055         0.0000         0.0000      1765.2482          -7583.9878       301.7369     -9349.2360     -7546.0307       301.8569            643.4237       636.8971     29743.9918      -172.7450      -103.1253
FEP:     700000        21.7823    -10866.1238      1497.2471

WRITING EXTENDED SYSTEM TO RESTART FILE AT STEP 700000
WRITING COORDINATES TO DCD FILE mobley_7378987_prod.dcd AT STEP 700000
WRITING COORDINATES TO RESTART FILE AT STEP 700000
FINISHED WRITING RESTART COORDINATES
WRITING VELOCITIES TO RESTART FILE AT STEP 700000
FINISHED WRITING RESTART VELOCITIES
PRESSURE: 800000 -780.096 508.646 -427.183 508.647 -43.7992 -253.443 -427.179 -253.445 -3.77698
GPRESSURE: 800000 -658.748 264.766 -337.182 610.853 -93.89 -366.255 -407.343 -157.817 -22.2233
PRESSAVG: 800000 -225.361 68.7105 -46.2715 68.7105 -346.771 -172.321 -46.2715 -172.321 -124.616
GPRESSAVG: 800000 -125.439 75.5703 -77.8703 39.8707 -268.037 -179.261 -18.8016 -131.453 -79.2243
ENERGY:  800000         3.1535        14.8891         2.9747         0.0000         -10782.6691      1418.6510         0.0000         0.0000      1765.9977          -7577.0031       301.8650     -9343.0008     -7549.4720       301.8578           -275.8907      -258.2871     30299.2711      -184.2057      -120.3655
FEP:     800000        21.0173    -10782.6691      1424.8055

WRITING EXTENDED SYSTEM TO RESTART FILE AT STEP 800000
WRITING COORDINATES TO DCD FILE mobley_7378987_prod.dcd AT STEP 800000
WRITING COORDINATES TO RESTART FILE AT STEP 800000
FINISHED WRITING RESTART COORDINATES
WRITING VELOCITIES TO RESTART FILE AT STEP 800000
FINISHED WRITING RESTART VELOCITIES
PRESSURE: 900000 -270.95 -115.128 -178.093 -115.129 95.6446 -149.529 -178.096 -149.532 -796.752
GPRESSURE: 900000 -300.859 -42.6 78.0279 -6.55009 118.966 -9.28146 -240.04 -205.476 -693.605
PRESSAVG: 900000 -254.565 59.1758 -52.171 59.1758 -333.523 -150.689 -52.171 -150.689 -123.572
GPRESSAVG: 900000 -159.736 62.93 -86.3227 58.8074 -246.674 -175.249 -17.6715 -108.642 -86.1231
ENERGY:  900000         5.7107        12.2655         3.0508         0.0000         -10760.8298      1401.8126         0.0000         0.0000      1787.8116          -7550.1787       305.5937     -9337.9903     -7549.5427       302.2314           -324.0190      -291.8329     29697.3602      -198.1870      -137.5122
FEP:     900000        21.0270    -10760.8298      1404.4920

WRITING EXTENDED SYSTEM TO RESTART FILE AT STEP 900000
WRITING COORDINATES TO DCD FILE mobley_7378987_prod.dcd AT STEP 900000
WRITING COORDINATES TO RESTART FILE AT STEP 900000
FINISHED WRITING RESTART COORDINATES
WRITING VELOCITIES TO RESTART FILE AT STEP 900000
FINISHED WRITING RESTART VELOCITIES
PRESSURE: 1000000 -4.88477 522.888 -291.859 522.886 59.648 -480.671 -291.854 -480.667 -490.128
GPRESSURE: 1000000 -80.2626 589.312 167.661 248.67 201.21 -98.4096 -474.908 -723.419 -456.706
PRESSAVG: 1000000 -299.495 81.5523 -75.6799 81.5523 -379.608 -187.569 -75.6799 -187.569 -154.97
GPRESSAVG: 1000000 -211.133 94.9733 -76.5696 78.8405 -283.895 -206.049 -52.2791 -150.467 -120.695
TIMING: 1000000  CPU: 1089.62, 0.000434232/step  Wall: 1112.57, 0.000448719/step, 385.096 ns/days, 0.0623221 hours remaining, 0.000000 MB of memory in use.
PERFORMANCE: 1000000  averaging 387.425 ns/day, 0.000446022 sec/step with standard deviation 3.81455e-06
ETITLE:      TS           BOND          ANGLE          DIHED          IMPRP               ELECT            VDW       BOUNDARY           MISC        KINETIC               TOTAL           TEMP      POTENTIAL       TOTALAVG        TEMPAVG            PRESSURE      GPRESSURE         VOLUME       PRESSAVG      GPRESSAVG
FEPTITLE:    TS          BOND2         ELECT2           VDW2

ENERGY: 1000000         2.7621        16.6274         3.2455         0.0000         -10730.2400      1400.1839         0.0000         0.0000      1720.1447          -7587.2765       294.0272     -9307.4211     -7552.9730       301.4856           -145.1216      -111.9196     29918.1275      -193.3629      -135.1856
FEP:    1000000        22.6350    -10730.2400      1401.6574

WRITING EXTENDED SYSTEM TO RESTART FILE AT STEP 1000000
WRITING COORDINATES TO DCD FILE mobley_7378987_prod.dcd AT STEP 1000000
WRITING COORDINATES TO RESTART FILE AT STEP 1000000
FINISHED WRITING RESTART COORDINATES
WRITING VELOCITIES TO RESTART FILE AT STEP 1000000
FINISHED WRITING RESTART VELOCITIES
PRESSURE: 1100000 165.279 -329.879 -231.795 -329.878 -162.832 -211.011 -231.791 -211.014 210.967
GPRESSURE: 1100000 278.966 -364.061 135.431 -593.269 177.383 93.1598 -472.755 -487.128 167.394
PRESSAVG: 1100000 -261.155 53.9975 -97.1749 53.9975 -368.194 -195.277 -97.1749 -195.277 -96.2003
GPRESSAVG: 1100000 -178.218 72.098 -79.4626 35.4178 -252.61 -196.167 -90.963 -186.108 -69.0898
ENERGY: 1100000         6.7209        10.4775         4.2531         0.0000         -10814.1538      1484.5992         0.0000         0.0000      1759.2936          -7548.8094       300.7190     -9308.1031     -7552.6261       301.4217             71.1379       207.9141     30252.6338      -171.3211      -106.5940
FEP:    1100000        21.4515    -10814.1538      1487.6641

WRITING EXTENDED SYSTEM TO RESTART FILE AT STEP 1100000
WRITING COORDINATES TO DCD FILE mobley_7378987_prod.dcd AT STEP 1100000
WRITING COORDINATES TO RESTART FILE AT STEP 1100000
FINISHED WRITING RESTART COORDINATES
WRITING VELOCITIES TO RESTART FILE AT STEP 1100000
FINISHED WRITING RESTART VELOCITIES
PRESSURE: 1200000 -151.149 -353.116 8.35354 -353.114 -193.325 5.65572 8.35107 5.65502 -1579.79
GPRESSURE: 1200000 -226.357 -544.388 -5.28557 -281.175 -88.4564 -78.6546 206.834 117.847 -1606.79
PRESSAVG: 1200000 -235.741 5.7598 -92.7427 5.7598 -361.634 -184.651 -92.7427 -184.651 -164.142
GPRESSAVG: 1200000 -153.437 22.833 -71.6821 -21.8411 -246.799 -178.946 -88.0888 -171.1 -145.881
ENERGY: 1200000         8.0017        11.7792         2.7912         0.0000         -10747.6737      1389.2704         0.0000         0.0000      1756.8563          -7578.9748       300.3024     -9335.8312     -7554.6529       301.3356           -641.4209      -640.5361     30252.0214      -207.4827      -147.6664
FEP:    1200000        22.5721    -10747.6737      1390.5976

WRITING EXTENDED SYSTEM TO RESTART FILE AT STEP 1200000
WRITING COORDINATES TO DCD FILE mobley_7378987_prod.dcd AT STEP 1200000
WRITING COORDINATES TO RESTART FILE AT STEP 1200000
FINISHED WRITING RESTART COORDINATES
WRITING VELOCITIES TO RESTART FILE AT STEP 1200000
FINISHED WRITING RESTART VELOCITIES
PRESSURE: 1300000 -68.6869 677.315 -55.1697 677.313 -968.739 170.633 -55.1677 170.636 -1014.87
GPRESSURE: 1300000 7.43656 557.19 -87.6443 501.645 -805.489 241.308 -34.0311 189.306 -1136.49
PRESSAVG: 1300000 -262.901 5.51098 -79.3657 5.51098 -413.83 -144.415 -79.3657 -144.415 -181.626
GPRESSAVG: 1300000 -182.607 0.957167 -75.5959 -26.4145 -289.806 -151.821 -74.9133 -125.404 -174.073
ENERGY: 1300000         6.5799        11.1534         3.0924         0.0000         -10645.1405      1335.4404         0.0000         0.0000      1769.5432          -7519.3312       302.4710     -9288.8744     -7552.1299       301.4167           -684.0995      -644.8461     30219.2213      -241.5267      -183.1793
FEP:    1300000        20.8257    -10645.1405      1338.4984

WRITING EXTENDED SYSTEM TO RESTART FILE AT STEP 1300000
WRITING COORDINATES TO DCD FILE mobley_7378987_prod.dcd AT STEP 1300000
WRITING COORDINATES TO RESTART FILE AT STEP 1300000
FINISHED WRITING RESTART COORDINATES
WRITING VELOCITIES TO RESTART FILE AT STEP 1300000
FINISHED WRITING RESTART VELOCITIES
PRESSURE: 1400000 1633.18 -432.181 -408.812 -432.181 756.491 -177.678 -408.815 -177.679 881.099
GPRESSURE: 1400000 1570.73 -676.131 -175.518 -378.085 863.067 -140.03 -683.111 -392.772 1159.16
PRESSAVG: 1400000 -204.475 -21.137 -81.3976 -21.137 -356.485 -117.441 -81.3976 -117.441 -127.141
GPRESSAVG: 1400000 -123.62 -38.0374 -57.0874 -47.8408 -235.031 -122.025 -95.0029 -95.9893 -119.666
ENERGY: 1400000         6.1055        16.3951         5.1103         0.0000         -10977.4034      1600.6623         0.0000         0.0000      1757.7574          -7591.3728       300.4564     -9349.1302     -7554.7461       301.3527           1090.2583      1197.6528     30026.2385      -152.7411       -91.1238
FEP:    1400000        27.6109    -10977.4034      1601.5950

WRITING EXTENDED SYSTEM TO RESTART FILE AT STEP 1400000
WRITING COORDINATES TO DCD FILE mobley_7378987_prod.dcd AT STEP 1400000
WRITING COORDINATES TO RESTART FILE AT STEP 1400000
FINISHED WRITING RESTART COORDINATES
WRITING VELOCITIES TO RESTART FILE AT STEP 1400000
FINISHED WRITING RESTART VELOCITIES
PRESSURE: 1500000 -397.932 -82.4806 -500.585 -82.4823 -504.553 -168.071 -500.583 -168.074 -1144.2
GPRESSURE: 1500000 -339.743 54.1387 -591.307 257.451 -556.928 -116.141 -574.967 -188.02 -1151.92
PRESSAVG: 1500000 -183.143 0.678152 -92.7222 0.678152 -367.71 -105.052 -92.7222 -105.052 -176.116
GPRESSAVG: 1500000 -104.433 -12.7836 -75.258 -9.94812 -252.882 -104.622 -113.199 -91.5788 -177.481
ENERGY: 1500000         4.3604        12.3413         5.4768         0.0000         -10725.5106      1359.8999         0.0000         0.0000      1832.6171          -7510.8151       313.2523     -9343.4322     -7552.0004       302.0964           -682.2279      -682.8638     30264.1653      -185.8340      -128.1075
FEP:    1500000        22.1785    -10725.5106      1362.1732

WRITING EXTENDED SYSTEM TO RESTART FILE AT STEP 1500000
WRITING COORDINATES TO DCD FILE mobley_7378987_prod.dcd AT STEP 1500000
WRITING COORDINATES TO RESTART FILE AT STEP 1500000
FINISHED WRITING RESTART COORDINATES
WRITING VELOCITIES TO RESTART FILE AT STEP 1500000
FINISHED WRITING RESTART VELOCITIES
TCL: Running FEP window   3: Lambda1 0.1    Lambda2 0.15000000000000002 [dLambda 0.05000000000000002]
TCL: Setting parameter firsttimestep to 0
TCL: Setting parameter alchLambda to 0.1
Info: NONBONDED TABLE R-SQUARED SPACING: 0.0625
Info: NONBONDED TABLE SIZE: 705 POINTS
Info: INCONSISTENCY IN FAST TABLE ENERGY VS FORCE: 0.000290481 AT 0.251946
Info: INCONSISTENCY IN SCOR TABLE ENERGY VS FORCE: 0.000238233 AT 8.9687
Info: ABSOLUTE IMPRECISION IN VDWA TABLE ENERGY: 1.21169e-27 AT 8.99653
Info: ABSOLUTE IMPRECISION IN VDWA TABLE FORCE: 2.57484e-27 AT 8.99653
Info: INCONSISTENCY IN VDWA TABLE ENERGY VS FORCE: 0.0040507 AT 0.251946
Info: INCONSISTENCY IN VDWB TABLE ENERGY VS FORCE: 0.00150189 AT 0.251946
TCL: Setting parameter alchLambda2 to 0.15000000000000002
Info: NONBONDED TABLE R-SQUARED SPACING: 0.0625
Info: NONBONDED TABLE SIZE: 705 POINTS
Info: INCONSISTENCY IN FAST TABLE ENERGY VS FORCE: 0.000290481 AT 0.251946
Info: INCONSISTENCY IN SCOR TABLE ENERGY VS FORCE: 0.000238233 AT 8.9687
Info: ABSOLUTE IMPRECISION IN VDWA TABLE ENERGY: 1.21169e-27 AT 8.99653
Info: ABSOLUTE IMPRECISION IN VDWA TABLE FORCE: 2.57484e-27 AT 8.99653
Info: INCONSISTENCY IN VDWA TABLE ENERGY VS FORCE: 0.0040507 AT 0.251946
Info: INCONSISTENCY IN VDWB TABLE ENERGY VS FORCE: 0.00150189 AT 0.251946
TCL: Running for 1500000 steps
FEP: RESETTING FOR NEW FEP WINDOW LAMBDA SET TO 0.1 LAMBDA2 0.15
FEP: WINDOW TO HAVE 100000 STEPS OF EQUILIBRATION PRIOR TO FEP DATA COLLECTION.
FEP: USING CONSTANT TEMPERATURE OF 300 K FOR FEP CALCULATION
PRESSURE: 0 -465.502 -37.4307 -566.04 -37.4286 -611.045 -174.789 -566.039 -174.789 -1199.56
GPRESSURE: 0 -332.367 52.15 -591.645 256.716 -541.914 -115.991 -575.674 -187.907 -1142.75
ETITLE:      TS           BOND          ANGLE          DIHED          IMPRP               ELECT            VDW       BOUNDARY           MISC        KINETIC               TOTAL           TEMP      POTENTIAL       TOTALAVG        TEMPAVG            PRESSURE      GPRESSURE         VOLUME       PRESSAVG      GPRESSAVG
FEPTITLE:    TS          BOND2         ELECT2           VDW2

ENERGY:       0         4.3604        12.3413         5.4768         0.0000         -10725.5098      1362.1732         0.0000         0.0000      1831.7335          -7509.4246       313.1013     -9341.1581     -7509.4246       313.1013           -758.7019      -672.3426     30264.1653      -758.7019      -672.3426
FEP:          0        22.1785    -10725.5098      1366.2995

PRESSURE: 100000 -553.944 371.505 -352.326 371.509 -86.9052 -533.756 -352.326 -533.753 431.489
GPRESSURE: 100000 -499.515 291.885 -149.269 253.855 37.2343 -505.577 -459.406 -415.928 321.865
PRESSAVG: 100000 -187.892 1.91223 -160.526 1.91223 -334.25 -109.543 -160.526 -109.543 -137.199
GPRESSAVG: 100000 -116.909 -11.8352 -128.441 17.7991 -230.283 -112.984 -180.017 -89.0096 -142.719
ENERGY:  100000         7.6018         9.3980         8.1938         0.0000         -10722.1120      1423.0801         0.0000         0.0000      1696.8915          -7576.9469       290.0525     -9273.8384     -7543.1857       301.5769            -69.7865       -46.8050     29915.7437      -414.2442      -359.5738
FEP:     100000        25.1935    -10722.1120      1426.9063

WRITING EXTENDED SYSTEM TO RESTART FILE AT STEP 100000
WRITING COORDINATES TO DCD FILE mobley_7378987_prod.dcd AT STEP 100000
WRITING COORDINATES TO RESTART FILE AT STEP 100000
FINISHED WRITING RESTART COORDINATES
WRITING VELOCITIES TO RESTART FILE AT STEP 100000
FINISHED WRITING RESTART VELOCITIES
PRESSURE: 200000 -1107.35 179.948 370.703 179.949 -360.793 452.255 370.702 452.252 -99.7426
GPRESSURE: 200000 -1081.96 146.294 161.702 343.023 -321.341 323.515 352.814 239.632 84.9474
PRESSAVG: 200000 -235.049 24.3747 -142.678 24.3747 -373.034 -67.335 -142.678 -67.335 -175.756
GPRESSAVG: 200000 -166.906 5.88496 -128.922 36.9344 -270.041 -78.3977 -150.869 -74.1033 -173.754
ENERGY:  200000         2.9370        14.4279         3.0684         0.0000         -10671.1557      1350.9846         0.0000         0.0000      1781.4177          -7518.3200       304.5007     -9299.7378     -7534.8972       302.5515           -522.6282      -439.4504     29980.5315      -450.3722      -386.1993
FEP:     200000        20.4333    -10671.1557      1353.3659

WRITING EXTENDED SYSTEM TO RESTART FILE AT STEP 200000
WRITING COORDINATES TO DCD FILE mobley_7378987_prod.dcd AT STEP 200000
WRITING COORDINATES TO RESTART FILE AT STEP 200000
FINISHED WRITING RESTART COORDINATES
WRITING VELOCITIES TO RESTART FILE AT STEP 200000
FINISHED WRITING RESTART VELOCITIES
PRESSURE: 300000 -426.119 -797.927 223.885 -797.927 -1084.16 414.774 223.891 414.773 -552.165
GPRESSURE: 300000 -516.869 -334.456 57.9714 -711.989 -946.191 259.001 249.769 456.777 -283.503
PRESSAVG: 300000 -235.553 8.98047 -128.584 8.98047 -352.242 -38.4821 -128.584 -38.4821 -163.995
GPRESSAVG: 300000 -178.339 13.0525 -118.865 25.9952 -243.157 -63.5793 -142.041 -46.8626 -147.079
ENERGY:  300000         3.9151        14.7635         3.8888         0.0000         -10725.8250      1361.0535         0.0000         0.0000      1736.1182          -7606.0859       296.7576     -9342.2040     -7552.6943       301.1030           -687.4810      -582.1876     29948.5493      -509.6494      -435.1964
FEP:     300000        22.5674    -10725.8250      1361.0070

WRITING EXTENDED SYSTEM TO RESTART FILE AT STEP 300000
WRITING COORDINATES TO DCD FILE mobley_7378987_prod.dcd AT STEP 300000
WRITING COORDINATES TO RESTART FILE AT STEP 300000
FINISHED WRITING RESTART COORDINATES
WRITING VELOCITIES TO RESTART FILE AT STEP 300000
FINISHED WRITING RESTART VELOCITIES
PRESSURE: 400000 -456.288 -83.8484 585.774 -83.8477 -308.855 -61.3152 585.77 -61.3159 243.795
GPRESSURE: 400000 -123.865 -73.1609 582.07 -90.6572 -111.138 -74.2902 406.062 200.44 37.048
PRESSAVG: 400000 -233.319 28.225 -98.4163 28.225 -287.925 -31.9182 -98.4163 -31.9182 -113.359
GPRESSAVG: 400000 -170.835 33.3077 -82.5654 46.1708 -174.467 -65.4534 -125.321 -32.4476 -104.83
ENERGY:  400000         6.6796         8.7348         4.1115         0.0000         -10758.5568      1439.0089         0.0000         0.0000      1749.4860          -7550.5361       299.0426     -9300.0220     -7552.2627       300.6910           -173.7829       -65.9849     30364.1505      -442.4761      -361.3541
FEP:     400000        19.5259    -10758.5568      1440.3748

WRITING EXTENDED SYSTEM TO RESTART FILE AT STEP 400000
WRITING COORDINATES TO DCD FILE mobley_7378987_prod.dcd AT STEP 400000
WRITING COORDINATES TO RESTART FILE AT STEP 400000
FINISHED WRITING RESTART COORDINATES
WRITING VELOCITIES TO RESTART FILE AT STEP 400000
FINISHED WRITING RESTART VELOCITIES
PRESSURE: 500000 457.519 -85.6581 47.2329 -85.6592 -491.558 -358.528 47.2343 -358.53 -913.977
GPRESSURE: 500000 533.225 -348.055 -229.447 197.903 -319.441 -375.828 244.696 -286.44 -1019.44
PRESSAVG: 500000 -182.711 22.8464 -100.733 22.8464 -299.307 -67.4876 -100.733 -67.4876 -143.484
GPRESSAVG: 500000 -129.69 14.1692 -96.0216 57.6036 -192.028 -74.7142 -112.07 -70.8507 -131.153
ENERGY:  500000         2.8769        13.1880         3.5440         0.0000         -10683.1698      1386.0473         0.0000         0.0000      1738.8272          -7538.6863       297.2207     -9277.5135     -7550.0000       300.1126           -316.0051      -268.5523     30132.6657      -421.3976      -345.8871
FEP:     500000        19.6089    -10683.1698      1386.9767

WRITING EXTENDED SYSTEM TO RESTART FILE AT STEP 500000
WRITING COORDINATES TO DCD FILE mobley_7378987_prod.dcd AT STEP 500000
WRITING COORDINATES TO RESTART FILE AT STEP 500000
FINISHED WRITING RESTART COORDINATES
WRITING VELOCITIES TO RESTART FILE AT STEP 500000
FINISHED WRITING RESTART VELOCITIES
PRESSURE: 600000 -180.793 -281.909 -394.564 -281.908 -334.231 -457.6 -394.562 -457.605 422.129
GPRESSURE: 600000 -150.809 -469.843 -381.195 -308.121 -198.383 -236.759 -101.012 -623.036 373.236
PRESSAVG: 600000 -172.476 -21.8186 -130.487 -21.8186 -298.982 -97.3312 -130.487 -97.3312 -152.27
GPRESSAVG: 600000 -112.036 -22.2255 -127.178 12.5888 -194.328 -81.5315 -123.044 -113.589 -154.918
ENERGY:  600000         5.2893        12.3731         4.8144         0.0000         -10754.1767      1424.5400         0.0000         0.0000      1757.2998          -7549.8601       300.3782     -9307.1599     -7549.9800       300.1505            -30.9650         8.0143     29574.4014      -365.6215      -295.3298
FEP:     600000        22.4767    -10754.1767      1424.4597

WRITING EXTENDED SYSTEM TO RESTART FILE AT STEP 600000
WRITING COORDINATES TO DCD FILE mobley_7378987_prod.dcd AT STEP 600000
WRITING COORDINATES TO RESTART FILE AT STEP 600000
FINISHED WRITING RESTART COORDINATES
WRITING VELOCITIES TO RESTART FILE AT STEP 600000
FINISHED WRITING RESTART VELOCITIES
PRESSURE: 700000 146.121 -331.999 185.967 -331.997 1411.05 -57.6129 185.967 -57.6185 328.884
GPRESSURE: 700000 174.363 -107.811 68.5905 -151.972 1305.55 -200.021 -31.2536 144.706 513.334
PRESSAVG: 700000 -133.947 -16.8395 -108.886 -16.8395 -192.654 -121.457 -108.886 -121.457 -103.769
GPRESSAVG: 700000 -76.5416 4.00333 -96.5195 6.58417 -104.999 -101.834 -119.048 -120.226 -94.3588
ENERGY:  700000         5.0533        13.4535         4.6595         0.0000         -10891.0993      1536.0504         0.0000         0.0000      1747.2113          -7584.6713       298.6538     -9331.8826     -7554.3164       299.9634            628.6852       664.4174     30064.1246      -241.3332      -175.3614
FEP:     700000        23.1663    -10891.0993      1535.8948

WRITING EXTENDED SYSTEM TO RESTART FILE AT STEP 700000
WRITING COORDINATES TO DCD FILE mobley_7378987_prod.dcd AT STEP 700000
WRITING COORDINATES TO RESTART FILE AT STEP 700000
FINISHED WRITING RESTART COORDINATES
WRITING VELOCITIES TO RESTART FILE AT STEP 700000
FINISHED WRITING RESTART VELOCITIES
PRESSURE: 800000 -20.7965 -282.896 283.045 -282.898 -73.7992 -63.5284 283.041 -63.5284 -871.992
GPRESSURE: 800000 33.1238 -125.305 167.951 -295.477 -322.811 -22.644 449.152 -733.105 -527.29
PRESSAVG: 800000 -139.701 -25.4733 -120.28 -25.4733 -176.015 -157.342 -120.28 -157.342 -176.085
GPRESSAVG: 800000 -82.2743 -3.33214 -99.2401 13.9912 -115.676 -120.752 -113.403 -186.267 -145.2
ENERGY:  800000         4.4566        15.3104         2.3050         0.0000         -10803.0813      1401.0642         0.0000         0.0000      1762.9820          -7616.9631       301.3495     -9379.9451     -7561.2771       300.1174           -322.1959      -272.3259     30033.1923      -250.3179      -186.1352
FEP:     800000        22.0720    -10803.0813      1400.9772

WRITING EXTENDED SYSTEM TO RESTART FILE AT STEP 800000
WRITING COORDINATES TO DCD FILE mobley_7378987_prod.dcd AT STEP 800000
WRITING COORDINATES TO RESTART FILE AT STEP 800000
FINISHED WRITING RESTART COORDINATES
WRITING VELOCITIES TO RESTART FILE AT STEP 800000
FINISHED WRITING RESTART VELOCITIES
PRESSURE: 900000 -1187.57 510.073 -552.181 510.075 -516.734 248.877 -552.177 248.88 -1478.9
GPRESSURE: 900000 -892.839 467.704 -567.621 392.284 -382.816 346.879 -334.457 35.0518 -1608.48
PRESSAVG: 900000 -192.092 4.89088 -114.782 4.89088 -195.93 -121.898 -114.782 -121.898 -283.243
GPRESSAVG: 900000 -122.444 15.5839 -85.025 37.1147 -128.312 -75.5685 -109.447 -166.424 -251.742
ENERGY:  900000         8.7611        14.7168         4.5774         0.0000         -10641.1897      1337.2546         0.0000         0.0000      1665.1457          -7610.7341       284.6262     -9275.8798     -7566.2228       298.5683          -1061.0663      -961.3780     30277.2555      -331.3928      -263.6595
FEP:     900000        28.0553    -10641.1897      1338.8107

WRITING EXTENDED SYSTEM TO RESTART FILE AT STEP 900000
WRITING COORDINATES TO DCD FILE mobley_7378987_prod.dcd AT STEP 900000
WRITING COORDINATES TO RESTART FILE AT STEP 900000
FINISHED WRITING RESTART COORDINATES
WRITING VELOCITIES TO RESTART FILE AT STEP 900000
FINISHED WRITING RESTART VELOCITIES
PRESSURE: 1000000 -126.167 228.551 667.709 228.551 -474.607 -201.557 667.704 -201.554 131.629
GPRESSURE: 1000000 41.9585 4.41183 671.463 300.003 -512.348 -126.779 431.962 -293.665 360.28
PRESSAVG: 1000000 -178.894 16.0221 -79.2138 16.0221 -171.859 -93.9381 -79.2138 -93.9381 -311.988
GPRESSAVG: 1000000 -109.674 0.250906 -50.3233 54.9334 -109.254 -49.4711 -92.4751 -157.085 -270.24
TIMING: 1000000  CPU: 1746.58, 0.000429557/step  Wall: 1787.74, 0.000440524/step, 392.26 ns/days, 0.0611839 hours remaining, 0.000000 MB of memory in use.
PERFORMANCE: 1000000  averaging 389.024 ns/day, 0.000444189 sec/step with standard deviation 4.16537e-06
ETITLE:      TS           BOND          ANGLE          DIHED          IMPRP               ELECT            VDW       BOUNDARY           MISC        KINETIC               TOTAL           TEMP      POTENTIAL       TOTALAVG        TEMPAVG            PRESSURE      GPRESSURE         VOLUME       PRESSAVG      GPRESSAVG
FEPTITLE:    TS          BOND2         ELECT2           VDW2

ENERGY: 1000000         7.6889        10.2593         5.2423         0.0000         -10812.5352      1408.3738         0.0000         0.0000      1714.0793          -7666.8916       292.9905     -9380.9709     -7575.3745       298.0612           -156.3818       -36.7033     29452.2615      -315.4827      -243.0271
FEP:    1000000        23.1905    -10812.5352      1411.5737

WRITING EXTENDED SYSTEM TO RESTART FILE AT STEP 1000000
WRITING COORDINATES TO DCD FILE mobley_7378987_prod.dcd AT STEP 1000000
WRITING COORDINATES TO RESTART FILE AT STEP 1000000
FINISHED WRITING RESTART COORDINATES
WRITING VELOCITIES TO RESTART FILE AT STEP 1000000
FINISHED WRITING RESTART VELOCITIES
PRESSURE: 1100000 -509.42 268.811 272.334 268.811 718.983 712.57 272.336 712.575 610.492
GPRESSURE: 1100000 -342.668 -198.254 -153.097 510.275 825.239 761.857 310.13 742.979 681.734
PRESSAVG: 1100000 -215.277 2.66449 -65.6796 2.66449 -158.706 -67.2166 -65.6796 -67.2166 -344.268
GPRESSAVG: 1100000 -145.353 -42.8107 -58.9172 52.7691 -83.6246 -22.0469 -86.877 -128.399 -297.51
ENERGY: 1100000         5.0554         6.9939         8.1400         0.0000         -10876.7335      1496.2385         0.0000         0.0000      1763.6492          -7596.6564       301.4635     -9360.3056     -7577.1480       298.3448            273.3516       388.1017     29629.9228      -266.4132      -190.4330
FEP:    1100000        20.1894    -10876.7335      1499.0144

WRITING EXTENDED SYSTEM TO RESTART FILE AT STEP 1100000
WRITING COORDINATES TO DCD FILE mobley_7378987_prod.dcd AT STEP 1100000
WRITING COORDINATES TO RESTART FILE AT STEP 1100000
FINISHED WRITING RESTART COORDINATES
WRITING VELOCITIES TO RESTART FILE AT STEP 1100000
FINISHED WRITING RESTART VELOCITIES
PRESSURE: 1200000 -583.136 47.9671 84.2135 47.9668 -894.615 642.391 84.2102 642.389 -1054.44
GPRESSURE: 1200000 -250.538 60.7344 126.38 -68.5887 -978.005 514.769 -46.24 308.81 -1080.9
PRESSAVG: 1200000 -205.429 -20.3695 -40.1101 -20.3695 -201.247 -22.4249 -40.1101 -22.4249 -396.802
GPRESSAVG: 1200000 -124.942 -53.0123 -35.7391 18.797 -127.83 22.0043 -68.8218 -105.067 -350.444
ENERGY: 1200000         8.0763         8.9682         5.7518         0.0000         -10764.0523      1359.3903         0.0000         0.0000      1737.4969          -7644.3687       296.9933     -9381.8656     -7582.3188       298.2408           -844.0651      -769.8148     29795.6039      -310.8479      -235.0009
FEP:    1200000        22.7963    -10764.0523      1359.2591

WRITING EXTENDED SYSTEM TO RESTART FILE AT STEP 1200000
WRITING COORDINATES TO DCD FILE mobley_7378987_prod.dcd AT STEP 1200000
WRITING COORDINATES TO RESTART FILE AT STEP 1200000
FINISHED WRITING RESTART COORDINATES
WRITING VELOCITIES TO RESTART FILE AT STEP 1200000
FINISHED WRITING RESTART VELOCITIES
PRESSURE: 1300000 -1437.53 -442.269 -622.18 -442.272 -453.51 295.68 -622.181 295.68 350.51
GPRESSURE: 1300000 -1043.75 -958.667 -743.358 -227.324 -695.079 119.746 -432.407 25.9401 567.938
PRESSAVG: 1300000 -263.758 -36.7266 -62.3144 -36.7266 -228.704 -0.164335 -62.3144 -0.164335 -339.439
GPRESSAVG: 1300000 -162.087 -98.8156 -76.8084 7.75836 -168.533 28.4556 -78.4402 -93.4965 -287.367
ENERGY: 1300000         8.8641        13.6371         5.0707         0.0000         -10732.6751      1382.0704         0.0000         0.0000      1739.5817          -7583.4510       297.3496     -9323.0327     -7582.3997       298.1771           -513.5111      -390.2983     30400.1832      -325.3239      -246.0935
FEP:    1300000        27.5719    -10732.6751      1382.8092

WRITING EXTENDED SYSTEM TO RESTART FILE AT STEP 1300000
WRITING COORDINATES TO DCD FILE mobley_7378987_prod.dcd AT STEP 1300000
WRITING COORDINATES TO RESTART FILE AT STEP 1300000
FINISHED WRITING RESTART COORDINATES
WRITING VELOCITIES TO RESTART FILE AT STEP 1300000
FINISHED WRITING RESTART VELOCITIES
PRESSURE: 1400000 18.9834 -224.413 -514.147 -224.413 -643.226 391.729 -514.148 391.726 803.595
GPRESSURE: 1400000 171.855 -430.916 -471.612 -34.4243 -683.461 310.72 -420.402 347.125 732.838
PRESSAVG: 1400000 -262.565 -74.0915 -73.429 -74.0915 -263.848 43.4553 -73.429 43.4553 -274.752
GPRESSAVG: 1400000 -149.481 -149.827 -108.772 -6.39634 -212.766 48.9121 -75.7149 -39.9693 -227.889
ENERGY: 1400000         3.5787        13.5446         5.2789         0.0000         -10746.1145      1414.2310         0.0000         0.0000      1756.6113          -7552.8699       300.2605     -9309.4812     -7580.4311       298.3160             59.7842        73.7440     29777.4296      -299.6500      -224.7710
FEP:    1400000        22.4022    -10746.1145      1417.1090

WRITING EXTENDED SYSTEM TO RESTART FILE AT STEP 1400000
WRITING COORDINATES TO DCD FILE mobley_7378987_prod.dcd AT STEP 1400000
WRITING COORDINATES TO RESTART FILE AT STEP 1400000
FINISHED WRITING RESTART COORDINATES
WRITING VELOCITIES TO RESTART FILE AT STEP 1400000
FINISHED WRITING RESTART VELOCITIES
PRESSURE: 1500000 280.634 492.521 -475.911 492.519 -345.738 390.177 -475.913 390.179 92.9666
GPRESSURE: 1500000 506.205 188.608 -308.5 521.778 -304.762 396.17 -442.452 592.184 -63.1224
PRESSAVG: 1500000 -256.797 -32.9717 -85.6352 -32.9717 -272.993 73.515 -85.6352 73.515 -280.652
GPRESSAVG: 1500000 -138.119 -122.194 -130.969 49.356 -236.873 64.0626 -74.1997 13.9963 -239.415
ENERGY: 1500000         4.5291        11.3882         4.4489         0.0000         -10810.8448      1434.3255         0.0000         0.0000      1761.3880          -7594.7651       301.0770     -9356.1531     -7581.3269       298.4886              9.2873        46.1066     29988.2339      -280.3414      -207.8412
FEP:    1500000        20.3662    -10810.8448      1435.8640

WRITING EXTENDED SYSTEM TO RESTART FILE AT STEP 1500000
WRITING COORDINATES TO DCD FILE mobley_7378987_prod.dcd AT STEP 1500000
WRITING COORDINATES TO RESTART FILE AT STEP 1500000
FINISHED WRITING RESTART COORDINATES
WRITING VELOCITIES TO RESTART FILE AT STEP 1500000
FINISHED WRITING RESTART VELOCITIES
TCL: Running FEP window   4: Lambda1 0.15000000000000002 Lambda2 0.2    [dLambda 0.04999999999999999]
TCL: Setting parameter firsttimestep to 0
TCL: Setting parameter alchLambda to 0.15000000000000002
Info: NONBONDED TABLE R-SQUARED SPACING: 0.0625
Info: NONBONDED TABLE SIZE: 705 POINTS
Info: INCONSISTENCY IN FAST TABLE ENERGY VS FORCE: 0.000290481 AT 0.251946
Info: INCONSISTENCY IN SCOR TABLE ENERGY VS FORCE: 0.000238233 AT 8.9687
Info: ABSOLUTE IMPRECISION IN VDWA TABLE ENERGY: 1.21169e-27 AT 8.99653
Info: ABSOLUTE IMPRECISION IN VDWA TABLE FORCE: 2.57484e-27 AT 8.99653
Info: INCONSISTENCY IN VDWA TABLE ENERGY VS FORCE: 0.0040507 AT 0.251946
Info: INCONSISTENCY IN VDWB TABLE ENERGY VS FORCE: 0.00150189 AT 0.251946
TCL: Setting parameter alchLambda2 to 0.2
Info: NONBONDED TABLE R-SQUARED SPACING: 0.0625
Info: NONBONDED TABLE SIZE: 705 POINTS
Info: INCONSISTENCY IN FAST TABLE ENERGY VS FORCE: 0.000290481 AT 0.251946
Info: INCONSISTENCY IN SCOR TABLE ENERGY VS FORCE: 0.000238233 AT 8.9687
Info: ABSOLUTE IMPRECISION IN VDWA TABLE ENERGY: 1.21169e-27 AT 8.99653
Info: ABSOLUTE IMPRECISION IN VDWA TABLE FORCE: 2.57484e-27 AT 8.99653
Info: INCONSISTENCY IN VDWA TABLE ENERGY VS FORCE: 0.0040507 AT 0.251946
Info: INCONSISTENCY IN VDWB TABLE ENERGY VS FORCE: 0.00150189 AT 0.251946
TCL: Running for 1500000 steps
FEP: RESETTING FOR NEW FEP WINDOW LAMBDA SET TO 0.15 LAMBDA2 0.2
FEP: WINDOW TO HAVE 100000 STEPS OF EQUILIBRATION PRIOR TO FEP DATA COLLECTION.
FEP: USING CONSTANT TEMPERATURE OF 300 K FOR FEP CALCULATION
PRESSURE: 0 244.737 448.635 -421.968 448.635 -333.048 364.825 -421.97 364.823 0.627056
GPRESSURE: 0 516.341 185.653 -304.465 519.251 -298.308 390.278 -438.913 587.177 -45.9605
ETITLE:      TS           BOND          ANGLE          DIHED          IMPRP               ELECT            VDW       BOUNDARY           MISC        KINETIC               TOTAL           TEMP      POTENTIAL       TOTALAVG        TEMPAVG            PRESSURE      GPRESSURE         VOLUME       PRESSAVG      GPRESSAVG
FEPTITLE:    TS          BOND2         ELECT2           VDW2

ENERGY:       0         4.5291        11.3882         4.4489         0.0000         -10810.8460      1435.8646         0.0000         0.0000      1760.5280          -7594.0871       300.9300     -9354.6152     -7594.0871       300.9300            -29.2278        57.3574     29988.2339       -29.2278        57.3574
FEP:          0        20.3662    -10810.8460      1438.8064

PRESSURE: 100000 -32.1767 -84.8253 -57.0796 -84.8253 -70.6492 -181.822 -57.0792 -181.814 611.693
GPRESSURE: 100000 4.30092 -64.4749 201.077 64.7457 -94.0296 215.55 -385.732 -182.432 685.159
PRESSAVG: 100000 -235.177 -30.9911 -107.247 -30.9911 -235.075 73.8509 -107.247 73.8509 -120.303
GPRESSAVG: 100000 -101.141 -116.775 -131.491 67.5323 -211.793 86.2214 -124.072 18.8759 -70.2912
ENERGY:  100000         7.4745        11.4276         0.9708         0.0000         -10720.8883      1427.4514         0.0000         0.0000      1781.0757          -7492.4882       304.4423     -9273.5640     -7543.2877       302.6862            169.6223       198.4768     29914.2646        70.1972       127.9171
FEP:     100000        19.8729    -10720.8883      1427.0818

WRITING EXTENDED SYSTEM TO RESTART FILE AT STEP 100000
WRITING COORDINATES TO DCD FILE mobley_7378987_prod.dcd AT STEP 100000
WRITING COORDINATES TO RESTART FILE AT STEP 100000
FINISHED WRITING RESTART COORDINATES
WRITING VELOCITIES TO RESTART FILE AT STEP 100000
FINISHED WRITING RESTART VELOCITIES
PRESSURE: 200000 59.9321 71.0368 515.711 71.0393 992.895 -131.202 515.716 -131.196 -514.485
GPRESSURE: 200000 145.8 148.08 781.938 -57.005 1113.2 -187.942 -32.0467 -323.631 -433.272
PRESSAVG: 200000 -313.84 -5.8301 -61.0202 -5.8301 -223.255 76.1751 -61.0202 76.1751 -190.082
GPRESSAVG: 200000 -172.388 -75.5642 -83.6187 83.5863 -199.286 83.8257 -91.5189 22.3329 -149.913
ENERGY:  200000         5.0197        14.9073         4.1829         0.0000         -10838.8204      1443.5321         0.0000         0.0000      1774.9619          -7596.2165       303.3972     -9371.1784     -7560.9306       302.9232            179.4475       275.2435     29679.8451       106.6140       177.0259
FEP:     200000        24.1099    -10838.8204      1443.1849

WRITING EXTENDED SYSTEM TO RESTART FILE AT STEP 200000
WRITING COORDINATES TO DCD FILE mobley_7378987_prod.dcd AT STEP 200000
WRITING COORDINATES TO RESTART FILE AT STEP 200000
FINISHED WRITING RESTART COORDINATES
WRITING VELOCITIES TO RESTART FILE AT STEP 200000
FINISHED WRITING RESTART VELOCITIES
PRESSURE: 300000 -893.354 16.0092 -741.506 16.0067 -962.621 209.033 -741.502 209.025 -258.408
GPRESSURE: 300000 -559.4 -159.788 -450.892 152.9 -846.822 -31.6529 -606.72 263.597 -439.586
PRESSAVG: 300000 -338.611 -0.905648 -73.0662 -0.905648 -246.158 95.03 -73.0662 95.03 -145.793
GPRESSAVG: 300000 -183.37 -86.2606 -76.598 78.3588 -213.781 88.0501 -93.1066 44.9137 -114.296
ENERGY:  300000         4.4019        10.8973         3.9503         0.0000         -10750.2710      1380.4209         0.0000         0.0000      1736.9035          -7613.6971       296.8918     -9350.6006     -7574.1222       301.4153           -704.7944      -615.2695     30034.1649       -96.2381       -21.0479
FEP:     300000        19.2495    -10750.2710      1381.4851

WRITING EXTENDED SYSTEM TO RESTART FILE AT STEP 300000
WRITING COORDINATES TO DCD FILE mobley_7378987_prod.dcd AT STEP 300000
WRITING COORDINATES TO RESTART FILE AT STEP 300000
FINISHED WRITING RESTART COORDINATES
WRITING VELOCITIES TO RESTART FILE AT STEP 300000
FINISHED WRITING RESTART VELOCITIES
PRESSURE: 400000 681.84 645.01 -122.699 645.01 1114.04 148.05 -122.699 148.055 -425.665
GPRESSURE: 400000 1130.58 673.44 -346.252 588.639 1049.74 -5.00031 -220.641 366.736 -615.712
PRESSAVG: 400000 -281.244 33.2163 -50.8992 33.2163 -159.904 111.172 -50.8992 111.172 -107.098
GPRESSAVG: 400000 -110.223 -55.196 -64.3283 94.9549 -134.198 93.5996 -75.3549 72.6459 -87.9444
ENERGY:  400000         2.3369        14.1592         5.1857         0.0000         -10848.4040      1484.2663         0.0000         0.0000      1790.1212          -7552.3347       305.9884     -9342.4559     -7569.7647       302.3300            456.7390       521.5370     29772.6778        14.3573        87.4691
FEP:     400000        21.6818    -10848.4040      1485.0859

WRITING EXTENDED SYSTEM TO RESTART FILE AT STEP 400000
WRITING COORDINATES TO DCD FILE mobley_7378987_prod.dcd AT STEP 400000
WRITING COORDINATES TO RESTART FILE AT STEP 400000
FINISHED WRITING RESTART COORDINATES
WRITING VELOCITIES TO RESTART FILE AT STEP 400000
FINISHED WRITING RESTART VELOCITIES
PRESSURE: 500000 217.806 487.233 361.443 487.233 312.023 -1.9217 361.444 -1.91758 1.89805
GPRESSURE: 500000 414.759 291.293 504.546 285.181 141.612 338.883 685.519 -42.3191 158.58
PRESSAVG: 500000 -242.656 39.0025 -15.2108 39.0025 -139.958 137.764 -15.2108 137.764 -128.578
GPRESSAVG: 500000 -64.5094 -55.2257 -31.6375 96.5212 -128.979 135.823 -18.1087 91.3263 -96.1087
ENERGY:  500000         4.4684        14.1905         2.3542         0.0000         -10872.1360      1463.1384         0.0000         0.0000      1768.3419          -7619.6425       302.2657     -9387.9844     -7578.0777       302.3193            177.2426       238.3169     29739.6339        41.5049       112.6104
FEP:     500000        21.0131    -10872.1360      1463.1373

WRITING EXTENDED SYSTEM TO RESTART FILE AT STEP 500000
WRITING COORDINATES TO DCD FILE mobley_7378987_prod.dcd AT STEP 500000
WRITING COORDINATES TO RESTART FILE AT STEP 500000
FINISHED WRITING RESTART COORDINATES
WRITING VELOCITIES TO RESTART FILE AT STEP 500000
FINISHED WRITING RESTART VELOCITIES
PRESSURE: 600000 -3.22145 -479.994 -263.888 -479.995 -47.4637 218.913 -263.888 218.907 324.89
GPRESSURE: 600000 105.018 -313.364 -284.838 -866.422 -42.993 283.764 -167.041 63.0553 229.558
PRESSAVG: 600000 -187.45 6.00525 -46.9403 6.00525 -124.291 126.097 -46.9403 126.097 -107.346
GPRESSAVG: 600000 -5.16057 -78.2085 -53.9645 36.049 -115.062 133.835 -44.1014 82.4975 -88.8782
ENERGY:  600000         3.3206        12.7460         5.3197         0.0000         -10763.5377      1448.9130         0.0000         0.0000      1746.0487          -7547.1899       298.4551     -9293.2386     -7573.6651       301.7672             91.4016        97.1942     30046.9827        48.6330       110.4080
FEP:     600000        21.3862    -10763.5377      1450.2368

WRITING EXTENDED SYSTEM TO RESTART FILE AT STEP 600000
WRITING COORDINATES TO DCD FILE mobley_7378987_prod.dcd AT STEP 600000
WRITING COORDINATES TO RESTART FILE AT STEP 600000
FINISHED WRITING RESTART COORDINATES
WRITING VELOCITIES TO RESTART FILE AT STEP 600000
FINISHED WRITING RESTART VELOCITIES
PRESSURE: 700000 254.493 -948.844 1.22527 -948.844 -13.9874 311.139 1.22969 311.142 306.374
GPRESSURE: 700000 240.337 -663.217 194.695 -1047.45 75.8363 370.977 64.529 320.246 426.866
PRESSAVG: 700000 -153.419 -1.54058 -58.0734 -1.54058 -70.7825 120.915 -58.0734 120.915 -64.4192
GPRESSAVG: 700000 32.6997 -94.6466 -47.1283 19.276 -63.9606 139.434 -53.3634 75.671 -53.3598
ENERGY:  700000         5.5180        11.8542         4.3974         0.0000         -10843.4741      1472.8473         0.0000         0.0000      1762.1556          -7586.7015       301.2082     -9348.8571     -7575.2947       301.6973            182.2933       247.6798     30152.6172        65.3405       127.5670
FEP:     700000        21.7697    -10843.4741      1474.8532

WRITING EXTENDED SYSTEM TO RESTART FILE AT STEP 700000
WRITING COORDINATES TO DCD FILE mobley_7378987_prod.dcd AT STEP 700000
WRITING COORDINATES TO RESTART FILE AT STEP 700000
FINISHED WRITING RESTART COORDINATES
WRITING VELOCITIES TO RESTART FILE AT STEP 700000
FINISHED WRITING RESTART VELOCITIES
PRESSURE: 800000 569.46 -342.649 -457.188 -342.649 -656.132 152.676 -457.191 152.671 -634.031
GPRESSURE: 800000 951.921 -382.64 -454.13 -517.423 -607.226 19.6449 -582.817 291.943 -822.948
PRESSAVG: 800000 -102.132 -14.4806 -110.221 -14.4806 -88.1464 131.615 -110.221 131.615 -108.31
GPRESSAVG: 800000 86.489 -110.121 -98.9383 -2.06231 -88.765 144.131 -102.807 80.2461 -96.3595
ENERGY:  800000         7.9906         6.7184         1.7226         0.0000         -10799.3719      1451.8291         0.0000         0.0000      1674.0274          -7657.0839       286.1443     -9331.1113     -7584.3824       299.9692           -240.2345      -159.4174     30185.9149        31.3877        95.6799
FEP:     800000        16.4316    -10799.3719      1451.4628

WRITING EXTENDED SYSTEM TO RESTART FILE AT STEP 800000
WRITING COORDINATES TO DCD FILE mobley_7378987_prod.dcd AT STEP 800000
WRITING COORDINATES TO RESTART FILE AT STEP 800000
FINISHED WRITING RESTART COORDINATES
WRITING VELOCITIES TO RESTART FILE AT STEP 800000
FINISHED WRITING RESTART VELOCITIES
PRESSURE: 900000 210.536 -476.847 85.2076 -476.843 -175.883 -489.378 85.2023 -489.376 -46.427
GPRESSURE: 900000 207.154 -9.39574 -1.54868 -733.953 -164.162 -414.348 153.39 -359.226 18.5881
PRESSAVG: 900000 -114.481 -34.0399 -108.323 -34.0399 -72.3626 125.072 -108.323 125.072 -64.933
GPRESSAVG: 900000 70.1855 -93.1876 -87.5434 -48.6551 -81.001 142.205 -107.373 76.6068 -44.4581
ENERGY:  900000         7.3719        10.1388         1.0969         0.0000         -10640.3493      1402.0637         0.0000         0.0000      1717.7132          -7501.9649       293.6116     -9219.6780     -7576.1406       299.3335             -3.9247        20.5265     30441.3856        27.8565        88.1645
FEP:     900000        18.6076    -10640.3493      1401.7763

WRITING EXTENDED SYSTEM TO RESTART FILE AT STEP 900000
WRITING COORDINATES TO DCD FILE mobley_7378987_prod.dcd AT STEP 900000
WRITING COORDINATES TO RESTART FILE AT STEP 900000
FINISHED WRITING RESTART COORDINATES
WRITING VELOCITIES TO RESTART FILE AT STEP 900000
FINISHED WRITING RESTART VELOCITIES
PRESSURE: 1000000 -445.682 -400.833 327.039 -400.835 168.292 -95.6142 327.036 -95.6132 -151.987
GPRESSURE: 1000000 -268.95 -532.333 294.282 -400.795 333.536 -543.787 249.568 -121.505 -392.744
PRESSAVG: 1000000 -127.726 -39.9862 -72.2432 -39.9862 -47.2365 143.172 -72.2432 143.172 -93.6388
GPRESSAVG: 1000000 64.2784 -96.3121 -53.7696 -53.2888 -54.405 126.853 -89.8435 101.683 -82.7571
TIMING: 1000000  CPU: 2377.99, 0.000419708/step  Wall: 2434.4, 0.000430749/step, 401.162 ns/days, 0.0598262 hours remaining, 0.000000 MB of memory in use.
PERFORMANCE: 1000000  averaging 391.989 ns/day, 0.000440829 sec/step with standard deviation 7.53177e-06
ETITLE:      TS           BOND          ANGLE          DIHED          IMPRP               ELECT            VDW       BOUNDARY           MISC        KINETIC               TOTAL           TEMP      POTENTIAL       TOTALAVG        TEMPAVG            PRESSURE      GPRESSURE         VOLUME       PRESSAVG      GPRESSAVG
FEPTITLE:    TS          BOND2         ELECT2           VDW2

ENERGY: 1000000         3.2814        13.4739         4.7502         0.0000         -10643.6627      1373.6237         0.0000         0.0000      1760.0962          -7488.4373       300.8562     -9248.5335     -7568.1676       299.4719           -143.1261      -109.3862     29860.1668        12.3126        70.2054
FEP:    1000000        21.5055    -10643.6627      1373.9404

WRITING EXTENDED SYSTEM TO RESTART FILE AT STEP 1000000
WRITING COORDINATES TO DCD FILE mobley_7378987_prod.dcd AT STEP 1000000
WRITING COORDINATES TO RESTART FILE AT STEP 1000000
FINISHED WRITING RESTART COORDINATES
WRITING VELOCITIES TO RESTART FILE AT STEP 1000000
FINISHED WRITING RESTART VELOCITIES
PRESSURE: 1100000 353.891 -399.643 -94.1116 -399.643 -78.7717 458.343 -94.1137 458.343 -304.729
GPRESSURE: 1100000 560.233 -412.665 32.9158 -404.174 -304.244 288.767 -232.365 507.258 -39.347
PRESSAVG: 1100000 -117.337 -43.3685 -86.2472 -43.3685 -121.728 168.97 -86.2472 168.97 -125.319
GPRESSAVG: 1100000 83.572 -111.555 -55.5533 -65.8989 -134.895 151.293 -99.8991 119.811 -110.391
ENERGY: 1100000         8.5211         8.5428         4.4354         0.0000         -10855.1076      1419.0456         0.0000         0.0000      1800.2992          -7614.2634       307.7282     -9414.5627     -7572.0089       300.1599             -9.8699        72.2141     29481.1841        10.4641        70.3728
FEP:    1100000        21.4994    -10855.1076      1420.7502

WRITING EXTENDED SYSTEM TO RESTART FILE AT STEP 1100000
WRITING COORDINATES TO DCD FILE mobley_7378987_prod.dcd AT STEP 1100000
WRITING COORDINATES TO RESTART FILE AT STEP 1100000
FINISHED WRITING RESTART COORDINATES
WRITING VELOCITIES TO RESTART FILE AT STEP 1100000
FINISHED WRITING RESTART VELOCITIES
PRESSURE: 1200000 -469.945 32.6417 -241.952 32.6394 -1500.27 278.18 -241.961 278.173 -71.8355
GPRESSURE: 1200000 -691.48 95.9197 -590.89 -133.029 -1318.99 112.943 -88.7784 534.866 31.6813
PRESSAVG: 1200000 -139.795 -27.5916 -112.497 -27.5916 -193.051 186.055 -112.497 186.055 -85.3116
GPRESSAVG: 1200000 47.3418 -100.494 -93.4954 -57.7765 -184.704 158.072 -126.796 183.21 -82.4426
ENERGY: 1200000         6.9604         8.8421         2.3622         0.0000         -10721.5555      1379.3762         0.0000         0.0000      1743.0900          -7580.9246       297.9493     -9324.0146     -7572.6947       299.9899           -680.6832      -659.5975     30416.9695       -42.7011        14.2212
FEP:    1200000        18.1647    -10721.5555      1379.5654

WRITING EXTENDED SYSTEM TO RESTART FILE AT STEP 1200000
WRITING COORDINATES TO DCD FILE mobley_7378987_prod.dcd AT STEP 1200000
WRITING COORDINATES TO RESTART FILE AT STEP 1200000
FINISHED WRITING RESTART COORDINATES
WRITING VELOCITIES TO RESTART FILE AT STEP 1200000
FINISHED WRITING RESTART VELOCITIES
PRESSURE: 1300000 -1656.32 214.432 -155.532 214.432 -456.69 -423.117 -155.529 -423.118 -1018.87
GPRESSURE: 1300000 -1452.85 31.3094 264.406 243.569 -422.618 -263.937 -164.587 -436.534 -1118.12
PRESSAVG: 1300000 -163.232 -42.3738 -92.6649 -42.3738 -190.049 152.455 -92.6649 152.455 -62.3104
GPRESSAVG: 1300000 19.3414 -122.313 -51.894 -65.2122 -186.694 127.531 -118.302 159.63 -57.9248
ENERGY: 1300000         2.3892        17.8856         2.7882         0.0000         -10620.3864      1323.2678         0.0000         0.0000      1773.4659          -7500.5897       303.1415     -9274.0556     -7567.5444       300.2150          -1043.9617      -997.8633     30439.3531      -114.2197       -58.0705
FEP:    1300000        23.0630    -10620.3864      1323.7636

WRITING EXTENDED SYSTEM TO RESTART FILE AT STEP 1300000
WRITING COORDINATES TO DCD FILE mobley_7378987_prod.dcd AT STEP 1300000
WRITING COORDINATES TO RESTART FILE AT STEP 1300000
FINISHED WRITING RESTART COORDINATES
WRITING VELOCITIES TO RESTART FILE AT STEP 1300000
FINISHED WRITING RESTART VELOCITIES
PRESSURE: 1400000 -361.34 -395.471 336.053 -395.47 -601.299 145.169 336.053 145.171 -325.508
GPRESSURE: 1400000 -232.913 -209.173 142.954 -429.856 -434.919 166.367 650.817 343.142 -235.96
PRESSAVG: 1400000 -174.991 -73.5749 -109.247 -73.5749 -196.383 169.791 -109.247 169.791 -85.1673
GPRESSAVG: 1400000 5.5978 -132.993 -78.3195 -101.705 -182.823 142.188 -107.359 191.471 -87.7368
ENERGY: 1400000         7.9691        16.6437         6.0214         0.0000         -10774.7712      1397.6164         0.0000         0.0000      1739.0838          -7607.4369       297.2645     -9346.5207     -7570.2039       300.0183           -429.3823      -301.2638     30217.5889      -135.2306       -74.2834
FEP:    1400000        30.6341    -10774.7712      1397.5893

WRITING EXTENDED SYSTEM TO RESTART FILE AT STEP 1400000
WRITING COORDINATES TO DCD FILE mobley_7378987_prod.dcd AT STEP 1400000
WRITING COORDINATES TO RESTART FILE AT STEP 1400000
FINISHED WRITING RESTART COORDINATES
WRITING VELOCITIES TO RESTART FILE AT STEP 1400000
FINISHED WRITING RESTART VELOCITIES
PRESSURE: 1500000 -431.128 -368.007 273.651 -368.01 -1753.2 155.249 273.648 155.252 32.2893
GPRESSURE: 1500000 -251.309 -497.927 217.119 -248.761 -1741.86 -66.2131 281.303 235.958 -68.5804
PRESSAVG: 1500000 -171.076 -105.416 -109.182 -105.416 -319.993 141.925 -109.182 141.925 -114.077
GPRESSAVG: 1500000 10.1657 -147.976 -59.8087 -139.657 -311.178 100.785 -108.801 166.12 -125.253
ENERGY: 1500000         4.5970        12.3278         3.5047         0.0000         -10573.7760      1314.4080         0.0000         0.0000      1754.9376          -7484.0010       299.9744     -9238.9386     -7564.8162       300.0156           -717.3461      -687.2493     30469.6627      -171.6128      -112.5938
FEP:    1500000        20.4294    -10573.7760      1314.0472

WRITING EXTENDED SYSTEM TO RESTART FILE AT STEP 1500000
WRITING COORDINATES TO DCD FILE mobley_7378987_prod.dcd AT STEP 1500000
WRITING COORDINATES TO RESTART FILE AT STEP 1500000
FINISHED WRITING RESTART COORDINATES
WRITING VELOCITIES TO RESTART FILE AT STEP 1500000
FINISHED WRITING RESTART VELOCITIES
TCL: Running FEP window   5: Lambda1 0.2    Lambda2 0.25   [dLambda 0.04999999999999999]
TCL: Setting parameter firsttimestep to 0
TCL: Setting parameter alchLambda to 0.2
Info: NONBONDED TABLE R-SQUARED SPACING: 0.0625
Info: NONBONDED TABLE SIZE: 705 POINTS
Info: INCONSISTENCY IN FAST TABLE ENERGY VS FORCE: 0.000290481 AT 0.251946
Info: INCONSISTENCY IN SCOR TABLE ENERGY VS FORCE: 0.000238233 AT 8.9687
Info: ABSOLUTE IMPRECISION IN VDWA TABLE ENERGY: 1.21169e-27 AT 8.99653
Info: ABSOLUTE IMPRECISION IN VDWA TABLE FORCE: 2.57484e-27 AT 8.99653
Info: INCONSISTENCY IN VDWA TABLE ENERGY VS FORCE: 0.0040507 AT 0.251946
Info: INCONSISTENCY IN VDWB TABLE ENERGY VS FORCE: 0.00150189 AT 0.251946
TCL: Setting parameter alchLambda2 to 0.25
Info: NONBONDED TABLE R-SQUARED SPACING: 0.0625
Info: NONBONDED TABLE SIZE: 705 POINTS
Info: INCONSISTENCY IN FAST TABLE ENERGY VS FORCE: 0.000290481 AT 0.251946
Info: INCONSISTENCY IN SCOR TABLE ENERGY VS FORCE: 0.000238233 AT 8.9687
Info: ABSOLUTE IMPRECISION IN VDWA TABLE ENERGY: 1.21169e-27 AT 8.99653
Info: ABSOLUTE IMPRECISION IN VDWA TABLE FORCE: 2.57484e-27 AT 8.99653
Info: INCONSISTENCY IN VDWA TABLE ENERGY VS FORCE: 0.0040507 AT 0.251946
Info: INCONSISTENCY IN VDWB TABLE ENERGY VS FORCE: 0.00150189 AT 0.251946
TCL: Running for 1500000 steps
FEP: RESETTING FOR NEW FEP WINDOW LAMBDA SET TO 0.2 LAMBDA2 0.25
FEP: WINDOW TO HAVE 100000 STEPS OF EQUILIBRATION PRIOR TO FEP DATA COLLECTION.
FEP: USING CONSTANT TEMPERATURE OF 300 K FOR FEP CALCULATION
PRESSURE: 0 -465.088 -379.079 256.299 -379.08 -1809.36 135.064 256.304 135.066 -3.11465
GPRESSURE: 0 -247.885 -493.606 221.673 -244.391 -1733.34 -66.4782 284.89 235.881 -64.971
ETITLE:      TS           BOND          ANGLE          DIHED          IMPRP               ELECT            VDW       BOUNDARY           MISC        KINETIC               TOTAL           TEMP      POTENTIAL       TOTALAVG        TEMPAVG            PRESSURE      GPRESSURE         VOLUME       PRESSAVG      GPRESSAVG
FEPTITLE:    TS          BOND2         ELECT2           VDW2

ENERGY:       0         4.5970        12.3278         3.5047         0.0000         -10573.7756      1314.0472         0.0000         0.0000      1754.0459          -7485.2530       299.8220     -9239.2989     -7485.2530       299.8220           -759.1880      -682.0669     30469.6627      -759.1880      -682.0669
FEP:          0        20.4294    -10573.7756      1314.0259

PRESSURE: 100000 -223.433 293.733 -39.7377 293.733 -950.289 710.797 -39.7395 710.798 71.9189
GPRESSURE: 100000 -128.498 266.05 144.183 131.585 -901.98 579.994 -12.1852 499.409 354.815
PRESSAVG: 100000 -104.469 -89.968 -71.4551 -89.968 -390.569 137.315 -71.4551 137.315 -75.4405
GPRESSAVG: 100000 56.0611 -114.457 -10.667 -130.502 -359.29 94.7349 -71.2331 186.147 -85.1121
ENERGY:  100000        10.5570        13.6507         2.9506         0.0000         -10789.5079      1435.7434         0.0000         0.0000      1766.8043          -7559.8018       302.0028     -9326.6061     -7522.5274       300.9124           -367.2678      -225.2210     30386.2864      -563.2279      -453.6440
FEP:     100000        27.1583    -10789.5079      1435.8356

WRITING EXTENDED SYSTEM TO RESTART FILE AT STEP 100000
WRITING COORDINATES TO DCD FILE mobley_7378987_prod.dcd AT STEP 100000
WRITING COORDINATES TO RESTART FILE AT STEP 100000
FINISHED WRITING RESTART COORDINATES
WRITING VELOCITIES TO RESTART FILE AT STEP 100000
FINISHED WRITING RESTART VELOCITIES
PRESSURE: 200000 410.032 -317.247 20.02 -317.25 336.648 -207.977 20.0235 -207.976 285.476
GPRESSURE: 200000 247.177 -229.896 -450.091 -628.146 622.321 -159.866 276.694 -144.136 370.159
PRESSAVG: 200000 -84.9165 -94.6098 -44.7465 -94.6098 -341.575 107.33 -44.7465 107.33 -101.346
GPRESSAVG: 200000 59.8272 -104.406 -9.59093 -160.188 -294.001 71.2056 -36.3783 161.583 -103.246
ENERGY:  200000         5.5876        10.0295         5.3403         0.0000         -10841.0783      1503.9335         0.0000         0.0000      1775.9742          -7540.2131       303.5703     -9316.1874     -7528.4227       301.7984            344.0518       413.2191     30248.7616      -260.8013      -164.6896
FEP:     200000        20.9574    -10841.0783      1505.0622

WRITING EXTENDED SYSTEM TO RESTART FILE AT STEP 200000
WRITING COORDINATES TO DCD FILE mobley_7378987_prod.dcd AT STEP 200000
WRITING COORDINATES TO RESTART FILE AT STEP 200000
FINISHED WRITING RESTART COORDINATES
WRITING VELOCITIES TO RESTART FILE AT STEP 200000
FINISHED WRITING RESTART VELOCITIES
PRESSURE: 300000 1275.16 -175.642 203.546 -175.641 -444.385 448.831 203.542 448.83 -265.412
GPRESSURE: 300000 1511.58 -225.859 335.229 -233.432 -320.454 476.175 33.3066 334.271 -456.912
PRESSAVG: 300000 -35.1903 -128.018 -10.7737 -128.018 -346.507 110.262 -10.7737 110.262 -119.265
GPRESSAVG: 300000 110.096 -125.13 22.5955 -197.948 -294.785 75.2059 -12.5904 148.688 -122.936
ENERGY:  300000         9.9761        14.4124         2.5691         0.0000         -10699.3283      1433.1287         0.0000         0.0000      1773.7785          -7465.4634       303.1950     -9239.2419     -7512.6828       302.1475            188.4536       244.7387     29991.4973      -148.4876       -62.3325
FEP:     300000        26.9577    -10699.3283      1433.5895

WRITING EXTENDED SYSTEM TO RESTART FILE AT STEP 300000
WRITING COORDINATES TO DCD FILE mobley_7378987_prod.dcd AT STEP 300000
WRITING COORDINATES TO RESTART FILE AT STEP 300000
FINISHED WRITING RESTART COORDINATES
WRITING VELOCITIES TO RESTART FILE AT STEP 300000
FINISHED WRITING RESTART VELOCITIES
PRESSURE: 400000 126.948 -297.553 29.132 -297.552 255.496 -41.6916 29.1327 -41.693 739.682
GPRESSURE: 400000 218.031 -820.071 -69.308 306.164 169.505 -46.3232 108.425 -81.1862 877.712
PRESSAVG: 400000 -41.0798 -165.327 11.7814 -165.327 -317.08 89.9365 11.7814 89.9365 -82.3127
GPRESSAVG: 400000 95.1806 -175.416 34.3533 -208.603 -271.394 53.3758 14.7765 115.27 -76.7519
ENERGY:  400000         5.3562         9.1954         2.8831         0.0000         -10753.1506      1449.7846         0.0000         0.0000      1766.7198          -7519.2115       301.9884     -9285.9313     -7513.9886       302.1157            374.0421       421.7495     29820.0489       -43.9817        34.4839
FEP:     400000        17.4347    -10753.1506      1450.8641

WRITING EXTENDED SYSTEM TO RESTART FILE AT STEP 400000
WRITING COORDINATES TO DCD FILE mobley_7378987_prod.dcd AT STEP 400000
WRITING COORDINATES TO RESTART FILE AT STEP 400000
FINISHED WRITING RESTART COORDINATES
WRITING VELOCITIES TO RESTART FILE AT STEP 400000
FINISHED WRITING RESTART VELOCITIES
PRESSURE: 500000 1158.03 -365.699 348.534 -365.7 1568.68 157.341 348.534 157.337 773.066
GPRESSURE: 500000 1509.74 -697.156 300.589 -207.667 1571.43 559.412 397.833 -95.352 611.304
PRESSAVG: 500000 18.4307 -179.371 32.0621 -179.371 -235.114 106.894 32.0621 106.894 -74.244
GPRESSAVG: 500000 170.453 -207.05 39.3289 -222.223 -188.122 70.5689 53.9548 119.624 -80.4447
ENERGY:  500000         3.7304        13.1265         4.5189         0.0000         -10872.8063      1527.1937         0.0000         0.0000      1804.9537          -7519.2831       308.5238     -9324.2369     -7514.8710       303.1837           1166.5921      1230.8238     29648.6178       157.7806       233.8739
FEP:     500000        21.3757    -10872.8063      1528.0937

WRITING EXTENDED SYSTEM TO RESTART FILE AT STEP 500000
WRITING COORDINATES TO DCD FILE mobley_7378987_prod.dcd AT STEP 500000
WRITING COORDINATES TO RESTART FILE AT STEP 500000
FINISHED WRITING RESTART COORDINATES
WRITING VELOCITIES TO RESTART FILE AT STEP 500000
FINISHED WRITING RESTART VELOCITIES
PRESSURE: 600000 186.082 180.322 -219.712 180.322 -299.242 437.636 -219.71 437.643 1282.92
GPRESSURE: 600000 355.457 148.617 -437.739 129.44 -72.1528 346.591 113.221 168.4 1096.73
PRESSAVG: 600000 24.7382 -173.907 -4.70926 -173.907 -299.721 135.336 -4.70926 135.336 15.6262
GPRESSAVG: 600000 180.935 -207.023 -21.6549 -212.901 -247.389 97.2956 61.2182 144.225 -3.94466
ENERGY:  600000         4.1419        13.9988         4.6756         0.0000         -10839.1034      1476.9040         0.0000         0.0000      1763.7671          -7575.6161       301.4837     -9339.3832     -7523.5489       302.9409            389.9197       460.0107     29795.3537       190.9434       266.1791
FEP:     600000        22.8163    -10839.1034      1476.9195

WRITING EXTENDED SYSTEM TO RESTART FILE AT STEP 600000
WRITING COORDINATES TO DCD FILE mobley_7378987_prod.dcd AT STEP 600000
WRITING COORDINATES TO RESTART FILE AT STEP 600000
FINISHED WRITING RESTART COORDINATES
WRITING VELOCITIES TO RESTART FILE AT STEP 600000
FINISHED WRITING RESTART VELOCITIES
PRESSURE: 700000 27.9528 -283.509 -246.612 -283.51 -638.05 632.786 -246.619 632.787 -568.055
GPRESSURE: 700000 207.183 -385.39 -371.6 -102.443 -608.763 723.765 -105.367 587.294 -570.002
PRESSAVG: 700000 70.8035 -188.883 20.0349 -188.883 -283.492 156.524 20.0349 156.524 0.14389
GPRESSAVG: 700000 219.265 -218.303 -17.6903 -225.668 -235.486 135.067 86.2858 160.41 -10.4654
ENERGY:  700000         3.4760        10.6113         1.5123         0.0000         -10781.1835      1412.6743         0.0000         0.0000      1848.0041          -7504.9055       315.8825     -9352.9096     -7521.2184       304.5586           -392.7172      -323.8606     30411.4309       117.9858       192.4242
FEP:     700000        15.5996    -10781.1835      1412.7629

WRITING EXTENDED SYSTEM TO RESTART FILE AT STEP 700000
WRITING COORDINATES TO DCD FILE mobley_7378987_prod.dcd AT STEP 700000
WRITING COORDINATES TO RESTART FILE AT STEP 700000
FINISHED WRITING RESTART COORDINATES
WRITING VELOCITIES TO RESTART FILE AT STEP 700000
FINISHED WRITING RESTART VELOCITIES
PRESSURE: 800000 -1024.12 202.152 122.213 202.155 -442.95 -593.405 122.211 -593.408 -1160.03
GPRESSURE: 800000 -1034.88 188.866 21.9929 310.621 -533.787 -665.425 253.067 -320.704 -860.795
PRESSAVG: 800000 -14.4943 -211.025 32.2804 -211.025 -361.342 119.451 32.2804 119.451 -36.5745
GPRESSAVG: 800000 110.992 -242.532 0.721924 -239.569 -314.663 102.045 109.971 126.038 -22.7196
ENERGY:  800000         5.1616        12.9429         4.0486         0.0000         -10677.4641      1347.7710         0.0000         0.0000      1774.5503          -7532.9897       303.3269     -9307.5400     -7522.5264       304.4217           -875.6995      -809.8191     30540.1990         7.5763        81.0638
FEP:     800000        22.1531    -10677.4641      1346.9794

WRITING EXTENDED SYSTEM TO RESTART FILE AT STEP 800000
WRITING COORDINATES TO DCD FILE mobley_7378987_prod.dcd AT STEP 800000
WRITING COORDINATES TO RESTART FILE AT STEP 800000
FINISHED WRITING RESTART COORDINATES
WRITING VELOCITIES TO RESTART FILE AT STEP 800000
FINISHED WRITING RESTART VELOCITIES
PRESSURE: 900000 -254.986 41.6518 115.902 41.6496 -621.82 -338.615 115.902 -338.616 -653.584
GPRESSURE: 900000 -175.321 -402.587 -168.726 199.946 -554.389 -377.073 437.578 -110.881 -667.04
PRESSAVG: 900000 -38.1339 -233.305 20.0034 -233.305 -408.034 102.616 20.0034 102.616 -69.3486
GPRESSAVG: 900000 81.4877 -277.226 -32.9416 -243.831 -349.463 66.2475 97.5741 122.61 -64.0006
ENERGY:  900000         4.3300        12.5570         4.5673         0.0000         -10721.7235      1385.6732         0.0000         0.0000      1824.7226          -7489.8734       311.9029     -9314.5960     -7519.2611       305.1698           -510.1301      -465.5836     30138.1854       -44.1943        26.3991
FEP:     900000        21.4543    -10721.7235      1385.9391

WRITING EXTENDED SYSTEM TO RESTART FILE AT STEP 900000
WRITING COORDINATES TO DCD FILE mobley_7378987_prod.dcd AT STEP 900000
WRITING COORDINATES TO RESTART FILE AT STEP 900000
FINISHED WRITING RESTART COORDINATES
WRITING VELOCITIES TO RESTART FILE AT STEP 900000
FINISHED WRITING RESTART VELOCITIES
PRESSURE: 1000000 -655.912 572.271 285.744 572.268 289.933 417.852 285.745 417.853 194.674
GPRESSURE: 1000000 -401.642 508.451 327.093 721.163 301.191 520.056 -107.024 390.715 274.099
PRESSAVG: 1000000 -70.7684 -180.691 47.485 -180.691 -391.164 112.563 47.485 112.563 -75.8594
GPRESSAVG: 1000000 56.1547 -236.135 -2.34507 -164.452 -332.254 78.0621 100.575 138.993 -61.7735
TIMING: 1000000  CPU: 3013.54, 0.000423493/step  Wall: 3085.94, 0.000434219/step, 397.956 ns/days, 0.0603081 hours remaining, 0.000000 MB of memory in use.
PERFORMANCE: 1000000  averaging 393.168 ns/day, 0.000439507 sec/step with standard deviation 7.16134e-06
ETITLE:      TS           BOND          ANGLE          DIHED          IMPRP               ELECT            VDW       BOUNDARY           MISC        KINETIC               TOTAL           TEMP      POTENTIAL       TOTALAVG        TEMPAVG            PRESSURE      GPRESSURE         VOLUME       PRESSAVG      GPRESSAVG
FEPTITLE:    TS          BOND2         ELECT2           VDW2

ENERGY: 1000000         7.9419        10.2812         3.9610         0.0000         -10898.9613      1449.1032         0.0000         0.0000      1749.6345          -7678.0395       299.0680     -9427.6740     -7533.6955       304.6151            -57.1017        57.8828     29583.8648       -45.3677        29.2612
FEP:    1000000        22.1841    -10898.9613      1448.7123

WRITING EXTENDED SYSTEM TO RESTART FILE AT STEP 1000000
WRITING COORDINATES TO DCD FILE mobley_7378987_prod.dcd AT STEP 1000000
WRITING COORDINATES TO RESTART FILE AT STEP 1000000
FINISHED WRITING RESTART COORDINATES
WRITING VELOCITIES TO RESTART FILE AT STEP 1000000
FINISHED WRITING RESTART VELOCITIES
PRESSURE: 1100000 -132.913 418.052 -541.453 418.049 521.537 50.7408 -541.452 50.7355 736.092
GPRESSURE: 1100000 -75.5112 486.583 -396.971 315.403 731.294 188.764 -847.376 -325.906 795.817
PRESSAVG: 1100000 -90.1387 -112.347 20.3509 -112.347 -364.388 99.543 20.3509 99.543 -54.3734
GPRESSAVG: 1100000 40.3623 -178.645 -31.9284 -96.3089 -299.481 68.9515 54.9797 106.685 -43.3259
ENERGY: 1100000         4.3600        14.3132         1.8091         0.0000         -10869.8548      1473.2669         0.0000         0.0000      1795.0480          -7581.0575       306.8306     -9376.1055     -7537.6423       304.7997            374.9054       483.8666     29475.9978       -10.3450        67.1450
FEP:    1100000        20.4824    -10869.8548      1473.3910

WRITING EXTENDED SYSTEM TO RESTART FILE AT STEP 1100000
WRITING COORDINATES TO DCD FILE mobley_7378987_prod.dcd AT STEP 1100000
WRITING COORDINATES TO RESTART FILE AT STEP 1100000
FINISHED WRITING RESTART COORDINATES
WRITING VELOCITIES TO RESTART FILE AT STEP 1100000
FINISHED WRITING RESTART VELOCITIES
PRESSURE: 1200000 -878.787 -436.795 -184.982 -436.795 -348.369 131.945 -184.976 131.946 -417.417
GPRESSURE: 1200000 -701.174 -560.184 57.7753 -335.91 -376.492 -47.2604 -279.653 126.416 -524.035
PRESSAVG: 1200000 -162.551 -117.054 33.9617 -117.054 -349 98.5067 33.9617 98.5067 -43.5427
GPRESSAVG: 1200000 -42.2924 -187.522 -6.33313 -87.2333 -287.944 65.6063 70.1379 98.409 -28.3803
ENERGY: 1200000         5.2948        15.9535         2.7022         0.0000         -10799.4945      1394.5546         0.0000         0.0000      1730.3789          -7650.6104       295.7766     -9380.9893     -7546.3322       304.1056           -548.1911      -533.9005     30241.8157       -51.7178        20.9107
FEP:    1200000        23.9506    -10799.4945      1396.4016

WRITING EXTENDED SYSTEM TO RESTART FILE AT STEP 1200000
WRITING COORDINATES TO DCD FILE mobley_7378987_prod.dcd AT STEP 1200000
WRITING COORDINATES TO RESTART FILE AT STEP 1200000
FINISHED WRITING RESTART COORDINATES
WRITING VELOCITIES TO RESTART FILE AT STEP 1200000
FINISHED WRITING RESTART VELOCITIES
PRESSURE: 1300000 -344.012 -87.4129 394.104 -87.4109 -398.979 -147.75 394.093 -147.752 -1341.24
GPRESSURE: 1300000 -372.511 53.1717 400.033 -69.6137 -293.869 -409.688 487.612 -303.834 -1132.23
PRESSAVG: 1300000 -190.279 -97.5824 49.4062 -97.5824 -360.155 115.588 49.4062 115.588 -108.284
GPRESSAVG: 1300000 -71.2757 -184.394 13.7459 -54.0163 -294.43 65.8393 86.8489 101.179 -85.9214
ENERGY: 1300000         7.1767        14.0707         4.3598         0.0000         -10649.0978      1354.4431         0.0000         0.0000      1740.5519          -7528.4955       297.5155     -9269.0473     -7545.0581       303.6349           -694.7449      -599.5381     30278.8904       -97.6483       -23.4070
FEP:    1300000        25.6073    -10649.0978      1354.7044

WRITING EXTENDED SYSTEM TO RESTART FILE AT STEP 1300000
WRITING COORDINATES TO DCD FILE mobley_7378987_prod.dcd AT STEP 1300000
WRITING COORDINATES TO RESTART FILE AT STEP 1300000
FINISHED WRITING RESTART COORDINATES
WRITING VELOCITIES TO RESTART FILE AT STEP 1300000
FINISHED WRITING RESTART VELOCITIES
PRESSURE: 1400000 -130.586 574.536 426.3 574.536 469.259 -281.175 426.296 -281.175 113.165
GPRESSURE: 1400000 -70.0583 583.212 475.461 355.085 758.574 -639.571 515.656 -133.01 -84.1404
PRESSAVG: 1400000 -174.524 -48.8139 54.3692 -48.8139 -345.106 106.31 54.3692 106.31 -95.0259
GPRESSAVG: 1400000 -61.3311 -128.617 22.8049 -16.2224 -273.178 61.0501 100.153 100.603 -70.4913
ENERGY: 1400000         3.6365        12.6554         2.4863         0.0000         -10789.9616      1454.1336         0.0000         0.0000      1784.8220          -7532.2278       305.0826     -9317.0499     -7544.2028       303.7314            150.6129       201.4586     30169.5559       -81.0975        -8.4160
FEP:    1400000        18.7782    -10789.9616      1455.4691

WRITING EXTENDED SYSTEM TO RESTART FILE AT STEP 1400000
WRITING COORDINATES TO DCD FILE mobley_7378987_prod.dcd AT STEP 1400000
WRITING COORDINATES TO RESTART FILE AT STEP 1400000
FINISHED WRITING RESTART COORDINATES
WRITING VELOCITIES TO RESTART FILE AT STEP 1400000
FINISHED WRITING RESTART VELOCITIES
PRESSURE: 1500000 -1080.67 -167.672 464.73 -167.674 -1599.45 340.473 464.727 340.473 -1174.83
GPRESSURE: 1500000 -1102.27 -148.081 276.961 -170.411 -1660.04 344.813 376.086 254.459 -1010.78
PRESSAVG: 1500000 -246.252 -37.2155 82.3113 -37.2155 -421.14 100.416 82.3113 100.416 -138.531
GPRESSAVG: 1500000 -144.456 -115.388 35.0071 -4.53417 -340.968 63.8524 130.576 87.9634 -119.063
ENERGY: 1500000         5.8147        12.5169         1.3671         0.0000         -10647.8299      1304.7864         0.0000         0.0000      1774.0014          -7549.3434       303.2331     -9323.3448     -7544.5240       303.7003          -1284.9859     -1257.6990     30647.8940      -156.3405       -86.4962
FEP:    1500000        19.6987    -10647.8299      1306.0429

WRITING EXTENDED SYSTEM TO RESTART FILE AT STEP 1500000
WRITING COORDINATES TO DCD FILE mobley_7378987_prod.dcd AT STEP 1500000
WRITING COORDINATES TO RESTART FILE AT STEP 1500000
FINISHED WRITING RESTART COORDINATES
WRITING VELOCITIES TO RESTART FILE AT STEP 1500000
FINISHED WRITING RESTART VELOCITIES
TCL: Running FEP window   6: Lambda1 0.25   Lambda2 0.3    [dLambda 0.04999999999999999]
TCL: Setting parameter firsttimestep to 0
TCL: Setting parameter alchLambda to 0.25
Info: NONBONDED TABLE R-SQUARED SPACING: 0.0625
Info: NONBONDED TABLE SIZE: 705 POINTS
Info: INCONSISTENCY IN FAST TABLE ENERGY VS FORCE: 0.000290481 AT 0.251946
Info: INCONSISTENCY IN SCOR TABLE ENERGY VS FORCE: 0.000238233 AT 8.9687
Info: ABSOLUTE IMPRECISION IN VDWA TABLE ENERGY: 1.21169e-27 AT 8.99653
Info: ABSOLUTE IMPRECISION IN VDWA TABLE FORCE: 2.57484e-27 AT 8.99653
Info: INCONSISTENCY IN VDWA TABLE ENERGY VS FORCE: 0.0040507 AT 0.251946
Info: INCONSISTENCY IN VDWB TABLE ENERGY VS FORCE: 0.00150189 AT 0.251946
TCL: Setting parameter alchLambda2 to 0.3
Info: NONBONDED TABLE R-SQUARED SPACING: 0.0625
Info: NONBONDED TABLE SIZE: 705 POINTS
Info: INCONSISTENCY IN FAST TABLE ENERGY VS FORCE: 0.000290481 AT 0.251946
Info: INCONSISTENCY IN SCOR TABLE ENERGY VS FORCE: 0.000238233 AT 8.9687
Info: ABSOLUTE IMPRECISION IN VDWA TABLE ENERGY: 1.21169e-27 AT 8.99653
Info: ABSOLUTE IMPRECISION IN VDWA TABLE FORCE: 2.57484e-27 AT 8.99653
Info: INCONSISTENCY IN VDWA TABLE ENERGY VS FORCE: 0.0040507 AT 0.251946
Info: INCONSISTENCY IN VDWB TABLE ENERGY VS FORCE: 0.00150189 AT 0.251946
TCL: Running for 1500000 steps
FEP: RESETTING FOR NEW FEP WINDOW LAMBDA SET TO 0.25 LAMBDA2 0.3
FEP: WINDOW TO HAVE 100000 STEPS OF EQUILIBRATION PRIOR TO FEP DATA COLLECTION.
FEP: USING CONSTANT TEMPERATURE OF 300 K FOR FEP CALCULATION
PRESSURE: 0 -1117.07 -116.563 473.953 -116.563 -1662.83 327.306 473.953 327.301 -1189.63
GPRESSURE: 0 -1089.79 -149.643 278.017 -171.392 -1647.85 348.736 376.801 258.311 -1004.85
ETITLE:      TS           BOND          ANGLE          DIHED          IMPRP               ELECT            VDW       BOUNDARY           MISC        KINETIC               TOTAL           TEMP      POTENTIAL       TOTALAVG        TEMPAVG            PRESSURE      GPRESSURE         VOLUME       PRESSAVG      GPRESSAVG
FEPTITLE:    TS          BOND2         ELECT2           VDW2

ENERGY:       0         5.8147        12.5169         1.3671         0.0000         -10647.8297      1306.0425         0.0000         0.0000      1773.1042          -7548.9842       303.0797     -9322.0883     -7548.9842       303.0797          -1323.1761     -1247.4936     30647.8940     -1323.1761     -1247.4936
FEP:          0        19.6988    -10647.8297      1308.4920

PRESSURE: 100000 -339.542 -268.385 -328.449 -268.387 307.789 -702.613 -328.452 -702.606 328.06
GPRESSURE: 100000 -25.6583 -587.721 -46.8572 -202.684 236.169 -806.012 -389.205 -671.598 333.897
PRESSAVG: 100000 -212.769 -68.8165 109.461 -68.8165 -391.045 88.8984 109.461 88.8984 -127.074
GPRESSAVG: 100000 -93.0121 -158.617 62.8894 -28.765 -324.471 48.5383 142.624 62.3824 -98.2885
ENERGY:  100000         9.8322        14.8316         5.7680         0.0000         -10649.5822      1410.9160         0.0000         0.0000      1825.3674          -7382.8670       312.0131     -9208.2344     -7465.9256       307.5464             98.7691       181.4693     30281.4550      -612.2035      -533.0121
FEP:     100000        30.4318    -10649.5822      1410.4232

WRITING EXTENDED SYSTEM TO RESTART FILE AT STEP 100000
WRITING COORDINATES TO DCD FILE mobley_7378987_prod.dcd AT STEP 100000
WRITING COORDINATES TO RESTART FILE AT STEP 100000
FINISHED WRITING RESTART COORDINATES
WRITING VELOCITIES TO RESTART FILE AT STEP 100000
FINISHED WRITING RESTART VELOCITIES
PRESSURE: 200000 -211.932 -241.971 357.26 -241.97 -1131 -641.765 357.262 -641.766 -938.487
GPRESSURE: 200000 -136.97 -211.105 292.664 -278.17 -963.265 -379.743 452.29 -742.648 -895.508
PRESSAVG: 200000 -205.299 -61.1415 110.521 -61.1415 -417.53 49.5515 110.521 49.5515 -157.723
GPRESSAVG: 200000 -88.215 -158.714 70.3749 -21.1807 -350.888 21.2328 132.698 8.09296 -131.266
ENERGY:  200000         7.6756        15.3600         3.9222         0.0000         -10774.7734      1377.5334         0.0000         0.0000      1772.0389          -7598.2433       302.8976     -9370.2823     -7510.0315       305.9968           -760.4713      -665.2477     30339.5817      -661.6261      -577.0907
FEP:     200000        26.9578    -10774.7734      1377.2417

WRITING EXTENDED SYSTEM TO RESTART FILE AT STEP 200000
WRITING COORDINATES TO DCD FILE mobley_7378987_prod.dcd AT STEP 200000
WRITING COORDINATES TO RESTART FILE AT STEP 200000
FINISHED WRITING RESTART COORDINATES
WRITING VELOCITIES TO RESTART FILE AT STEP 200000
FINISHED WRITING RESTART VELOCITIES
PRESSURE: 300000 169.387 211.065 23.9387 211.064 80.2249 -180.675 23.9444 -180.672 584.071
GPRESSURE: 300000 88.2952 325.572 82.5565 141.304 219.592 -37.6135 -134.658 -518.177 791.721
PRESSAVG: 300000 -175.273 -32.1879 98.036 -32.1879 -325.858 32.7553 98.036 32.7553 -130.134
GPRESSAVG: 300000 -71.2348 -117.539 63.6467 -1.67741 -252.816 22.6628 111.9 -29.6138 -88.2508
ENERGY:  300000         2.4114        10.1741         4.6142         0.0000         -10973.8055      1521.9772         0.0000         0.0000      1773.6237          -7661.0048       303.1685     -9434.6286     -7547.7748       305.2897            277.8946       366.5359     30125.2212      -426.7459      -341.1840
FEP:     300000        17.1997    -10973.8055      1521.6852

WRITING EXTENDED SYSTEM TO RESTART FILE AT STEP 300000
WRITING COORDINATES TO DCD FILE mobley_7378987_prod.dcd AT STEP 300000
WRITING COORDINATES TO RESTART FILE AT STEP 300000
FINISHED WRITING RESTART COORDINATES
WRITING VELOCITIES TO RESTART FILE AT STEP 300000
FINISHED WRITING RESTART VELOCITIES
PRESSURE: 400000 -191.539 421.79 -515.055 421.79 -863.947 -177.325 -515.055 -177.333 -12.8895
GPRESSURE: 400000 149.872 485.112 -338.44 343.944 -822.391 101.741 -777.467 -185.523 42.417
PRESSAVG: 400000 -161.595 7.85559 59.468 7.85559 -278.588 17.1354 59.468 17.1354 -130.622
GPRESSAVG: 400000 -51.3469 -68.6029 35.6411 27.7393 -207.268 31.0738 58.7817 -50.684 -82.8814
ENERGY:  400000        10.5578        16.4141         3.2102         0.0000         -10812.1018      1430.5869         0.0000         0.0000      1727.4493          -7623.8835       295.2758     -9351.3328     -7562.9966       303.2870           -356.1253      -210.0340     29889.5911      -412.6218      -314.9540
FEP:     400000        30.1821    -10812.1018      1429.9734

WRITING EXTENDED SYSTEM TO RESTART FILE AT STEP 400000
WRITING COORDINATES TO DCD FILE mobley_7378987_prod.dcd AT STEP 400000
WRITING COORDINATES TO RESTART FILE AT STEP 400000
FINISHED WRITING RESTART COORDINATES
WRITING VELOCITIES TO RESTART FILE AT STEP 400000
FINISHED WRITING RESTART VELOCITIES
PRESSURE: 500000 -1499.3 341.596 -15.5192 341.596 29.0164 242.217 -15.5274 242.221 -1002.1
GPRESSURE: 500000 -1569.4 460.529 -222.493 222.192 229.14 283.999 -3.83837 104.066 -1048.58
PRESSAVG: 500000 -225.389 10.2488 60.6787 10.2488 -229.622 -6.29344 60.6787 -6.29344 -184.324
GPRESSAVG: 500000 -123.392 -58.8789 17.3073 32.2697 -150.712 16.274 59.199 -70.4511 -153.051
ENERGY:  500000         9.0736        11.1435         4.1541         0.0000         -10698.3507      1370.8684         0.0000         0.0000      1712.2873          -7590.8237       292.6842     -9303.1110     -7567.6344       301.5198           -824.1292      -796.2815     30306.0513      -481.2064      -395.1753
FEP:     500000        24.3713    -10698.3507      1373.2169

WRITING EXTENDED SYSTEM TO RESTART FILE AT STEP 500000
WRITING COORDINATES TO DCD FILE mobley_7378987_prod.dcd AT STEP 500000
WRITING COORDINATES TO RESTART FILE AT STEP 500000
FINISHED WRITING RESTART COORDINATES
WRITING VELOCITIES TO RESTART FILE AT STEP 500000
FINISHED WRITING RESTART VELOCITIES
PRESSURE: 600000 -443.57 -167.58 347.711 -167.58 -134.762 705.179 347.711 705.181 -780.7
GPRESSURE: 600000 -235.743 -46.2011 419.964 111.971 -234.897 671.751 201.543 776.533 -489.4
PRESSAVG: 600000 -268.069 17.7322 77.063 17.7322 -253.193 39.3644 77.063 39.3644 -237.632
GPRESSAVG: 600000 -147.538 -49.6942 60.8101 69.2755 -193.573 57.8548 55.4414 -24.4177 -196.029
ENERGY:  600000         5.2639        13.5636         4.8424         0.0000         -10733.2987      1416.8709         0.0000         0.0000      1739.0687          -7553.6890       297.2620     -9292.7578     -7565.6422       300.9116           -453.0106      -320.0133     30512.4512      -477.1784      -384.4378
FEP:     600000        23.6699    -10733.2987      1417.4664

WRITING EXTENDED SYSTEM TO RESTART FILE AT STEP 600000
WRITING COORDINATES TO DCD FILE mobley_7378987_prod.dcd AT STEP 600000
WRITING COORDINATES TO RESTART FILE AT STEP 600000
FINISHED WRITING RESTART COORDINATES
WRITING VELOCITIES TO RESTART FILE AT STEP 600000
FINISHED WRITING RESTART VELOCITIES
PRESSURE: 700000 -33.4487 552.74 190.424 552.739 292.779 -438.013 190.429 -438.014 -528.478
GPRESSURE: 700000 -14.328 411.708 312.79 937.467 193.204 -304.825 327.748 -475.405 -353.755
PRESSAVG: 700000 -333.499 54.1512 76.4074 54.1512 -216.335 -4.97778 76.4074 -4.97778 -250.786
GPRESSAVG: 700000 -223.834 -17.8159 59.6882 127.82 -167.89 18.8048 70.1635 -64.9015 -190.871
ENERGY:  700000         3.8218        13.5034         4.0371         0.0000         -10813.3102      1438.8410         0.0000         0.0000      1760.1301          -7592.9768       300.8620     -9353.1070     -7569.0591       300.9054            -89.7159       -58.2928     30295.4613      -428.7456      -343.6697
FEP:     700000        21.3623    -10813.3102      1440.3142

WRITING EXTENDED SYSTEM TO RESTART FILE AT STEP 700000
WRITING COORDINATES TO DCD FILE mobley_7378987_prod.dcd AT STEP 700000
WRITING COORDINATES TO RESTART FILE AT STEP 700000
FINISHED WRITING RESTART COORDINATES
WRITING VELOCITIES TO RESTART FILE AT STEP 700000
FINISHED WRITING RESTART VELOCITIES
PRESSURE: 800000 905.707 97.6313 398.615 97.6304 771.041 177.825 398.616 177.826 482.769
GPRESSURE: 800000 1090.44 96.2529 659.157 -93.5203 920.784 167.107 206.606 -82.1462 541.693
PRESSAVG: 800000 -294.561 73.9104 94.8815 73.9104 -190.557 5.99817 94.8815 5.99817 -263.631
GPRESSAVG: 800000 -180.213 28.0003 96.1114 107.836 -130.326 29.4763 75.0725 -64.9495 -207.672
ENERGY:  800000         5.2641        11.6720         9.0859         0.0000         -10933.6978      1522.9166         0.0000         0.0000      1740.7856          -7643.9736       297.5554     -9384.7592     -7577.3829       300.5331            719.8393       850.9730     29251.1422      -301.1250      -210.9316
FEP:     800000        26.0220    -10933.6978      1522.2823

WRITING EXTENDED SYSTEM TO RESTART FILE AT STEP 800000
WRITING COORDINATES TO DCD FILE mobley_7378987_prod.dcd AT STEP 800000
WRITING COORDINATES TO RESTART FILE AT STEP 800000
FINISHED WRITING RESTART COORDINATES
WRITING VELOCITIES TO RESTART FILE AT STEP 800000
FINISHED WRITING RESTART VELOCITIES
PRESSURE: 900000 -318.599 379.131 120.193 379.132 -1211.53 -110.461 120.199 -110.462 -2134.41
GPRESSURE: 900000 -209.738 265.96 253.672 313.932 -1052.52 32.2653 493.594 -98.7105 -2165.58
PRESSAVG: 900000 -368.393 111.152 83.4648 111.152 -329.568 -7.3918 83.4648 -7.3918 -409.005
GPRESSAVG: 900000 -266.187 76.1562 93.7656 133.916 -261.523 3.11896 79.8606 -65.1174 -346.517
ENERGY:  900000         4.4195        10.5230         3.8350         0.0000         -10699.1240      1320.5488         0.0000         0.0000      1754.8628          -7604.9349       299.9617     -9359.7977     -7580.1381       300.4760          -1221.5127     -1142.6143     30444.5413      -393.1638      -304.0999
FEP:     900000        18.7775    -10699.1240      1320.6763

WRITING EXTENDED SYSTEM TO RESTART FILE AT STEP 900000
WRITING COORDINATES TO DCD FILE mobley_7378987_prod.dcd AT STEP 900000
WRITING COORDINATES TO RESTART FILE AT STEP 900000
FINISHED WRITING RESTART COORDINATES
WRITING VELOCITIES TO RESTART FILE AT STEP 900000
FINISHED WRITING RESTART VELOCITIES
PRESSURE: 1000000 -794.734 -311.55 23.0273 -311.549 -277.015 -26.7096 23.0281 -26.7084 -1226.4
GPRESSURE: 1000000 -1030.97 -388.36 138.372 -230.632 -271.227 166.766 -32.4607 -153.222 -878.108
PRESSAVG: 1000000 -417.434 86.5584 95.6017 86.5584 -328.456 -30.6093 95.6017 -30.6093 -534.471
GPRESSAVG: 1000000 -335.509 49.3073 122.571 115.913 -271.477 -5.87232 72.5765 -81.1985 -445.258
TIMING: 1000000  CPU: 3643.79, 0.000421366/step  Wall: 3731.57, 0.000432636/step, 399.412 ns/days, 0.0600883 hours remaining, 0.000000 MB of memory in use.
PERFORMANCE: 1000000  averaging 394.195 ns/day, 0.000438362 sec/step with standard deviation 6.99263e-06
ETITLE:      TS           BOND          ANGLE          DIHED          IMPRP               ELECT            VDW       BOUNDARY           MISC        KINETIC               TOTAL           TEMP      POTENTIAL       TOTALAVG        TEMPAVG            PRESSURE      GPRESSURE         VOLUME       PRESSAVG      GPRESSAVG
FEPTITLE:    TS          BOND2         ELECT2           VDW2

ENERGY: 1000000         3.1526        14.1384         2.7780         0.0000         -10779.3955      1392.6218         0.0000         0.0000      1725.7137          -7640.9910       294.9792     -9366.7047     -7585.6702       299.9763           -766.0513      -726.7693     30429.2764      -427.0627      -342.5244
FEP:    1000000        20.0690    -10779.3955      1394.5739

WRITING EXTENDED SYSTEM TO RESTART FILE AT STEP 1000000
WRITING COORDINATES TO DCD FILE mobley_7378987_prod.dcd AT STEP 1000000
WRITING COORDINATES TO RESTART FILE AT STEP 1000000
FINISHED WRITING RESTART COORDINATES
WRITING VELOCITIES TO RESTART FILE AT STEP 1000000
FINISHED WRITING RESTART VELOCITIES
PRESSURE: 1100000 -859.758 -228.091 377.158 -228.093 -600.087 257.667 377.159 257.67 -701.925
GPRESSURE: 1100000 -943.692 -331.774 762.812 -372.77 -360.79 340.802 218.787 289.207 -515.376
PRESSAVG: 1100000 -461.819 89.3293 126.791 89.3293 -326.558 -49.3652 126.791 -49.3652 -541.165
GPRESSAVG: 1100000 -393.052 51.9881 179.292 102.396 -259.078 -25.0205 88.7842 -96.1029 -442.527
ENERGY: 1100000         4.6101        10.5908         6.3036         0.0000         -10755.5412      1382.5403         0.0000         0.0000      1733.6035          -7617.8930       296.3278     -9351.4964     -7588.3554       299.6722           -720.5899      -606.6195     30501.3220      -451.5233      -364.5323
FEP:    1100000        21.5045    -10755.5412      1382.4363

WRITING EXTENDED SYSTEM TO RESTART FILE AT STEP 1100000
WRITING COORDINATES TO DCD FILE mobley_7378987_prod.dcd AT STEP 1100000
WRITING COORDINATES TO RESTART FILE AT STEP 1100000
FINISHED WRITING RESTART COORDINATES
WRITING VELOCITIES TO RESTART FILE AT STEP 1100000
FINISHED WRITING RESTART VELOCITIES
PRESSURE: 1200000 300.977 -66.8506 172.955 -66.8488 -687.049 -187.67 172.957 -187.666 -136.488
GPRESSURE: 1200000 217.713 92.4003 -91.0443 -14.2621 -667.562 -251.049 231.606 201.82 -40.9033
PRESSAVG: 1200000 -395.564 75.8791 129.328 75.8791 -338.763 -29.0781 129.328 -29.0781 -489.988
GPRESSAVG: 1200000 -330.423 47.1648 173.64 86.1522 -265.767 -4.30171 87.7112 -69.9767 -401.533
ENERGY: 1200000         5.2146         9.5378         2.2582         0.0000         -10824.5030      1427.7353         0.0000         0.0000      1758.5934          -7621.1636       300.5993     -9379.7570     -7590.8791       299.7436           -174.1864      -163.5842     30031.3933      -430.1897      -349.0748
FEP:    1200000        17.0106    -10824.5030      1428.5228

WRITING EXTENDED SYSTEM TO RESTART FILE AT STEP 1200000
WRITING COORDINATES TO DCD FILE mobley_7378987_prod.dcd AT STEP 1200000
WRITING COORDINATES TO RESTART FILE AT STEP 1200000
FINISHED WRITING RESTART COORDINATES
WRITING VELOCITIES TO RESTART FILE AT STEP 1200000
FINISHED WRITING RESTART VELOCITIES
PRESSURE: 1300000 541.732 20.1822 -301.872 20.1811 1235.22 -359.787 -301.869 -359.786 -453.229
GPRESSURE: 1300000 677.562 173 -129.481 -339.791 1319.07 -265.685 119.26 -525.049 -431.311
PRESSAVG: 1300000 -355.729 74.8057 108.439 74.8057 -245.911 -30.1366 108.439 -30.1366 -479.97
GPRESSAVG: 1300000 -287.779 75.9442 175.602 59.1653 -172.094 1.26767 71.7953 -90.6851 -389.746
ENERGY: 1300000         2.9526        11.9530         3.2471         0.0000         -11004.5972      1523.3039         0.0000         0.0000      1732.1917          -7730.9489       296.0864     -9463.1406     -7600.8841       299.4823            441.2427       521.7744     29655.8820      -367.9445      -286.8713
FEP:    1300000        18.1527    -11004.5972      1524.6109

WRITING EXTENDED SYSTEM TO RESTART FILE AT STEP 1300000
WRITING COORDINATES TO DCD FILE mobley_7378987_prod.dcd AT STEP 1300000
WRITING COORDINATES TO RESTART FILE AT STEP 1300000
FINISHED WRITING RESTART COORDINATES
WRITING VELOCITIES TO RESTART FILE AT STEP 1300000
FINISHED WRITING RESTART VELOCITIES
PRESSURE: 1400000 -668.287 -255.379 184.553 -255.378 -740.74 -403.181 184.556 -403.182 -1335.79
GPRESSURE: 1400000 -718.858 -181.693 603.512 167.14 -545.979 -87.9526 -32.7996 -373.197 -970.839
PRESSAVG: 1400000 -356.347 33.4234 103.38 33.4234 -297.444 -71.1884 103.38 -71.1884 -556.493
GPRESSAVG: 1400000 -303.64 41.437 189.423 31.4641 -214.453 -29.1328 75.5065 -128.881 -451.993
ENERGY: 1400000         3.4374        14.4838         3.0094         0.0000         -10626.0681      1330.1291         0.0000         0.0000      1693.5344          -7581.4741       289.4787     -9275.0085     -7599.5901       298.8154           -914.9395      -745.2253     30216.9786      -404.4108      -317.4282
FEP:    1400000        20.9306    -10626.0681      1329.7013

WRITING EXTENDED SYSTEM TO RESTART FILE AT STEP 1400000
WRITING COORDINATES TO DCD FILE mobley_7378987_prod.dcd AT STEP 1400000
WRITING COORDINATES TO RESTART FILE AT STEP 1400000
FINISHED WRITING RESTART COORDINATES
WRITING VELOCITIES TO RESTART FILE AT STEP 1400000
FINISHED WRITING RESTART VELOCITIES
PRESSURE: 1500000 -118.335 -12.9142 -73.9437 -12.9116 -383.587 -284.262 -73.9384 -284.265 -483.688
GPRESSURE: 1500000 -282.19 -456.006 -487.069 198.338 -184.44 -163.762 52.9476 -486.642 -424.118
PRESSAVG: 1500000 -355.618 11.8753 126.756 11.8753 -342.701 -87.9384 126.756 -87.9384 -617.482
GPRESSAVG: 1500000 -313.973 -5.6924 184.918 25.6109 -260.239 -46.7591 120.523 -136.917 -512.99
ENERGY: 1500000         3.7686        21.2712         3.0801         0.0000         -10714.4347      1378.0136         0.0000         0.0000      1731.1220          -7577.1793       295.9036     -9308.3013     -7598.1894       298.6334           -328.5367      -296.9161     30123.9094      -399.6687      -316.1462
FEP:    1500000        28.1199    -10714.4347      1379.2009

WRITING EXTENDED SYSTEM TO RESTART FILE AT STEP 1500000
WRITING COORDINATES TO DCD FILE mobley_7378987_prod.dcd AT STEP 1500000
WRITING COORDINATES TO RESTART FILE AT STEP 1500000
FINISHED WRITING RESTART COORDINATES
WRITING VELOCITIES TO RESTART FILE AT STEP 1500000
FINISHED WRITING RESTART VELOCITIES
TCL: Running FEP window   7: Lambda1 0.3    Lambda2 0.35   [dLambda 0.04999999999999999]
TCL: Setting parameter firsttimestep to 0
TCL: Setting parameter alchLambda to 0.3
Info: NONBONDED TABLE R-SQUARED SPACING: 0.0625
Info: NONBONDED TABLE SIZE: 705 POINTS
Info: INCONSISTENCY IN FAST TABLE ENERGY VS FORCE: 0.000290481 AT 0.251946
Info: INCONSISTENCY IN SCOR TABLE ENERGY VS FORCE: 0.000238233 AT 8.9687
Info: ABSOLUTE IMPRECISION IN VDWA TABLE ENERGY: 1.21169e-27 AT 8.99653
Info: ABSOLUTE IMPRECISION IN VDWA TABLE FORCE: 2.57484e-27 AT 8.99653
Info: INCONSISTENCY IN VDWA TABLE ENERGY VS FORCE: 0.0040507 AT 0.251946
Info: INCONSISTENCY IN VDWB TABLE ENERGY VS FORCE: 0.00150189 AT 0.251946
TCL: Setting parameter alchLambda2 to 0.35
Info: NONBONDED TABLE R-SQUARED SPACING: 0.0625
Info: NONBONDED TABLE SIZE: 705 POINTS
Info: INCONSISTENCY IN FAST TABLE ENERGY VS FORCE: 0.000290481 AT 0.251946
Info: INCONSISTENCY IN SCOR TABLE ENERGY VS FORCE: 0.000238233 AT 8.9687
Info: ABSOLUTE IMPRECISION IN VDWA TABLE ENERGY: 1.21169e-27 AT 8.99653
Info: ABSOLUTE IMPRECISION IN VDWA TABLE FORCE: 2.57484e-27 AT 8.99653
Info: INCONSISTENCY IN VDWA TABLE ENERGY VS FORCE: 0.0040507 AT 0.251946
Info: INCONSISTENCY IN VDWB TABLE ENERGY VS FORCE: 0.00150189 AT 0.251946
TCL: Running for 1500000 steps
FEP: RESETTING FOR NEW FEP WINDOW LAMBDA SET TO 0.3 LAMBDA2 0.35
FEP: WINDOW TO HAVE 100000 STEPS OF EQUILIBRATION PRIOR TO FEP DATA COLLECTION.
FEP: USING CONSTANT TEMPERATURE OF 300 K FOR FEP CALCULATION
PRESSURE: 0 -236.866 -32.7061 -157.458 -32.706 -477.523 -344.15 -157.449 -344.156 -465.671
GPRESSURE: 0 -272.039 -451.508 -486.987 201.656 -170.241 -169.099 53.0411 -491.903 -415.641
ETITLE:      TS           BOND          ANGLE          DIHED          IMPRP               ELECT            VDW       BOUNDARY           MISC        KINETIC               TOTAL           TEMP      POTENTIAL       TOTALAVG        TEMPAVG            PRESSURE      GPRESSURE         VOLUME       PRESSAVG      GPRESSAVG
FEPTITLE:    TS          BOND2         ELECT2           VDW2

ENERGY:       0         3.7686        21.2712         3.0801         0.0000         -10714.4344      1379.2007         0.0000         0.0000      1730.2421          -7576.8717       295.7532     -9307.1138     -7576.8717       295.7532           -393.3533      -285.9735     30123.9094      -393.3533      -285.9735
FEP:          0        28.1199    -10714.4344      1381.5500

PRESSURE: 100000 -267.639 101.075 500.096 101.076 -559.742 350.602 500.095 350.602 -556.175
GPRESSURE: 100000 -443.038 -168.605 429.64 183.722 -340.189 214.649 408.738 324.572 -465.846
PRESSAVG: 100000 -319.704 41.5041 133.432 41.5041 -357.196 -86.8258 133.432 -86.8258 -580.641
GPRESSAVG: 100000 -296.043 -11.3475 159.16 65.1559 -252.243 -21.6342 133.214 -136.413 -474.251
ENERGY:  100000         3.8580        14.9458         4.3114         0.0000         -10741.8296      1401.3601         0.0000         0.0000      1812.6267          -7504.7276       309.8353     -9317.3543     -7540.7997       302.7943           -461.1852      -416.3573     30562.8469      -427.2692      -351.1654
FEP:     100000        23.1151    -10741.8296      1401.0672

WRITING EXTENDED SYSTEM TO RESTART FILE AT STEP 100000
WRITING COORDINATES TO DCD FILE mobley_7378987_prod.dcd AT STEP 100000
WRITING COORDINATES TO RESTART FILE AT STEP 100000
FINISHED WRITING RESTART COORDINATES
WRITING VELOCITIES TO RESTART FILE AT STEP 100000
FINISHED WRITING RESTART VELOCITIES
PRESSURE: 200000 559.265 -398.029 603.372 -398.026 -226.861 -307.236 603.372 -307.237 -849.351
GPRESSURE: 200000 610.435 -395.339 374.566 -167.187 -356.214 -525.775 814.206 58.8527 -812.478
PRESSAVG: 200000 -285.211 -7.12393 142.286 -7.12393 -392.002 -88.1289 142.286 -88.1289 -628.767
GPRESSAVG: 200000 -262.018 -60.275 154.116 39.0423 -307.982 -15.9444 148.141 -126.82 -510.668
ENERGY:  200000         3.5262        15.6513         3.4256         0.0000         -10717.2299      1389.0863         0.0000         0.0000      1753.6695          -7551.8709       299.7577     -9305.5404     -7544.4901       301.7821           -172.3157      -186.0856     29995.3960      -342.2847      -296.1388
FEP:     200000        22.6031    -10717.2299      1389.9118

WRITING EXTENDED SYSTEM TO RESTART FILE AT STEP 200000
WRITING COORDINATES TO DCD FILE mobley_7378987_prod.dcd AT STEP 200000
WRITING COORDINATES TO RESTART FILE AT STEP 200000
FINISHED WRITING RESTART COORDINATES
WRITING VELOCITIES TO RESTART FILE AT STEP 200000
FINISHED WRITING RESTART VELOCITIES
PRESSURE: 300000 -844.913 -51.1656 110.083 -51.1624 -64.8834 -311.018 110.087 -311.018 -397.255
GPRESSURE: 300000 -652.942 -75.1428 263.363 -176.15 -57.4946 70.5253 -38.6192 -709.52 -344.118
PRESSAVG: 300000 -273.423 -1.29836 124.554 -1.29836 -315.274 -120.703 124.554 -120.703 -589.889
GPRESSAVG: 300000 -239.552 -56.6282 153.436 38.7553 -227.855 -29.6588 127.406 -175.019 -477.334
ENERGY:  300000         3.8356         9.5416         6.5032         0.0000         -10578.4043      1338.7363         0.0000         0.0000      1784.5543          -7435.2334       305.0369     -9219.7877     -7517.1759       302.5958           -435.6839      -351.5179     30400.3505      -365.6345      -309.9836
FEP:     300000        19.8804    -10578.4043      1338.2472

WRITING EXTENDED SYSTEM TO RESTART FILE AT STEP 300000
WRITING COORDINATES TO DCD FILE mobley_7378987_prod.dcd AT STEP 300000
WRITING COORDINATES TO RESTART FILE AT STEP 300000
FINISHED WRITING RESTART COORDINATES
WRITING VELOCITIES TO RESTART FILE AT STEP 300000
FINISHED WRITING RESTART VELOCITIES
PRESSURE: 400000 -597.457 -219.803 47.0669 -219.802 -1215.32 12.4044 47.0719 12.4068 -1173.31
GPRESSURE: 400000 -605.774 -245.224 19.0247 124.588 -890.638 506.199 178.165 -179.338 -1196.24
PRESSAVG: 400000 -247.442 -6.46033 103.21 -6.46033 -292.898 -136.448 103.21 -136.448 -589.073
GPRESSAVG: 400000 -215.351 -61.4072 140.486 53.5543 -189.994 -21.7857 117.474 -196.901 -486.904
ENERGY:  400000         4.7841        20.3480         3.9110         0.0000         -10608.2038      1300.3998         0.0000         0.0000      1750.6256          -7528.1352       299.2374     -9278.7609     -7519.3678       301.9241           -995.3622      -897.5503     30290.5447      -491.5800      -427.4969
FEP:     400000        29.0431    -10608.2038      1300.0042

WRITING EXTENDED SYSTEM TO RESTART FILE AT STEP 400000
WRITING COORDINATES TO DCD FILE mobley_7378987_prod.dcd AT STEP 400000
WRITING COORDINATES TO RESTART FILE AT STEP 400000
FINISHED WRITING RESTART COORDINATES
WRITING VELOCITIES TO RESTART FILE AT STEP 400000
FINISHED WRITING RESTART VELOCITIES
PRESSURE: 500000 450.373 269.804 -147.33 269.803 155.808 186.658 -147.331 186.66 0.340083
GPRESSURE: 500000 472.632 323.489 -456.034 138.785 352.866 406.558 61.1734 235.287 -181.289
PRESSAVG: 500000 -207.947 20.4492 112.266 20.4492 -300.497 -91.9849 112.266 -91.9849 -605.459
GPRESSAVG: 500000 -190.437 -15.8467 120.027 70.6278 -184.16 38.8429 139.993 -151.557 -512.663
ENERGY:  500000         4.2003        14.5142         6.2834         0.0000         -10778.7135      1452.9712         0.0000         0.0000      1776.1099          -7524.6345       303.5935     -9300.7444     -7520.2456       302.2023            202.1739       214.7362     30215.9188      -375.9544      -320.4581
FEP:     500000        24.9979    -10778.7135      1453.5402

WRITING EXTENDED SYSTEM TO RESTART FILE AT STEP 500000
WRITING COORDINATES TO DCD FILE mobley_7378987_prod.dcd AT STEP 500000
WRITING COORDINATES TO RESTART FILE AT STEP 500000
FINISHED WRITING RESTART COORDINATES
WRITING VELOCITIES TO RESTART FILE AT STEP 500000
FINISHED WRITING RESTART VELOCITIES
PRESSURE: 600000 259.218 343.954 -499.074 343.956 -115.223 157.226 -499.081 157.221 641.36
GPRESSURE: 600000 347.739 263.832 -481.13 49.6721 -14.258 470.173 -122.127 225.346 605.241
PRESSAVG: 600000 -184.389 49.7455 69.4487 49.7455 -249.709 -52.0356 69.4487 -52.0356 -526.466
GPRESSAVG: 600000 -166.201 7.90016 81.3376 87.0199 -136.709 81.3387 111.272 -103.157 -437.626
ENERGY:  600000         4.2949        18.3697         1.4816         0.0000         -10873.5111      1495.4189         0.0000         0.0000      1749.6776          -7604.2683       299.0754     -9353.9459     -7532.2488       301.7556            261.7851       312.9076     30086.4769      -284.8487      -229.9773
FEP:     600000        24.1462    -10873.5111      1495.8599

WRITING EXTENDED SYSTEM TO RESTART FILE AT STEP 600000
WRITING COORDINATES TO DCD FILE mobley_7378987_prod.dcd AT STEP 600000
WRITING COORDINATES TO RESTART FILE AT STEP 600000
FINISHED WRITING RESTART COORDINATES
WRITING VELOCITIES TO RESTART FILE AT STEP 600000
FINISHED WRITING RESTART VELOCITIES
PRESSURE: 700000 681.796 -43.8577 39.919 -43.859 -674.71 176.266 39.9221 176.272 -168.726
GPRESSURE: 700000 607.184 -126.698 193.848 55.12 -518.013 -102.653 -171.635 481.747 1.44097
PRESSAVG: 700000 -158.769 36.9994 70.2476 36.9994 -287.455 -34.1884 70.2476 -34.1884 -564.106
GPRESSAVG: 700000 -140.257 -14.7133 86.9022 82.7107 -173.589 78.0867 109.423 -53.1612 -477.14
ENERGY:  700000         3.8567        10.7462         5.4140         0.0000         -10851.7111      1459.8334         0.0000         0.0000      1748.4564          -7623.4045       298.8666     -9371.8608     -7543.6433       301.3945            -53.8801        30.2041     30144.8541      -255.9777      -197.4546
FEP:     700000        20.0169    -10851.7111      1460.8723

WRITING EXTENDED SYSTEM TO RESTART FILE AT STEP 700000
WRITING COORDINATES TO DCD FILE mobley_7378987_prod.dcd AT STEP 700000
WRITING COORDINATES TO RESTART FILE AT STEP 700000
FINISHED WRITING RESTART COORDINATES
WRITING VELOCITIES TO RESTART FILE AT STEP 700000
FINISHED WRITING RESTART VELOCITIES
PRESSURE: 800000 1280.96 139.988 154.942 139.985 1371.61 262.17 154.944 262.171 -308.662
GPRESSURE: 800000 1663.51 76.6439 150.91 95.5193 1435.35 102.963 600.08 241.083 -202.572
PRESSAVG: 800000 -85.1438 22.9091 103.748 22.9091 -175.678 -12.2132 103.748 -12.2132 -578.895
GPRESSAVG: 800000 -64.5749 -35.1367 111.37 70.2894 -60.7024 78.1478 178.301 -31.8309 -489.389
ENERGY:  800000         3.7315        15.2439         2.4911         0.0000         -10863.1866      1526.2706         0.0000         0.0000      1748.2603          -7567.1891       298.8331     -9315.4494     -7546.2595       301.1099            781.3031       965.4295     29748.7113      -140.7242       -68.2453
FEP:     800000        21.4666    -10863.1866      1526.8470

WRITING EXTENDED SYSTEM TO RESTART FILE AT STEP 800000
WRITING COORDINATES TO DCD FILE mobley_7378987_prod.dcd AT STEP 800000
WRITING COORDINATES TO RESTART FILE AT STEP 800000
FINISHED WRITING RESTART COORDINATES
WRITING VELOCITIES TO RESTART FILE AT STEP 800000
FINISHED WRITING RESTART VELOCITIES
PRESSURE: 900000 -49.0132 -473.931 -406.925 -473.931 -340.518 254.615 -406.923 254.613 -765.236
GPRESSURE: 900000 86.0043 -176.149 -304.082 -770.187 -475.919 -22.3642 -714.256 73.1969 -548.612
PRESSAVG: 900000 -12.6294 -17.8672 84.1778 -17.8672 -194.154 -11.5936 84.1778 -11.5936 -567.052
GPRESSAVG: 900000 18.1955 -66.9707 107.29 20.6705 -95.9554 62.8296 142.78 -33.3744 -464.391
ENERGY:  900000         2.3498        11.5460         3.7136         0.0000         -10763.8051      1364.4072         0.0000         0.0000      1774.0961          -7607.6924       303.2492     -9381.7885     -7552.4028       301.3238           -384.9226      -312.8424     29846.4247      -165.1441       -92.7050
FEP:     900000        17.6094    -10763.8051      1363.7176

WRITING EXTENDED SYSTEM TO RESTART FILE AT STEP 900000
WRITING COORDINATES TO DCD FILE mobley_7378987_prod.dcd AT STEP 900000
WRITING COORDINATES TO RESTART FILE AT STEP 900000
FINISHED WRITING RESTART COORDINATES
WRITING VELOCITIES TO RESTART FILE AT STEP 900000
FINISHED WRITING RESTART VELOCITIES
PRESSURE: 1000000 -962.24 476.754 -107.684 476.755 101.061 -81.2736 -107.682 -81.2783 -529.832
GPRESSURE: 1000000 -788.839 358.445 -219.534 409.581 -29.4068 99.9834 347.589 32.8324 -616.157
PRESSAVG: 1000000 -38.563 14.3495 61.4082 14.3495 -182.363 -50.9166 61.4082 -50.9166 -554.508
GPRESSAVG: 1000000 -9.4593 -46.7383 75.3153 35.551 -85.6809 34.2413 150.082 -70.5594 -470.728
TIMING: 1000000  CPU: 4280.12, 0.000420428/step  Wall: 4380.21, 0.000427649/step, 404.07 ns/days, 0.0593956 hours remaining, 0.000000 MB of memory in use.
PERFORMANCE: 1000000  averaging 395.576 ns/day, 0.000436831 sec/step with standard deviation 7.5593e-06
ETITLE:      TS           BOND          ANGLE          DIHED          IMPRP               ELECT            VDW       BOUNDARY           MISC        KINETIC               TOTAL           TEMP      POTENTIAL       TOTALAVG        TEMPAVG            PRESSURE      GPRESSURE         VOLUME       PRESSAVG      GPRESSAVG
FEPTITLE:    TS          BOND2         ELECT2           VDW2

ENERGY: 1000000         3.1732        12.5356         2.2975         0.0000         -10721.6773      1384.2399         0.0000         0.0000      1698.6628          -7620.7682       290.3553     -9319.4310     -7558.6178       300.3267           -463.6706      -478.1340     30287.3983      -192.2828      -127.7440
FEP:    1000000        18.0063    -10721.6773      1385.3948

WRITING EXTENDED SYSTEM TO RESTART FILE AT STEP 1000000
WRITING COORDINATES TO DCD FILE mobley_7378987_prod.dcd AT STEP 1000000
WRITING COORDINATES TO RESTART FILE AT STEP 1000000
FINISHED WRITING RESTART COORDINATES
WRITING VELOCITIES TO RESTART FILE AT STEP 1000000
FINISHED WRITING RESTART VELOCITIES
PRESSURE: 1100000 -655.844 -592.758 0.217427 -592.759 904.889 -1032.15 0.214799 -1032.14 852.668
GPRESSURE: 1100000 -417.431 -680.249 81.6885 -323.156 1180.08 -694.023 -8.4232 -1158.62 611.963
PRESSAVG: 1100000 -69.6827 -42.9254 51.8975 -42.9254 -151.758 -80.623 51.8975 -80.623 -485.451
GPRESSAVG: 1100000 -29.6145 -101.336 63.7602 -27.4801 -36.3373 14.7814 133.274 -104.72 -422.443
ENERGY: 1100000         6.9161        16.6470         3.3365         0.0000         -10784.5675      1466.3385         0.0000         0.0000      1730.2565          -7561.0730       295.7557     -9291.3295     -7558.8224       299.9458            367.2377       458.2025     29866.7266      -145.6561       -78.9151
FEP:    1100000        26.8995    -10784.5675      1466.6036

WRITING EXTENDED SYSTEM TO RESTART FILE AT STEP 1100000
WRITING COORDINATES TO DCD FILE mobley_7378987_prod.dcd AT STEP 1100000
WRITING COORDINATES TO RESTART FILE AT STEP 1100000
FINISHED WRITING RESTART COORDINATES
WRITING VELOCITIES TO RESTART FILE AT STEP 1100000
FINISHED WRITING RESTART VELOCITIES
PRESSURE: 1200000 -623.918 125.215 54.6548 125.215 -972.902 -145.712 54.6571 -145.709 -596.78
GPRESSURE: 1200000 -531.388 -64.5065 40.1508 142.719 -686.245 6.70616 74.3777 -591.352 -697.227
PRESSAVG: 1200000 -146.164 -41.5462 34.6995 -41.5462 -238.955 -96.7997 34.6995 -96.7997 -539.428
GPRESSAVG: 1200000 -110.706 -109.374 32.8099 -15.6682 -116.689 6.76137 126.662 -130.181 -484.389
ENERGY: 1200000         5.3718         9.9966         3.4388         0.0000         -10752.9157      1362.9366         0.0000         0.0000      1782.6632          -7588.5086       304.7136     -9371.1718     -7561.1060       300.3125           -731.2001      -638.2865     30298.3635      -190.6980      -121.9437
FEP:    1200000        18.8073    -10752.9157      1362.5625

WRITING EXTENDED SYSTEM TO RESTART FILE AT STEP 1200000
WRITING COORDINATES TO DCD FILE mobley_7378987_prod.dcd AT STEP 1200000
WRITING COORDINATES TO RESTART FILE AT STEP 1200000
FINISHED WRITING RESTART COORDINATES
WRITING VELOCITIES TO RESTART FILE AT STEP 1200000
FINISHED WRITING RESTART VELOCITIES
PRESSURE: 1300000 -250.069 -4.72007 -317.79 -4.71904 -301.421 63.9535 -317.789 63.9618 309.102
GPRESSURE: 1300000 -33.7964 101.851 -286.358 8.52812 -420.95 -40.0506 -306.423 442.437 526.901
PRESSAVG: 1300000 -142.737 -60.7387 12.8001 -60.7387 -193.449 -88.0785 12.8001 -88.0785 -417.253
GPRESSAVG: 1300000 -101.909 -117.58 5.8084 -30.9384 -85.1102 3.14558 86.6614 -103.123 -349.764
ENERGY: 1300000         4.5237        12.1113         3.7649         0.0000         -10775.2809      1425.7668         0.0000         0.0000      1842.7981          -7486.3161       314.9926     -9329.1142     -7555.7638       301.3611            -80.7960        24.0514     30050.4322      -182.8478      -111.5155
FEP:    1300000        20.3999    -10775.2808      1425.0587

WRITING EXTENDED SYSTEM TO RESTART FILE AT STEP 1300000
WRITING COORDINATES TO DCD FILE mobley_7378987_prod.dcd AT STEP 1300000
WRITING COORDINATES TO RESTART FILE AT STEP 1300000
FINISHED WRITING RESTART COORDINATES
WRITING VELOCITIES TO RESTART FILE AT STEP 1300000
FINISHED WRITING RESTART VELOCITIES
PRESSURE: 1400000 26.9056 -668.926 -45.1585 -668.927 643.315 526.13 -45.1631 526.129 702.857
GPRESSURE: 1400000 -305.558 -746.97 -178.393 -413.125 860.5 357.008 -170.21 571.759 897.091
PRESSAVG: 1400000 -101.655 -78.6076 9.39053 -78.6076 -147.433 -60.4366 9.39053 -60.4366 -320.79
GPRESSAVG: 1400000 -65.6382 -135.51 -10.0299 -40.063 -28.5238 12.6577 79.7739 -66.8742 -261.004
ENERGY: 1400000         3.9556        14.4470         2.9377         0.0000         -10848.5784      1485.9998         0.0000         0.0000      1750.5344          -7590.7039       299.2218     -9341.2383     -7558.0932       301.2185            457.6925       484.0112     30159.8519      -140.1451       -71.8137
FEP:    1400000        21.3404    -10848.5784      1486.4106

WRITING EXTENDED SYSTEM TO RESTART FILE AT STEP 1400000
WRITING COORDINATES TO DCD FILE mobley_7378987_prod.dcd AT STEP 1400000
WRITING COORDINATES TO RESTART FILE AT STEP 1400000
FINISHED WRITING RESTART COORDINATES
WRITING VELOCITIES TO RESTART FILE AT STEP 1400000
FINISHED WRITING RESTART VELOCITIES
PRESSURE: 1500000 -916.59 -262.684 250.035 -262.685 324.567 -203.282 250.034 -203.287 -780.289
GPRESSURE: 1500000 -1056.71 -248.341 -98.0259 138.883 369.193 142.11 273.652 -231.535 -446.675
PRESSAVG: 1500000 -104.497 -80.3372 3.03429 -80.3372 -101.2 -83.4845 3.03429 -83.4845 -324.708
GPRESSAVG: 1500000 -71.2891 -131.338 -53.0718 -14.4804 7.97533 2.72314 82.5171 -92.9112 -257.569
ENERGY: 1500000         3.9624        15.0634         2.8487         0.0000         -10631.7712      1364.6675         0.0000         0.0000      1702.8247          -7542.4044       291.0667     -9245.2291     -7557.1126       300.5840           -457.4372      -378.0644     30530.6135      -159.9759       -90.9544
FEP:    1500000        21.8746    -10631.7712      1364.6260

WRITING EXTENDED SYSTEM TO RESTART FILE AT STEP 1500000
WRITING COORDINATES TO DCD FILE mobley_7378987_prod.dcd AT STEP 1500000
WRITING COORDINATES TO RESTART FILE AT STEP 1500000
FINISHED WRITING RESTART COORDINATES
WRITING VELOCITIES TO RESTART FILE AT STEP 1500000
FINISHED WRITING RESTART VELOCITIES
TCL: Running FEP window   8: Lambda1 0.35   Lambda2 0.39999999999999997 [dLambda 0.04999999999999999]
TCL: Setting parameter firsttimestep to 0
TCL: Setting parameter alchLambda to 0.35
Info: NONBONDED TABLE R-SQUARED SPACING: 0.0625
Info: NONBONDED TABLE SIZE: 705 POINTS
Info: INCONSISTENCY IN FAST TABLE ENERGY VS FORCE: 0.000290481 AT 0.251946
Info: INCONSISTENCY IN SCOR TABLE ENERGY VS FORCE: 0.000238233 AT 8.9687
Info: ABSOLUTE IMPRECISION IN VDWA TABLE ENERGY: 1.21169e-27 AT 8.99653
Info: ABSOLUTE IMPRECISION IN VDWA TABLE FORCE: 2.57484e-27 AT 8.99653
Info: INCONSISTENCY IN VDWA TABLE ENERGY VS FORCE: 0.0040507 AT 0.251946
Info: INCONSISTENCY IN VDWB TABLE ENERGY VS FORCE: 0.00150189 AT 0.251946
TCL: Setting parameter alchLambda2 to 0.39999999999999997
Info: NONBONDED TABLE R-SQUARED SPACING: 0.0625
Info: NONBONDED TABLE SIZE: 705 POINTS
Info: INCONSISTENCY IN FAST TABLE ENERGY VS FORCE: 0.000290481 AT 0.251946
Info: INCONSISTENCY IN SCOR TABLE ENERGY VS FORCE: 0.000238233 AT 8.9687
Info: ABSOLUTE IMPRECISION IN VDWA TABLE ENERGY: 1.21169e-27 AT 8.99653
Info: ABSOLUTE IMPRECISION IN VDWA TABLE FORCE: 2.57484e-27 AT 8.99653
Info: INCONSISTENCY IN VDWA TABLE ENERGY VS FORCE: 0.0040507 AT 0.251946
Info: INCONSISTENCY IN VDWB TABLE ENERGY VS FORCE: 0.00150189 AT 0.251946
TCL: Running for 1500000 steps
FEP: RESETTING FOR NEW FEP WINDOW LAMBDA SET TO 0.35 LAMBDA2 0.4
FEP: WINDOW TO HAVE 100000 STEPS OF EQUILIBRATION PRIOR TO FEP DATA COLLECTION.
FEP: USING CONSTANT TEMPERATURE OF 300 K FOR FEP CALCULATION
PRESSURE: 0 -1067.54 -264.005 275.745 -264.008 393.798 -159.538 275.744 -159.543 -672.953
GPRESSURE: 0 -1048.65 -250.345 -97.4067 138.089 368.71 141.451 273.671 -233.828 -440.084
ETITLE:      TS           BOND          ANGLE          DIHED          IMPRP               ELECT            VDW       BOUNDARY           MISC        KINETIC               TOTAL           TEMP      POTENTIAL       TOTALAVG        TEMPAVG            PRESSURE      GPRESSURE         VOLUME       PRESSAVG      GPRESSAVG
FEPTITLE:    TS          BOND2         ELECT2           VDW2

ENERGY:       0         3.9624        15.0634         2.8487         0.0000         -10631.7710      1364.6258         0.0000         0.0000      1702.0176          -7543.2530       290.9287     -9245.2706     -7543.2530       290.9287           -448.8997      -373.3404     30530.6135      -448.8997      -373.3404
FEP:          0        21.8746    -10631.7710      1365.0223

PRESSURE: 100000 -829.606 -309.923 241.191 -309.922 -1114.25 -35.0187 241.192 -35.0151 146.064
GPRESSURE: 100000 -662.968 -97.941 400.758 -180.468 -1078.58 -144.395 312.409 36.0074 91.8058
PRESSAVG: 100000 -241.49 -106.7 35.3267 -106.7 -164.632 -65.8398 35.3267 -65.8398 -321.566
GPRESSAVG: 100000 -201.634 -162.023 -26.8779 1.10334 -60.0937 28.4127 94.2778 -86.6408 -251.373
ENERGY:  100000         7.4521        11.9642         4.4934         0.0000         -10794.7654      1409.7271         0.0000         0.0000      1771.8507          -7589.2779       302.8654     -9361.1286     -7566.2655       296.8971           -599.2635      -549.9137     30720.6886      -524.0816      -461.6271
FEP:     100000        23.9097    -10794.7654      1409.3505

WRITING EXTENDED SYSTEM TO RESTART FILE AT STEP 100000
WRITING COORDINATES TO DCD FILE mobley_7378987_prod.dcd AT STEP 100000
WRITING COORDINATES TO RESTART FILE AT STEP 100000
FINISHED WRITING RESTART COORDINATES
WRITING VELOCITIES TO RESTART FILE AT STEP 100000
FINISHED WRITING RESTART VELOCITIES
PRESSURE: 200000 -151.133 70.1058 -97.3996 70.1077 -218.946 221.408 -97.3962 221.405 631.629
GPRESSURE: 200000 89.5684 137.242 -304.791 -21.8012 -53.0674 -5.3069 -216.957 409.489 506.04
PRESSAVG: 200000 -215.632 -90.426 21.2291 -90.426 -138.542 -34.6104 21.2291 -34.6104 -223.195
GPRESSAVG: 200000 -161.212 -146.076 -72.2931 -8.34372 -35.4481 32.5449 85.07 -47.5065 -177.529
ENERGY:  200000         5.9452        12.5183         4.1544         0.0000         -10756.2950      1428.8777         0.0000         0.0000      1721.7220          -7583.0774       294.2969     -9304.7995     -7571.8695       296.0303             87.1833       180.8469     29845.0216      -320.3266      -247.4691
FEP:     200000        22.6178    -10756.2950      1428.4868

WRITING EXTENDED SYSTEM TO RESTART FILE AT STEP 200000
WRITING COORDINATES TO DCD FILE mobley_7378987_prod.dcd AT STEP 200000
WRITING COORDINATES TO RESTART FILE AT STEP 200000
FINISHED WRITING RESTART COORDINATES
WRITING VELOCITIES TO RESTART FILE AT STEP 200000
FINISHED WRITING RESTART VELOCITIES
PRESSURE: 300000 -505.156 52.1553 57.6229 52.1567 1789.91 -407.901 57.6208 -407.899 804.371
GPRESSURE: 300000 -284.203 -401.041 -389.582 603.973 1933.7 -650.548 607.084 -313.334 685.795
PRESSAVG: 300000 -234.973 -87.1726 27.8071 -87.1726 -29.8668 -40.7922 27.8071 -40.7922 -158.792
GPRESSAVG: 300000 -161.313 -143.328 -67.4187 11.9381 70.4589 8.20562 112.777 -38.8412 -122.033
ENERGY:  300000         5.2391        11.0103         3.8875         0.0000         -10893.4392      1511.4181         0.0000         0.0000      1732.5421          -7629.3421       296.1464     -9361.8843     -7586.2376       296.0593            696.3769       778.4306     29884.7207       -66.1508         9.0058
FEP:     300000        20.1368    -10893.4392      1511.5387

WRITING EXTENDED SYSTEM TO RESTART FILE AT STEP 300000
WRITING COORDINATES TO DCD FILE mobley_7378987_prod.dcd AT STEP 300000
WRITING COORDINATES TO RESTART FILE AT STEP 300000
FINISHED WRITING RESTART COORDINATES
WRITING VELOCITIES TO RESTART FILE AT STEP 300000
FINISHED WRITING RESTART VELOCITIES
PRESSURE: 400000 -252.406 387.869 944.788 387.871 -104.569 263.095 944.79 263.099 -245.262
GPRESSURE: 400000 -107.414 332.615 1161.1 570.346 -86.8191 362.967 729.723 -34.6188 -114.31
PRESSAVG: 400000 -235.75 -66.1438 82.919 -66.1438 -11.2191 -10.4294 82.919 -10.4294 -147.772
GPRESSAVG: 400000 -153.082 -104.122 14.9858 30.3726 74.63 34.8089 146.611 -15.977 -106.966
ENERGY:  400000         6.5499        10.9522         1.6754         0.0000         -10770.9171      1419.7838         0.0000         0.0000      1788.7290          -7543.2269       305.7505     -9331.9558     -7577.6355       297.9976           -200.7455      -102.8476     30198.7998       -93.0697       -13.3649
FEP:     400000        19.1775    -10770.9171      1420.2196

WRITING EXTENDED SYSTEM TO RESTART FILE AT STEP 400000
WRITING COORDINATES TO DCD FILE mobley_7378987_prod.dcd AT STEP 400000
WRITING COORDINATES TO RESTART FILE AT STEP 400000
FINISHED WRITING RESTART COORDINATES
WRITING VELOCITIES TO RESTART FILE AT STEP 400000
FINISHED WRITING RESTART VELOCITIES
PRESSURE: 500000 1036.95 -339.251 221.608 -339.252 545.941 -394.386 221.611 -394.383 309.703
GPRESSURE: 500000 1154.52 -158.098 700.076 -345.215 386.729 -314.356 98.5355 -113.551 521.606
PRESSAVG: 500000 -170.521 -88.1602 68.9948 -88.1602 44.065 -47.6786 68.9948 -47.6786 -104.478
GPRESSAVG: 500000 -73.2039 -103.596 28.5076 3.92577 110.976 8.35865 131.101 -37.8832 -57.5938
ENERGY:  500000         4.1224        14.7698         4.3930         0.0000         -10911.1366      1498.7062         0.0000         0.0000      1792.5699          -7596.5752       306.4070     -9389.1451     -7580.7921       299.3991            630.8636       687.6178     29704.1810        27.5859       103.4656
FEP:     500000        23.2853    -10911.1366      1498.3889

WRITING EXTENDED SYSTEM TO RESTART FILE AT STEP 500000
WRITING COORDINATES TO DCD FILE mobley_7378987_prod.dcd AT STEP 500000
WRITING COORDINATES TO RESTART FILE AT STEP 500000
FINISHED WRITING RESTART COORDINATES
WRITING VELOCITIES TO RESTART FILE AT STEP 500000
FINISHED WRITING RESTART VELOCITIES
PRESSURE: 600000 1560.76 647.41 217.286 647.411 1293.91 -757.702 217.283 -757.708 137.915
GPRESSURE: 600000 1692.36 719.634 425.726 261.092 1231.89 -720.093 155.655 -595.935 147.705
PRESSAVG: 600000 -120.446 -35.8883 49.6903 -35.8883 120.104 -70.2022 49.6903 -70.2022 -55.1149
GPRESSAVG: 600000 -19.1075 -47.8476 31.0656 25.3398 190.381 -1.35723 98.1732 -70.6226 -9.58463
ENERGY:  600000         4.8083        11.6173         4.1263         0.0000         -10914.5890      1512.1590         0.0000         0.0000      1774.5163          -7607.3619       303.3211     -9381.8782     -7584.5878       299.9594            997.5313      1023.9877     29651.8179       166.1495       234.9687
FEP:     600000        20.5519    -10914.5890      1511.7236

WRITING EXTENDED SYSTEM TO RESTART FILE AT STEP 600000
WRITING COORDINATES TO DCD FILE mobley_7378987_prod.dcd AT STEP 600000
WRITING COORDINATES TO RESTART FILE AT STEP 600000
FINISHED WRITING RESTART COORDINATES
WRITING VELOCITIES TO RESTART FILE AT STEP 600000
FINISHED WRITING RESTART VELOCITIES
PRESSURE: 700000 32.4711 250.991 -664.462 250.989 122.392 -585.512 -664.464 -585.516 -591.131
GPRESSURE: 700000 234.86 419.786 -420.372 177.384 231.392 -511.763 -626.971 -554.924 -504.476
PRESSAVG: 700000 -76.5768 -20.7807 10.9628 -20.7807 129.468 -83.9271 10.9628 -83.9271 -64.8086
GPRESSAVG: 700000 25.2826 -23.1012 -3.12115 43.0165 204.826 -30.4716 68.7557 -62.8927 -17.6026
ENERGY:  700000         5.9668        10.1360         3.7484         0.0000         -10748.0958      1418.6224         0.0000         0.0000      1771.9916          -7537.6307       302.8895     -9309.6223     -7578.7181       300.3257           -145.4228       -12.7416     30217.7268       127.2030       204.0049
FEP:     700000        19.8511    -10748.0958      1418.7644

WRITING EXTENDED SYSTEM TO RESTART FILE AT STEP 700000
WRITING COORDINATES TO DCD FILE mobley_7378987_prod.dcd AT STEP 700000
WRITING COORDINATES TO RESTART FILE AT STEP 700000
FINISHED WRITING RESTART COORDINATES
WRITING VELOCITIES TO RESTART FILE AT STEP 700000
FINISHED WRITING RESTART VELOCITIES
PRESSURE: 800000 -99.0683 128.304 -97.4386 128.302 756.338 -574.228 -97.4367 -574.226 -103.004
GPRESSURE: 800000 -196.454 362.272 -222.949 36.0471 842.646 -539.684 -165.196 -773.55 160.227
PRESSAVG: 800000 -51.6574 -3.37551 3.73738 -3.37551 228.05 -113.259 3.73738 -113.259 -11.2933
GPRESSAVG: 800000 45.7486 7.27362 -15.2198 38.5894 291.49 -82.7658 51.5876 -92.6033 50.2207
ENERGY:  800000         5.5699         8.6395         7.6812         0.0000         -10853.2676      1458.3270         0.0000         0.0000      1751.3088          -7621.7414       299.3542     -9373.0501     -7583.4985       300.2177            184.7556       268.8064     29777.8571       133.5977       211.2051
FEP:     800000        21.8905    -10853.2676      1458.7231

WRITING EXTENDED SYSTEM TO RESTART FILE AT STEP 800000
WRITING COORDINATES TO DCD FILE mobley_7378987_prod.dcd AT STEP 800000
WRITING COORDINATES TO RESTART FILE AT STEP 800000
FINISHED WRITING RESTART COORDINATES
WRITING VELOCITIES TO RESTART FILE AT STEP 800000
FINISHED WRITING RESTART VELOCITIES
PRESSURE: 900000 -443.038 -174.124 209.318 -174.122 1074.52 -108.229 209.322 -108.222 378.241
GPRESSURE: 900000 -575.472 -228.328 73.9228 -444.75 1195.17 -209.674 292.717 -206.814 351.072
PRESSAVG: 900000 -96.328 -25.5718 21.57 -25.5718 273.986 -128.003 21.57 -128.003 7.60176
GPRESSAVG: 900000 -6.65655 -20.3172 11.278 9.41264 333.605 -113.577 63.1647 -114.708 76.8388
ENERGY:  900000         5.4421        14.0585         2.1320         0.0000         -10791.9129      1476.2621         0.0000         0.0000      1751.3868          -7542.6314       299.3675     -9294.0182     -7579.4118       300.1327            336.5751       323.5912     30066.3278       153.8954       222.4437
FEP:     900000        21.6326    -10791.9129      1476.0440

WRITING EXTENDED SYSTEM TO RESTART FILE AT STEP 900000
WRITING COORDINATES TO DCD FILE mobley_7378987_prod.dcd AT STEP 900000
WRITING COORDINATES TO RESTART FILE AT STEP 900000
FINISHED WRITING RESTART COORDINATES
WRITING VELOCITIES TO RESTART FILE AT STEP 900000
FINISHED WRITING RESTART VELOCITIES
PRESSURE: 1000000 -686.652 -40.8984 -471.076 -40.8975 -618.485 -206.333 -471.079 -206.336 -458.132
GPRESSURE: 1000000 -524.177 -83.796 -811.543 98.8392 -627.807 -412.038 -47.6385 -236.764 -470.118
PRESSAVG: 1000000 -143.621 -44.8145 22.9701 -44.8145 248.823 -146.181 22.9701 -146.181 -47.3729
GPRESSAVG: 1000000 -50.2524 -37.6986 -5.2426 11.871 302.928 -157.688 66.8892 -137.814 23.0708
TIMING: 1000000  CPU: 4916.3, 0.000426782/step  Wall: 5028.69, 0.000434501/step, 397.697 ns/days, 0.0603474 hours remaining, 0.000000 MB of memory in use.
PERFORMANCE: 1000000  averaging 395.84 ns/day, 0.00043654 sec/step with standard deviation 7.04686e-06
ETITLE:      TS           BOND          ANGLE          DIHED          IMPRP               ELECT            VDW       BOUNDARY           MISC        KINETIC               TOTAL           TEMP      POTENTIAL       TOTALAVG        TEMPAVG            PRESSURE      GPRESSURE         VOLUME       PRESSAVG      GPRESSAVG
FEPTITLE:    TS          BOND2         ELECT2           VDW2

ENERGY: 1000000        11.4287        16.8420         2.2109         0.0000         -10768.4973      1368.1203         0.0000         0.0000      1764.7588          -7605.1366       301.6532     -9369.8955     -7581.7504       300.2709           -587.7561      -540.7006     30001.9819        86.4726       153.0670
FEP:    1000000        30.4815    -10768.4973      1368.3231

WRITING EXTENDED SYSTEM TO RESTART FILE AT STEP 1000000
WRITING COORDINATES TO DCD FILE mobley_7378987_prod.dcd AT STEP 1000000
WRITING COORDINATES TO RESTART FILE AT STEP 1000000
FINISHED WRITING RESTART COORDINATES
WRITING VELOCITIES TO RESTART FILE AT STEP 1000000
FINISHED WRITING RESTART VELOCITIES
PRESSURE: 1100000 -605.635 216.181 -64.5014 216.184 445.753 -509.012 -64.5049 -509.013 -4.88239
GPRESSURE: 1100000 -930.52 377.08 -367.803 -103.323 654.231 -219.062 291.001 -615.87 200.867
PRESSAVG: 1100000 -207.993 -31.8123 17.7488 -31.8123 304.846 -180.445 17.7488 -180.445 -39.1807
GPRESSAVG: 1100000 -127.138 -12.5097 -33.3252 3.94883 361.54 -163.508 90.0209 -192.695 33.0421
ENERGY: 1100000         6.9451        15.0116         2.2930         0.0000         -10824.3180      1467.7829         0.0000         0.0000      1718.6971          -7613.5882       293.7798     -9332.2853     -7584.4036       299.7300            -54.9214       -25.1409     30213.3344        74.6897       138.2163
FEP:    1100000        24.2498    -10824.3180      1468.4854

WRITING EXTENDED SYSTEM TO RESTART FILE AT STEP 1100000
WRITING COORDINATES TO DCD FILE mobley_7378987_prod.dcd AT STEP 1100000
WRITING COORDINATES TO RESTART FILE AT STEP 1100000
FINISHED WRITING RESTART COORDINATES
WRITING VELOCITIES TO RESTART FILE AT STEP 1100000
FINISHED WRITING RESTART VELOCITIES
PRESSURE: 1200000 -311.69 21.6548 171.083 21.6569 -396.712 332.437 171.081 332.434 20.8628
GPRESSURE: 1200000 -389.359 -61.3719 472.485 -40.3602 -435.312 319.412 200.686 134.578 260.889
PRESSAVG: 1200000 -287.626 -37.7287 18.5556 -37.7287 216.43 -176.932 18.5556 -176.932 -22.7045
GPRESSAVG: 1200000 -229.781 -19.4105 -17.2464 -2.84515 268.007 -152.686 70.0512 -198.02 56.2152
ENERGY: 1200000         2.7160        11.0731         5.6725         0.0000         -10797.9993      1439.1944         0.0000         0.0000      1773.3631          -7565.9803       303.1239     -9339.3434     -7582.9864       299.9911           -229.1796      -187.9272     30325.4021        51.3152       113.1283
FEP:    1200000        19.4615    -10797.9993      1438.8591

WRITING EXTENDED SYSTEM TO RESTART FILE AT STEP 1200000
WRITING COORDINATES TO DCD FILE mobley_7378987_prod.dcd AT STEP 1200000
WRITING COORDINATES TO RESTART FILE AT STEP 1200000
FINISHED WRITING RESTART COORDINATES
WRITING VELOCITIES TO RESTART FILE AT STEP 1200000
FINISHED WRITING RESTART VELOCITIES
PRESSURE: 1300000 479.201 -637.723 93.1083 -637.725 920.913 -937.173 93.1063 -937.173 570.891
GPRESSURE: 1300000 579.714 -763.37 30.0065 -539.018 926.214 -1123.74 -61.6953 -978.746 526.131
PRESSAVG: 1300000 -261.215 -45.9184 43.557 -45.9184 279.502 -236.521 43.557 -236.521 44.1019
GPRESSAVG: 1300000 -205.096 -48.7715 -0.541962 8.71331 338.114 -207.755 102.679 -250.617 109.952
ENERGY: 1300000         5.3371        15.9338         1.5307         0.0000         -10807.2507      1454.3555         0.0000         0.0000      1755.4360          -7574.6576       300.0596     -9330.0936     -7582.3915       299.9960            657.0016       677.3530     29658.6780        94.5785       153.4301
FEP:    1300000        22.8016    -10807.2507      1453.8898

WRITING EXTENDED SYSTEM TO RESTART FILE AT STEP 1300000
WRITING COORDINATES TO DCD FILE mobley_7378987_prod.dcd AT STEP 1300000
WRITING COORDINATES TO RESTART FILE AT STEP 1300000
FINISHED WRITING RESTART COORDINATES
WRITING VELOCITIES TO RESTART FILE AT STEP 1300000
FINISHED WRITING RESTART VELOCITIES
PRESSURE: 1400000 -293.273 -110.063 100.88 -110.063 -654.423 -46.274 100.879 -46.2721 181.963
GPRESSURE: 1400000 -345.697 -123.373 53.2197 -57.3213 -571.174 -179.978 -161.736 43.4594 320.39
PRESSAVG: 1400000 -227.767 -75.2593 53.9851 -75.2593 241.728 -234.771 53.9851 -234.771 79.6917
GPRESSAVG: 1400000 -182.938 -72.8624 13.0957 -14.6318 311.025 -221.753 77.213 -250.086 156.78
ENERGY: 1400000         4.7668        13.0693         5.0317         0.0000         -10816.0173      1422.6547         0.0000         0.0000      1719.0397          -7651.4550       293.8384     -9370.4946     -7586.9957       299.5855           -255.2446      -198.8269     30331.5704        71.2569       129.9463
FEP:    1400000        22.8679    -10816.0173      1422.5848

WRITING EXTENDED SYSTEM TO RESTART FILE AT STEP 1400000
WRITING COORDINATES TO DCD FILE mobley_7378987_prod.dcd AT STEP 1400000
WRITING COORDINATES TO RESTART FILE AT STEP 1400000
FINISHED WRITING RESTART COORDINATES
WRITING VELOCITIES TO RESTART FILE AT STEP 1400000
FINISHED WRITING RESTART VELOCITIES
PRESSURE: 1500000 875.31 339.944 -383.209 339.944 1234.77 -519.662 -383.206 -519.661 1256.07
GPRESSURE: 1500000 768.542 21.4859 -187.728 414.158 1558.5 74.9107 -476.874 -558.175 1213.28
PRESSAVG: 1500000 -151.209 -28.6241 34.814 -28.6241 258.222 -209.147 34.814 -209.147 99.8617
GPRESSAVG: 1500000 -123.64 -37.7757 -0.375107 22.2339 329.946 -183.306 53.7905 -220.063 186.845
ENERGY: 1500000         4.3085        10.9845         3.1995         0.0000         -10986.7375      1568.9971         0.0000         0.0000      1749.3106          -7649.9371       299.0126     -9399.2478     -7590.9295       299.5497           1122.0504      1180.1060     29763.4565       136.9315       195.5813
FEP:    1500000        18.4926    -10986.7375      1570.5563

WRITING EXTENDED SYSTEM TO RESTART FILE AT STEP 1500000
WRITING COORDINATES TO DCD FILE mobley_7378987_prod.dcd AT STEP 1500000
WRITING COORDINATES TO RESTART FILE AT STEP 1500000
FINISHED WRITING RESTART COORDINATES
WRITING VELOCITIES TO RESTART FILE AT STEP 1500000
FINISHED WRITING RESTART VELOCITIES
TCL: Running FEP window   9: Lambda1 0.39999999999999997 Lambda2 0.44999999999999996 [dLambda 0.04999999999999999]
TCL: Setting parameter firsttimestep to 0
TCL: Setting parameter alchLambda to 0.39999999999999997
Info: NONBONDED TABLE R-SQUARED SPACING: 0.0625
Info: NONBONDED TABLE SIZE: 705 POINTS
Info: INCONSISTENCY IN FAST TABLE ENERGY VS FORCE: 0.000290481 AT 0.251946
Info: INCONSISTENCY IN SCOR TABLE ENERGY VS FORCE: 0.000238233 AT 8.9687
Info: ABSOLUTE IMPRECISION IN VDWA TABLE ENERGY: 1.21169e-27 AT 8.99653
Info: ABSOLUTE IMPRECISION IN VDWA TABLE FORCE: 2.57484e-27 AT 8.99653
Info: INCONSISTENCY IN VDWA TABLE ENERGY VS FORCE: 0.0040507 AT 0.251946
Info: INCONSISTENCY IN VDWB TABLE ENERGY VS FORCE: 0.00150189 AT 0.251946
TCL: Setting parameter alchLambda2 to 0.44999999999999996
Info: NONBONDED TABLE R-SQUARED SPACING: 0.0625
Info: NONBONDED TABLE SIZE: 705 POINTS
Info: INCONSISTENCY IN FAST TABLE ENERGY VS FORCE: 0.000290481 AT 0.251946
Info: INCONSISTENCY IN SCOR TABLE ENERGY VS FORCE: 0.000238233 AT 8.9687
Info: ABSOLUTE IMPRECISION IN VDWA TABLE ENERGY: 1.21169e-27 AT 8.99653
Info: ABSOLUTE IMPRECISION IN VDWA TABLE FORCE: 2.57484e-27 AT 8.99653
Info: INCONSISTENCY IN VDWA TABLE ENERGY VS FORCE: 0.0040507 AT 0.251946
Info: INCONSISTENCY IN VDWB TABLE ENERGY VS FORCE: 0.00150189 AT 0.251946
TCL: Running for 1500000 steps
FEP: RESETTING FOR NEW FEP WINDOW LAMBDA SET TO 0.4 LAMBDA2 0.45
FEP: WINDOW TO HAVE 100000 STEPS OF EQUILIBRATION PRIOR TO FEP DATA COLLECTION.
FEP: USING CONSTANT TEMPERATURE OF 300 K FOR FEP CALCULATION
PRESSURE: 0 797.999 309.767 -326.789 309.768 1386.73 -537.372 -326.784 -537.375 1165.82
GPRESSURE: 0 795.058 13.2565 -198.726 403.633 1578.14 81.4008 -487.641 -548.882 1226.28
ETITLE:      TS           BOND          ANGLE          DIHED          IMPRP               ELECT            VDW       BOUNDARY           MISC        KINETIC               TOTAL           TEMP      POTENTIAL       TOTALAVG        TEMPAVG            PRESSURE      GPRESSURE         VOLUME       PRESSAVG      GPRESSAVG
FEPTITLE:    TS          BOND2         ELECT2           VDW2

ENERGY:       0         4.3085        10.9845         3.1995         0.0000         -10986.7363      1570.5564         0.0000         0.0000      1748.4700          -7649.2174       298.8689     -9397.6874     -7649.2174       298.8689           1116.8494      1199.8256     29763.4565      1116.8494      1199.8256
FEP:          0        18.4926    -10986.7363      1573.5412

PRESSURE: 100000 -607.255 -532.207 -359.67 -532.204 -585.767 -86.0132 -359.668 -86.0152 -104.789
GPRESSURE: 100000 -454.53 -634.303 -304.411 -742.635 -697.55 173.109 -20.711 -455.992 3.11861
PRESSAVG: 100000 -97.9723 -45.7707 13.648 -45.7707 361.986 -236.229 13.648 -236.229 167.297
GPRESSAVG: 100000 -78.3542 -70.6953 -13.2216 -2.2786 429.336 -168.913 39.9752 -262.861 256.831
ENERGY:  100000         2.2793        13.4836         4.0440         0.0000         -10758.3081      1391.2650         0.0000         0.0000      1736.7589          -7610.4774       296.8671     -9347.2363     -7629.8474       297.8680           -432.6037      -382.9872     30206.2194       342.1228       408.4192
FEP:     100000        19.8068    -10758.3081      1391.3086

WRITING EXTENDED SYSTEM TO RESTART FILE AT STEP 100000
WRITING COORDINATES TO DCD FILE mobley_7378987_prod.dcd AT STEP 100000
WRITING COORDINATES TO RESTART FILE AT STEP 100000
FINISHED WRITING RESTART COORDINATES
WRITING VELOCITIES TO RESTART FILE AT STEP 100000
FINISHED WRITING RESTART VELOCITIES
PRESSURE: 200000 -1324.96 609.092 1.01051 609.091 -353.785 400.91 1.01108 400.914 -670.211
GPRESSURE: 200000 -985.85 250.073 192.186 493.037 -642.513 169.281 -297.486 474.019 -501.468
PRESSAVG: 200000 -165.566 18.1302 15.9567 18.1302 312.131 -242.49 15.9567 -242.49 98.6437
GPRESSAVG: 200000 -112.369 -20.8431 5.30733 43.0295 354.185 -178.3 33.6114 -267.748 186.903
ENERGY:  200000         4.6265        13.6650         3.5784         0.0000         -10534.1378      1304.2137         0.0000         0.0000      1730.0701          -7477.9841       295.7238     -9208.0542     -7579.2263       297.1533           -782.9855      -709.9437     30237.5738       -32.9133        35.6316
FEP:     200000        21.8699    -10534.1378      1304.5941

WRITING EXTENDED SYSTEM TO RESTART FILE AT STEP 200000
WRITING COORDINATES TO DCD FILE mobley_7378987_prod.dcd AT STEP 200000
WRITING COORDINATES TO RESTART FILE AT STEP 200000
FINISHED WRITING RESTART COORDINATES
WRITING VELOCITIES TO RESTART FILE AT STEP 200000
FINISHED WRITING RESTART VELOCITIES
PRESSURE: 300000 579.207 -587.431 96.1645 -587.43 1287.27 238.178 96.1606 238.176 644.333
GPRESSURE: 300000 644.064 -458.188 236.611 -779.435 1319.03 249.439 107.307 -43.5687 728.91
PRESSAVG: 300000 -90.7758 1.89293 8.26305 1.89293 360.266 -220.416 8.26305 -220.416 169.875
GPRESSAVG: 300000 -27.33 -31.3354 22.0392 -2.88639 401.677 -172.933 25.2941 -258.35 245.683
ENERGY:  300000         4.9887        13.0374         5.6923         0.0000         -10850.4034      1517.4927         0.0000         0.0000      1745.9156          -7563.2766       298.4323     -9309.1922     -7575.2389       297.4730            836.9382       897.3330     29668.7293       184.5496       251.0569
FEP:     300000        23.7185    -10850.4034      1518.6672

WRITING EXTENDED SYSTEM TO RESTART FILE AT STEP 300000
WRITING COORDINATES TO DCD FILE mobley_7378987_prod.dcd AT STEP 300000
WRITING COORDINATES TO RESTART FILE AT STEP 300000
FINISHED WRITING RESTART COORDINATES
WRITING VELOCITIES TO RESTART FILE AT STEP 300000
FINISHED WRITING RESTART VELOCITIES
PRESSURE: 400000 -153.637 20.7083 -414.922 20.7093 -180.848 -188.94 -414.919 -188.942 -232.218
GPRESSURE: 400000 -3.51589 -223.853 -421.039 332.376 -235.662 -251.807 -332.201 -28.6708 -177.604
PRESSAVG: 400000 -45.0804 16.1288 -26.2701 16.1288 331.534 -221.886 -26.2701 -221.886 191.912
GPRESSAVG: 400000 24.9265 -30.0108 5.85756 6.82796 371.458 -192.596 -4.99946 -248.092 258.807
ENERGY:  400000         4.6713        13.7534         4.2336         0.0000         -10820.9042      1433.0677         0.0000         0.0000      1788.0387          -7577.1394       305.6325     -9365.1781     -7575.6190       299.1049           -188.9013      -138.9273     30096.4165       109.8594       173.0601
FEP:     400000        22.6583    -10820.9042      1432.4225

WRITING EXTENDED SYSTEM TO RESTART FILE AT STEP 400000
WRITING COORDINATES TO DCD FILE mobley_7378987_prod.dcd AT STEP 400000
WRITING COORDINATES TO RESTART FILE AT STEP 400000
FINISHED WRITING RESTART COORDINATES
WRITING VELOCITIES TO RESTART FILE AT STEP 400000
FINISHED WRITING RESTART VELOCITIES
PRESSURE: 500000 15.5023 8.67437 -192.347 8.67484 -229.971 21.7224 -192.345 21.7202 -731.835
GPRESSURE: 500000 -63.2763 -68.5278 -108.504 -490.123 -461.456 -166.739 -286.117 231.592 -263.175
PRESSAVG: 500000 -2.82502 32.0586 -47.947 32.0586 375.748 -219.05 -47.947 -219.05 148.017
GPRESSAVG: 500000 54.9111 -28.5402 -19.6055 -8.65478 402.314 -193.713 -34.9258 -238.313 241.058
ENERGY:  500000         2.3253        13.2019         3.6894         0.0000         -10712.1346      1390.1671         0.0000         0.0000      1789.1381          -7513.6127       305.8204     -9302.7509     -7565.2846       300.2242           -315.4346      -262.6355     30319.4885        38.9771       100.4442
FEP:     500000        19.2166    -10712.1346      1389.8331

WRITING EXTENDED SYSTEM TO RESTART FILE AT STEP 500000
WRITING COORDINATES TO DCD FILE mobley_7378987_prod.dcd AT STEP 500000
WRITING COORDINATES TO RESTART FILE AT STEP 500000
FINISHED WRITING RESTART COORDINATES
WRITING VELOCITIES TO RESTART FILE AT STEP 500000
FINISHED WRITING RESTART VELOCITIES
PRESSURE: 600000 109.737 -578.994 121.717 -578.992 585.51 -200.227 121.718 -200.232 411.415
GPRESSURE: 600000 58.2269 -718.556 261.152 -680.483 652.901 -37.2145 -46.4094 -277.58 599.541
PRESSAVG: 600000 10.2185 -0.39637 -36.9913 -0.39637 415.971 -240.131 -36.9913 -240.131 137.006
GPRESSAVG: 600000 53.344 -71.3301 8.69163 -41.5889 437.613 -195.309 -26.3984 -272.666 245.733
ENERGY:  600000         3.9283        18.2466         7.8464         0.0000         -10761.3223      1469.1260         0.0000         0.0000      1773.8383          -7488.3367       303.2052     -9262.1750     -7554.2921       300.6500            368.8874       436.8895     30265.5012        86.1071       148.5078
FEP:     600000        30.0213    -10761.3223      1469.3046

WRITING EXTENDED SYSTEM TO RESTART FILE AT STEP 600000
WRITING COORDINATES TO DCD FILE mobley_7378987_prod.dcd AT STEP 600000
WRITING COORDINATES TO RESTART FILE AT STEP 600000
FINISHED WRITING RESTART COORDINATES
WRITING VELOCITIES TO RESTART FILE AT STEP 600000
FINISHED WRITING RESTART VELOCITIES
PRESSURE: 700000 877.883 -366.146 244.155 -366.147 342.239 402.729 244.15 402.733 798.861
GPRESSURE: 700000 1062 -403.584 363.958 -109.641 305.778 247.293 401.273 282.944 839.655
PRESSAVG: 700000 79.3705 -21.3115 -27.6648 -21.3115 343.587 -199.6 -27.6648 -199.6 136.73
GPRESSAVG: 700000 120.654 -71.4572 46.3686 -77.2696 356.217 -150.417 -36.689 -242.852 253.426
ENERGY:  700000         7.0275        12.5653         2.9336         0.0000         -10926.3450      1521.9263         0.0000         0.0000      1834.9003          -7546.9920       313.6426     -9381.8922     -7553.3795       302.2741            672.9945       735.8117     29751.8827       159.4680       221.9208
FEP:     700000        22.5264    -10926.3450      1521.3904

WRITING EXTENDED SYSTEM TO RESTART FILE AT STEP 700000
WRITING COORDINATES TO DCD FILE mobley_7378987_prod.dcd AT STEP 700000
WRITING COORDINATES TO RESTART FILE AT STEP 700000
FINISHED WRITING RESTART COORDINATES
WRITING VELOCITIES TO RESTART FILE AT STEP 700000
FINISHED WRITING RESTART VELOCITIES
PRESSURE: 800000 -284.625 -34.3121 -651.952 -34.3119 -120.82 -187.556 -651.956 -187.556 180.257
GPRESSURE: 800000 -180.032 -68.1108 -627.182 257.106 -14.1417 -230.555 -746.323 -169.779 95.8097
PRESSAVG: 800000 77.7595 -42.4207 -107.502 -42.4207 342.774 -222.133 -107.502 -222.133 158.006
GPRESSAVG: 800000 117.023 -91.4935 -43.0456 -92.9316 359.851 -180.093 -110.491 -249.61 263.932
ENERGY:  800000         4.1587        15.3680         2.1982         0.0000         -10746.5236      1432.2888         0.0000         0.0000      1761.4345          -7531.0754       301.0850     -9292.5099     -7550.9013       302.1420            -75.0628       -32.7880     30269.1201       133.4091       193.6198
FEP:     800000        21.7249    -10746.5236      1433.3403

WRITING EXTENDED SYSTEM TO RESTART FILE AT STEP 800000
WRITING COORDINATES TO DCD FILE mobley_7378987_prod.dcd AT STEP 800000
WRITING COORDINATES TO RESTART FILE AT STEP 800000
FINISHED WRITING RESTART COORDINATES
WRITING VELOCITIES TO RESTART FILE AT STEP 800000
FINISHED WRITING RESTART VELOCITIES
PRESSURE: 900000 76.3232 -210.636 -417.087 -210.636 1561.12 182.342 -417.094 182.343 -585.105
GPRESSURE: 900000 -163.532 -225.011 -317.477 -527.024 1774.62 73.1533 -604.902 201.242 -422.715
PRESSAVG: 900000 29.7283 -35.9899 -139.437 -35.9899 393.533 -193.296 -139.437 -193.296 113.266
GPRESSAVG: 900000 51.1208 -94.8392 -93.9233 -102.022 429.245 -160.717 -145.663 -233.871 216.716
ENERGY:  900000        13.3729         8.0951         4.2478         0.0000         -10815.0634      1475.0775         0.0000         0.0000      1761.6099          -7552.6602       301.1150     -9314.2700     -7551.0772       302.0393            350.7796       396.1243     29801.8442       155.1461       213.8703
FEP:     900000        25.7159    -10815.0634      1475.7481

WRITING EXTENDED SYSTEM TO RESTART FILE AT STEP 900000
WRITING COORDINATES TO DCD FILE mobley_7378987_prod.dcd AT STEP 900000
WRITING COORDINATES TO RESTART FILE AT STEP 900000
FINISHED WRITING RESTART COORDINATES
WRITING VELOCITIES TO RESTART FILE AT STEP 900000
FINISHED WRITING RESTART VELOCITIES
PRESSURE: 1000000 -886.3 222.231 -454.344 222.229 -908.406 454.008 -454.339 454.009 -507.383
GPRESSURE: 1000000 -857.41 690.608 -249.794 224.727 -765.841 657.106 -418.463 215.808 -412.266
PRESSAVG: 1000000 -92.625 -57.249 -173.018 -57.249 283.417 -132.71 -173.018 -132.71 81.0011
GPRESSAVG: 1000000 -76.3678 -96.2905 -127.699 -103.84 329.358 -91.8574 -174.369 -193.284 188.717
TIMING: 1000000  CPU: 5562.35, 0.000432022/step  Wall: 5693.45, 0.000445187/step, 388.152 ns/days, 0.0618315 hours remaining, 0.000000 MB of memory in use.
PERFORMANCE: 1000000  averaging 394.971 ns/day, 0.000437501 sec/step with standard deviation 7.19431e-06
ETITLE:      TS           BOND          ANGLE          DIHED          IMPRP               ELECT            VDW       BOUNDARY           MISC        KINETIC               TOTAL           TEMP      POTENTIAL       TOTALAVG        TEMPAVG            PRESSURE      GPRESSURE         VOLUME       PRESSAVG      GPRESSAVG
FEPTITLE:    TS          BOND2         ELECT2           VDW2

ENERGY: 1000000         3.1811        13.1467         2.0590         0.0000         -10694.2235      1362.2428         0.0000         0.0000      1771.2764          -7542.3174       302.7673     -9313.5938     -7550.2808       302.1055           -767.3627      -678.5054     30437.5861        71.2817       132.7452
FEP:    1000000        18.3868    -10694.2235      1361.8377

WRITING EXTENDED SYSTEM TO RESTART FILE AT STEP 1000000
WRITING COORDINATES TO DCD FILE mobley_7378987_prod.dcd AT STEP 1000000
WRITING COORDINATES TO RESTART FILE AT STEP 1000000
FINISHED WRITING RESTART COORDINATES
WRITING VELOCITIES TO RESTART FILE AT STEP 1000000
FINISHED WRITING RESTART VELOCITIES
PRESSURE: 1100000 -30.6062 7.54092 -452.677 7.54078 59.7398 71.3951 -452.677 71.3959 374.856
GPRESSURE: 1100000 115.727 210.851 -308.382 153.142 -37.0452 -1.79935 -561.825 311.446 324.449
PRESSAVG: 1100000 -95.7788 -69.4214 -162.429 -69.4214 280.285 -99.8649 -162.429 -99.8649 129.3
GPRESSAVG: 1100000 -82.3245 -106.737 -122.1 -105.052 315.936 -66.3592 -171.112 -149.965 230.163
ENERGY: 1100000         5.1369        11.4655         2.7976         0.0000         -10777.7036      1444.5335         0.0000         0.0000      1797.5967          -7516.1733       307.2662     -9313.7700     -7547.4386       302.5355            134.6632       134.3767     30470.9840        76.5635       132.8811
FEP:    1100000        19.4000    -10777.7036      1445.1399

WRITING EXTENDED SYSTEM TO RESTART FILE AT STEP 1100000
WRITING COORDINATES TO DCD FILE mobley_7378987_prod.dcd AT STEP 1100000
WRITING COORDINATES TO RESTART FILE AT STEP 1100000
FINISHED WRITING RESTART COORDINATES
WRITING VELOCITIES TO RESTART FILE AT STEP 1100000
FINISHED WRITING RESTART VELOCITIES
PRESSURE: 1200000 149.048 229.93 323.45 229.93 276.384 398.824 323.447 398.826 -569.893
GPRESSURE: 1200000 277.475 -129.862 436.724 372.929 411.488 222.423 46.4388 325.581 -729.965
PRESSAVG: 1200000 -83.373 -64.34 -141.385 -64.34 256.287 -51.2123 -141.385 -51.2123 105.956
GPRESSAVG: 1200000 -58.6281 -131.344 -89.1162 -88.2083 294.379 -28.2539 -160.53 -95.0086 185.654
ENERGY: 1200000         4.3306        12.9117         2.8291         0.0000         -10751.2478      1406.1344         0.0000         0.0000      1770.0662          -7554.9759       302.5604     -9325.0421     -7548.0184       302.5374            -48.1538       -13.6675     29953.0174        66.9698       121.6082
FEP:    1200000        20.0713    -10751.2478      1406.0512

WRITING EXTENDED SYSTEM TO RESTART FILE AT STEP 1200000
WRITING COORDINATES TO DCD FILE mobley_7378987_prod.dcd AT STEP 1200000
WRITING COORDINATES TO RESTART FILE AT STEP 1200000
FINISHED WRITING RESTART COORDINATES
WRITING VELOCITIES TO RESTART FILE AT STEP 1200000
FINISHED WRITING RESTART VELOCITIES
PRESSURE: 1300000 992.917 -473.349 -164.531 -473.35 56.3368 -68.6312 -164.532 -68.6282 497.71
GPRESSURE: 1300000 1070.11 -698.143 -137.289 -316.728 192.972 -253.612 -181.554 282.334 425.323
PRESSAVG: 1300000 -11.5753 -79.3014 -160.078 -79.3014 205.378 -49.2326 -160.078 -49.2326 111.929
GPRESSAVG: 1300000 23.6509 -154.835 -99.6768 -81.8072 244.268 -30.4508 -184.244 -70.5512 189.366
ENERGY: 1300000         5.8850        11.6687         3.1360         0.0000         -10885.1248      1494.8879         0.0000         0.0000      1740.0637          -7629.4836       297.4320     -9369.5473     -7553.8373       302.1728            515.6546       562.8010     29669.8356        99.0187       153.1220
FEP:    1300000        20.6897    -10885.1248      1494.7657

WRITING EXTENDED SYSTEM TO RESTART FILE AT STEP 1300000
WRITING COORDINATES TO DCD FILE mobley_7378987_prod.dcd AT STEP 1300000
WRITING COORDINATES TO RESTART FILE AT STEP 1300000
FINISHED WRITING RESTART COORDINATES
WRITING VELOCITIES TO RESTART FILE AT STEP 1300000
FINISHED WRITING RESTART VELOCITIES
PRESSURE: 1400000 970.512 -152.834 301.701 -152.833 170.939 -55.0694 301.706 -55.0717 -216.118
GPRESSURE: 1400000 869.758 -581.458 757.338 33.9369 314.917 126.38 59.5383 -204.221 145.003
PRESSAVG: 1400000 71.2829 -84.8981 -121.438 -84.8981 244.849 -41.6694 -121.438 -41.6694 124.03
GPRESSAVG: 1400000 93.3477 -179.718 -21.2327 -85.0523 291.405 -3.52987 -178.885 -68.924 220.122
ENERGY: 1400000         2.9005        14.0709         3.8715         0.0000         -10718.8702      1434.5306         0.0000         0.0000      1783.8983          -7479.5985       304.9247     -9263.4967     -7548.8880       302.3562            308.4441       443.2258     30045.7843       112.9804       172.4622
FEP:    1400000        20.8429    -10718.8702      1434.1655

WRITING EXTENDED SYSTEM TO RESTART FILE AT STEP 1400000
WRITING COORDINATES TO DCD FILE mobley_7378987_prod.dcd AT STEP 1400000
WRITING COORDINATES TO RESTART FILE AT STEP 1400000
FINISHED WRITING RESTART COORDINATES
WRITING VELOCITIES TO RESTART FILE AT STEP 1400000
FINISHED WRITING RESTART VELOCITIES
PRESSURE: 1500000 -1143.99 299.673 -130.719 299.671 -773.803 148.473 -130.72 148.474 -602.689
GPRESSURE: 1500000 -863.315 466.519 -248.481 391.302 -824.876 378.102 -491.339 23.5881 -716.699
PRESSAVG: 1500000 44.365 -80.7238 -124.749 -80.7238 183.871 -8.79503 -124.749 -8.79503 94.1397
GPRESSAVG: 1500000 96.7079 -175.246 -15.2666 -60.3211 217.449 26.3283 -218.002 -36.9511 174.244
ENERGY: 1500000         7.4529        12.1842         3.1941         0.0000         -10725.8379      1352.8401         0.0000         0.0000      1794.9776          -7555.1890       306.8186     -9350.1666     -7549.2819       302.6351           -840.1617      -801.6301     30512.4562        53.4091       111.5814
FEP:    1500000        22.8312    -10725.8379      1352.0384

WRITING EXTENDED SYSTEM TO RESTART FILE AT STEP 1500000
WRITING COORDINATES TO DCD FILE mobley_7378987_prod.dcd AT STEP 1500000
WRITING COORDINATES TO RESTART FILE AT STEP 1500000
FINISHED WRITING RESTART COORDINATES
WRITING VELOCITIES TO RESTART FILE AT STEP 1500000
FINISHED WRITING RESTART VELOCITIES
TCL: Running FEP window  10: Lambda1 0.44999999999999996 Lambda2 0.49999999999999994 [dLambda 0.04999999999999999]
TCL: Setting parameter firsttimestep to 0
TCL: Setting parameter alchLambda to 0.44999999999999996
Info: NONBONDED TABLE R-SQUARED SPACING: 0.0625
Info: NONBONDED TABLE SIZE: 705 POINTS
Info: INCONSISTENCY IN FAST TABLE ENERGY VS FORCE: 0.000290481 AT 0.251946
Info: INCONSISTENCY IN SCOR TABLE ENERGY VS FORCE: 0.000238233 AT 8.9687
Info: ABSOLUTE IMPRECISION IN VDWA TABLE ENERGY: 1.21169e-27 AT 8.99653
Info: ABSOLUTE IMPRECISION IN VDWA TABLE FORCE: 2.57484e-27 AT 8.99653
Info: INCONSISTENCY IN VDWA TABLE ENERGY VS FORCE: 0.0040507 AT 0.251946
Info: INCONSISTENCY IN VDWB TABLE ENERGY VS FORCE: 0.00150189 AT 0.251946
TCL: Setting parameter alchLambda2 to 0.49999999999999994
Info: NONBONDED TABLE R-SQUARED SPACING: 0.0625
Info: NONBONDED TABLE SIZE: 705 POINTS
Info: INCONSISTENCY IN FAST TABLE ENERGY VS FORCE: 0.000290481 AT 0.251946
Info: INCONSISTENCY IN SCOR TABLE ENERGY VS FORCE: 0.000238233 AT 8.9687
Info: ABSOLUTE IMPRECISION IN VDWA TABLE ENERGY: 1.21169e-27 AT 8.99653
Info: ABSOLUTE IMPRECISION IN VDWA TABLE FORCE: 2.57484e-27 AT 8.99653
Info: INCONSISTENCY IN VDWA TABLE ENERGY VS FORCE: 0.0040507 AT 0.251946
Info: INCONSISTENCY IN VDWB TABLE ENERGY VS FORCE: 0.00150189 AT 0.251946
TCL: Running for 1500000 steps
FEP: RESETTING FOR NEW FEP WINDOW LAMBDA SET TO 0.45 LAMBDA2 0.5
FEP: WINDOW TO HAVE 100000 STEPS OF EQUILIBRATION PRIOR TO FEP DATA COLLECTION.
FEP: USING CONSTANT TEMPERATURE OF 300 K FOR FEP CALCULATION
PRESSURE: 0 -1076.19 313.579 -222.034 313.58 -961.53 125.014 -222.038 125.016 -596.449
GPRESSURE: 0 -857.912 467.934 -246.208 392.495 -829.473 381.778 -488.403 27.2167 -710.983
ETITLE:      TS           BOND          ANGLE          DIHED          IMPRP               ELECT            VDW       BOUNDARY           MISC        KINETIC               TOTAL           TEMP      POTENTIAL       TOTALAVG        TEMPAVG            PRESSURE      GPRESSURE         VOLUME       PRESSAVG      GPRESSAVG
FEPTITLE:    TS          BOND2         ELECT2           VDW2

ENERGY:       0         7.4529        12.1842         3.1941         0.0000         -10725.8378      1352.0384         0.0000         0.0000      1794.0888          -7556.8794       306.6666     -9350.9683     -7556.8794       306.6666           -878.0565      -799.4561     30512.4562      -878.0565      -799.4561
FEP:          0        22.8312    -10725.8378      1351.4706

PRESSURE: 100000 -238.491 -410.724 -299.522 -410.721 -870.732 -38.463 -299.523 -38.4646 -1003.62
GPRESSURE: 100000 -322.142 -277.476 -54.7695 -385.919 -828.884 -308.625 -542.976 -262.697 -999.428
PRESSAVG: 100000 -29.7446 -54.7774 -164.037 -54.7774 66.0479 25.7695 -164.037 25.7695 -15.4512
GPRESSAVG: 100000 28.1874 -124.486 -55.4401 -31.0234 109.986 70.2022 -276.52 -6.51679 49.3724
ENERGY:  100000         5.9629         8.6299         3.5430         0.0000         -10611.8957      1314.2580         0.0000         0.0000      1801.3639          -7478.1379       307.9102     -9279.5019     -7517.5087       307.2884           -704.2799      -716.8179     30586.0366      -791.1682      -758.1370
FEP:     100000        18.1358    -10611.8957      1314.2243

WRITING EXTENDED SYSTEM TO RESTART FILE AT STEP 100000
WRITING COORDINATES TO DCD FILE mobley_7378987_prod.dcd AT STEP 100000
WRITING COORDINATES TO RESTART FILE AT STEP 100000
FINISHED WRITING RESTART COORDINATES
WRITING VELOCITIES TO RESTART FILE AT STEP 100000
FINISHED WRITING RESTART VELOCITIES
PRESSURE: 200000 -413.759 -359.665 -99.2935 -359.668 -650.524 -213.982 -99.2966 -213.981 -657.337
GPRESSURE: 200000 -521.028 -222.022 -188.686 -351.351 -525.196 -25.0926 111.807 -60.2908 -645.569
PRESSAVG: 200000 -35.7689 -67.2577 -174.045 -67.2577 66.2429 17.384 -174.045 17.384 -57.4162
GPRESSAVG: 200000 19.4209 -129.418 -67.5354 -45.7249 112.285 77.9465 -262.843 -11.7043 1.07443
ENERGY:  200000         6.8973        15.6477         2.4211         0.0000         -10759.0083      1390.7899         0.0000         0.0000      1744.7324          -7598.5199       298.2301     -9343.2524     -7544.5124       304.2690           -573.8736      -563.9308     30556.6207      -718.7366      -693.4016
FEP:     200000        24.9660    -10759.0083      1391.3575

WRITING EXTENDED SYSTEM TO RESTART FILE AT STEP 200000
WRITING COORDINATES TO DCD FILE mobley_7378987_prod.dcd AT STEP 200000
WRITING COORDINATES TO RESTART FILE AT STEP 200000
FINISHED WRITING RESTART COORDINATES
WRITING VELOCITIES TO RESTART FILE AT STEP 200000
FINISHED WRITING RESTART VELOCITIES
PRESSURE: 300000 336.68 257.007 315.035 257.009 89.1968 6.42608 315.03 6.42921 144.983
GPRESSURE: 300000 324.626 293.488 707.307 54.925 167.208 -282.761 -196.944 335.992 196.45
PRESSAVG: 300000 -62.7003 -71.4044 -139.133 -71.4044 8.96414 43.6885 -139.133 43.6885 -112.971
GPRESSAVG: 300000 -2.77494 -115.818 -22.7836 -63.6866 42.7207 60.0629 -248.847 33.0041 -49.7669
ENERGY:  300000         3.8217        11.0722         3.1666         0.0000         -10879.2392      1489.8214         0.0000         0.0000      1690.8336          -7680.5237       289.0170     -9371.3573     -7578.5153       300.4560            190.2867       229.4279     30285.6293      -491.4808      -462.6942
FEP:     300000        18.0605    -10879.2392      1490.8699

WRITING EXTENDED SYSTEM TO RESTART FILE AT STEP 300000
WRITING COORDINATES TO DCD FILE mobley_7378987_prod.dcd AT STEP 300000
WRITING COORDINATES TO RESTART FILE AT STEP 300000
FINISHED WRITING RESTART COORDINATES
WRITING VELOCITIES TO RESTART FILE AT STEP 300000
FINISHED WRITING RESTART VELOCITIES
PRESSURE: 400000 -175.656 -337.355 584.246 -337.355 -149.058 191.303 584.246 191.306 32.998
GPRESSURE: 400000 -93.832 -349.792 457.044 -357.876 -32.3286 283.322 635.599 242.369 125.759
PRESSAVG: 400000 -111.383 -103.761 -93.582 -103.761 -67.8253 80.1226 -93.582 80.1226 -169.612
GPRESSAVG: 400000 -47.2194 -133.971 10.0049 -101.762 -37.8028 70.159 -192.685 72.5666 -104.793
ENERGY:  400000         3.2512        11.1141         0.4934         0.0000         -10798.8803      1423.8248         0.0000         0.0000      1701.6210          -7658.5758       290.8609     -9360.1968     -7594.5274       298.5370            -97.2387        -0.1338     29849.0418      -412.6324      -370.1821
FEP:     400000        14.8587    -10798.8803      1424.1361

WRITING EXTENDED SYSTEM TO RESTART FILE AT STEP 400000
WRITING COORDINATES TO DCD FILE mobley_7378987_prod.dcd AT STEP 400000
WRITING COORDINATES TO RESTART FILE AT STEP 400000
FINISHED WRITING RESTART COORDINATES
WRITING VELOCITIES TO RESTART FILE AT STEP 400000
FINISHED WRITING RESTART VELOCITIES
PRESSURE: 500000 -436.257 325.047 -196.271 325.048 -503.193 -781.492 -196.269 -781.496 113.496
GPRESSURE: 500000 -167.782 518.855 -125.006 269.954 -771.595 -319.699 -207.27 -681.125 297.056
PRESSAVG: 500000 -102.833 -60.898 -85.412 -60.898 -63.6966 45.3485 -85.412 45.3485 -158.697
GPRESSAVG: 500000 -32.882 -76.3128 18.9751 -51.1326 -41.5051 45.5186 -202.013 61.3099 -90.0958
ENERGY:  500000         5.9007        12.6881         2.9276         0.0000         -10705.1484      1384.3861         0.0000         0.0000      1712.5120          -7586.7339       292.7226     -9299.2459     -7593.2285       297.5679           -275.3184      -214.1068     30057.0210      -389.7467      -344.1696
FEP:     500000        21.5164    -10705.1484      1384.2360

WRITING EXTENDED SYSTEM TO RESTART FILE AT STEP 500000
WRITING COORDINATES TO DCD FILE mobley_7378987_prod.dcd AT STEP 500000
WRITING COORDINATES TO RESTART FILE AT STEP 500000
FINISHED WRITING RESTART COORDINATES
WRITING VELOCITIES TO RESTART FILE AT STEP 500000
FINISHED WRITING RESTART VELOCITIES
PRESSURE: 600000 -425.61 558.672 210.591 558.672 -547.786 -241.233 210.591 -241.23 163.267
GPRESSURE: 600000 -434.829 282.022 -135.689 831.087 -261.228 49.7526 299.676 -556.126 245.375
PRESSAVG: 600000 -57.8657 -63.419 -74.9331 -63.419 -73.3966 13.2414 -74.9331 13.2414 -117.023
GPRESSAVG: 600000 -5.33094 -74.7153 2.58138 -34.2301 -22.4409 39.5422 -172.155 9.80267 -52.7537
ENERGY:  600000         2.8756        11.5994         3.2506         0.0000         -10706.4986      1380.6143         0.0000         0.0000      1756.5813          -7551.5775       300.2554     -9308.1587     -7587.2783       297.9518           -270.0430      -150.2274     30088.4358      -372.6462      -316.4636
FEP:     600000        17.7256    -10706.4986      1380.3388

WRITING EXTENDED SYSTEM TO RESTART FILE AT STEP 600000
WRITING COORDINATES TO DCD FILE mobley_7378987_prod.dcd AT STEP 600000
WRITING COORDINATES TO RESTART FILE AT STEP 600000
FINISHED WRITING RESTART COORDINATES
WRITING VELOCITIES TO RESTART FILE AT STEP 600000
FINISHED WRITING RESTART VELOCITIES
PRESSURE: 700000 -786.581 196.208 -174.579 196.207 -1163.66 -231.336 -174.579 -231.338 -2.08946
GPRESSURE: 700000 -590.492 91.9563 -139.074 416.783 -1129.18 -81.4823 -100.526 -526.084 1.36571
PRESSAVG: 700000 -126.155 -24.2371 -88.4701 -24.2371 -195.943 -10.2343 -88.4701 -10.2343 -149.345
GPRESSAVG: 700000 -67.0587 -47.2081 -16.2029 25.5808 -144.851 22.9961 -182.546 -14.3231 -89.1309
ENERGY:  700000         8.7490         8.8407         4.5103         0.0000         -10689.7086      1355.2725         0.0000         0.0000      1760.3533          -7551.9829       300.9002     -9312.3361     -7582.8664       298.3204           -650.7754      -572.7690     30156.2491      -407.4123      -348.5017
FEP:     700000        22.0999    -10689.7086      1355.0623

WRITING EXTENDED SYSTEM TO RESTART FILE AT STEP 700000
WRITING COORDINATES TO DCD FILE mobley_7378987_prod.dcd AT STEP 700000
WRITING COORDINATES TO RESTART FILE AT STEP 700000
FINISHED WRITING RESTART COORDINATES
WRITING VELOCITIES TO RESTART FILE AT STEP 700000
FINISHED WRITING RESTART VELOCITIES
PRESSURE: 800000 903.872 -453.836 96.1596 -453.836 257.191 -547.342 96.1611 -547.343 117.762
GPRESSURE: 800000 767.741 -221.9 -95.6363 -449.76 308.289 -278.319 -9.41372 -579.339 330.479
PRESSAVG: 800000 -73.2797 -47.9644 -62.9161 -47.9644 -174.041 -28.1544 -62.9161 -28.1544 -131.846
GPRESSAVG: 800000 -28.4959 -47.1105 0.0672619 -13.526 -117.654 21.6705 -166.407 -41.8565 -63.7268
ENERGY:  800000         1.8040        14.0718         2.2763         0.0000         -10835.7891      1473.3779         0.0000         0.0000      1763.9526          -7580.3064       301.5154     -9344.2590     -7582.5819       298.6754            426.2752       468.8360     29948.3441      -314.7804      -257.6864
FEP:     800000        18.1521    -10835.7891      1472.7403

WRITING EXTENDED SYSTEM TO RESTART FILE AT STEP 800000
WRITING COORDINATES TO DCD FILE mobley_7378987_prod.dcd AT STEP 800000
WRITING COORDINATES TO RESTART FILE AT STEP 800000
FINISHED WRITING RESTART COORDINATES
WRITING VELOCITIES TO RESTART FILE AT STEP 800000
FINISHED WRITING RESTART VELOCITIES
PRESSURE: 900000 -173.165 -33.071 7.67099 -33.0728 -345.319 301.264 7.66879 301.265 131.284
GPRESSURE: 900000 -88.117 12.969 -73.5656 171.938 -143.171 149.506 91.684 -83.2962 220.569
PRESSAVG: 900000 -82.713 -50.0518 -52.9153 -50.0518 -179.809 -14.1772 -52.9153 -14.1772 -88.6896
GPRESSAVG: 900000 -29.7379 -43.0357 1.81417 19.577 -101.739 37.4828 -147.517 -57.6009 -39.5396
ENERGY:  900000         4.1826        10.5943         4.5692         0.0000         -10678.0592      1369.8859         0.0000         0.0000      1777.4762          -7511.3510       303.8270     -9288.8272     -7575.4588       299.1905           -129.0667        -3.5732     29739.9900      -296.2090      -232.2751
FEP:     900000        19.3461    -10678.0592      1369.5608

WRITING EXTENDED SYSTEM TO RESTART FILE AT STEP 900000
WRITING COORDINATES TO DCD FILE mobley_7378987_prod.dcd AT STEP 900000
WRITING COORDINATES TO RESTART FILE AT STEP 900000
FINISHED WRITING RESTART COORDINATES
WRITING VELOCITIES TO RESTART FILE AT STEP 900000
FINISHED WRITING RESTART VELOCITIES
PRESSURE: 1000000 309.292 -23.7319 -138.19 -23.7311 424.752 188.247 -138.194 188.244 -714.249
GPRESSURE: 1000000 397.472 60.4565 516.418 -2.83968 390.833 209.829 -612.806 -30.6081 -493.747
PRESSAVG: 1000000 -72.7353 -22.2888 -65.911 -22.2888 -187.846 5.24668 -65.911 5.24668 -144.973
GPRESSAVG: 1000000 -12.7757 -4.08502 14.5775 53.4592 -114.843 49.8349 -175.837 -45.2523 -94.204
TIMING: 1000000  CPU: 6214.08, 0.000433665/step  Wall: 6358.25, 0.000440879/step, 391.944 ns/days, 0.0612332 hours remaining, 0.000000 MB of memory in use.
PERFORMANCE: 1000000  averaging 394.666 ns/day, 0.000437839 sec/step with standard deviation 6.86647e-06
ETITLE:      TS           BOND          ANGLE          DIHED          IMPRP               ELECT            VDW       BOUNDARY           MISC        KINETIC               TOTAL           TEMP      POTENTIAL       TOTALAVG        TEMPAVG            PRESSURE      GPRESSURE         VOLUME       PRESSAVG      GPRESSAVG
FEPTITLE:    TS          BOND2         ELECT2           VDW2

ENERGY: 1000000         6.6514        10.2043         5.3236         0.0000         -10754.3354      1439.5311         0.0000         0.0000      1700.4119          -7592.2132       290.6543     -9292.6250     -7576.9820       298.4145              6.5982        98.1861     30217.0777      -268.6811      -202.2332
FEP:    1000000        22.1793    -10754.3354      1438.6715

WRITING EXTENDED SYSTEM TO RESTART FILE AT STEP 1000000
WRITING COORDINATES TO DCD FILE mobley_7378987_prod.dcd AT STEP 1000000
WRITING COORDINATES TO RESTART FILE AT STEP 1000000
FINISHED WRITING RESTART COORDINATES
WRITING VELOCITIES TO RESTART FILE AT STEP 1000000
FINISHED WRITING RESTART VELOCITIES
PRESSURE: 1100000 312.046 -199.593 519.326 -199.593 -169.365 556.907 519.323 556.903 -549.181
GPRESSURE: 1100000 372.477 -99.66 637.034 -202.767 -184.638 242.206 392.717 495.408 -382.903
PRESSAVG: 1100000 -101.027 -13.9611 -52.1524 -13.9611 -213.427 12.9552 -52.1524 12.9552 -212.375
GPRESSAVG: 1100000 -47.252 11.1112 28.2313 48.8029 -139.364 49.5806 -176.264 -34.6291 -155.332
ENERGY: 1100000         7.5105        13.9074         1.9579         0.0000         -10735.7783      1379.0441         0.0000         0.0000      1732.5388          -7600.8197       296.1458     -9333.3584     -7578.9684       298.2255           -135.5004       -65.0214     29638.0842      -257.5827      -190.7989
FEP:    1100000        23.3758    -10735.7783      1379.9033

WRITING EXTENDED SYSTEM TO RESTART FILE AT STEP 1100000
WRITING COORDINATES TO DCD FILE mobley_7378987_prod.dcd AT STEP 1100000
WRITING COORDINATES TO RESTART FILE AT STEP 1100000
FINISHED WRITING RESTART COORDINATES
WRITING VELOCITIES TO RESTART FILE AT STEP 1100000
FINISHED WRITING RESTART VELOCITIES
PRESSURE: 1200000 -490.657 -25.4947 -547.576 -25.4921 -953.324 331.281 -547.577 331.288 -507.161
GPRESSURE: 1200000 -357.823 -57.5742 -495.379 121.038 -820.309 527.145 -373.895 263.641 -546.008
PRESSAVG: 1200000 -111.329 -13.5201 -46.9334 -13.5201 -255.052 38.8974 -46.9334 38.8974 -246.746
GPRESSAVG: 1200000 -56.1415 11.638 34.8214 41.9995 -179.672 87.4656 -157.643 -12.9581 -187.423
ENERGY: 1200000         3.4826        14.6152         3.4968         0.0000         -10771.1547      1388.2973         0.0000         0.0000      1813.2403          -7548.0224       309.9402     -9361.2628     -7576.5880       299.1266           -650.3807      -574.7131     30555.9476      -287.7979      -220.3307
FEP:    1200000        21.5946    -10771.1547      1388.2690

WRITING EXTENDED SYSTEM TO RESTART FILE AT STEP 1200000
WRITING COORDINATES TO DCD FILE mobley_7378987_prod.dcd AT STEP 1200000
WRITING COORDINATES TO RESTART FILE AT STEP 1200000
FINISHED WRITING RESTART COORDINATES
WRITING VELOCITIES TO RESTART FILE AT STEP 1200000
FINISHED WRITING RESTART VELOCITIES
PRESSURE: 1300000 115.381 568.353 593.494 568.356 127.385 256.875 593.495 256.877 1278.43
GPRESSURE: 1300000 267.061 709.907 357.226 331.901 195.267 -227.483 735.743 498.052 1057.29
PRESSAVG: 1300000 -109.376 25.4295 3.59609 25.4295 -326.739 42.6241 3.59609 42.6241 -153.569
GPRESSAVG: 1300000 -34.6118 58.3839 68.5566 84.9457 -258.64 72.4338 -90.6107 1.88243 -113.422
ENERGY: 1300000         6.1036        11.7434         2.7101         0.0000         -10902.6513      1525.8796         0.0000         0.0000      1725.3455          -7630.8691       294.9162     -9356.2146     -7580.4652       298.8259            507.0662       506.5399     30043.5964      -231.0219      -168.4114
FEP:    1300000        20.5571    -10902.6513      1525.5747

WRITING EXTENDED SYSTEM TO RESTART FILE AT STEP 1300000
WRITING COORDINATES TO DCD FILE mobley_7378987_prod.dcd AT STEP 1300000
WRITING COORDINATES TO RESTART FILE AT STEP 1300000
FINISHED WRITING RESTART COORDINATES
WRITING VELOCITIES TO RESTART FILE AT STEP 1300000
FINISHED WRITING RESTART VELOCITIES
PRESSURE: 1400000 82.9592 82.8044 -289.414 82.8091 -697.058 -51.5243 -289.41 -51.5229 349.771
GPRESSURE: 1400000 268.05 -91.6998 -294.935 181.001 -836.038 -94.1067 -618.142 -128.045 371.272
PRESSAVG: 1400000 -60.913 18.4585 11.8425 18.4585 -316.171 17.3475 11.8425 17.3475 -110.711
GPRESSAVG: 1400000 21.6612 19.2685 66.2995 82.7594 -262.15 34.8732 -100.595 -15.3102 -74.2455
ENERGY: 1400000         6.0115        13.4492         4.5847         0.0000         -10815.8636      1457.2309         0.0000         0.0000      1791.1995          -7543.3877       306.1728     -9334.5872     -7577.9934       299.3156            -88.1092       -65.5721     30681.1731      -221.4944      -161.5554
FEP:    1400000        24.0455    -10815.8636      1456.4205

WRITING EXTENDED SYSTEM TO RESTART FILE AT STEP 1400000
WRITING COORDINATES TO DCD FILE mobley_7378987_prod.dcd AT STEP 1400000
WRITING COORDINATES TO RESTART FILE AT STEP 1400000
FINISHED WRITING RESTART COORDINATES
WRITING VELOCITIES TO RESTART FILE AT STEP 1400000
FINISHED WRITING RESTART VELOCITIES
PRESSURE: 1500000 -393.924 -167.969 64.3197 -167.968 -850.701 230.971 64.3169 230.965 -313.201
GPRESSURE: 1500000 -278.769 -395.238 -115.093 -433.406 -857.685 381.855 479.231 -173.656 -272.321
PRESSAVG: 1500000 -79.0788 9.68304 37.6922 9.68304 -361.693 25.3259 37.6922 25.3259 -145.114
GPRESSAVG: 1500000 1.93636 -11.0359 75.964 53.432 -303.182 54.0559 -48.5419 -39.5653 -104.084
ENERGY: 1500000         6.2271        12.9677         2.0746         0.0000         -10770.8251      1396.3440         0.0000         0.0000      1776.8673          -7576.3445       303.7229     -9353.2118     -7577.8903       299.5911           -519.2751      -469.5920     30170.9060      -240.1057      -180.8077
FEP:    1500000        21.2694    -10770.8251      1396.0814

WRITING EXTENDED SYSTEM TO RESTART FILE AT STEP 1500000
WRITING COORDINATES TO DCD FILE mobley_7378987_prod.dcd AT STEP 1500000
WRITING COORDINATES TO RESTART FILE AT STEP 1500000
FINISHED WRITING RESTART COORDINATES
WRITING VELOCITIES TO RESTART FILE AT STEP 1500000
FINISHED WRITING RESTART VELOCITIES
TCL: Running FEP window  11: Lambda1 0.49999999999999994 Lambda2 0.5499999999999999 [dLambda 0.04999999999999999]
TCL: Setting parameter firsttimestep to 0
TCL: Setting parameter alchLambda to 0.49999999999999994
Info: NONBONDED TABLE R-SQUARED SPACING: 0.0625
Info: NONBONDED TABLE SIZE: 705 POINTS
Info: INCONSISTENCY IN FAST TABLE ENERGY VS FORCE: 0.000290481 AT 0.251946
Info: INCONSISTENCY IN SCOR TABLE ENERGY VS FORCE: 0.000238233 AT 8.9687
Info: ABSOLUTE IMPRECISION IN VDWA TABLE ENERGY: 1.21169e-27 AT 8.99653
Info: ABSOLUTE IMPRECISION IN VDWA TABLE FORCE: 2.57484e-27 AT 8.99653
Info: INCONSISTENCY IN VDWA TABLE ENERGY VS FORCE: 0.0040507 AT 0.251946
Info: INCONSISTENCY IN VDWB TABLE ENERGY VS FORCE: 0.00150189 AT 0.251946
TCL: Setting parameter alchLambda2 to 0.5499999999999999
Info: NONBONDED TABLE R-SQUARED SPACING: 0.0625
Info: NONBONDED TABLE SIZE: 705 POINTS
Info: INCONSISTENCY IN FAST TABLE ENERGY VS FORCE: 0.000290481 AT 0.251946
Info: INCONSISTENCY IN SCOR TABLE ENERGY VS FORCE: 0.000238233 AT 8.9687
Info: ABSOLUTE IMPRECISION IN VDWA TABLE ENERGY: 1.21169e-27 AT 8.99653
Info: ABSOLUTE IMPRECISION IN VDWA TABLE FORCE: 2.57484e-27 AT 8.99653
Info: INCONSISTENCY IN VDWA TABLE ENERGY VS FORCE: 0.0040507 AT 0.251946
Info: INCONSISTENCY IN VDWB TABLE ENERGY VS FORCE: 0.00150189 AT 0.251946
TCL: Running for 1500000 steps
FEP: RESETTING FOR NEW FEP WINDOW LAMBDA SET TO 0.5 LAMBDA2 0.55
FEP: WINDOW TO HAVE 100000 STEPS OF EQUILIBRATION PRIOR TO FEP DATA COLLECTION.
FEP: USING CONSTANT TEMPERATURE OF 300 K FOR FEP CALCULATION
PRESSURE: 0 -410.877 -202.481 62.7037 -202.482 -832.095 178.639 62.7033 178.641 -402.658
GPRESSURE: 0 -266.204 -398.329 -114.917 -435.816 -849.14 384.535 478.592 -171.224 -266.917
ETITLE:      TS           BOND          ANGLE          DIHED          IMPRP               ELECT            VDW       BOUNDARY           MISC        KINETIC               TOTAL           TEMP      POTENTIAL       TOTALAVG        TEMPAVG            PRESSURE      GPRESSURE         VOLUME       PRESSAVG      GPRESSAVG
FEPTITLE:    TS          BOND2         ELECT2           VDW2

ENERGY:       0         6.2271        12.9677         2.0746         0.0000         -10770.8233      1396.0817         0.0000         0.0000      1775.9883          -7577.4840       303.5727     -9353.4722     -7577.4840       303.5727           -548.5432      -460.7539     30170.9060      -548.5432      -460.7539
FEP:          0        21.2693    -10770.3148      1396.1779

PRESSURE: 100000 -260.055 -166.761 -110.255 -166.761 407.257 -305.292 -110.261 -305.291 209.907
GPRESSURE: 100000 69.5637 -481.477 -306.463 302.99 306.312 -27.2605 190.762 -384.406 227.635
PRESSAVG: 100000 -169.724 3.3919 27.3686 3.3919 -399.571 2.48355 27.3686 2.48355 -151.143
GPRESSAVG: 100000 -75.2748 -13.626 39.9232 43.9807 -360.546 73.4791 -8.31834 -97.7426 -90.816
ENERGY:  100000         4.6812        11.9214         1.8254         0.0000         -10806.1516      1462.5299         0.0000         0.0000      1730.9282          -7594.2655       295.8705     -9325.1936     -7585.8747       299.7216            119.0363       201.1702     30254.0420      -214.7535      -129.7918
FEP:     100000        18.4280    -10806.3755      1462.2377

WRITING EXTENDED SYSTEM TO RESTART FILE AT STEP 100000
WRITING COORDINATES TO DCD FILE mobley_7378987_prod.dcd AT STEP 100000
WRITING COORDINATES TO RESTART FILE AT STEP 100000
FINISHED WRITING RESTART COORDINATES
WRITING VELOCITIES TO RESTART FILE AT STEP 100000
FINISHED WRITING RESTART VELOCITIES
PRESSURE: 200000 -196.112 221.68 -149.055 221.682 -128.594 322.669 -149.053 322.666 190.427
GPRESSURE: 200000 -211.049 490.951 -482.339 238.779 28.7381 240.868 43.3761 152.66 283.41
PRESSAVG: 200000 -228.055 22.1177 4.83064 22.1177 -414.548 21.3704 4.83064 21.3704 -130.815
GPRESSAVG: 200000 -129.315 39.9945 -22.0607 54.2228 -374.855 79.2035 -9.12645 -79.8985 -83.8956
ENERGY:  200000         4.4303        11.1724         5.2720         0.0000         -10749.3583      1413.4076         0.0000         0.0000      1730.4744          -7584.6016       295.7929     -9315.0760     -7585.4503       298.4120            -44.7595        33.6998     30393.7676      -158.0888       -75.2946
FEP:     200000        20.8747    -10749.7222      1413.6431

WRITING EXTENDED SYSTEM TO RESTART FILE AT STEP 200000
WRITING COORDINATES TO DCD FILE mobley_7378987_prod.dcd AT STEP 200000
WRITING COORDINATES TO RESTART FILE AT STEP 200000
FINISHED WRITING RESTART COORDINATES
WRITING VELOCITIES TO RESTART FILE AT STEP 200000
FINISHED WRITING RESTART VELOCITIES
PRESSURE: 300000 88.8792 128.373 -491.725 128.377 432.735 229.017 -491.728 229.014 16.4176
GPRESSURE: 300000 87.0853 317.296 -405.088 395.578 603.88 437.241 -519.429 251.959 -37.251
PRESSAVG: 300000 -166.411 13.5529 -13.2197 13.5529 -354.221 25.3975 -13.2197 25.3975 -99.8599
GPRESSAVG: 300000 -81.7951 32.5333 -29.891 54.4366 -303.417 82.1604 -10.5309 -68.48 -49.9232
ENERGY:  300000         4.8097         9.3002         3.2326         0.0000         -10823.6826      1448.1858         0.0000         0.0000      1763.1367          -7595.0175       301.3759     -9358.1542     -7587.8421       299.1530            179.3441       217.9048     30137.0466       -73.7306        -1.9947
FEP:     300000        17.3425    -10824.6320      1447.7034

WRITING EXTENDED SYSTEM TO RESTART FILE AT STEP 300000
WRITING COORDINATES TO DCD FILE mobley_7378987_prod.dcd AT STEP 300000
WRITING COORDINATES TO RESTART FILE AT STEP 300000
FINISHED WRITING RESTART COORDINATES
WRITING VELOCITIES TO RESTART FILE AT STEP 300000
FINISHED WRITING RESTART VELOCITIES
PRESSURE: 400000 44.8131 137.16 20.4522 137.157 -2.14478 -25.2415 20.4534 -25.2381 74.223
GPRESSURE: 400000 233.637 436.842 196.624 89.1282 -135.179 223.78 -201.02 -473.823 101.415
PRESSAVG: 400000 -110.361 4.7318 -1.09517 4.7318 -306.252 17.8848 -1.09517 17.8848 -66.3263
GPRESSAVG: 400000 -27.2176 30.9787 -7.74937 39.2682 -268.702 74.2605 3.83823 -93.532 -9.30333
ENERGY:  400000         3.5538        12.8616         3.9550         0.0000         -10692.9898      1432.1071         0.0000         0.0000      1699.6321          -7540.8803       290.5210     -9240.5124     -7578.4498       297.4266             38.9638        66.6244     30645.5284       -51.1917        11.7291
FEP:     400000        20.3704    -10693.0236      1431.8182

WRITING EXTENDED SYSTEM TO RESTART FILE AT STEP 400000
WRITING COORDINATES TO DCD FILE mobley_7378987_prod.dcd AT STEP 400000
WRITING COORDINATES TO RESTART FILE AT STEP 400000
FINISHED WRITING RESTART COORDINATES
WRITING VELOCITIES TO RESTART FILE AT STEP 400000
FINISHED WRITING RESTART VELOCITIES
PRESSURE: 500000 -909.724 92.5101 231.912 92.507 -1006.05 11.36 231.912 11.3551 -756.991
GPRESSURE: 500000 -861.026 63.2996 195.273 386.54 -930.12 -149.918 248.75 389.33 -589.592
PRESSAVG: 500000 -143.923 29.8932 25.4766 29.8932 -313.017 20.3758 25.4766 20.3758 -53.995
GPRESSAVG: 500000 -54.1618 48.0175 4.75276 77.8912 -273.764 82.1958 43.4245 -60.9306 11.1884
ENERGY:  500000         5.4802        10.8780         2.6897         0.0000         -10702.0934      1330.3255         0.0000         0.0000      1718.3159          -7634.4041       293.7146     -9352.7200     -7587.7755       296.8079           -890.9209      -793.5791     30128.1020      -191.1466      -122.4890
FEP:     500000        19.0479    -10701.6748      1330.4526

WRITING EXTENDED SYSTEM TO RESTART FILE AT STEP 500000
WRITING COORDINATES TO DCD FILE mobley_7378987_prod.dcd AT STEP 500000
WRITING COORDINATES TO RESTART FILE AT STEP 500000
FINISHED WRITING RESTART COORDINATES
WRITING VELOCITIES TO RESTART FILE AT STEP 500000
FINISHED WRITING RESTART VELOCITIES
PRESSURE: 600000 895.649 3.6078 61.6079 3.60905 457.275 -261.297 61.6047 -261.298 177.648
GPRESSURE: 600000 1009.32 -91.3754 -55.3418 -218.018 503.508 49.5499 163.254 -252.263 249.979
PRESSAVG: 600000 -78.4524 48.057 33.5216 48.057 -257.627 18.01 33.5216 18.01 -12.2458
GPRESSAVG: 600000 22.3558 54.5498 11.42 84.5579 -222.329 85.928 45.9969 -70.5292 55.9658
ENERGY:  600000         4.3300        20.5109         4.9275         0.0000         -10915.0623      1509.9913         0.0000         0.0000      1752.6454          -7622.6573       299.5826     -9375.3027     -7592.7586       297.2043            510.1908       587.6040     29966.5713       -90.9555       -21.0471
FEP:     600000        29.7683    -10915.0480      1509.0885

WRITING EXTENDED SYSTEM TO RESTART FILE AT STEP 600000
WRITING COORDINATES TO DCD FILE mobley_7378987_prod.dcd AT STEP 600000
WRITING COORDINATES TO RESTART FILE AT STEP 600000
FINISHED WRITING RESTART COORDINATES
WRITING VELOCITIES TO RESTART FILE AT STEP 600000
FINISHED WRITING RESTART VELOCITIES
PRESSURE: 700000 -702.259 130.181 94.5909 130.184 -904.891 597.611 94.5934 597.602 -632.255
GPRESSURE: 700000 -725.805 126.292 26.7727 243.737 -671.497 252.294 36.3679 362.213 -531.172
PRESSAVG: 700000 -130.399 41.7158 22.4998 41.7158 -307.332 47.5686 22.4998 47.5686 -51.1076
GPRESSAVG: 700000 -30.1658 46.19 -22.6068 93.9985 -264.264 112.681 57.6625 -69.2182 19.5847
ENERGY:  700000         8.1446        13.4695         3.0529         0.0000         -10636.9799      1342.4317         0.0000         0.0000      1774.3315          -7495.5497       303.2895     -9269.8812     -7580.6075       297.9650           -746.4681      -642.8246     30263.9648      -172.8946       -98.7693
FEP:     700000        24.6670    -10636.7722      1342.4878

WRITING EXTENDED SYSTEM TO RESTART FILE AT STEP 700000
WRITING COORDINATES TO DCD FILE mobley_7378987_prod.dcd AT STEP 700000
WRITING COORDINATES TO RESTART FILE AT STEP 700000
FINISHED WRITING RESTART COORDINATES
WRITING VELOCITIES TO RESTART FILE AT STEP 700000
FINISHED WRITING RESTART VELOCITIES
PRESSURE: 800000 -284.94 -190.565 260.98 -190.562 241.615 -184.174 260.977 -184.173 -813.007
GPRESSURE: 800000 -145.728 -451.474 283.559 58.1475 232.814 -221.65 171.577 -334.244 -732.912
PRESSAVG: 800000 -135.863 49.0554 6.33637 49.0554 -287.798 28.7946 6.33637 28.7946 -93.4079
GPRESSAVG: 800000 -32.7606 41.1059 -31.281 114.8 -251.007 87.4321 34.4614 -98.0488 -23.3488
ENERGY:  800000         4.8835        12.3793         2.5641         0.0000         -10680.5351      1380.5304         0.0000         0.0000      1713.8727          -7566.3051       292.9551     -9280.1778     -7579.0183       297.4083           -285.4439      -215.2755     30309.7454      -185.4001      -111.7144
FEP:     800000        19.8269    -10680.5792      1379.8136

WRITING EXTENDED SYSTEM TO RESTART FILE AT STEP 800000
WRITING COORDINATES TO DCD FILE mobley_7378987_prod.dcd AT STEP 800000
WRITING COORDINATES TO RESTART FILE AT STEP 800000
FINISHED WRITING RESTART COORDINATES
WRITING VELOCITIES TO RESTART FILE AT STEP 800000
FINISHED WRITING RESTART VELOCITIES
PRESSURE: 900000 -790.307 211.334 -329.558 211.334 -232.566 -419.345 -329.559 -419.354 -253.401
GPRESSURE: 900000 -1091.77 213.719 -180.636 58.0948 79.8408 -399.528 -109.675 -336.378 -203.681
PRESSAVG: 900000 -153.566 43.3698 -0.328127 43.3698 -274.267 46.9017 -0.328127 46.9017 -111.753
GPRESSAVG: 900000 -78.9598 25.8491 -34.0625 104.207 -208.435 83.4406 39.3412 -80.8115 -48.3857
ENERGY:  900000         4.5137        16.1171         2.2741         0.0000         -10713.5519      1358.7700         0.0000         0.0000      1708.3617          -7623.5153       292.0131     -9331.8770     -7583.4680       296.8688           -425.4244      -405.2022     29919.7182      -209.4025      -141.0632
FEP:     900000        22.9049    -10713.9144      1359.6174

WRITING EXTENDED SYSTEM TO RESTART FILE AT STEP 900000
WRITING COORDINATES TO DCD FILE mobley_7378987_prod.dcd AT STEP 900000
WRITING COORDINATES TO RESTART FILE AT STEP 900000
FINISHED WRITING RESTART COORDINATES
WRITING VELOCITIES TO RESTART FILE AT STEP 900000
FINISHED WRITING RESTART VELOCITIES
PRESSURE: 1000000 -695.33 211.949 -221.579 211.947 -182.986 -129.637 -221.578 -129.637 -91.9044
GPRESSURE: 1000000 -554.078 164.617 -461.413 5.0438 -15.0409 178.574 -423.957 -121.381 -275.683
PRESSAVG: 1000000 -167.052 26.0335 -21.9366 26.0335 -256.027 52.4814 -21.9366 52.4814 -124.511
GPRESSAVG: 1000000 -84.9223 19.9788 -50.3487 62.9046 -196.126 89.8817 3.15954 -59.0742 -74.4386
TIMING: 1000000  CPU: 6854.71, 0.000413307/step  Wall: 7014.29, 0.000419725/step, 411.698 ns/days, 0.0582952 hours remaining, 0.000000 MB of memory in use.
PERFORMANCE: 1000000  averaging 396.156 ns/day, 0.000436192 sec/step with standard deviation 8.50059e-06
ETITLE:      TS           BOND          ANGLE          DIHED          IMPRP               ELECT            VDW       BOUNDARY           MISC        KINETIC               TOTAL           TEMP      POTENTIAL       TOTALAVG        TEMPAVG            PRESSURE      GPRESSURE         VOLUME       PRESSAVG      GPRESSAVG
FEPTITLE:    TS          BOND2         ELECT2           VDW2

ENERGY: 1000000         4.0959        18.9597         3.3296         0.0000         -10807.8366      1411.9842         0.0000         0.0000      1733.6884          -7635.7788       296.3423     -9369.4673     -7588.2236       296.8209           -323.4071      -281.6008     29758.2223      -219.7666      -153.8394
FEP:    1000000        26.3851    -10807.1862      1412.0688

WRITING EXTENDED SYSTEM TO RESTART FILE AT STEP 1000000
WRITING COORDINATES TO DCD FILE mobley_7378987_prod.dcd AT STEP 1000000
WRITING COORDINATES TO RESTART FILE AT STEP 1000000
FINISHED WRITING RESTART COORDINATES
WRITING VELOCITIES TO RESTART FILE AT STEP 1000000
FINISHED WRITING RESTART VELOCITIES
PRESSURE: 1100000 384.692 -496.429 111.625 -496.429 715.332 323.62 111.626 323.621 -116.423
GPRESSURE: 1100000 561.38 -734.608 -75.3992 95.555 673.897 4.70925 370.818 651.249 -68.2245
PRESSAVG: 1100000 -108.488 -8.59825 -7.62633 -8.59825 -162.077 80.2293 -7.62633 80.2293 -130.228
GPRESSAVG: 1100000 -27.3287 -21.3494 -47.165 46.8432 -105.972 94.1913 26.7267 -0.207542 -77.9181
ENERGY: 1100000         8.7577        14.9587         5.4024         0.0000         -10821.6607      1467.1734         0.0000         0.0000      1781.5460          -7543.8224       304.5227     -9325.3683     -7584.5235       297.4627            327.8669       389.0174     30114.6154      -174.1304      -108.6013
FEP:    1100000        29.1189    -10821.5302      1467.1054

WRITING EXTENDED SYSTEM TO RESTART FILE AT STEP 1100000
WRITING COORDINATES TO DCD FILE mobley_7378987_prod.dcd AT STEP 1100000
WRITING COORDINATES TO RESTART FILE AT STEP 1100000
FINISHED WRITING RESTART COORDINATES
WRITING VELOCITIES TO RESTART FILE AT STEP 1100000
FINISHED WRITING RESTART VELOCITIES
PRESSURE: 1200000 -1075.05 429.981 488.506 429.978 -1735.44 -191.906 488.504 -191.902 -79.4706
GPRESSURE: 1200000 -998.452 420.758 467.618 152.827 -1671.31 -318.969 619.538 -245.924 -112.574
PRESSAVG: 1200000 -207.435 35.5925 11.9908 35.5925 -261.709 98.0013 11.9908 98.0013 -140.09
GPRESSAVG: 1200000 -115.638 10.7835 -19.0022 76.9725 -204.952 92.1588 58.1743 16.4632 -100.071
ENERGY: 1200000         6.3812        14.0455         6.0797         0.0000         -10707.0479      1343.9512         0.0000         0.0000      1728.7050          -7607.8853       295.4905     -9336.5903     -7586.3205       297.3110           -963.3211      -927.4455     30275.8848      -234.8374      -171.5893
FEP:    1200000        26.5064    -10706.7458      1343.7353

WRITING EXTENDED SYSTEM TO RESTART FILE AT STEP 1200000
WRITING COORDINATES TO DCD FILE mobley_7378987_prod.dcd AT STEP 1200000
WRITING COORDINATES TO RESTART FILE AT STEP 1200000
FINISHED WRITING RESTART COORDINATES
WRITING VELOCITIES TO RESTART FILE AT STEP 1200000
FINISHED WRITING RESTART VELOCITIES
PRESSURE: 1300000 1388.26 107.424 -278.065 107.425 316.971 154.761 -278.062 154.762 -392.022
GPRESSURE: 1300000 1341.82 162.128 -396.692 -30.7188 304.806 272.39 32.0763 206.415 -85.7453
PRESSAVG: 1300000 -129.363 42.6173 -2.29571 42.6173 -228.594 90.6762 -2.29571 90.6762 -166.255
GPRESSAVG: 1300000 -44.1415 18.2414 -35.1586 66.8397 -182.553 98.303 55.1939 30.9488 -115.386
ENERGY: 1300000         6.4559        11.0819         5.4212         0.0000         -10802.4691      1483.4545         0.0000         0.0000      1783.8476          -7512.2080       304.9161     -9296.0556     -7581.0268       297.8543            437.7351       520.2938     30291.8829      -186.7965      -122.1691
FEP:    1300000        22.9590    -10801.7626      1482.4518

WRITING EXTENDED SYSTEM TO RESTART FILE AT STEP 1300000
WRITING COORDINATES TO DCD FILE mobley_7378987_prod.dcd AT STEP 1300000
WRITING COORDINATES TO RESTART FILE AT STEP 1300000
FINISHED WRITING RESTART COORDINATES
WRITING VELOCITIES TO RESTART FILE AT STEP 1300000
FINISHED WRITING RESTART VELOCITIES
PRESSURE: 1400000 -797.098 499.4 -481.31 499.4 -561.029 -354.55 -481.307 -354.55 -1242.03
GPRESSURE: 1400000 -971.444 409.628 -396.59 770.203 -341.51 -367.619 -571.319 -324.994 -1328.01
PRESSAVG: 1400000 -184.683 68.7739 -19.4514 68.7739 -277.884 63.5365 -19.4514 63.5365 -192.644
GPRESSAVG: 1400000 -112.587 35.7 -80.8089 105.492 -219.17 69.4306 57.2682 16.2295 -157.1
ENERGY: 1400000         3.7457        10.9512         5.3681         0.0000         -10647.3900      1340.6733         0.0000         0.0000      1745.4784          -7541.1733       298.3576     -9286.6517     -7578.3699       297.8878           -866.7185      -880.3210     30652.7856      -232.1246      -172.7125
FEP:    1400000        20.0650    -10647.7647      1340.5870

WRITING EXTENDED SYSTEM TO RESTART FILE AT STEP 1400000
WRITING COORDINATES TO DCD FILE mobley_7378987_prod.dcd AT STEP 1400000
WRITING COORDINATES TO RESTART FILE AT STEP 1400000
FINISHED WRITING RESTART COORDINATES
WRITING VELOCITIES TO RESTART FILE AT STEP 1400000
FINISHED WRITING RESTART VELOCITIES
PRESSURE: 1500000 -283.416 120.53 -159.331 120.526 557.641 -465.823 -159.332 -465.816 -1322.36
GPRESSURE: 1500000 -449.362 -405.067 -379.157 338.638 550.394 -243.361 13.2872 -428.547 -1072.04
PRESSAVG: 1500000 -214.456 84.7798 -53.3841 84.7798 -241.533 12.4005 -53.3841 12.4005 -231.303
GPRESSAVG: 1500000 -153.679 20.4296 -131.619 132.562 -182.419 45.1522 38.2968 -29.9683 -191.556
ENERGY: 1500000         2.2578        13.8039         3.6165         0.0000         -10695.9262      1394.4209         0.0000         0.0000      1706.4383          -7575.3889       291.6844     -9281.8272     -7578.1836       297.5001           -349.3771      -323.6683     30598.2708      -239.4529      -182.1473
FEP:    1500000        19.6782    -10695.6581      1394.0943

WRITING EXTENDED SYSTEM TO RESTART FILE AT STEP 1500000
WRITING COORDINATES TO DCD FILE mobley_7378987_prod.dcd AT STEP 1500000
WRITING COORDINATES TO RESTART FILE AT STEP 1500000
FINISHED WRITING RESTART COORDINATES
WRITING VELOCITIES TO RESTART FILE AT STEP 1500000
FINISHED WRITING RESTART VELOCITIES
TCL: Running FEP window  12: Lambda1 0.5499999999999999 Lambda2 0.6    [dLambda 0.050000000000000044]
TCL: Setting parameter firsttimestep to 0
TCL: Setting parameter alchLambda to 0.5499999999999999
Info: NONBONDED TABLE R-SQUARED SPACING: 0.0625
Info: NONBONDED TABLE SIZE: 705 POINTS
Info: INCONSISTENCY IN FAST TABLE ENERGY VS FORCE: 0.000290481 AT 0.251946
Info: INCONSISTENCY IN SCOR TABLE ENERGY VS FORCE: 0.000238233 AT 8.9687
Info: ABSOLUTE IMPRECISION IN VDWA TABLE ENERGY: 1.21169e-27 AT 8.99653
Info: ABSOLUTE IMPRECISION IN VDWA TABLE FORCE: 2.57484e-27 AT 8.99653
Info: INCONSISTENCY IN VDWA TABLE ENERGY VS FORCE: 0.0040507 AT 0.251946
Info: INCONSISTENCY IN VDWB TABLE ENERGY VS FORCE: 0.00150189 AT 0.251946
TCL: Setting parameter alchLambda2 to 0.6
Info: NONBONDED TABLE R-SQUARED SPACING: 0.0625
Info: NONBONDED TABLE SIZE: 705 POINTS
Info: INCONSISTENCY IN FAST TABLE ENERGY VS FORCE: 0.000290481 AT 0.251946
Info: INCONSISTENCY IN SCOR TABLE ENERGY VS FORCE: 0.000238233 AT 8.9687
Info: ABSOLUTE IMPRECISION IN VDWA TABLE ENERGY: 1.21169e-27 AT 8.99653
Info: ABSOLUTE IMPRECISION IN VDWA TABLE FORCE: 2.57484e-27 AT 8.99653
Info: INCONSISTENCY IN VDWA TABLE ENERGY VS FORCE: 0.0040507 AT 0.251946
Info: INCONSISTENCY IN VDWB TABLE ENERGY VS FORCE: 0.00150189 AT 0.251946
TCL: Running for 1500000 steps
FEP: RESETTING FOR NEW FEP WINDOW LAMBDA SET TO 0.55 LAMBDA2 0.6
FEP: WINDOW TO HAVE 100000 STEPS OF EQUILIBRATION PRIOR TO FEP DATA COLLECTION.
FEP: USING CONSTANT TEMPERATURE OF 300 K FOR FEP CALCULATION
PRESSURE: 0 -368.979 149.058 -125.193 149.058 493.844 -475.116 -125.195 -475.117 -1309.62
GPRESSURE: 0 -440.719 -407.029 -379.682 336.775 557.358 -246.195 12.348 -426.509 -1070.45
ETITLE:      TS           BOND          ANGLE          DIHED          IMPRP               ELECT            VDW       BOUNDARY           MISC        KINETIC               TOTAL           TEMP      POTENTIAL       TOTALAVG        TEMPAVG            PRESSURE      GPRESSURE         VOLUME       PRESSAVG      GPRESSAVG
FEPTITLE:    TS          BOND2         ELECT2           VDW2

ENERGY:       0         2.2578        13.8039         3.6165         0.0000         -10695.6587      1394.0939         0.0000         0.0000      1705.5731          -7576.3136       291.5365     -9281.8867     -7576.3136       291.5365           -394.9183      -317.9380     30598.2708      -394.9183      -317.9380
FEP:          0        19.6781    -10695.3907      1394.1578

PRESSURE: 100000 -831.532 -403.301 -301.885 -403.298 664.323 535.977 -301.882 535.976 -655.282
GPRESSURE: 100000 -809.818 -488.896 -368.414 -241.165 720.628 656.367 -161.093 278.062 -457.591
PRESSAVG: 100000 -255.718 44.9247 -77.0339 44.9247 -142.328 -13.9648 -77.0339 -13.9648 -368.111
GPRESSAVG: 100000 -211.668 -56.9832 -162.116 114.696 -87.2673 50.6777 12.7671 -75.4753 -293.523
ENERGY:  100000         4.8202        11.4454         4.6812         0.0000         -10726.6212      1401.5159         0.0000         0.0000      1726.1767          -7577.9817       295.0583     -9304.1585     -7577.1477       293.2974           -274.1636      -182.2607     30401.7346      -334.5409      -250.0994
FEP:     100000        20.9469    -10727.1547      1400.9766

WRITING EXTENDED SYSTEM TO RESTART FILE AT STEP 100000
WRITING COORDINATES TO DCD FILE mobley_7378987_prod.dcd AT STEP 100000
WRITING COORDINATES TO RESTART FILE AT STEP 100000
FINISHED WRITING RESTART COORDINATES
WRITING VELOCITIES TO RESTART FILE AT STEP 100000
FINISHED WRITING RESTART VELOCITIES
PRESSURE: 200000 219.303 -685.47 257.244 -685.471 -677.941 -241.112 257.24 -241.107 -1414.67
GPRESSURE: 200000 489.887 -559.307 474.208 -589.454 -638.533 -473.051 300.832 194.889 -1565.83
PRESSAVG: 200000 -248.901 6.51064 -49.7014 6.51064 -141.372 -23.444 -49.7014 -23.444 -456.334
GPRESSAVG: 200000 -200.576 -80.3636 -123.659 76.1728 -77.392 31.7305 58.7158 -59.3286 -390.378
ENERGY:  200000         2.9553        12.2776         2.4118         0.0000         -10590.5309      1334.7154         0.0000         0.0000      1741.8360          -7496.3348       297.7350     -9238.1708     -7550.2100       294.7766           -624.4376      -571.4917     30572.1899      -431.1732      -357.2301
FEP:     200000        17.6447    -10592.2226      1334.3793

WRITING EXTENDED SYSTEM TO RESTART FILE AT STEP 200000
WRITING COORDINATES TO DCD FILE mobley_7378987_prod.dcd AT STEP 200000
WRITING COORDINATES TO RESTART FILE AT STEP 200000
FINISHED WRITING RESTART COORDINATES
WRITING VELOCITIES TO RESTART FILE AT STEP 200000
FINISHED WRITING RESTART VELOCITIES
PRESSURE: 300000 69.5804 -84.0808 -211.842 -84.082 -118.282 31.6696 -211.837 31.6697 234.881
GPRESSURE: 300000 -6.2741 -142.565 -155.544 -34.2479 -246.784 96.9095 -237.274 66.8564 540.005
PRESSAVG: 300000 -225.725 10.705 -63.5091 10.705 -104.751 -33.4087 -63.5091 -33.4087 -428.929
GPRESSAVG: 300000 -186.951 -67.7299 -125.681 96.1307 -46.8469 17.4832 22.8906 -47.303 -349.761
ENERGY:  300000         4.5837        10.7632         3.7668         0.0000         -10827.5509      1434.6050         0.0000         0.0000      1761.0457          -7612.7866       301.0185     -9373.8322     -7565.8542       296.3371             62.0598        95.6489     29859.2149      -307.8649      -244.0104
FEP:     300000        19.1137    -10828.0291      1433.8745

WRITING EXTENDED SYSTEM TO RESTART FILE AT STEP 300000
WRITING COORDINATES TO DCD FILE mobley_7378987_prod.dcd AT STEP 300000
WRITING COORDINATES TO RESTART FILE AT STEP 300000
FINISHED WRITING RESTART COORDINATES
WRITING VELOCITIES TO RESTART FILE AT STEP 300000
FINISHED WRITING RESTART VELOCITIES
PRESSURE: 400000 -2349.13 -257.939 -256.591 -257.937 -717.309 342.118 -256.598 342.115 -1007.55
GPRESSURE: 400000 -2421.65 -588.338 -365.121 102.994 -585.49 -68.0256 16.8274 256.399 -809.724
PRESSAVG: 400000 -322.638 7.93219 -79.4741 7.93219 -99.0118 -25.2351 -79.4741 -25.2351 -459.174
GPRESSAVG: 400000 -294.724 -77.2304 -138.191 123.071 -33.6644 -5.14481 -0.197679 -25.9218 -376.902
ENERGY:  400000         7.9206         9.4542         3.3235         0.0000         -10710.6269      1328.7064         0.0000         0.0000      1715.7183          -7645.5038       293.2706     -9361.2221     -7581.7841       295.7238          -1357.9973     -1272.2881     30539.6933      -517.8914      -449.6659
FEP:     400000        20.6983    -10710.0933      1328.3688

WRITING EXTENDED SYSTEM TO RESTART FILE AT STEP 400000
WRITING COORDINATES TO DCD FILE mobley_7378987_prod.dcd AT STEP 400000
WRITING COORDINATES TO RESTART FILE AT STEP 400000
FINISHED WRITING RESTART COORDINATES
WRITING VELOCITIES TO RESTART FILE AT STEP 400000
FINISHED WRITING RESTART VELOCITIES
PRESSURE: 500000 -535.51 -179.136 125.336 -179.138 -170.425 -335.863 125.339 -335.866 -537.781
GPRESSURE: 500000 -563.875 -333.344 -343.299 -352.813 -190.575 -366.374 200.212 -162.759 -365.265
PRESSAVG: 500000 -336.411 7.31329 -67.6941 7.31329 -127.896 -26.7638 -67.6941 -26.7638 -496.558
GPRESSAVG: 500000 -326.396 -69.8237 -140.033 90.2811 -58.5088 -22.1005 0.274823 -14.8394 -406.547
ENERGY:  500000         7.7979        12.6670         4.7572         0.0000         -10658.1644      1391.7093         0.0000         0.0000      1756.4280          -7484.8050       300.2292     -9241.2330     -7565.6209       296.4747           -414.5721      -373.2385     30490.1289      -500.6715      -436.9280
FEP:     500000        25.2221    -10658.6779      1391.8212

WRITING EXTENDED SYSTEM TO RESTART FILE AT STEP 500000
WRITING COORDINATES TO DCD FILE mobley_7378987_prod.dcd AT STEP 500000
WRITING COORDINATES TO RESTART FILE AT STEP 500000
FINISHED WRITING RESTART COORDINATES
WRITING VELOCITIES TO RESTART FILE AT STEP 500000
FINISHED WRITING RESTART VELOCITIES
PRESSURE: 600000 722.682 234.701 -215.303 234.702 -624.438 -6.61499 -215.31 -6.61546 397.171
GPRESSURE: 600000 676.087 533.639 -15.491 262.921 -481.561 -312.97 -482.176 305.691 327.526
PRESSAVG: 600000 -290.471 7.96425 -71.007 7.96425 -152.688 -43.2279 -71.007 -43.2279 -486.221
GPRESSAVG: 600000 -282.039 -67.6893 -116.691 91.4882 -84.0238 -49.7924 -26.0028 -7.1879 -404.341
ENERGY:  600000         3.6079        13.3606         4.3879         0.0000         -10761.7109      1446.6540         0.0000         0.0000      1755.5145          -7538.1860       300.0730     -9293.7005     -7561.7017       296.9887            165.1384       174.0171     30191.5842      -405.5558      -349.6501
FEP:     600000        21.3564    -10763.0189      1447.2807

WRITING EXTENDED SYSTEM TO RESTART FILE AT STEP 600000
WRITING COORDINATES TO DCD FILE mobley_7378987_prod.dcd AT STEP 600000
WRITING COORDINATES TO RESTART FILE AT STEP 600000
FINISHED WRITING RESTART COORDINATES
WRITING VELOCITIES TO RESTART FILE AT STEP 600000
FINISHED WRITING RESTART VELOCITIES
PRESSURE: 700000 -436.826 -457.995 76.4794 -457.996 269.891 71.1128 76.4751 71.109 -138.557
GPRESSURE: 700000 -525.38 -248.321 -67.1454 -267.974 96.5441 173.503 -52.2092 175.049 99.9696
PRESSAVG: 700000 -316.757 -21.3544 -42.5968 -21.3544 -160.83 -51.1232 -42.5968 -51.1232 -493.97
GPRESSAVG: 700000 -312.662 -95.9702 -99.7935 58.3106 -109.391 -62.9793 -2.6418 -11.0334 -397.48
ENERGY:  700000         6.2716         8.9096         7.6866         0.0000         -10727.6881      1381.9134         0.0000         0.0000      1733.1438          -7589.7632       296.2492     -9322.9070     -7565.2093       296.8963           -101.8303      -109.6220     30119.8509      -367.5901      -319.6466
FEP:     700000        22.8677    -10728.3248      1382.3385

WRITING EXTENDED SYSTEM TO RESTART FILE AT STEP 700000
WRITING COORDINATES TO DCD FILE mobley_7378987_prod.dcd AT STEP 700000
WRITING COORDINATES TO RESTART FILE AT STEP 700000
FINISHED WRITING RESTART COORDINATES
WRITING VELOCITIES TO RESTART FILE AT STEP 700000
FINISHED WRITING RESTART VELOCITIES
PRESSURE: 800000 1073.62 130.33 -62.2559 130.33 1209.64 223.628 -62.2588 223.626 1368.56
GPRESSURE: 800000 1174.91 -117.904 -93.6011 152.811 1480.37 198.992 192.464 452.98 1444.45
PRESSAVG: 800000 -265.316 -21.6957 -46.7325 -21.6957 -100.241 -38.68 -46.7325 -38.68 -429.253
GPRESSAVG: 800000 -265.599 -123.707 -114.305 61.4948 -28.613 -64.2187 17.0324 35.3067 -330.328
ENERGY:  800000         4.6032        14.0320         3.2709         0.0000         -10833.1271      1529.1025         0.0000         0.0000      1772.7039          -7509.4145       303.0113     -9282.1185     -7559.0099       297.5757           1217.2714      1366.5787     29462.8248      -191.4944      -132.2883
FEP:     800000        21.9061    -10834.3051      1529.2958

WRITING EXTENDED SYSTEM TO RESTART FILE AT STEP 800000
WRITING COORDINATES TO DCD FILE mobley_7378987_prod.dcd AT STEP 800000
WRITING COORDINATES TO RESTART FILE AT STEP 800000
FINISHED WRITING RESTART COORDINATES
WRITING VELOCITIES TO RESTART FILE AT STEP 800000
FINISHED WRITING RESTART VELOCITIES
PRESSURE: 900000 148.229 -697.859 -30.4484 -697.859 -13.1173 -297.986 -30.4504 -297.984 458.965
GPRESSURE: 900000 63.2552 -487.243 -183.475 -628.208 -56.7123 131.147 188.982 -526.596 683.506
PRESSAVG: 900000 -212.419 -61.214 -59.8505 -61.214 -50.5948 -54.147 -59.8505 -54.147 -368.455
GPRESSAVG: 900000 -219.384 -151.235 -133.242 10.7574 15.0574 -50.1654 14.044 -10.4896 -266.673
ENERGY:  900000         3.2895        10.4861         1.6261         0.0000         -10814.4941      1455.2952         0.0000         0.0000      1727.5250          -7616.2722       295.2888     -9343.7973     -7564.7361       297.3470            198.0256       230.0164     30115.2896      -152.5424       -96.0578
FEP:     900000        15.4016    -10815.2485      1454.8432

WRITING EXTENDED SYSTEM TO RESTART FILE AT STEP 900000
WRITING COORDINATES TO DCD FILE mobley_7378987_prod.dcd AT STEP 900000
WRITING COORDINATES TO RESTART FILE AT STEP 900000
FINISHED WRITING RESTART COORDINATES
WRITING VELOCITIES TO RESTART FILE AT STEP 900000
FINISHED WRITING RESTART VELOCITIES
PRESSURE: 1000000 617.478 -56.2058 447.449 -56.2059 217.468 -292.702 447.449 -292.705 30.5229
GPRESSURE: 1000000 926.164 186.604 506.627 -102.257 112.876 -68.9684 621.648 -208.086 50.0511
PRESSAVG: 1000000 -226.327 -64.2048 -40.5583 -64.2048 -62.5851 -55.7173 -40.5583 -55.7173 -375.811
GPRESSAVG: 1000000 -223.543 -137.336 -105.144 16.5454 -4.47428 -56.0913 36.9637 -8.28071 -276.669
TIMING: 1000000  CPU: 7513.44, 0.000435279/step  Wall: 7686.76, 0.000444036/step, 389.158 ns/days, 0.0616716 hours remaining, 0.000000 MB of memory in use.
PERFORMANCE: 1000000  averaging 395.563 ns/day, 0.000436846 sec/step with standard deviation 8.41535e-06
ETITLE:      TS           BOND          ANGLE          DIHED          IMPRP               ELECT            VDW       BOUNDARY           MISC        KINETIC               TOTAL           TEMP      POTENTIAL       TOTALAVG        TEMPAVG            PRESSURE      GPRESSURE         VOLUME       PRESSAVG      GPRESSAVG
FEPTITLE:    TS          BOND2         ELECT2           VDW2

ENERGY: 1000000         2.3508        13.0269         2.1005         0.0000         -10778.3415      1461.9037         0.0000         0.0000      1748.0405          -7550.9191       298.7955     -9298.9596     -7563.4801       297.4787            288.4896       363.0302     30197.4488      -112.4486       -54.3225
FEP:    1000000        17.4783    -10779.5519      1462.3969

WRITING EXTENDED SYSTEM TO RESTART FILE AT STEP 1000000
WRITING COORDINATES TO DCD FILE mobley_7378987_prod.dcd AT STEP 1000000
WRITING COORDINATES TO RESTART FILE AT STEP 1000000
FINISHED WRITING RESTART COORDINATES
WRITING VELOCITIES TO RESTART FILE AT STEP 1000000
FINISHED WRITING RESTART VELOCITIES
PRESSURE: 1100000 -219.179 -228.598 278.502 -228.6 -360.944 143.327 278.499 143.33 -761.779
GPRESSURE: 1100000 -219.452 -149.856 -12.8667 -451.325 -4.96805 -164.085 556.491 447.804 -989.27
PRESSAVG: 1100000 -202.173 -82.144 -31.363 -82.144 -35.3878 -78.431 -31.363 -78.431 -382.288
GPRESSAVG: 1100000 -198.225 -151.143 -107.126 -18.2076 28.8522 -76.9103 62.9699 -4.00116 -299.574
ENERGY: 1100000         4.3321         8.3342         1.6629         0.0000         -10808.6393      1406.1195         0.0000         0.0000      1795.2636          -7592.9270       306.8674     -9388.1906     -7565.9340       298.2611           -447.3007      -404.5633     30104.5865      -140.3529       -83.5093
FEP:    1100000        14.3291    -10808.6706      1405.4144

WRITING EXTENDED SYSTEM TO RESTART FILE AT STEP 1100000
WRITING COORDINATES TO DCD FILE mobley_7378987_prod.dcd AT STEP 1100000
WRITING COORDINATES TO RESTART FILE AT STEP 1100000
FINISHED WRITING RESTART COORDINATES
WRITING VELOCITIES TO RESTART FILE AT STEP 1100000
FINISHED WRITING RESTART VELOCITIES
PRESSURE: 1200000 -164.853 230.659 -143.242 230.657 120.075 -48.9459 -143.243 -48.9477 67.2444
GPRESSURE: 1200000 81.1596 517.611 -200.435 198.932 203.018 117.473 5.80281 -227.429 35.3476
PRESSAVG: 1200000 -196.169 -61.083 -51.574 -61.083 -41.4648 -71.6697 -51.574 -71.6697 -338.275
GPRESSAVG: 1200000 -186.88 -102.689 -131.325 -11.1684 27.3623 -59.9541 54.6812 1.33962 -261.161
ENERGY: 1200000         3.7778         8.0582         2.8620         0.0000         -10834.3138      1456.0123         0.0000         0.0000      1728.6663          -7634.9372       295.4838     -9363.6035     -7571.2419       298.0475              7.4888       106.5083     30259.4723      -128.9805       -68.8925
FEP:    1200000        14.6980    -10835.2129      1455.9783

WRITING EXTENDED SYSTEM TO RESTART FILE AT STEP 1200000
WRITING COORDINATES TO DCD FILE mobley_7378987_prod.dcd AT STEP 1200000
WRITING COORDINATES TO RESTART FILE AT STEP 1200000
FINISHED WRITING RESTART COORDINATES
WRITING VELOCITIES TO RESTART FILE AT STEP 1200000
FINISHED WRITING RESTART VELOCITIES
PRESSURE: 1300000 492.72 -287.915 284.428 -287.914 -192.699 983.68 284.426 983.683 443.969
GPRESSURE: 1300000 649.269 -472.932 144.101 -310.971 -91.1236 904.11 355.753 1092.47 450.208
PRESSAVG: 1300000 -132.018 -86.0455 -20.8748 -86.0455 -39.4714 -1.51789 -20.8748 -1.51789 -303.407
GPRESSAVG: 1300000 -99.8287 -137.021 -115.089 -29.6217 18.8141 5.22773 77.9526 72.7819 -228.467
ENERGY: 1300000         6.7147        16.8104         4.6481         0.0000         -10787.6678      1458.0604         0.0000         0.0000      1764.3467          -7537.0876       301.5828     -9301.4343     -7568.8023       298.3000            247.9967       336.1176     30432.6809      -102.0535       -39.9632
FEP:    1300000        28.1731    -10788.3020      1457.8509

WRITING EXTENDED SYSTEM TO RESTART FILE AT STEP 1300000
WRITING COORDINATES TO DCD FILE mobley_7378987_prod.dcd AT STEP 1300000
WRITING COORDINATES TO RESTART FILE AT STEP 1300000
FINISHED WRITING RESTART COORDINATES
WRITING VELOCITIES TO RESTART FILE AT STEP 1300000
FINISHED WRITING RESTART VELOCITIES
PRESSURE: 1400000 -145.768 -258.833 951.114 -258.833 -548.56 -515.666 951.107 -515.67 28.9524
GPRESSURE: 1400000 -183.048 -298.443 737.231 -375.683 -527.829 -387.645 843.321 -755.027 159.087
PRESSAVG: 1400000 -104.54 -109.584 37.7595 -109.584 -57.7501 -20.8195 37.7595 -20.8195 -297.364
GPRESSAVG: 1400000 -81.2772 -160.174 -55.1563 -48.6581 -6.82528 -23.0832 141.316 41.0996 -206.728
ENERGY: 1400000         6.3556         9.6779         2.5357         0.0000         -10807.2690      1424.6400         0.0000         0.0000      1757.7254          -7606.3344       300.4510     -9364.0598     -7571.3045       298.4434           -221.7920      -183.9301     30341.2567      -110.0361       -49.5610
FEP:    1400000        18.5692    -10808.2436      1425.5957

WRITING EXTENDED SYSTEM TO RESTART FILE AT STEP 1400000
WRITING COORDINATES TO DCD FILE mobley_7378987_prod.dcd AT STEP 1400000
WRITING COORDINATES TO RESTART FILE AT STEP 1400000
FINISHED WRITING RESTART COORDINATES
WRITING VELOCITIES TO RESTART FILE AT STEP 1400000
FINISHED WRITING RESTART VELOCITIES
PRESSURE: 1500000 229.144 55.4214 172.503 55.4217 619.155 103.254 172.498 103.257 572.91
GPRESSURE: 1500000 473.625 299.081 296.069 79.008 327.514 47.6549 384.66 58.2634 676.897
PRESSAVG: 1500000 -112.317 -81.992 40.8031 -81.992 -62.559 -31.8377 40.8031 -31.8377 -262.897
GPRESSAVG: 1500000 -85.6649 -108.49 -36.5829 -49.4854 -24.1444 -20.9359 142.009 11.4504 -169.472
ENERGY: 1500000         4.8632        10.0583         1.4993         0.0000         -10927.3806      1516.7849         0.0000         0.0000      1749.5286          -7644.6462       299.0499     -9394.1748     -7575.8883       298.4813            473.7366       492.6787     30175.1907       -73.5503       -15.6710
FEP:    1500000        16.4208    -10928.2285      1517.0326

WRITING EXTENDED SYSTEM TO RESTART FILE AT STEP 1500000
WRITING COORDINATES TO DCD FILE mobley_7378987_prod.dcd AT STEP 1500000
WRITING COORDINATES TO RESTART FILE AT STEP 1500000
FINISHED WRITING RESTART COORDINATES
WRITING VELOCITIES TO RESTART FILE AT STEP 1500000
FINISHED WRITING RESTART VELOCITIES
TCL: Running FEP window  13: Lambda1 0.6    Lambda2 0.65   [dLambda 0.050000000000000044]
TCL: Setting parameter firsttimestep to 0
TCL: Setting parameter alchLambda to 0.6
Info: NONBONDED TABLE R-SQUARED SPACING: 0.0625
Info: NONBONDED TABLE SIZE: 705 POINTS
Info: INCONSISTENCY IN FAST TABLE ENERGY VS FORCE: 0.000290481 AT 0.251946
Info: INCONSISTENCY IN SCOR TABLE ENERGY VS FORCE: 0.000238233 AT 8.9687
Info: ABSOLUTE IMPRECISION IN VDWA TABLE ENERGY: 1.21169e-27 AT 8.99653
Info: ABSOLUTE IMPRECISION IN VDWA TABLE FORCE: 2.57484e-27 AT 8.99653
Info: INCONSISTENCY IN VDWA TABLE ENERGY VS FORCE: 0.0040507 AT 0.251946
Info: INCONSISTENCY IN VDWB TABLE ENERGY VS FORCE: 0.00150189 AT 0.251946
TCL: Setting parameter alchLambda2 to 0.65
Info: NONBONDED TABLE R-SQUARED SPACING: 0.0625
Info: NONBONDED TABLE SIZE: 705 POINTS
Info: INCONSISTENCY IN FAST TABLE ENERGY VS FORCE: 0.000290481 AT 0.251946
Info: INCONSISTENCY IN SCOR TABLE ENERGY VS FORCE: 0.000238233 AT 8.9687
Info: ABSOLUTE IMPRECISION IN VDWA TABLE ENERGY: 1.21169e-27 AT 8.99653
Info: ABSOLUTE IMPRECISION IN VDWA TABLE FORCE: 2.57484e-27 AT 8.99653
Info: INCONSISTENCY IN VDWA TABLE ENERGY VS FORCE: 0.0040507 AT 0.251946
Info: INCONSISTENCY IN VDWB TABLE ENERGY VS FORCE: 0.00150189 AT 0.251946
TCL: Running for 1500000 steps
FEP: RESETTING FOR NEW FEP WINDOW LAMBDA SET TO 0.6 LAMBDA2 0.65
FEP: WINDOW TO HAVE 100000 STEPS OF EQUILIBRATION PRIOR TO FEP DATA COLLECTION.
FEP: USING CONSTANT TEMPERATURE OF 300 K FOR FEP CALCULATION
PRESSURE: 0 216.808 97.9848 212.544 97.9853 437.761 55.1285 212.538 55.1264 591.36
GPRESSURE: 0 478.421 295.533 287.558 78.5589 340.939 46.4851 377.827 61.8026 696.205
ETITLE:      TS           BOND          ANGLE          DIHED          IMPRP               ELECT            VDW       BOUNDARY           MISC        KINETIC               TOTAL           TEMP      POTENTIAL       TOTALAVG        TEMPAVG            PRESSURE      GPRESSURE         VOLUME       PRESSAVG      GPRESSAVG
FEPTITLE:    TS          BOND2         ELECT2           VDW2

ENERGY:       0         4.8632        10.0583         1.4993         0.0000         -10928.2286      1517.0329         0.0000         0.0000      1748.6941          -7646.0808       298.9072     -9394.7749     -7646.0808       298.9072            415.3097       505.1886     30175.1907       415.3097       505.1886
FEP:          0        16.4208    -10929.0767      1517.8985

PRESSURE: 100000 611.67 -25.7798 110.497 -25.7781 -129.283 176.277 110.501 176.275 219.612
GPRESSURE: 100000 687.967 -126.069 169.752 59.8706 36.9995 277.329 -14.1708 -288.638 209.2
PRESSAVG: 100000 -86.5532 -105.252 46.4329 -105.252 23.7884 -18.4106 46.4329 -18.4106 -198.774
GPRESSAVG: 100000 -44.5139 -129.161 -17.2637 -48.6693 63.0777 -2.41626 127.611 2.08402 -114.286
ENERGY:  100000         3.6754        12.8977         4.2168         0.0000         -10783.1194      1480.6819         0.0000         0.0000      1815.2011          -7466.4465       310.2754     -9281.6476     -7556.2636       304.5913            233.9998       311.3888     30704.6322       324.6548       408.2887
FEP:     100000        20.7899    -10784.1367      1480.0095

WRITING EXTENDED SYSTEM TO RESTART FILE AT STEP 100000
WRITING COORDINATES TO DCD FILE mobley_7378987_prod.dcd AT STEP 100000
WRITING COORDINATES TO RESTART FILE AT STEP 100000
FINISHED WRITING RESTART COORDINATES
WRITING VELOCITIES TO RESTART FILE AT STEP 100000
FINISHED WRITING RESTART VELOCITIES
FATAL ERROR: Error on writing to file rf.fepout: Disk quota exceeded
[8] Stack Traceback:
  [8:0] namd3 0x11031a8 CmiAbortHelper(char const*, char const*, char const*, int, int)
  [8:1] namd3 0x11032ad 
  [8:2] namd3 0x7b77c9 
  [8:3] namd3 0x7b7e09 NAMD_write(int, char const*, unsigned long, char const*)
  [8:4] namd3 0xaa4c37 ofstream_namd::flush()
  [8:5] namd3 0xa45777 Controller::outputFepEnergy(int)
  [8:6] namd3 0xa50684 Controller::printStep(int, NodeReduction*)
  [8:7] namd3 0xc3c7dd Sequencer::integrate_CUDA_SOA(int)
  [8:8] namd3 0xc3da2a Sequencer::algorithm()
  [8:9] namd3 0x10c4d05 CthStartThread
  [8:10] namd3 0x10c4f4f make_fcontext
[8] Stack Traceback:
  [8:0] namd3 0x110207e 
  [8:1] namd3 0x110311e LrtsAbort(char const*)
  [8:2] namd3 0x11031b0 CmiAbortHelper(char const*, char const*, char const*, int, int)
  [8:3] namd3 0x11032ad 
  [8:4] namd3 0x7b77c9 
  [8:5] namd3 0x7b7e09 NAMD_write(int, char const*, unsigned long, char const*)
  [8:6] namd3 0xaa4c37 ofstream_namd::flush()
  [8:7] namd3 0xa45777 Controller::outputFepEnergy(int)
  [8:8] namd3 0xa50684 Controller::printStep(int, NodeReduction*)
  [8:9] namd3 0xc3c7dd Sequencer::integrate_CUDA_SOA(int)
  [8:10] namd3 0xc3da2a Sequencer::algorithm()
  [8:11] namd3 0x10c4d05 CthStartThread
  [8:12] namd3 0x10c4f4f make_fcontext
